source,width,height,preset,crf,vmaf_v1,vmaf_v061,bitrate_kbps
Artistic_Concert_1920x1080_25fps,1920,1080,4,20,99.99425,99.960279,98452.824
Artistic_Concert_1920x1080_25fps,1920,1080,4,24,99.92397,99.952858,84116.888
Artistic_Concert_1920x1080_25fps,1920,1080,4,27,99.628187,99.941344,69425.488
Artistic_Concert_1920x1080_25fps,1920,1080,4,28,99.519822,99.931935,65381.352
Artistic_Concert_1920x1080_25fps,1920,1080,4,29,99.349358,99.907077,61702.112
Artistic_Concert_1920x1080_25fps,1920,1080,4,30,99.114598,99.862671,58376.376
Artistic_Concert_1920x1080_25fps,1920,1080,4,31,98.771302,99.768109,54273.328
Artistic_Concert_1920x1080_25fps,1920,1080,4,32,98.29369,99.593751,50326.528
Artistic_Concert_1920x1080_25fps,1920,1080,4,33,97.748191,99.362451,47112.6
Artistic_Concert_1920x1080_25fps,1920,1080,4,34,97.177039,99.057056,44209.48
Artistic_Concert_1920x1080_25fps,1920,1080,4,35,96.442428,98.568927,40944.944
Artistic_Concert_1920x1080_25fps,1920,1080,4,36,95.662532,97.823575,37768.896
Artistic_Concert_1920x1080_25fps,1920,1080,4,37,94.899552,97.062654,35161.656
Artistic_Concert_1920x1080_25fps,1920,1080,4,38,93.970244,95.96576,32402.512
Artistic_Concert_1920x1080_25fps,1920,1080,4,39,93.093278,94.809167,29880.92
Artistic_Concert_1920x1080_25fps,1920,1080,4,40,92.316217,93.510277,27527.248
Artistic_Concert_1920x1080_25fps,1920,1080,4,41,91.296572,91.973973,25177.016
Artistic_Concert_1920x1080_25fps,1920,1080,4,42,90.459068,90.549609,23193.584
Artistic_Concert_1920x1080_25fps,1920,1080,4,43,89.51088,88.832845,21188.328
Artistic_Concert_1920x1080_25fps,1920,1080,4,44,88.535712,87.178267,19372.896
Artistic_Concert_1920x1080_25fps,1920,1080,4,45,87.478062,85.397458,17624.744
Artistic_Concert_1920x1080_25fps,1920,1080,4,46,86.390565,83.560273,15959.6
Artistic_Concert_1920x1080_25fps,1920,1080,4,47,85.331559,81.818174,14543.224
Artistic_Concert_1920x1080_25fps,1920,1080,4,48,84.259561,79.813967,13095.2
Artistic_Concert_1920x1080_25fps,1920,1080,4,49,83.326494,78.046788,11794.256
Artistic_Concert_1920x1080_25fps,1920,1080,4,50,82.202494,76.366331,10672.768
Artistic_Concert_1920x1080_25fps,1920,1080,4,51,81.190237,74.830633,9709.496
Artistic_Concert_1920x1080_25fps,1920,1080,4,52,80.057344,73.122429,8775.68
Artistic_Concert_1920x1080_25fps,1920,1080,4,53,78.807592,71.54768,7969.04
Artistic_Concert_1920x1080_25fps,1920,1080,4,54,77.890863,70.077248,7225.424
Artistic_Concert_1920x1080_25fps,1920,1080,4,55,76.446315,68.441365,6504.04
Artistic_Concert_1920x1080_25fps,1920,1080,4,56,74.774077,66.48606,5733.504
Artistic_Concert_1920x1080_25fps,1920,1080,4,58,71.394278,63.425397,4693.68
Artistic_Concert_1920x1080_25fps,1920,1080,4,60,66.949861,59.488919,3656.016
Artistic_Concert_1920x1080_25fps,1920,1080,4,63,48.115941,45.531502,1757.04
Artistic_Concert_1920x1080_25fps,1920,1080,5,20,99.994893,99.959397,101103.928
Artistic_Concert_1920x1080_25fps,1920,1080,5,24,99.949115,99.951442,85619.744
Artistic_Concert_1920x1080_25fps,1920,1080,5,27,99.620946,99.940415,70610.16
Artistic_Concert_1920x1080_25fps,1920,1080,5,28,99.49262,99.931101,66563.024
Artistic_Concert_1920x1080_25fps,1920,1080,5,29,99.320228,99.903007,62897.808
Artistic_Concert_1920x1080_25fps,1920,1080,5,30,99.107965,99.857628,59707.12
Artistic_Concert_1920x1080_25fps,1920,1080,5,31,98.735841,99.744422,55584.928
Artistic_Concert_1920x1080_25fps,1920,1080,5,32,98.203249,99.543693,51595.648
Artistic_Concert_1920x1080_25fps,1920,1080,5,33,97.769482,99.289731,48482.024
Artistic_Concert_1920x1080_25fps,1920,1080,5,34,97.084863,98.9423,45455.84
Artistic_Concert_1920x1080_25fps,1920,1080,5,35,96.385784,98.401568,42133.808
Artistic_Concert_1920x1080_25fps,1920,1080,5,36,95.509732,97.587439,38861.328
Artistic_Concert_1920x1080_25fps,1920,1080,5,37,94.772095,96.726617,36149.344
Artistic_Concert_1920x1080_25fps,1920,1080,5,38,93.885098,95.686623,33271.84
Artistic_Concert_1920x1080_25fps,1920,1080,5,39,93.071096,94.471782,30663.2
Artistic_Concert_1920x1080_25fps,1920,1080,5,40,92.345144,93.279457,27974.2
Artistic_Concert_1920x1080_25fps,1920,1080,5,41,91.341343,91.727002,25539.168
Artistic_Concert_1920x1080_25fps,1920,1080,5,42,90.344894,90.220175,23510.648
Artistic_Concert_1920x1080_25fps,1920,1080,5,43,89.391132,88.48129,21437.128
Artistic_Concert_1920x1080_25fps,1920,1080,5,44,88.361664,86.752632,19556.032
Artistic_Concert_1920x1080_25fps,1920,1080,5,45,87.348327,84.92199,17748.624
Artistic_Concert_1920x1080_25fps,1920,1080,5,46,86.245299,82.994852,16042.496
Artistic_Concert_1920x1080_25fps,1920,1080,5,47,85.022098,81.155473,14601.504
Artistic_Concert_1920x1080_25fps,1920,1080,5,48,84.031127,79.122829,13144.808
Artistic_Concert_1920x1080_25fps,1920,1080,5,49,82.816136,77.217904,11781.8
Artistic_Concert_1920x1080_25fps,1920,1080,5,50,81.768813,75.471108,10673.168
Artistic_Concert_1920x1080_25fps,1920,1080,5,51,80.54123,73.80831,9665.64
Artistic_Concert_1920x1080_25fps,1920,1080,5,52,79.421731,72.063109,8719.92
Artistic_Concert_1920x1080_25fps,1920,1080,5,53,78.188737,70.39392,7912.792
Artistic_Concert_1920x1080_25fps,1920,1080,5,54,76.818874,68.76164,7171.456
Artistic_Concert_1920x1080_25fps,1920,1080,5,55,75.450639,67.073075,6452.296
Artistic_Concert_1920x1080_25fps,1920,1080,5,56,73.574513,65.086912,5684.68
Artistic_Concert_1920x1080_25fps,1920,1080,5,58,70.713701,62.852365,4785.624
Artistic_Concert_1920x1080_25fps,1920,1080,5,60,66.166083,58.801725,3671.944
Artistic_Concert_1920x1080_25fps,1920,1080,5,63,47.006651,44.54846,1770.096
Artistic_Concert_1920x1080_25fps,1920,1080,6,20,99.997613,99.964304,114224.968
Artistic_Concert_1920x1080_25fps,1920,1080,6,24,99.959209,99.957308,95782.776
Artistic_Concert_1920x1080_25fps,1920,1080,6,27,99.768499,99.946632,78683.44
Artistic_Concert_1920x1080_25fps,1920,1080,6,28,99.644235,99.937428,74270.824
Artistic_Concert_1920x1080_25fps,1920,1080,6,29,99.535125,99.917305,70285.104
Artistic_Concert_1920x1080_25fps,1920,1080,6,30,99.360703,99.873219,66762.432
Artistic_Concert_1920x1080_25fps,1920,1080,6,31,99.033682,99.777494,62429.32
Artistic_Concert_1920x1080_25fps,1920,1080,6,32,98.717901,99.623182,57941.56
Artistic_Concert_1920x1080_25fps,1920,1080,6,33,98.273121,99.430587,54392.8
Artistic_Concert_1920x1080_25fps,1920,1080,6,34,97.872065,99.178784,51103.136
Artistic_Concert_1920x1080_25fps,1920,1080,6,35,97.353007,98.794959,47583.808
Artistic_Concert_1920x1080_25fps,1920,1080,6,36,96.712495,98.241145,44263.792
Artistic_Concert_1920x1080_25fps,1920,1080,6,37,96.103229,97.672193,41243.648
Artistic_Concert_1920x1080_25fps,1920,1080,6,38,95.201483,96.867897,38000.752
Artistic_Concert_1920x1080_25fps,1920,1080,6,39,94.298594,95.899321,35113.952
Artistic_Concert_1920x1080_25fps,1920,1080,6,40,93.825792,94.929262,32250.896
Artistic_Concert_1920x1080_25fps,1920,1080,6,41,92.804209,93.554275,29412.856
Artistic_Concert_1920x1080_25fps,1920,1080,6,42,91.945343,92.272507,27263.808
Artistic_Concert_1920x1080_25fps,1920,1080,6,43,90.971103,90.644351,24878.552
Artistic_Concert_1920x1080_25fps,1920,1080,6,44,89.962538,89.02211,22749.96
Artistic_Concert_1920x1080_25fps,1920,1080,6,45,89.053979,87.24788,20729.112
Artistic_Concert_1920x1080_25fps,1920,1080,6,46,87.967639,85.376861,18857.712
Artistic_Concert_1920x1080_25fps,1920,1080,6,47,86.955207,83.683784,17254.752
Artistic_Concert_1920x1080_25fps,1920,1080,6,48,85.841883,81.581082,15553.096
Artistic_Concert_1920x1080_25fps,1920,1080,6,49,84.730824,79.72679,13986.048
Artistic_Concert_1920x1080_25fps,1920,1080,6,50,83.467832,77.937182,12672.272
Artistic_Concert_1920x1080_25fps,1920,1080,6,51,82.459186,76.139016,11395.296
Artistic_Concert_1920x1080_25fps,1920,1080,6,52,81.265083,74.280223,10238.048
Artistic_Concert_1920x1080_25fps,1920,1080,6,53,79.902162,72.375916,9121.216
Artistic_Concert_1920x1080_25fps,1920,1080,6,54,78.621222,70.633953,8202.36
Artistic_Concert_1920x1080_25fps,1920,1080,6,55,77.094593,68.678801,7250.168
Artistic_Concert_1920x1080_25fps,1920,1080,6,56,75.001171,66.467974,6332.056
Artistic_Concert_1920x1080_25fps,1920,1080,6,58,71.071781,62.405838,4959.792
Artistic_Concert_1920x1080_25fps,1920,1080,6,60,65.56094,57.646163,3716.28
Artistic_Concert_1920x1080_25fps,1920,1080,6,63,44.861666,42.715728,1806.312
Artistic_Concert_1920x1080_25fps,1920,1080,7,20,100.0,99.963649,117000.024
Artistic_Concert_1920x1080_25fps,1920,1080,7,24,99.963318,99.957307,97053.224
Artistic_Concert_1920x1080_25fps,1920,1080,7,27,99.774595,99.945082,79001.952
Artistic_Concert_1920x1080_25fps,1920,1080,7,28,99.665708,99.934809,74330.368
Artistic_Concert_1920x1080_25fps,1920,1080,7,29,99.510059,99.901132,70305.52
Artistic_Concert_1920x1080_25fps,1920,1080,7,30,99.349918,99.846186,66842.2
Artistic_Concert_1920x1080_25fps,1920,1080,7,31,99.101281,99.749345,62624.504
Artistic_Concert_1920x1080_25fps,1920,1080,7,32,98.744266,99.590592,58202.664
Artistic_Concert_1920x1080_25fps,1920,1080,7,33,98.330849,99.387771,54694.848
Artistic_Concert_1920x1080_25fps,1920,1080,7,34,97.856125,99.108522,51499.592
Artistic_Concert_1920x1080_25fps,1920,1080,7,35,97.330826,98.72118,48001.928
Artistic_Concert_1920x1080_25fps,1920,1080,7,36,96.735832,98.155734,44674.752
Artistic_Concert_1920x1080_25fps,1920,1080,7,37,96.001785,97.564292,41720.656
Artistic_Concert_1920x1080_25fps,1920,1080,7,38,95.215034,96.746277,38439.616
Artistic_Concert_1920x1080_25fps,1920,1080,7,39,94.370375,95.753185,35560.632
Artistic_Concert_1920x1080_25fps,1920,1080,7,40,93.605796,94.631684,33093.44
Artistic_Concert_1920x1080_25fps,1920,1080,7,41,92.532467,93.24833,30259.816
Artistic_Concert_1920x1080_25fps,1920,1080,7,42,91.747757,91.887921,28055.0
Artistic_Concert_1920x1080_25fps,1920,1080,7,43,90.666187,90.120299,25571.2
Artistic_Concert_1920x1080_25fps,1920,1080,7,44,89.769848,88.483563,23437.592
Artistic_Concert_1920x1080_25fps,1920,1080,7,45,88.752235,86.63676,21346.104
Artistic_Concert_1920x1080_25fps,1920,1080,7,46,87.671251,84.733761,19407.992
Artistic_Concert_1920x1080_25fps,1920,1080,7,47,86.699106,82.940139,17759.112
Artistic_Concert_1920x1080_25fps,1920,1080,7,48,85.362327,80.771007,15980.008
Artistic_Concert_1920x1080_25fps,1920,1080,7,49,84.142385,78.63477,14316.368
Artistic_Concert_1920x1080_25fps,1920,1080,7,50,83.028971,76.769693,12950.112
Artistic_Concert_1920x1080_25fps,1920,1080,7,51,81.679773,74.817663,11603.52
Artistic_Concert_1920x1080_25fps,1920,1080,7,52,80.605528,72.914887,10427.568
Artistic_Concert_1920x1080_25fps,1920,1080,7,53,79.00368,70.89405,9276.496
Artistic_Concert_1920x1080_25fps,1920,1080,7,54,77.586047,68.966714,8313.616
Artistic_Concert_1920x1080_25fps,1920,1080,7,55,75.96712,66.980459,7365.728
Artistic_Concert_1920x1080_25fps,1920,1080,7,56,73.731524,64.570068,6425.744
Artistic_Concert_1920x1080_25fps,1920,1080,7,58,69.327058,60.235797,4995.336
Artistic_Concert_1920x1080_25fps,1920,1080,7,60,63.391891,55.054279,3762.344
Artistic_Concert_1920x1080_25fps,1920,1080,7,63,42.238733,40.300795,1846.552
Artistic_Concert_1920x1080_25fps,1920,1080,8,20,100.0,99.968473,117865.984
Artistic_Concert_1920x1080_25fps,1920,1080,8,24,99.969416,99.965186,97799.272
Artistic_Concert_1920x1080_25fps,1920,1080,8,27,99.818443,99.956815,79941.824
Artistic_Concert_1920x1080_25fps,1920,1080,8,28,99.713261,99.944862,75396.784
Artistic_Concert_1920x1080_25fps,1920,1080,8,29,99.555597,99.90956,71369.192
Artistic_Concert_1920x1080_25fps,1920,1080,8,30,99.432949,99.851542,67983.824
Artistic_Concert_1920x1080_25fps,1920,1080,8,31,99.182658,99.754669,63666.248
Artistic_Concert_1920x1080_25fps,1920,1080,8,32,98.803691,99.575859,59320.312
Artistic_Concert_1920x1080_25fps,1920,1080,8,33,98.355734,99.370484,55711.544
Artistic_Concert_1920x1080_25fps,1920,1080,8,34,97.962567,99.055577,52463.528
Artistic_Concert_1920x1080_25fps,1920,1080,8,35,97.441842,98.61692,48930.496
Artistic_Concert_1920x1080_25fps,1920,1080,8,36,96.811144,98.058616,45656.808
Artistic_Concert_1920x1080_25fps,1920,1080,8,37,96.095259,97.487881,42609.192
Artistic_Concert_1920x1080_25fps,1920,1080,8,38,95.295485,96.621091,39338.576
Artistic_Concert_1920x1080_25fps,1920,1080,8,39,94.458944,95.625676,36472.752
Artistic_Concert_1920x1080_25fps,1920,1080,8,40,93.724013,94.586002,33990.176
Artistic_Concert_1920x1080_25fps,1920,1080,8,41,92.628022,93.086135,31083.992
Artistic_Concert_1920x1080_25fps,1920,1080,8,42,91.753439,91.727007,28847.28
Artistic_Concert_1920x1080_25fps,1920,1080,8,43,90.724108,90.00689,26178.616
Artistic_Concert_1920x1080_25fps,1920,1080,8,44,89.841171,88.4153,24035.472
Artistic_Concert_1920x1080_25fps,1920,1080,8,45,88.688821,86.506118,21914.4
Artistic_Concert_1920x1080_25fps,1920,1080,8,46,87.731665,84.678434,19952.664
Artistic_Concert_1920x1080_25fps,1920,1080,8,47,86.85008,82.999115,18226.536
Artistic_Concert_1920x1080_25fps,1920,1080,8,48,85.849336,80.975472,16471.616
Artistic_Concert_1920x1080_25fps,1920,1080,8,49,84.656471,78.961621,14864.504
Artistic_Concert_1920x1080_25fps,1920,1080,8,50,83.545132,77.022294,13455.704
Artistic_Concert_1920x1080_25fps,1920,1080,8,51,82.308377,75.086217,12113.224
Artistic_Concert_1920x1080_25fps,1920,1080,8,52,80.896783,73.184835,10911.864
Artistic_Concert_1920x1080_25fps,1920,1080,8,53,79.550529,71.187227,9701.056
Artistic_Concert_1920x1080_25fps,1920,1080,8,54,78.105858,69.339662,8742.008
Artistic_Concert_1920x1080_25fps,1920,1080,8,55,76.324821,67.223126,7752.656
Artistic_Concert_1920x1080_25fps,1920,1080,8,56,74.247286,64.898911,6801.152
Artistic_Concert_1920x1080_25fps,1920,1080,8,58,70.016999,60.680892,5355.152
Artistic_Concert_1920x1080_25fps,1920,1080,8,60,64.140686,55.552081,3993.68
Artistic_Concert_1920x1080_25fps,1920,1080,8,63,42.897527,41.17877,1960.912
Artistic_Concert_1920x1080_25fps,1920,1080,9,20,99.999141,99.970988,117131.656
Artistic_Concert_1920x1080_25fps,1920,1080,9,24,99.95337,99.967708,98614.496
Artistic_Concert_1920x1080_25fps,1920,1080,9,27,99.765985,99.961485,82558.76
Artistic_Concert_1920x1080_25fps,1920,1080,9,28,99.65351,99.956852,77978.048
Artistic_Concert_1920x1080_25fps,1920,1080,9,29,99.50033,99.934193,73908.96
Artistic_Concert_1920x1080_25fps,1920,1080,9,30,99.336546,99.893121,69750.912
Artistic_Concert_1920x1080_25fps,1920,1080,9,31,99.042253,99.781257,64736.52
Artistic_Concert_1920x1080_25fps,1920,1080,9,32,98.643472,99.605905,60327.368
Artistic_Concert_1920x1080_25fps,1920,1080,9,33,98.173285,99.377258,56572.928
Artistic_Concert_1920x1080_25fps,1920,1080,9,34,97.630028,99.049726,53117.312
Artistic_Concert_1920x1080_25fps,1920,1080,9,35,96.985039,98.556951,49530.576
Artistic_Concert_1920x1080_25fps,1920,1080,9,36,96.289774,97.869977,46054.04
Artistic_Concert_1920x1080_25fps,1920,1080,9,37,95.616068,97.14601,42864.256
Artistic_Concert_1920x1080_25fps,1920,1080,9,38,94.863791,96.186155,39678.472
Artistic_Concert_1920x1080_25fps,1920,1080,9,39,94.093821,95.061093,36779.904
Artistic_Concert_1920x1080_25fps,1920,1080,9,40,93.154851,93.800714,33932.072
Artistic_Concert_1920x1080_25fps,1920,1080,9,41,92.262473,92.32002,31126.952
Artistic_Concert_1920x1080_25fps,1920,1080,9,42,91.217864,90.805206,28689.84
Artistic_Concert_1920x1080_25fps,1920,1080,9,43,90.094075,88.756587,25856.256
Artistic_Concert_1920x1080_25fps,1920,1080,9,44,89.169876,86.965007,23623.032
Artistic_Concert_1920x1080_25fps,1920,1080,9,45,87.923769,85.041683,21536.632
Artistic_Concert_1920x1080_25fps,1920,1080,9,46,86.635546,83.020764,19417.144
Artistic_Concert_1920x1080_25fps,1920,1080,9,47,85.511548,80.995801,17537.344
Artistic_Concert_1920x1080_25fps,1920,1080,9,48,84.382287,78.786425,15729.84
Artistic_Concert_1920x1080_25fps,1920,1080,9,49,83.069152,76.620734,14031.984
Artistic_Concert_1920x1080_25fps,1920,1080,9,50,81.895962,74.517416,12598.48
Artistic_Concert_1920x1080_25fps,1920,1080,9,51,80.428089,72.534877,11264.168
Artistic_Concert_1920x1080_25fps,1920,1080,9,52,79.132357,70.744708,10110.872
Artistic_Concert_1920x1080_25fps,1920,1080,9,53,77.702546,68.837471,9009.312
Artistic_Concert_1920x1080_25fps,1920,1080,9,54,76.143831,67.076889,8098.496
Artistic_Concert_1920x1080_25fps,1920,1080,9,55,74.40906,65.252556,7238.296
Artistic_Concert_1920x1080_25fps,1920,1080,9,56,72.206498,63.080346,6393.192
Artistic_Concert_1920x1080_25fps,1920,1080,9,58,67.686141,58.711698,4955.808
Artistic_Concert_1920x1080_25fps,1920,1080,9,60,61.46276,53.68843,3693.984
Artistic_Concert_1920x1080_25fps,1920,1080,9,63,36.231733,37.206329,1637.6
Artistic_Concert_1920x1080_25fps,1920,1080,10,20,99.967798,99.970904,116588.688
Artistic_Concert_1920x1080_25fps,1920,1080,10,24,99.849645,99.96758,97876.312
Artistic_Concert_1920x1080_25fps,1920,1080,10,27,99.576101,99.958213,81774.88
Artistic_Concert_1920x1080_25fps,1920,1080,10,28,99.410972,99.930114,77176.272
Artistic_Concert_1920x1080_25fps,1920,1080,10,29,99.232911,99.882494,73122.968
Artistic_Concert_1920x1080_25fps,1920,1080,10,30,99.002169,99.8209,68814.856
Artistic_Concert_1920x1080_25fps,1920,1080,10,31,98.647913,99.69074,63853.912
Artistic_Concert_1920x1080_25fps,1920,1080,10,32,98.218877,99.540689,59966.704
Artistic_Concert_1920x1080_25fps,1920,1080,10,33,97.726389,99.318395,56257.16
Artistic_Concert_1920x1080_25fps,1920,1080,10,34,97.209618,98.994768,53010.88
Artistic_Concert_1920x1080_25fps,1920,1080,10,35,96.641634,98.564561,49500.128
Artistic_Concert_1920x1080_25fps,1920,1080,10,36,95.920923,97.964659,46251.8
Artistic_Concert_1920x1080_25fps,1920,1080,10,37,95.256909,97.240927,43064.592
Artistic_Concert_1920x1080_25fps,1920,1080,10,38,94.485841,96.315399,39955.992
Artistic_Concert_1920x1080_25fps,1920,1080,10,39,93.687551,95.123573,37048.264
Artistic_Concert_1920x1080_25fps,1920,1080,10,40,92.774431,93.853828,34306.064
Artistic_Concert_1920x1080_25fps,1920,1080,10,41,91.768456,92.213402,31410.616
Artistic_Concert_1920x1080_25fps,1920,1080,10,42,90.792897,90.56407,28909.032
Artistic_Concert_1920x1080_25fps,1920,1080,10,43,89.553192,88.209987,25867.752
Artistic_Concert_1920x1080_25fps,1920,1080,10,44,88.465623,86.259888,23605.152
Artistic_Concert_1920x1080_25fps,1920,1080,10,45,87.271506,84.122746,21340.448
Artistic_Concert_1920x1080_25fps,1920,1080,10,46,85.893533,81.792092,19131.816
Artistic_Concert_1920x1080_25fps,1920,1080,10,47,84.811712,79.738575,17242.768
Artistic_Concert_1920x1080_25fps,1920,1080,10,48,83.425474,77.444305,15390.848
Artistic_Concert_1920x1080_25fps,1920,1080,10,49,82.004482,75.335063,13713.104
Artistic_Concert_1920x1080_25fps,1920,1080,10,50,80.50627,73.365418,12350.952
Artistic_Concert_1920x1080_25fps,1920,1080,10,51,79.252797,71.416435,11050.016
Artistic_Concert_1920x1080_25fps,1920,1080,10,52,77.620533,69.537501,9897.32
Artistic_Concert_1920x1080_25fps,1920,1080,10,53,75.844507,67.601966,8820.392
Artistic_Concert_1920x1080_25fps,1920,1080,10,54,74.352905,65.713119,7883.6
Artistic_Concert_1920x1080_25fps,1920,1080,10,55,72.598463,63.938937,7071.824
Artistic_Concert_1920x1080_25fps,1920,1080,10,56,70.327266,61.722757,6246.024
Artistic_Concert_1920x1080_25fps,1920,1080,10,58,65.509015,57.455632,4861.88
Artistic_Concert_1920x1080_25fps,1920,1080,10,60,58.534473,52.033222,3573.808
Artistic_Concert_1920x1080_25fps,1920,1080,10,63,33.673789,35.939108,1604.376
Artistic_Intro_1920x1080_2997fps,1920,1080,4,20,99.855822,99.69655,74095.912
Artistic_Intro_1920x1080_2997fps,1920,1080,4,24,99.694058,99.430242,59617.104
Artistic_Intro_1920x1080_2997fps,1920,1080,4,27,99.421934,99.0179,45400.44
Artistic_Intro_1920x1080_2997fps,1920,1080,4,28,99.35395,98.885999,42111.6
Artistic_Intro_1920x1080_2997fps,1920,1080,4,29,99.23191,98.74227,39110.808
Artistic_Intro_1920x1080_2997fps,1920,1080,4,30,99.15987,98.601121,36440.808
Artistic_Intro_1920x1080_2997fps,1920,1080,4,31,99.012921,98.374485,33275.2
Artistic_Intro_1920x1080_2997fps,1920,1080,4,32,98.854239,98.104876,30184.48
Artistic_Intro_1920x1080_2997fps,1920,1080,4,33,98.700782,97.881239,27986.224
Artistic_Intro_1920x1080_2997fps,1920,1080,4,34,98.55817,97.686973,26102.008
Artistic_Intro_1920x1080_2997fps,1920,1080,4,35,98.332721,97.42219,24142.552
Artistic_Intro_1920x1080_2997fps,1920,1080,4,36,98.139006,97.168135,22230.392
Artistic_Intro_1920x1080_2997fps,1920,1080,4,37,97.953414,96.939356,20679.856
Artistic_Intro_1920x1080_2997fps,1920,1080,4,38,97.763231,96.594187,19101.696
Artistic_Intro_1920x1080_2997fps,1920,1080,4,39,97.534819,96.34358,17807.64
Artistic_Intro_1920x1080_2997fps,1920,1080,4,40,97.339001,96.055121,16453.608
Artistic_Intro_1920x1080_2997fps,1920,1080,4,41,97.174769,95.753007,15299.096
Artistic_Intro_1920x1080_2997fps,1920,1080,4,42,96.917303,95.441925,14373.176
Artistic_Intro_1920x1080_2997fps,1920,1080,4,43,96.669928,95.095655,13418.4
Artistic_Intro_1920x1080_2997fps,1920,1080,4,44,96.524331,94.802909,12560.2
Artistic_Intro_1920x1080_2997fps,1920,1080,4,45,96.277866,94.483381,11734.144
Artistic_Intro_1920x1080_2997fps,1920,1080,4,46,96.069593,94.138476,10984.936
Artistic_Intro_1920x1080_2997fps,1920,1080,4,47,95.887426,93.812511,10328.592
Artistic_Intro_1920x1080_2997fps,1920,1080,4,48,95.707473,93.493933,9687.088
Artistic_Intro_1920x1080_2997fps,1920,1080,4,49,95.510093,93.139737,9014.776
Artistic_Intro_1920x1080_2997fps,1920,1080,4,50,95.187508,92.806014,8513.672
Artistic_Intro_1920x1080_2997fps,1920,1080,4,51,95.067937,92.447735,7980.072
Artistic_Intro_1920x1080_2997fps,1920,1080,4,52,94.65723,91.984627,7468.752
Artistic_Intro_1920x1080_2997fps,1920,1080,4,53,94.414811,91.482648,7008.896
Artistic_Intro_1920x1080_2997fps,1920,1080,4,54,94.024169,90.878435,6568.848
Artistic_Intro_1920x1080_2997fps,1920,1080,4,55,93.62953,90.219989,6097.752
Artistic_Intro_1920x1080_2997fps,1920,1080,4,56,93.037826,89.263197,5539.096
Artistic_Intro_1920x1080_2997fps,1920,1080,4,58,91.993725,87.754239,4700.672
Artistic_Intro_1920x1080_2997fps,1920,1080,4,60,90.054646,85.371292,3622.456
Artistic_Intro_1920x1080_2997fps,1920,1080,4,63,82.077489,74.15428,1543.544
Artistic_Intro_1920x1080_2997fps,1920,1080,5,20,99.763003,99.622034,84257.288
Artistic_Intro_1920x1080_2997fps,1920,1080,5,24,99.612187,99.380132,66135.168
Artistic_Intro_1920x1080_2997fps,1920,1080,5,27,99.290161,98.961015,50933.088
Artistic_Intro_1920x1080_2997fps,1920,1080,5,28,99.184927,98.799199,47217.576
Artistic_Intro_1920x1080_2997fps,1920,1080,5,29,99.090553,98.645469,44106.352
Artistic_Intro_1920x1080_2997fps,1920,1080,5,30,98.956153,98.458185,41118.032
Artistic_Intro_1920x1080_2997fps,1920,1080,5,31,98.796481,98.244254,37845.296
Artistic_Intro_1920x1080_2997fps,1920,1080,5,32,98.625216,97.953741,34661.24
Artistic_Intro_1920x1080_2997fps,1920,1080,5,33,98.391634,97.724767,32185.68
Artistic_Intro_1920x1080_2997fps,1920,1080,5,34,98.22546,97.506095,30023.944
Artistic_Intro_1920x1080_2997fps,1920,1080,5,35,97.982972,97.198896,27799.488
Artistic_Intro_1920x1080_2997fps,1920,1080,5,36,97.75796,96.902704,25617.608
Artistic_Intro_1920x1080_2997fps,1920,1080,5,37,97.598774,96.664315,23968.872
Artistic_Intro_1920x1080_2997fps,1920,1080,5,38,97.351592,96.308522,22306.024
Artistic_Intro_1920x1080_2997fps,1920,1080,5,39,97.146921,95.973133,20708.48
Artistic_Intro_1920x1080_2997fps,1920,1080,5,40,97.038463,95.751957,17987.824
Artistic_Intro_1920x1080_2997fps,1920,1080,5,41,96.816166,95.407033,16668.216
Artistic_Intro_1920x1080_2997fps,1920,1080,5,42,96.585442,95.058042,15667.168
Artistic_Intro_1920x1080_2997fps,1920,1080,5,43,96.321699,94.648306,14592.376
Artistic_Intro_1920x1080_2997fps,1920,1080,5,44,96.12232,94.308129,13638.336
Artistic_Intro_1920x1080_2997fps,1920,1080,5,45,95.894623,93.931682,12664.096
Artistic_Intro_1920x1080_2997fps,1920,1080,5,46,95.657611,93.496507,11833.552
Artistic_Intro_1920x1080_2997fps,1920,1080,5,47,95.426782,93.167203,11090.576
Artistic_Intro_1920x1080_2997fps,1920,1080,5,48,95.1223,92.753165,10395.2
Artistic_Intro_1920x1080_2997fps,1920,1080,5,49,94.882868,92.414372,9674.048
Artistic_Intro_1920x1080_2997fps,1920,1080,5,50,94.662,92.031306,9118.416
Artistic_Intro_1920x1080_2997fps,1920,1080,5,51,94.331852,91.5201,8517.44
Artistic_Intro_1920x1080_2997fps,1920,1080,5,52,93.95302,91.005158,7931.216
Artistic_Intro_1920x1080_2997fps,1920,1080,5,53,93.651747,90.414738,7387.76
Artistic_Intro_1920x1080_2997fps,1920,1080,5,54,93.270831,89.825277,6851.44
Artistic_Intro_1920x1080_2997fps,1920,1080,5,55,92.795011,89.060587,6351.984
Artistic_Intro_1920x1080_2997fps,1920,1080,5,56,92.185625,88.105714,5737.896
Artistic_Intro_1920x1080_2997fps,1920,1080,5,58,91.525163,87.157821,4861.376
Artistic_Intro_1920x1080_2997fps,1920,1080,5,60,89.527636,84.636368,3690.264
Artistic_Intro_1920x1080_2997fps,1920,1080,5,63,80.936664,73.101769,1568.728
Artistic_Intro_1920x1080_2997fps,1920,1080,6,20,99.78383,99.662299,101306.44
Artistic_Intro_1920x1080_2997fps,1920,1080,6,24,99.610987,99.415991,79153.192
Artistic_Intro_1920x1080_2997fps,1920,1080,6,27,99.340906,99.020199,61062.328
Artistic_Intro_1920x1080_2997fps,1920,1080,6,28,99.244085,98.869797,56563.704
Artistic_Intro_1920x1080_2997fps,1920,1080,6,29,99.141199,98.728428,52578.88
Artistic_Intro_1920x1080_2997fps,1920,1080,6,30,99.043107,98.596925,49465.816
Artistic_Intro_1920x1080_2997fps,1920,1080,6,31,98.910793,98.385994,45528.888
Artistic_Intro_1920x1080_2997fps,1920,1080,6,32,98.726111,98.074564,41403.888
Artistic_Intro_1920x1080_2997fps,1920,1080,6,33,98.528285,97.836652,38367.576
Artistic_Intro_1920x1080_2997fps,1920,1080,6,34,98.394355,97.622755,35758.992
Artistic_Intro_1920x1080_2997fps,1920,1080,6,35,98.225272,97.328657,32978.592
Artistic_Intro_1920x1080_2997fps,1920,1080,6,36,98.015651,97.069219,30580.104
Artistic_Intro_1920x1080_2997fps,1920,1080,6,37,97.839964,96.775566,28544.272
Artistic_Intro_1920x1080_2997fps,1920,1080,6,38,97.567547,96.440008,26259.384
Artistic_Intro_1920x1080_2997fps,1920,1080,6,39,97.354141,96.049162,24292.56
Artistic_Intro_1920x1080_2997fps,1920,1080,6,40,97.288285,95.928324,20437.48
Artistic_Intro_1920x1080_2997fps,1920,1080,6,41,97.053358,95.526771,18858.632
Artistic_Intro_1920x1080_2997fps,1920,1080,6,42,96.81323,95.161199,17685.744
Artistic_Intro_1920x1080_2997fps,1920,1080,6,43,96.606806,94.774256,16353.648
Artistic_Intro_1920x1080_2997fps,1920,1080,6,44,96.301935,94.3969,15265.232
Artistic_Intro_1920x1080_2997fps,1920,1080,6,45,96.128065,94.032943,14145.168
Artistic_Intro_1920x1080_2997fps,1920,1080,6,46,95.898277,93.631004,13105.568
Artistic_Intro_1920x1080_2997fps,1920,1080,6,47,95.550829,93.250455,12285.512
Artistic_Intro_1920x1080_2997fps,1920,1080,6,48,95.333209,92.804567,11380.84
Artistic_Intro_1920x1080_2997fps,1920,1080,6,49,95.015954,92.423737,10551.224
Artistic_Intro_1920x1080_2997fps,1920,1080,6,50,94.772998,91.965981,9837.56
Artistic_Intro_1920x1080_2997fps,1920,1080,6,51,94.426014,91.459476,9218.592
Artistic_Intro_1920x1080_2997fps,1920,1080,6,52,94.10915,90.946668,8567.24
Artistic_Intro_1920x1080_2997fps,1920,1080,6,53,93.714655,90.280433,7897.232
Artistic_Intro_1920x1080_2997fps,1920,1080,6,54,93.297122,89.684465,7308.272
Artistic_Intro_1920x1080_2997fps,1920,1080,6,55,92.69691,88.844043,6702.088
Artistic_Intro_1920x1080_2997fps,1920,1080,6,56,91.930602,87.927672,6036.824
Artistic_Intro_1920x1080_2997fps,1920,1080,6,58,90.460976,86.029244,4896.896
Artistic_Intro_1920x1080_2997fps,1920,1080,6,60,88.360603,83.120361,3700.816
Artistic_Intro_1920x1080_2997fps,1920,1080,6,63,79.511474,71.216326,1564.664
Artistic_Intro_1920x1080_2997fps,1920,1080,7,20,99.706402,99.557933,96437.384
Artistic_Intro_1920x1080_2997fps,1920,1080,7,24,99.519637,99.293323,75966.464
Artistic_Intro_1920x1080_2997fps,1920,1080,7,27,99.244797,98.880205,59225.096
Artistic_Intro_1920x1080_2997fps,1920,1080,7,28,99.171686,98.72965,55134.928
Artistic_Intro_1920x1080_2997fps,1920,1080,7,29,99.065814,98.581275,51413.896
Artistic_Intro_1920x1080_2997fps,1920,1080,7,30,98.978559,98.422885,48434.744
Artistic_Intro_1920x1080_2997fps,1920,1080,7,31,98.84862,98.204467,44732.808
Artistic_Intro_1920x1080_2997fps,1920,1080,7,32,98.686988,97.914413,41022.832
Artistic_Intro_1920x1080_2997fps,1920,1080,7,33,98.556077,97.680154,38056.392
Artistic_Intro_1920x1080_2997fps,1920,1080,7,34,98.385769,97.43798,35640.272
Artistic_Intro_1920x1080_2997fps,1920,1080,7,35,98.193501,97.135435,32892.872
Artistic_Intro_1920x1080_2997fps,1920,1080,7,36,98.029472,96.87081,30620.688
Artistic_Intro_1920x1080_2997fps,1920,1080,7,37,97.821783,96.587403,28576.72
Artistic_Intro_1920x1080_2997fps,1920,1080,7,38,97.587353,96.215236,26412.36
Artistic_Intro_1920x1080_2997fps,1920,1080,7,39,97.373072,95.848557,24514.872
Artistic_Intro_1920x1080_2997fps,1920,1080,7,40,97.150537,95.569877,22872.6
Artistic_Intro_1920x1080_2997fps,1920,1080,7,41,96.828542,95.116667,21047.04
Artistic_Intro_1920x1080_2997fps,1920,1080,7,42,96.638758,94.746781,19789.256
Artistic_Intro_1920x1080_2997fps,1920,1080,7,43,96.386613,94.367812,18276.872
Artistic_Intro_1920x1080_2997fps,1920,1080,7,44,96.081423,93.972099,16938.04
Artistic_Intro_1920x1080_2997fps,1920,1080,7,45,95.811388,93.598522,15746.592
Artistic_Intro_1920x1080_2997fps,1920,1080,7,46,95.52753,93.138759,14626.048
Artistic_Intro_1920x1080_2997fps,1920,1080,7,47,95.23315,92.685275,13625.832
Artistic_Intro_1920x1080_2997fps,1920,1080,7,48,94.944784,92.241074,12592.976
Artistic_Intro_1920x1080_2997fps,1920,1080,7,49,94.675325,91.807547,11664.464
Artistic_Intro_1920x1080_2997fps,1920,1080,7,50,94.425956,91.269287,10810.544
Artistic_Intro_1920x1080_2997fps,1920,1080,7,51,94.001657,90.727708,10054.872
Artistic_Intro_1920x1080_2997fps,1920,1080,7,52,93.657636,90.081416,9294.32
Artistic_Intro_1920x1080_2997fps,1920,1080,7,53,93.178685,89.371507,8484.96
Artistic_Intro_1920x1080_2997fps,1920,1080,7,54,92.673453,88.669598,7795.512
Artistic_Intro_1920x1080_2997fps,1920,1080,7,55,91.983622,87.91283,7167.264
Artistic_Intro_1920x1080_2997fps,1920,1080,7,56,91.037912,86.828403,6363.752
Artistic_Intro_1920x1080_2997fps,1920,1080,7,58,89.467536,84.759147,5077.712
Artistic_Intro_1920x1080_2997fps,1920,1080,7,60,87.14052,81.366606,3730.52
Artistic_Intro_1920x1080_2997fps,1920,1080,7,63,78.2516,69.727057,1547.36
Artistic_Intro_1920x1080_2997fps,1920,1080,8,20,99.740735,99.605648,98954.952
Artistic_Intro_1920x1080_2997fps,1920,1080,8,24,99.575715,99.34692,78718.216
Artistic_Intro_1920x1080_2997fps,1920,1080,8,27,99.278003,98.935653,61133.248
Artistic_Intro_1920x1080_2997fps,1920,1080,8,28,99.190132,98.775139,56984.264
Artistic_Intro_1920x1080_2997fps,1920,1080,8,29,99.097562,98.610714,53171.28
Artistic_Intro_1920x1080_2997fps,1920,1080,8,30,99.021952,98.46758,50055.856
Artistic_Intro_1920x1080_2997fps,1920,1080,8,31,98.896861,98.263421,46395.504
Artistic_Intro_1920x1080_2997fps,1920,1080,8,32,98.709115,97.983855,42630.704
Artistic_Intro_1920x1080_2997fps,1920,1080,8,33,98.590627,97.756898,39766.2
Artistic_Intro_1920x1080_2997fps,1920,1080,8,34,98.491432,97.537676,36994.2
Artistic_Intro_1920x1080_2997fps,1920,1080,8,35,98.309925,97.269272,34480.144
Artistic_Intro_1920x1080_2997fps,1920,1080,8,36,98.089753,96.98908,31990.744
Artistic_Intro_1920x1080_2997fps,1920,1080,8,37,97.932475,96.702641,29889.528
Artistic_Intro_1920x1080_2997fps,1920,1080,8,38,97.665827,96.353326,27601.448
Artistic_Intro_1920x1080_2997fps,1920,1080,8,39,97.410342,96.028671,25704.784
Artistic_Intro_1920x1080_2997fps,1920,1080,8,40,97.245901,95.744995,24131.616
Artistic_Intro_1920x1080_2997fps,1920,1080,8,41,96.983072,95.313979,22270.136
Artistic_Intro_1920x1080_2997fps,1920,1080,8,42,96.81458,95.000687,20933.704
Artistic_Intro_1920x1080_2997fps,1920,1080,8,43,96.46998,94.56681,19372.648
Artistic_Intro_1920x1080_2997fps,1920,1080,8,44,96.264361,94.084081,17933.336
Artistic_Intro_1920x1080_2997fps,1920,1080,8,45,95.955278,93.690924,16668.424
Artistic_Intro_1920x1080_2997fps,1920,1080,8,46,95.634424,93.226244,15534.392
Artistic_Intro_1920x1080_2997fps,1920,1080,8,47,95.363093,92.80058,14451.984
Artistic_Intro_1920x1080_2997fps,1920,1080,8,48,95.070124,92.314493,13492.976
Artistic_Intro_1920x1080_2997fps,1920,1080,8,49,94.728761,91.840286,12476.816
Artistic_Intro_1920x1080_2997fps,1920,1080,8,50,94.44089,91.302856,11603.992
Artistic_Intro_1920x1080_2997fps,1920,1080,8,51,94.165765,90.781472,10705.216
Artistic_Intro_1920x1080_2997fps,1920,1080,8,52,93.661173,90.145455,9895.896
Artistic_Intro_1920x1080_2997fps,1920,1080,8,53,93.168801,89.445257,9114.28
Artistic_Intro_1920x1080_2997fps,1920,1080,8,54,92.816676,88.732991,8367.392
Artistic_Intro_1920x1080_2997fps,1920,1080,8,55,92.011234,87.886777,7615.2
Artistic_Intro_1920x1080_2997fps,1920,1080,8,56,91.084205,86.855209,6804.216
Artistic_Intro_1920x1080_2997fps,1920,1080,8,58,89.369785,84.551509,5431.648
Artistic_Intro_1920x1080_2997fps,1920,1080,8,60,86.843532,80.778472,3971.536
Artistic_Intro_1920x1080_2997fps,1920,1080,8,63,77.474921,68.903164,1670.304
Artistic_Intro_1920x1080_2997fps,1920,1080,9,20,99.550915,99.483925,98725.44
Artistic_Intro_1920x1080_2997fps,1920,1080,9,24,99.316616,99.200176,79406.408
Artistic_Intro_1920x1080_2997fps,1920,1080,9,27,99.053254,98.792067,63571.088
Artistic_Intro_1920x1080_2997fps,1920,1080,9,28,98.949284,98.616093,59162.728
Artistic_Intro_1920x1080_2997fps,1920,1080,9,29,98.862762,98.454965,55454.144
Artistic_Intro_1920x1080_2997fps,1920,1080,9,30,98.737588,98.251352,51471.912
Artistic_Intro_1920x1080_2997fps,1920,1080,9,31,98.598931,98.012048,47208.88
Artistic_Intro_1920x1080_2997fps,1920,1080,9,32,98.452541,97.716471,43272.56
Artistic_Intro_1920x1080_2997fps,1920,1080,9,33,98.2388,97.427871,39931.568
Artistic_Intro_1920x1080_2997fps,1920,1080,9,34,98.104562,97.202801,37515.192
Artistic_Intro_1920x1080_2997fps,1920,1080,9,35,97.897748,96.89618,34586.88
Artistic_Intro_1920x1080_2997fps,1920,1080,9,36,97.680694,96.515969,31834.296
Artistic_Intro_1920x1080_2997fps,1920,1080,9,37,97.496139,96.188312,29641.976
Artistic_Intro_1920x1080_2997fps,1920,1080,9,38,97.265371,95.859865,27463.032
Artistic_Intro_1920x1080_2997fps,1920,1080,9,39,96.990533,95.444051,25306.536
Artistic_Intro_1920x1080_2997fps,1920,1080,9,40,96.76054,95.067324,23676.368
Artistic_Intro_1920x1080_2997fps,1920,1080,9,41,96.485528,94.604968,21740.808
Artistic_Intro_1920x1080_2997fps,1920,1080,9,42,96.200627,94.17605,20351.176
Artistic_Intro_1920x1080_2997fps,1920,1080,9,43,95.910154,93.722859,18808.872
Artistic_Intro_1920x1080_2997fps,1920,1080,9,44,95.561397,93.125209,17362.752
Artistic_Intro_1920x1080_2997fps,1920,1080,9,45,95.256741,92.681294,16056.624
Artistic_Intro_1920x1080_2997fps,1920,1080,9,46,94.891076,92.151198,14846.296
Artistic_Intro_1920x1080_2997fps,1920,1080,9,47,94.576886,91.652082,13776.888
Artistic_Intro_1920x1080_2997fps,1920,1080,9,48,94.272212,91.152786,12769.72
Artistic_Intro_1920x1080_2997fps,1920,1080,9,49,93.876313,90.604855,11783.456
Artistic_Intro_1920x1080_2997fps,1920,1080,9,50,93.379504,89.97849,10894.688
Artistic_Intro_1920x1080_2997fps,1920,1080,9,51,92.80947,89.309561,10029.776
Artistic_Intro_1920x1080_2997fps,1920,1080,9,52,92.292769,88.564296,9179.288
Artistic_Intro_1920x1080_2997fps,1920,1080,9,53,91.641836,87.789364,8435.36
Artistic_Intro_1920x1080_2997fps,1920,1080,9,54,91.002388,87.059385,7729.432
Artistic_Intro_1920x1080_2997fps,1920,1080,9,55,90.236694,86.13937,7033.776
Artistic_Intro_1920x1080_2997fps,1920,1080,9,56,89.202596,84.741916,6205.656
Artistic_Intro_1920x1080_2997fps,1920,1080,9,58,87.065885,81.614923,4846.08
Artistic_Intro_1920x1080_2997fps,1920,1080,9,60,84.270446,77.342645,3527.208
Artistic_Intro_1920x1080_2997fps,1920,1080,9,63,72.290383,63.084632,1316.2
Artistic_Intro_1920x1080_2997fps,1920,1080,10,20,99.20536,99.237229,105064.88
Artistic_Intro_1920x1080_2997fps,1920,1080,10,24,98.956375,98.908513,85538.2
Artistic_Intro_1920x1080_2997fps,1920,1080,10,27,98.646387,98.436164,68308.08
Artistic_Intro_1920x1080_2997fps,1920,1080,10,28,98.503052,98.23178,63488.24
Artistic_Intro_1920x1080_2997fps,1920,1080,10,29,98.426263,98.056973,59456.208
Artistic_Intro_1920x1080_2997fps,1920,1080,10,30,98.298803,97.843072,55456.56
Artistic_Intro_1920x1080_2997fps,1920,1080,10,31,98.134335,97.518751,50584.832
Artistic_Intro_1920x1080_2997fps,1920,1080,10,32,97.942389,97.25262,46538.28
Artistic_Intro_1920x1080_2997fps,1920,1080,10,33,97.798135,96.970703,43279.16
Artistic_Intro_1920x1080_2997fps,1920,1080,10,34,97.606002,96.687153,40408.832
Artistic_Intro_1920x1080_2997fps,1920,1080,10,35,97.392099,96.384651,37466.464
Artistic_Intro_1920x1080_2997fps,1920,1080,10,36,97.190918,96.053036,34797.264
Artistic_Intro_1920x1080_2997fps,1920,1080,10,37,96.983289,95.671481,32181.016
Artistic_Intro_1920x1080_2997fps,1920,1080,10,38,96.736233,95.269366,29840.056
Artistic_Intro_1920x1080_2997fps,1920,1080,10,39,96.487845,94.885297,27707.608
Artistic_Intro_1920x1080_2997fps,1920,1080,10,40,96.241773,94.484432,25747.776
Artistic_Intro_1920x1080_2997fps,1920,1080,10,41,95.95387,94.018101,23709.432
Artistic_Intro_1920x1080_2997fps,1920,1080,10,42,95.602683,93.535093,21994.36
Artistic_Intro_1920x1080_2997fps,1920,1080,10,43,95.274054,92.999931,20291.76
Artistic_Intro_1920x1080_2997fps,1920,1080,10,44,94.938363,92.453549,18784.784
Artistic_Intro_1920x1080_2997fps,1920,1080,10,45,94.578915,91.881639,17393.64
Artistic_Intro_1920x1080_2997fps,1920,1080,10,46,94.139809,91.236771,15994.592
Artistic_Intro_1920x1080_2997fps,1920,1080,10,47,93.741124,90.667325,14757.44
Artistic_Intro_1920x1080_2997fps,1920,1080,10,48,93.269229,89.942929,13597.576
Artistic_Intro_1920x1080_2997fps,1920,1080,10,49,92.742646,89.285467,12497.312
Artistic_Intro_1920x1080_2997fps,1920,1080,10,50,92.102036,88.526118,11456.512
Artistic_Intro_1920x1080_2997fps,1920,1080,10,51,91.397221,87.766101,10497.848
Artistic_Intro_1920x1080_2997fps,1920,1080,10,52,90.752535,86.926629,9629.136
Artistic_Intro_1920x1080_2997fps,1920,1080,10,53,89.86299,85.856242,8758.52
Artistic_Intro_1920x1080_2997fps,1920,1080,10,54,89.199483,84.764306,7962.704
Artistic_Intro_1920x1080_2997fps,1920,1080,10,55,88.366179,83.481814,7201.184
Artistic_Intro_1920x1080_2997fps,1920,1080,10,56,87.262442,81.731728,6331.96
Artistic_Intro_1920x1080_2997fps,1920,1080,10,58,84.542535,77.994773,4891.664
Artistic_Intro_1920x1080_2997fps,1920,1080,10,60,81.247709,73.166918,3494.712
Artistic_Intro_1920x1080_2997fps,1920,1080,10,63,68.208586,59.373555,1475.56
MixedCoding_NewsIntroAnchor_1280x720_2997fps,1280,720,4,20,96.79341,97.972404,17143.128
MixedCoding_NewsIntroAnchor_1280x720_2997fps,1280,720,4,24,96.385526,97.60475,13668.712
MixedCoding_NewsIntroAnchor_1280x720_2997fps,1280,720,4,27,95.807686,97.097321,10579.68
MixedCoding_NewsIntroAnchor_1280x720_2997fps,1280,720,4,28,95.632679,96.912027,9834.472
MixedCoding_NewsIntroAnchor_1280x720_2997fps,1280,720,4,29,95.469991,96.762746,9170.68
MixedCoding_NewsIntroAnchor_1280x720_2997fps,1280,720,4,30,95.328218,96.58489,8567.28
MixedCoding_NewsIntroAnchor_1280x720_2997fps,1280,720,4,31,95.112191,96.346735,7890.736
MixedCoding_NewsIntroAnchor_1280x720_2997fps,1280,720,4,32,94.921756,96.089908,7195.16
MixedCoding_NewsIntroAnchor_1280x720_2997fps,1280,720,4,33,94.701264,95.852004,6705.776
MixedCoding_NewsIntroAnchor_1280x720_2997fps,1280,720,4,34,94.52209,95.630944,6243.816
MixedCoding_NewsIntroAnchor_1280x720_2997fps,1280,720,4,35,94.310501,95.360772,5808.328
MixedCoding_NewsIntroAnchor_1280x720_2997fps,1280,720,4,36,94.025601,94.999535,5370.024
MixedCoding_NewsIntroAnchor_1280x720_2997fps,1280,720,4,37,93.804147,94.70133,5024.392
MixedCoding_NewsIntroAnchor_1280x720_2997fps,1280,720,4,38,93.584168,94.381951,4670.376
MixedCoding_NewsIntroAnchor_1280x720_2997fps,1280,720,4,39,93.299234,94.015644,4348.216
MixedCoding_NewsIntroAnchor_1280x720_2997fps,1280,720,4,40,93.053712,93.691612,4049.896
MixedCoding_NewsIntroAnchor_1280x720_2997fps,1280,720,4,41,92.740229,93.228706,3768.856
MixedCoding_NewsIntroAnchor_1280x720_2997fps,1280,720,4,42,92.649339,92.861846,3531.584
MixedCoding_NewsIntroAnchor_1280x720_2997fps,1280,720,4,43,92.318237,92.450423,3309.896
MixedCoding_NewsIntroAnchor_1280x720_2997fps,1280,720,4,44,92.026628,91.94141,3107.848
MixedCoding_NewsIntroAnchor_1280x720_2997fps,1280,720,4,45,91.77892,91.421138,2904.688
MixedCoding_NewsIntroAnchor_1280x720_2997fps,1280,720,4,46,91.464998,90.947589,2732.928
MixedCoding_NewsIntroAnchor_1280x720_2997fps,1280,720,4,47,91.186085,90.46602,2596.408
MixedCoding_NewsIntroAnchor_1280x720_2997fps,1280,720,4,48,90.871885,89.937622,2430.168
MixedCoding_NewsIntroAnchor_1280x720_2997fps,1280,720,4,49,90.484787,89.324412,2269.872
MixedCoding_NewsIntroAnchor_1280x720_2997fps,1280,720,4,50,90.217887,88.733628,2141.744
MixedCoding_NewsIntroAnchor_1280x720_2997fps,1280,720,4,51,89.749039,88.047993,2012.144
MixedCoding_NewsIntroAnchor_1280x720_2997fps,1280,720,4,52,89.380172,87.348994,1896.168
MixedCoding_NewsIntroAnchor_1280x720_2997fps,1280,720,4,53,89.02662,86.699654,1785.28
MixedCoding_NewsIntroAnchor_1280x720_2997fps,1280,720,4,54,88.473526,85.902081,1671.352
MixedCoding_NewsIntroAnchor_1280x720_2997fps,1280,720,4,55,87.899696,84.94662,1558.712
MixedCoding_NewsIntroAnchor_1280x720_2997fps,1280,720,4,56,87.265015,83.794117,1429.016
MixedCoding_NewsIntroAnchor_1280x720_2997fps,1280,720,4,58,85.993017,81.412738,1198.376
MixedCoding_NewsIntroAnchor_1280x720_2997fps,1280,720,4,60,84.011101,78.020764,957.536
MixedCoding_NewsIntroAnchor_1280x720_2997fps,1280,720,4,63,76.30489,66.789697,512.976
MixedCoding_NewsIntroAnchor_1280x720_2997fps,1280,720,5,20,97.054304,98.005473,17779.784
MixedCoding_NewsIntroAnchor_1280x720_2997fps,1280,720,5,24,96.619322,97.616351,14216.736
MixedCoding_NewsIntroAnchor_1280x720_2997fps,1280,720,5,27,96.100373,97.058856,11031.688
MixedCoding_NewsIntroAnchor_1280x720_2997fps,1280,720,5,28,95.973695,96.875905,10283.624
MixedCoding_NewsIntroAnchor_1280x720_2997fps,1280,720,5,29,95.769629,96.695009,9631.728
MixedCoding_NewsIntroAnchor_1280x720_2997fps,1280,720,5,30,95.646592,96.525177,9009.744
MixedCoding_NewsIntroAnchor_1280x720_2997fps,1280,720,5,31,95.424785,96.310056,8313.704
MixedCoding_NewsIntroAnchor_1280x720_2997fps,1280,720,5,32,95.177729,96.004921,7587.288
MixedCoding_NewsIntroAnchor_1280x720_2997fps,1280,720,5,33,94.887265,95.751347,7028.664
MixedCoding_NewsIntroAnchor_1280x720_2997fps,1280,720,5,34,94.710401,95.497106,6581.52
MixedCoding_NewsIntroAnchor_1280x720_2997fps,1280,720,5,35,94.469841,95.190981,6100.664
MixedCoding_NewsIntroAnchor_1280x720_2997fps,1280,720,5,36,94.189256,94.834586,5606.944
MixedCoding_NewsIntroAnchor_1280x720_2997fps,1280,720,5,37,93.931731,94.543991,5249.664
MixedCoding_NewsIntroAnchor_1280x720_2997fps,1280,720,5,38,93.659362,94.146295,4873.664
MixedCoding_NewsIntroAnchor_1280x720_2997fps,1280,720,5,39,93.35866,93.775545,4535.752
MixedCoding_NewsIntroAnchor_1280x720_2997fps,1280,720,5,40,93.136081,93.379112,4188.12
MixedCoding_NewsIntroAnchor_1280x720_2997fps,1280,720,5,41,92.794352,92.976735,3896.32
MixedCoding_NewsIntroAnchor_1280x720_2997fps,1280,720,5,42,92.550187,92.527084,3630.864
MixedCoding_NewsIntroAnchor_1280x720_2997fps,1280,720,5,43,92.269324,92.062314,3387.656
MixedCoding_NewsIntroAnchor_1280x720_2997fps,1280,720,5,44,91.964008,91.51777,3182.872
MixedCoding_NewsIntroAnchor_1280x720_2997fps,1280,720,5,45,91.70727,91.045293,2977.456
MixedCoding_NewsIntroAnchor_1280x720_2997fps,1280,720,5,46,91.388849,90.449794,2757.784
MixedCoding_NewsIntroAnchor_1280x720_2997fps,1280,720,5,47,91.161796,90.081867,2613.304
MixedCoding_NewsIntroAnchor_1280x720_2997fps,1280,720,5,48,90.759974,89.514781,2440.352
MixedCoding_NewsIntroAnchor_1280x720_2997fps,1280,720,5,49,90.32301,88.824955,2291.952
MixedCoding_NewsIntroAnchor_1280x720_2997fps,1280,720,5,50,90.039235,88.309591,2164.504
MixedCoding_NewsIntroAnchor_1280x720_2997fps,1280,720,5,51,89.607332,87.687731,2029.824
MixedCoding_NewsIntroAnchor_1280x720_2997fps,1280,720,5,52,89.128654,86.854565,1905.84
MixedCoding_NewsIntroAnchor_1280x720_2997fps,1280,720,5,53,88.7436,86.209244,1797.288
MixedCoding_NewsIntroAnchor_1280x720_2997fps,1280,720,5,54,88.314776,85.301931,1678.288
MixedCoding_NewsIntroAnchor_1280x720_2997fps,1280,720,5,55,87.676206,84.439756,1562.816
MixedCoding_NewsIntroAnchor_1280x720_2997fps,1280,720,5,56,87.014213,83.16347,1437.16
MixedCoding_NewsIntroAnchor_1280x720_2997fps,1280,720,5,58,85.796984,81.130723,1211.808
MixedCoding_NewsIntroAnchor_1280x720_2997fps,1280,720,5,60,83.788546,77.618518,964.008
MixedCoding_NewsIntroAnchor_1280x720_2997fps,1280,720,5,63,76.0724,66.360658,519.064
MixedCoding_NewsIntroAnchor_1280x720_2997fps,1280,720,6,20,97.192077,97.93234,19502.304
MixedCoding_NewsIntroAnchor_1280x720_2997fps,1280,720,6,24,96.741601,97.51812,15371.352
MixedCoding_NewsIntroAnchor_1280x720_2997fps,1280,720,6,27,96.124317,96.945455,11728.808
MixedCoding_NewsIntroAnchor_1280x720_2997fps,1280,720,6,28,95.989407,96.765805,10907.8
MixedCoding_NewsIntroAnchor_1280x720_2997fps,1280,720,6,29,95.79096,96.59197,10116.24
MixedCoding_NewsIntroAnchor_1280x720_2997fps,1280,720,6,30,95.612159,96.416335,9461.76
MixedCoding_NewsIntroAnchor_1280x720_2997fps,1280,720,6,31,95.402166,96.150495,8678.792
MixedCoding_NewsIntroAnchor_1280x720_2997fps,1280,720,6,32,95.039934,95.831212,7893.696
MixedCoding_NewsIntroAnchor_1280x720_2997fps,1280,720,6,33,94.855492,95.584274,7294.272
MixedCoding_NewsIntroAnchor_1280x720_2997fps,1280,720,6,34,94.602303,95.307942,6790.848
MixedCoding_NewsIntroAnchor_1280x720_2997fps,1280,720,6,35,94.381889,94.982588,6256.208
MixedCoding_NewsIntroAnchor_1280x720_2997fps,1280,720,6,36,94.054636,94.630868,5770.24
MixedCoding_NewsIntroAnchor_1280x720_2997fps,1280,720,6,37,93.815345,94.343252,5382.832
MixedCoding_NewsIntroAnchor_1280x720_2997fps,1280,720,6,38,93.50098,93.973478,4971.616
MixedCoding_NewsIntroAnchor_1280x720_2997fps,1280,720,6,39,93.173106,93.527009,4596.064
MixedCoding_NewsIntroAnchor_1280x720_2997fps,1280,720,6,40,92.907102,93.150405,4280.968
MixedCoding_NewsIntroAnchor_1280x720_2997fps,1280,720,6,41,92.5705,92.632526,3957.392
MixedCoding_NewsIntroAnchor_1280x720_2997fps,1280,720,6,42,92.272989,92.172698,3684.424
MixedCoding_NewsIntroAnchor_1280x720_2997fps,1280,720,6,43,91.912099,91.640221,3434.152
MixedCoding_NewsIntroAnchor_1280x720_2997fps,1280,720,6,44,91.633423,91.138606,3181.712
MixedCoding_NewsIntroAnchor_1280x720_2997fps,1280,720,6,45,91.273092,90.56459,2959.032
MixedCoding_NewsIntroAnchor_1280x720_2997fps,1280,720,6,46,90.97944,90.049758,2744.032
MixedCoding_NewsIntroAnchor_1280x720_2997fps,1280,720,6,47,90.568033,89.439721,2581.984
MixedCoding_NewsIntroAnchor_1280x720_2997fps,1280,720,6,48,90.204868,88.771578,2404.376
MixedCoding_NewsIntroAnchor_1280x720_2997fps,1280,720,6,49,89.875209,88.140568,2249.592
MixedCoding_NewsIntroAnchor_1280x720_2997fps,1280,720,6,50,89.569666,87.628976,2110.176
MixedCoding_NewsIntroAnchor_1280x720_2997fps,1280,720,6,51,89.050546,86.655884,1987.296
MixedCoding_NewsIntroAnchor_1280x720_2997fps,1280,720,6,52,88.59055,85.963551,1851.92
MixedCoding_NewsIntroAnchor_1280x720_2997fps,1280,720,6,53,88.142688,85.169762,1729.968
MixedCoding_NewsIntroAnchor_1280x720_2997fps,1280,720,6,54,87.416705,84.050253,1620.128
MixedCoding_NewsIntroAnchor_1280x720_2997fps,1280,720,6,55,86.83244,83.003482,1496.56
MixedCoding_NewsIntroAnchor_1280x720_2997fps,1280,720,6,56,86.087732,82.03458,1368.848
MixedCoding_NewsIntroAnchor_1280x720_2997fps,1280,720,6,58,84.630067,79.143347,1144.616
MixedCoding_NewsIntroAnchor_1280x720_2997fps,1280,720,6,60,82.222562,75.471069,905.824
MixedCoding_NewsIntroAnchor_1280x720_2997fps,1280,720,6,63,74.199977,64.05804,490.736
MixedCoding_NewsIntroAnchor_1280x720_2997fps,1280,720,7,20,96.966611,97.71308,19812.096
MixedCoding_NewsIntroAnchor_1280x720_2997fps,1280,720,7,24,96.602445,97.327867,15781.272
MixedCoding_NewsIntroAnchor_1280x720_2997fps,1280,720,7,27,96.05403,96.735086,12209.656
MixedCoding_NewsIntroAnchor_1280x720_2997fps,1280,720,7,28,95.881274,96.556471,11339.24
MixedCoding_NewsIntroAnchor_1280x720_2997fps,1280,720,7,29,95.719808,96.371041,10533.072
MixedCoding_NewsIntroAnchor_1280x720_2997fps,1280,720,7,30,95.588206,96.206017,9865.232
MixedCoding_NewsIntroAnchor_1280x720_2997fps,1280,720,7,31,95.413914,95.949893,9067.264
MixedCoding_NewsIntroAnchor_1280x720_2997fps,1280,720,7,32,95.149742,95.654701,8265.952
MixedCoding_NewsIntroAnchor_1280x720_2997fps,1280,720,7,33,94.867841,95.35276,7634.984
MixedCoding_NewsIntroAnchor_1280x720_2997fps,1280,720,7,34,94.631533,95.095321,7109.664
MixedCoding_NewsIntroAnchor_1280x720_2997fps,1280,720,7,35,94.375854,94.757284,6539.224
MixedCoding_NewsIntroAnchor_1280x720_2997fps,1280,720,7,36,94.134446,94.42682,6053.608
MixedCoding_NewsIntroAnchor_1280x720_2997fps,1280,720,7,37,93.897214,94.11543,5642.104
MixedCoding_NewsIntroAnchor_1280x720_2997fps,1280,720,7,38,93.607173,93.683865,5226.896
MixedCoding_NewsIntroAnchor_1280x720_2997fps,1280,720,7,39,93.261362,93.211179,4818.984
MixedCoding_NewsIntroAnchor_1280x720_2997fps,1280,720,7,40,92.890251,92.81297,4486.264
MixedCoding_NewsIntroAnchor_1280x720_2997fps,1280,720,7,41,92.511102,92.221097,4109.664
MixedCoding_NewsIntroAnchor_1280x720_2997fps,1280,720,7,42,92.309649,91.774955,3850.408
MixedCoding_NewsIntroAnchor_1280x720_2997fps,1280,720,7,43,91.892233,91.17032,3570.896
MixedCoding_NewsIntroAnchor_1280x720_2997fps,1280,720,7,44,91.564734,90.671905,3296.808
MixedCoding_NewsIntroAnchor_1280x720_2997fps,1280,720,7,45,91.287617,89.990655,3041.4
MixedCoding_NewsIntroAnchor_1280x720_2997fps,1280,720,7,46,90.862988,89.323115,2829.488
MixedCoding_NewsIntroAnchor_1280x720_2997fps,1280,720,7,47,90.519885,88.727513,2671.864
MixedCoding_NewsIntroAnchor_1280x720_2997fps,1280,720,7,48,90.119965,87.974945,2485.824
MixedCoding_NewsIntroAnchor_1280x720_2997fps,1280,720,7,49,89.517365,87.231107,2308.096
MixedCoding_NewsIntroAnchor_1280x720_2997fps,1280,720,7,50,89.209313,86.516746,2170.856
MixedCoding_NewsIntroAnchor_1280x720_2997fps,1280,720,7,51,88.773491,85.674997,2026.288
MixedCoding_NewsIntroAnchor_1280x720_2997fps,1280,720,7,52,88.270359,84.753771,1894.224
MixedCoding_NewsIntroAnchor_1280x720_2997fps,1280,720,7,53,87.735866,83.787504,1764.272
MixedCoding_NewsIntroAnchor_1280x720_2997fps,1280,720,7,54,87.129418,82.848445,1649.608
MixedCoding_NewsIntroAnchor_1280x720_2997fps,1280,720,7,55,86.464861,81.882094,1521.368
MixedCoding_NewsIntroAnchor_1280x720_2997fps,1280,720,7,56,85.571141,80.349938,1388.024
MixedCoding_NewsIntroAnchor_1280x720_2997fps,1280,720,7,58,83.860436,77.603327,1153.8
MixedCoding_NewsIntroAnchor_1280x720_2997fps,1280,720,7,60,81.56329,73.886732,913.392
MixedCoding_NewsIntroAnchor_1280x720_2997fps,1280,720,7,63,72.957162,62.248245,497.76
MixedCoding_NewsIntroAnchor_1280x720_2997fps,1280,720,8,20,97.108744,97.702408,20177.848
MixedCoding_NewsIntroAnchor_1280x720_2997fps,1280,720,8,24,96.590266,97.251264,15883.456
MixedCoding_NewsIntroAnchor_1280x720_2997fps,1280,720,8,27,95.981517,96.669504,12405.424
MixedCoding_NewsIntroAnchor_1280x720_2997fps,1280,720,8,28,95.801757,96.453478,11495.576
MixedCoding_NewsIntroAnchor_1280x720_2997fps,1280,720,8,29,95.605765,96.268067,10747.48
MixedCoding_NewsIntroAnchor_1280x720_2997fps,1280,720,8,30,95.394523,96.068963,10079.544
MixedCoding_NewsIntroAnchor_1280x720_2997fps,1280,720,8,31,95.33694,95.831061,9302.008
MixedCoding_NewsIntroAnchor_1280x720_2997fps,1280,720,8,32,95.070322,95.473272,8573.264
MixedCoding_NewsIntroAnchor_1280x720_2997fps,1280,720,8,33,94.831615,95.194301,7939.528
MixedCoding_NewsIntroAnchor_1280x720_2997fps,1280,720,8,34,94.569239,94.905922,7430.576
MixedCoding_NewsIntroAnchor_1280x720_2997fps,1280,720,8,35,94.335746,94.593777,6885.624
MixedCoding_NewsIntroAnchor_1280x720_2997fps,1280,720,8,36,94.027405,94.258912,6368.104
MixedCoding_NewsIntroAnchor_1280x720_2997fps,1280,720,8,37,93.75489,93.792057,5942.776
MixedCoding_NewsIntroAnchor_1280x720_2997fps,1280,720,8,38,93.477322,93.404106,5494.28
MixedCoding_NewsIntroAnchor_1280x720_2997fps,1280,720,8,39,93.07675,92.947191,5078.68
MixedCoding_NewsIntroAnchor_1280x720_2997fps,1280,720,8,40,92.805836,92.613601,4747.536
MixedCoding_NewsIntroAnchor_1280x720_2997fps,1280,720,8,41,92.439736,92.064792,4387.256
MixedCoding_NewsIntroAnchor_1280x720_2997fps,1280,720,8,42,92.080431,91.472976,4104.368
MixedCoding_NewsIntroAnchor_1280x720_2997fps,1280,720,8,43,91.679289,90.8265,3777.112
MixedCoding_NewsIntroAnchor_1280x720_2997fps,1280,720,8,44,91.339546,90.340071,3541.52
MixedCoding_NewsIntroAnchor_1280x720_2997fps,1280,720,8,45,91.064011,89.687236,3258.496
MixedCoding_NewsIntroAnchor_1280x720_2997fps,1280,720,8,46,90.747993,89.032044,3030.648
MixedCoding_NewsIntroAnchor_1280x720_2997fps,1280,720,8,47,90.201307,88.353876,2851.216
MixedCoding_NewsIntroAnchor_1280x720_2997fps,1280,720,8,48,89.775571,87.594987,2662.296
MixedCoding_NewsIntroAnchor_1280x720_2997fps,1280,720,8,49,89.399705,86.890382,2476.888
MixedCoding_NewsIntroAnchor_1280x720_2997fps,1280,720,8,50,88.884188,86.124287,2329.144
MixedCoding_NewsIntroAnchor_1280x720_2997fps,1280,720,8,51,88.452688,85.315252,2179.224
MixedCoding_NewsIntroAnchor_1280x720_2997fps,1280,720,8,52,87.92124,84.488859,2035.152
MixedCoding_NewsIntroAnchor_1280x720_2997fps,1280,720,8,53,87.199732,83.469694,1898.232
MixedCoding_NewsIntroAnchor_1280x720_2997fps,1280,720,8,54,86.609179,82.471702,1776.944
MixedCoding_NewsIntroAnchor_1280x720_2997fps,1280,720,8,55,85.97317,81.414488,1642.64
MixedCoding_NewsIntroAnchor_1280x720_2997fps,1280,720,8,56,85.28281,80.103943,1500.936
MixedCoding_NewsIntroAnchor_1280x720_2997fps,1280,720,8,58,83.35213,77.127935,1258.864
MixedCoding_NewsIntroAnchor_1280x720_2997fps,1280,720,8,60,80.81005,73.38753,991.648
MixedCoding_NewsIntroAnchor_1280x720_2997fps,1280,720,8,63,72.041121,61.510166,532.744
MixedCoding_NewsIntroAnchor_1280x720_2997fps,1280,720,9,20,96.934279,97.434704,19925.184
MixedCoding_NewsIntroAnchor_1280x720_2997fps,1280,720,9,24,96.410981,96.928861,16077.824
MixedCoding_NewsIntroAnchor_1280x720_2997fps,1280,720,9,27,95.808157,96.292203,12714.864
MixedCoding_NewsIntroAnchor_1280x720_2997fps,1280,720,9,28,95.612087,96.002326,11773.768
MixedCoding_NewsIntroAnchor_1280x720_2997fps,1280,720,9,29,95.370236,95.749542,11014.408
MixedCoding_NewsIntroAnchor_1280x720_2997fps,1280,720,9,30,95.307947,95.50803,10177.456
MixedCoding_NewsIntroAnchor_1280x720_2997fps,1280,720,9,31,94.858314,95.091694,9269.72
MixedCoding_NewsIntroAnchor_1280x720_2997fps,1280,720,9,32,94.571892,94.716482,8523.944
MixedCoding_NewsIntroAnchor_1280x720_2997fps,1280,720,9,33,94.252533,94.354,7879.072
MixedCoding_NewsIntroAnchor_1280x720_2997fps,1280,720,9,34,94.00767,94.003429,7340.28
MixedCoding_NewsIntroAnchor_1280x720_2997fps,1280,720,9,35,93.728546,93.512291,6773.08
MixedCoding_NewsIntroAnchor_1280x720_2997fps,1280,720,9,36,93.399449,93.077185,6193.456
MixedCoding_NewsIntroAnchor_1280x720_2997fps,1280,720,9,37,92.956623,92.550415,5716.12
MixedCoding_NewsIntroAnchor_1280x720_2997fps,1280,720,9,38,92.610553,91.971778,5233.584
MixedCoding_NewsIntroAnchor_1280x720_2997fps,1280,720,9,39,92.198777,91.433807,4851.168
MixedCoding_NewsIntroAnchor_1280x720_2997fps,1280,720,9,40,91.953293,90.895691,4476.384
MixedCoding_NewsIntroAnchor_1280x720_2997fps,1280,720,9,41,91.421298,90.25206,4114.976
MixedCoding_NewsIntroAnchor_1280x720_2997fps,1280,720,9,42,91.004924,89.560832,3801.128
MixedCoding_NewsIntroAnchor_1280x720_2997fps,1280,720,9,43,90.729714,88.9074,3527.824
MixedCoding_NewsIntroAnchor_1280x720_2997fps,1280,720,9,44,90.285387,88.34054,3244.952
MixedCoding_NewsIntroAnchor_1280x720_2997fps,1280,720,9,45,89.816604,87.581215,3032.224
MixedCoding_NewsIntroAnchor_1280x720_2997fps,1280,720,9,46,89.23491,86.740816,2796.952
MixedCoding_NewsIntroAnchor_1280x720_2997fps,1280,720,9,47,88.712975,85.845515,2610.864
MixedCoding_NewsIntroAnchor_1280x720_2997fps,1280,720,9,48,88.150829,84.905526,2438.104
MixedCoding_NewsIntroAnchor_1280x720_2997fps,1280,720,9,49,87.590106,84.084618,2237.736
MixedCoding_NewsIntroAnchor_1280x720_2997fps,1280,720,9,50,87.333857,83.202719,2104.776
MixedCoding_NewsIntroAnchor_1280x720_2997fps,1280,720,9,51,86.53531,82.338622,1948.256
MixedCoding_NewsIntroAnchor_1280x720_2997fps,1280,720,9,52,85.941991,81.259948,1820.768
MixedCoding_NewsIntroAnchor_1280x720_2997fps,1280,720,9,53,85.267091,80.173631,1695.744
MixedCoding_NewsIntroAnchor_1280x720_2997fps,1280,720,9,54,84.601897,79.090325,1558.888
MixedCoding_NewsIntroAnchor_1280x720_2997fps,1280,720,9,55,84.053308,77.943794,1450.672
MixedCoding_NewsIntroAnchor_1280x720_2997fps,1280,720,9,56,83.137064,76.513561,1321.824
MixedCoding_NewsIntroAnchor_1280x720_2997fps,1280,720,9,58,80.90358,73.05732,1094.0
MixedCoding_NewsIntroAnchor_1280x720_2997fps,1280,720,9,60,78.270552,69.157583,860.336
MixedCoding_NewsIntroAnchor_1280x720_2997fps,1280,720,9,63,66.940571,55.212244,437.384
MixedCoding_NewsIntroAnchor_1280x720_2997fps,1280,720,10,20,96.562055,97.063905,19533.272
MixedCoding_NewsIntroAnchor_1280x720_2997fps,1280,720,10,24,95.934994,96.452992,15777.456
MixedCoding_NewsIntroAnchor_1280x720_2997fps,1280,720,10,27,95.205175,95.631158,12433.736
MixedCoding_NewsIntroAnchor_1280x720_2997fps,1280,720,10,28,95.044244,95.392305,11589.144
MixedCoding_NewsIntroAnchor_1280x720_2997fps,1280,720,10,29,94.765889,95.061833,10818.248
MixedCoding_NewsIntroAnchor_1280x720_2997fps,1280,720,10,30,94.697703,94.752539,10052.776
MixedCoding_NewsIntroAnchor_1280x720_2997fps,1280,720,10,31,94.302017,94.31423,9145.72
MixedCoding_NewsIntroAnchor_1280x720_2997fps,1280,720,10,32,93.902602,93.921638,8427.432
MixedCoding_NewsIntroAnchor_1280x720_2997fps,1280,720,10,33,93.563196,93.493191,7811.192
MixedCoding_NewsIntroAnchor_1280x720_2997fps,1280,720,10,34,93.314614,93.105763,7262.568
MixedCoding_NewsIntroAnchor_1280x720_2997fps,1280,720,10,35,92.996733,92.64597,6694.056
MixedCoding_NewsIntroAnchor_1280x720_2997fps,1280,720,10,36,92.66668,92.152504,6175.256
MixedCoding_NewsIntroAnchor_1280x720_2997fps,1280,720,10,37,92.260275,91.513008,5686.848
MixedCoding_NewsIntroAnchor_1280x720_2997fps,1280,720,10,38,91.832225,90.902618,5250.48
MixedCoding_NewsIntroAnchor_1280x720_2997fps,1280,720,10,39,91.611705,90.376873,4890.704
MixedCoding_NewsIntroAnchor_1280x720_2997fps,1280,720,10,40,91.041092,89.684731,4511.152
MixedCoding_NewsIntroAnchor_1280x720_2997fps,1280,720,10,41,90.619434,89.046031,4159.136
MixedCoding_NewsIntroAnchor_1280x720_2997fps,1280,720,10,42,90.260135,88.319229,3850.904
MixedCoding_NewsIntroAnchor_1280x720_2997fps,1280,720,10,43,89.741024,87.530844,3561.832
MixedCoding_NewsIntroAnchor_1280x720_2997fps,1280,720,10,44,89.299027,86.735317,3297.192
MixedCoding_NewsIntroAnchor_1280x720_2997fps,1280,720,10,45,88.718177,85.91379,3063.736
MixedCoding_NewsIntroAnchor_1280x720_2997fps,1280,720,10,46,88.143969,84.996427,2822.352
MixedCoding_NewsIntroAnchor_1280x720_2997fps,1280,720,10,47,87.638603,84.194442,2628.248
MixedCoding_NewsIntroAnchor_1280x720_2997fps,1280,720,10,48,87.124277,83.185799,2445.056
MixedCoding_NewsIntroAnchor_1280x720_2997fps,1280,720,10,49,86.273453,82.337406,2248.0
MixedCoding_NewsIntroAnchor_1280x720_2997fps,1280,720,10,50,85.693137,81.332733,2096.36
MixedCoding_NewsIntroAnchor_1280x720_2997fps,1280,720,10,51,85.105789,80.402934,1946.888
MixedCoding_NewsIntroAnchor_1280x720_2997fps,1280,720,10,52,84.433792,79.312231,1799.624
MixedCoding_NewsIntroAnchor_1280x720_2997fps,1280,720,10,53,83.922337,78.222291,1685.12
MixedCoding_NewsIntroAnchor_1280x720_2997fps,1280,720,10,54,83.013275,77.100121,1550.424
MixedCoding_NewsIntroAnchor_1280x720_2997fps,1280,720,10,55,82.243804,75.897912,1438.704
MixedCoding_NewsIntroAnchor_1280x720_2997fps,1280,720,10,56,81.206744,74.284097,1314.096
MixedCoding_NewsIntroAnchor_1280x720_2997fps,1280,720,10,58,79.070775,70.790855,1070.768
MixedCoding_NewsIntroAnchor_1280x720_2997fps,1280,720,10,60,75.677739,66.465665,834.824
MixedCoding_NewsIntroAnchor_1280x720_2997fps,1280,720,10,63,64.410961,52.334599,434.0
MixedCoding_NewsIntroOnly_1280x720_2997fps,1280,720,4,20,98.84445,99.407802,50777.92
MixedCoding_NewsIntroOnly_1280x720_2997fps,1280,720,4,24,98.273734,99.233357,41622.36
MixedCoding_NewsIntroOnly_1280x720_2997fps,1280,720,4,27,97.378264,98.938641,32659.992
MixedCoding_NewsIntroOnly_1280x720_2997fps,1280,720,4,28,97.010496,98.796994,30241.512
MixedCoding_NewsIntroOnly_1280x720_2997fps,1280,720,4,29,96.734261,98.629178,28251.4
MixedCoding_NewsIntroOnly_1280x720_2997fps,1280,720,4,30,96.372548,98.444154,26427.76
MixedCoding_NewsIntroOnly_1280x720_2997fps,1280,720,4,31,95.954056,98.172377,24256.856
MixedCoding_NewsIntroOnly_1280x720_2997fps,1280,720,4,32,95.407549,97.758288,22157.344
MixedCoding_NewsIntroOnly_1280x720_2997fps,1280,720,4,33,94.925516,97.400783,20568.008
MixedCoding_NewsIntroOnly_1280x720_2997fps,1280,720,4,34,94.564114,97.010792,19233.584
MixedCoding_NewsIntroOnly_1280x720_2997fps,1280,720,4,35,94.002419,96.461721,17664.56
MixedCoding_NewsIntroOnly_1280x720_2997fps,1280,720,4,36,93.390494,95.817333,16235.432
MixedCoding_NewsIntroOnly_1280x720_2997fps,1280,720,4,37,92.951783,95.252575,15156.784
MixedCoding_NewsIntroOnly_1280x720_2997fps,1280,720,4,38,92.328332,94.5271,13934.448
MixedCoding_NewsIntroOnly_1280x720_2997fps,1280,720,4,39,91.698187,93.705271,12866.44
MixedCoding_NewsIntroOnly_1280x720_2997fps,1280,720,4,40,91.200562,93.026299,11904.808
MixedCoding_NewsIntroOnly_1280x720_2997fps,1280,720,4,41,90.603089,92.108246,11054.768
MixedCoding_NewsIntroOnly_1280x720_2997fps,1280,720,4,42,89.913504,91.291106,10292.816
MixedCoding_NewsIntroOnly_1280x720_2997fps,1280,720,4,43,89.202198,90.289112,9565.44
MixedCoding_NewsIntroOnly_1280x720_2997fps,1280,720,4,44,88.443023,89.303548,8901.248
MixedCoding_NewsIntroOnly_1280x720_2997fps,1280,720,4,45,87.864312,88.391045,8287.952
MixedCoding_NewsIntroOnly_1280x720_2997fps,1280,720,4,46,87.170101,87.388537,7741.096
MixedCoding_NewsIntroOnly_1280x720_2997fps,1280,720,4,47,86.485692,86.444186,7269.808
MixedCoding_NewsIntroOnly_1280x720_2997fps,1280,720,4,48,85.552228,85.170433,6786.144
MixedCoding_NewsIntroOnly_1280x720_2997fps,1280,720,4,49,84.924972,84.134391,6309.28
MixedCoding_NewsIntroOnly_1280x720_2997fps,1280,720,4,50,84.12295,83.021936,5922.752
MixedCoding_NewsIntroOnly_1280x720_2997fps,1280,720,4,51,83.045032,81.690621,5538.336
MixedCoding_NewsIntroOnly_1280x720_2997fps,1280,720,4,52,82.381486,80.424915,5176.608
MixedCoding_NewsIntroOnly_1280x720_2997fps,1280,720,4,53,81.415558,79.209952,4758.696
MixedCoding_NewsIntroOnly_1280x720_2997fps,1280,720,4,54,80.429277,77.823892,4407.424
MixedCoding_NewsIntroOnly_1280x720_2997fps,1280,720,4,55,79.449935,76.260871,3966.92
MixedCoding_NewsIntroOnly_1280x720_2997fps,1280,720,4,56,77.675619,74.223298,3589.64
MixedCoding_NewsIntroOnly_1280x720_2997fps,1280,720,4,58,74.934504,70.584274,3003.216
MixedCoding_NewsIntroOnly_1280x720_2997fps,1280,720,4,60,70.373098,64.782738,2303.648
MixedCoding_NewsIntroOnly_1280x720_2997fps,1280,720,4,63,53.153888,47.014815,1055.312
MixedCoding_NewsIntroOnly_1280x720_2997fps,1280,720,5,20,98.911045,99.448896,53956.904
MixedCoding_NewsIntroOnly_1280x720_2997fps,1280,720,5,24,98.334064,99.26645,43045.936
MixedCoding_NewsIntroOnly_1280x720_2997fps,1280,720,5,27,97.427675,98.96153,33501.184
MixedCoding_NewsIntroOnly_1280x720_2997fps,1280,720,5,28,97.081259,98.834342,31104.344
MixedCoding_NewsIntroOnly_1280x720_2997fps,1280,720,5,29,96.833996,98.670669,28928.176
MixedCoding_NewsIntroOnly_1280x720_2997fps,1280,720,5,30,96.497583,98.503723,27059.864
MixedCoding_NewsIntroOnly_1280x720_2997fps,1280,720,5,31,96.043851,98.23819,24834.264
MixedCoding_NewsIntroOnly_1280x720_2997fps,1280,720,5,32,95.48531,97.777691,22693.248
MixedCoding_NewsIntroOnly_1280x720_2997fps,1280,720,5,33,95.035595,97.412209,21071.864
MixedCoding_NewsIntroOnly_1280x720_2997fps,1280,720,5,34,94.628946,96.974141,19605.296
MixedCoding_NewsIntroOnly_1280x720_2997fps,1280,720,5,35,94.120541,96.396653,17978.536
MixedCoding_NewsIntroOnly_1280x720_2997fps,1280,720,5,36,93.437645,95.755275,16592.752
MixedCoding_NewsIntroOnly_1280x720_2997fps,1280,720,5,37,92.88973,95.112202,15415.152
MixedCoding_NewsIntroOnly_1280x720_2997fps,1280,720,5,38,92.289254,94.371087,14234.208
MixedCoding_NewsIntroOnly_1280x720_2997fps,1280,720,5,39,91.670491,93.531735,13189.728
MixedCoding_NewsIntroOnly_1280x720_2997fps,1280,720,5,40,91.025335,92.703407,12125.648
MixedCoding_NewsIntroOnly_1280x720_2997fps,1280,720,5,41,90.317482,91.760001,11229.64
MixedCoding_NewsIntroOnly_1280x720_2997fps,1280,720,5,42,89.725941,90.825567,10492.416
MixedCoding_NewsIntroOnly_1280x720_2997fps,1280,720,5,43,88.896573,89.805796,9737.376
MixedCoding_NewsIntroOnly_1280x720_2997fps,1280,720,5,44,88.105818,88.733975,9032.048
MixedCoding_NewsIntroOnly_1280x720_2997fps,1280,720,5,45,87.545102,87.647824,8390.016
MixedCoding_NewsIntroOnly_1280x720_2997fps,1280,720,5,46,86.637265,86.598514,7815.24
MixedCoding_NewsIntroOnly_1280x720_2997fps,1280,720,5,47,85.883649,85.459396,7318.584
MixedCoding_NewsIntroOnly_1280x720_2997fps,1280,720,5,48,85.016339,84.267849,6802.944
MixedCoding_NewsIntroOnly_1280x720_2997fps,1280,720,5,49,84.236876,83.180422,6325.768
MixedCoding_NewsIntroOnly_1280x720_2997fps,1280,720,5,50,83.369146,81.929013,5910.768
MixedCoding_NewsIntroOnly_1280x720_2997fps,1280,720,5,51,82.57947,80.700704,5526.368
MixedCoding_NewsIntroOnly_1280x720_2997fps,1280,720,5,52,81.467198,79.368257,5136.264
MixedCoding_NewsIntroOnly_1280x720_2997fps,1280,720,5,53,80.646564,78.053638,4730.112
MixedCoding_NewsIntroOnly_1280x720_2997fps,1280,720,5,54,79.487458,76.570901,4397.192
MixedCoding_NewsIntroOnly_1280x720_2997fps,1280,720,5,55,78.383676,75.101473,3944.88
MixedCoding_NewsIntroOnly_1280x720_2997fps,1280,720,5,56,76.868863,72.904337,3558.016
MixedCoding_NewsIntroOnly_1280x720_2997fps,1280,720,5,58,74.448374,70.011386,3040.056
MixedCoding_NewsIntroOnly_1280x720_2997fps,1280,720,5,60,69.750291,64.199644,2316.792
MixedCoding_NewsIntroOnly_1280x720_2997fps,1280,720,5,63,52.506338,46.576785,1055.248
MixedCoding_NewsIntroOnly_1280x720_2997fps,1280,720,6,20,99.110417,99.508161,66057.52
MixedCoding_NewsIntroOnly_1280x720_2997fps,1280,720,6,24,98.607863,99.323216,51648.032
MixedCoding_NewsIntroOnly_1280x720_2997fps,1280,720,6,27,97.776374,99.027971,39514.624
MixedCoding_NewsIntroOnly_1280x720_2997fps,1280,720,6,28,97.458452,98.895641,36641.576
MixedCoding_NewsIntroOnly_1280x720_2997fps,1280,720,6,29,97.152562,98.737916,33896.752
MixedCoding_NewsIntroOnly_1280x720_2997fps,1280,720,6,30,96.849485,98.560788,31780.496
MixedCoding_NewsIntroOnly_1280x720_2997fps,1280,720,6,31,96.391121,98.297352,29142.96
MixedCoding_NewsIntroOnly_1280x720_2997fps,1280,720,6,32,95.941885,97.918114,26430.256
MixedCoding_NewsIntroOnly_1280x720_2997fps,1280,720,6,33,95.435364,97.520426,24400.896
MixedCoding_NewsIntroOnly_1280x720_2997fps,1280,720,6,34,95.034502,97.109274,22770.512
MixedCoding_NewsIntroOnly_1280x720_2997fps,1280,720,6,35,94.5313,96.609763,20915.232
MixedCoding_NewsIntroOnly_1280x720_2997fps,1280,720,6,36,94.004237,96.057899,19260.176
MixedCoding_NewsIntroOnly_1280x720_2997fps,1280,720,6,37,93.418128,95.472019,17860.432
MixedCoding_NewsIntroOnly_1280x720_2997fps,1280,720,6,38,92.860707,94.810704,16323.48
MixedCoding_NewsIntroOnly_1280x720_2997fps,1280,720,6,39,92.235731,93.998202,15062.56
MixedCoding_NewsIntroOnly_1280x720_2997fps,1280,720,6,40,91.681234,93.301072,13827.056
MixedCoding_NewsIntroOnly_1280x720_2997fps,1280,720,6,41,91.04778,92.318333,12683.472
MixedCoding_NewsIntroOnly_1280x720_2997fps,1280,720,6,42,90.317816,91.424072,11832.16
MixedCoding_NewsIntroOnly_1280x720_2997fps,1280,720,6,43,89.54204,90.380476,10900.696
MixedCoding_NewsIntroOnly_1280x720_2997fps,1280,720,6,44,88.899279,89.384537,10115.824
MixedCoding_NewsIntroOnly_1280x720_2997fps,1280,720,6,45,88.156148,88.308265,9368.64
MixedCoding_NewsIntroOnly_1280x720_2997fps,1280,720,6,46,87.357029,87.175027,8662.856
MixedCoding_NewsIntroOnly_1280x720_2997fps,1280,720,6,47,86.57035,86.148481,8077.704
MixedCoding_NewsIntroOnly_1280x720_2997fps,1280,720,6,48,85.750769,84.773922,7464.104
MixedCoding_NewsIntroOnly_1280x720_2997fps,1280,720,6,49,85.003345,83.64545,6916.264
MixedCoding_NewsIntroOnly_1280x720_2997fps,1280,720,6,50,83.907894,82.300692,6432.088
MixedCoding_NewsIntroOnly_1280x720_2997fps,1280,720,6,51,83.188174,81.0199,5933.192
MixedCoding_NewsIntroOnly_1280x720_2997fps,1280,720,6,52,81.840473,79.603095,5503.856
MixedCoding_NewsIntroOnly_1280x720_2997fps,1280,720,6,53,80.841312,78.036933,5079.248
MixedCoding_NewsIntroOnly_1280x720_2997fps,1280,720,6,54,79.713865,76.421757,4708.896
MixedCoding_NewsIntroOnly_1280x720_2997fps,1280,720,6,55,78.176906,74.504723,4305.592
MixedCoding_NewsIntroOnly_1280x720_2997fps,1280,720,6,56,76.667659,72.196443,3854.664
MixedCoding_NewsIntroOnly_1280x720_2997fps,1280,720,6,58,73.073362,67.794759,3070.616
MixedCoding_NewsIntroOnly_1280x720_2997fps,1280,720,6,60,68.011846,61.887957,2211.592
MixedCoding_NewsIntroOnly_1280x720_2997fps,1280,720,6,63,49.443131,43.713978,1005.984
MixedCoding_NewsIntroOnly_1280x720_2997fps,1280,720,7,20,99.015786,99.436607,65181.72
MixedCoding_NewsIntroOnly_1280x720_2997fps,1280,720,7,24,98.49739,99.274478,51246.92
MixedCoding_NewsIntroOnly_1280x720_2997fps,1280,720,7,27,97.794957,98.923835,39320.552
MixedCoding_NewsIntroOnly_1280x720_2997fps,1280,720,7,28,97.497517,98.788262,36650.76
MixedCoding_NewsIntroOnly_1280x720_2997fps,1280,720,7,29,97.217575,98.636238,34123.648
MixedCoding_NewsIntroOnly_1280x720_2997fps,1280,720,7,30,97.014316,98.449331,32013.912
MixedCoding_NewsIntroOnly_1280x720_2997fps,1280,720,7,31,96.482326,98.179969,29464.68
MixedCoding_NewsIntroOnly_1280x720_2997fps,1280,720,7,32,95.983562,97.713586,26827.08
MixedCoding_NewsIntroOnly_1280x720_2997fps,1280,720,7,33,95.52563,97.340439,24822.504
MixedCoding_NewsIntroOnly_1280x720_2997fps,1280,720,7,34,95.069922,96.872376,23098.832
MixedCoding_NewsIntroOnly_1280x720_2997fps,1280,720,7,35,94.660088,96.408587,21301.824
MixedCoding_NewsIntroOnly_1280x720_2997fps,1280,720,7,36,94.056925,95.811689,19633.976
MixedCoding_NewsIntroOnly_1280x720_2997fps,1280,720,7,37,93.512744,95.285633,18210.128
MixedCoding_NewsIntroOnly_1280x720_2997fps,1280,720,7,38,92.822519,94.539849,16686.12
MixedCoding_NewsIntroOnly_1280x720_2997fps,1280,720,7,39,92.201021,93.762437,15327.52
MixedCoding_NewsIntroOnly_1280x720_2997fps,1280,720,7,40,91.71158,92.999945,14266.352
MixedCoding_NewsIntroOnly_1280x720_2997fps,1280,720,7,41,90.933872,91.957426,13052.88
MixedCoding_NewsIntroOnly_1280x720_2997fps,1280,720,7,42,90.318805,91.067007,12173.88
MixedCoding_NewsIntroOnly_1280x720_2997fps,1280,720,7,43,89.552051,89.963893,11223.672
MixedCoding_NewsIntroOnly_1280x720_2997fps,1280,720,7,44,88.771917,88.919217,10378.072
MixedCoding_NewsIntroOnly_1280x720_2997fps,1280,720,7,45,88.026667,87.787097,9570.64
MixedCoding_NewsIntroOnly_1280x720_2997fps,1280,720,7,46,87.133832,86.499166,8867.368
MixedCoding_NewsIntroOnly_1280x720_2997fps,1280,720,7,47,86.412345,85.443827,8240.688
MixedCoding_NewsIntroOnly_1280x720_2997fps,1280,720,7,48,85.477562,84.043873,7622.752
MixedCoding_NewsIntroOnly_1280x720_2997fps,1280,720,7,49,84.504985,82.681979,7047.592
MixedCoding_NewsIntroOnly_1280x720_2997fps,1280,720,7,50,83.485623,81.273563,6553.808
MixedCoding_NewsIntroOnly_1280x720_2997fps,1280,720,7,51,82.563473,79.802948,6045.672
MixedCoding_NewsIntroOnly_1280x720_2997fps,1280,720,7,52,81.348049,78.24058,5587.776
MixedCoding_NewsIntroOnly_1280x720_2997fps,1280,720,7,53,80.240774,76.609396,5151.504
MixedCoding_NewsIntroOnly_1280x720_2997fps,1280,720,7,54,78.992463,74.861455,4751.024
MixedCoding_NewsIntroOnly_1280x720_2997fps,1280,720,7,55,77.53478,72.990959,4326.352
MixedCoding_NewsIntroOnly_1280x720_2997fps,1280,720,7,56,75.551885,70.532783,3870.0
MixedCoding_NewsIntroOnly_1280x720_2997fps,1280,720,7,58,71.598778,65.746087,3118.416
MixedCoding_NewsIntroOnly_1280x720_2997fps,1280,720,7,60,66.560555,59.597797,2236.704
MixedCoding_NewsIntroOnly_1280x720_2997fps,1280,720,7,63,47.624979,41.834344,1021.888
MixedCoding_NewsIntroOnly_1280x720_2997fps,1280,720,8,20,99.028468,99.443489,66687.256
MixedCoding_NewsIntroOnly_1280x720_2997fps,1280,720,8,24,98.543221,99.231324,52643.952
MixedCoding_NewsIntroOnly_1280x720_2997fps,1280,720,8,27,97.87386,98.883708,41002.76
MixedCoding_NewsIntroOnly_1280x720_2997fps,1280,720,8,28,97.582015,98.746234,37969.552
MixedCoding_NewsIntroOnly_1280x720_2997fps,1280,720,8,29,97.229708,98.572856,35420.848
MixedCoding_NewsIntroOnly_1280x720_2997fps,1280,720,8,30,96.952621,98.403468,33251.752
MixedCoding_NewsIntroOnly_1280x720_2997fps,1280,720,8,31,96.549362,98.115292,30646.408
MixedCoding_NewsIntroOnly_1280x720_2997fps,1280,720,8,32,96.002789,97.692286,28015.488
MixedCoding_NewsIntroOnly_1280x720_2997fps,1280,720,8,33,95.594937,97.344508,26000.56
MixedCoding_NewsIntroOnly_1280x720_2997fps,1280,720,8,34,95.135685,96.917154,24182.368
MixedCoding_NewsIntroOnly_1280x720_2997fps,1280,720,8,35,94.57806,96.351862,22151.904
MixedCoding_NewsIntroOnly_1280x720_2997fps,1280,720,8,36,94.05704,95.764208,20519.16
MixedCoding_NewsIntroOnly_1280x720_2997fps,1280,720,8,37,93.593485,95.179881,18933.04
MixedCoding_NewsIntroOnly_1280x720_2997fps,1280,720,8,38,93.02865,94.459167,17328.8
MixedCoding_NewsIntroOnly_1280x720_2997fps,1280,720,8,39,92.444125,93.739471,16053.096
MixedCoding_NewsIntroOnly_1280x720_2997fps,1280,720,8,40,91.847014,93.071096,14902.592
MixedCoding_NewsIntroOnly_1280x720_2997fps,1280,720,8,41,91.107672,92.060291,13683.568
MixedCoding_NewsIntroOnly_1280x720_2997fps,1280,720,8,42,90.642734,91.222908,12797.632
MixedCoding_NewsIntroOnly_1280x720_2997fps,1280,720,8,43,89.70754,90.083496,11789.336
MixedCoding_NewsIntroOnly_1280x720_2997fps,1280,720,8,44,89.079379,89.079589,10936.16
MixedCoding_NewsIntroOnly_1280x720_2997fps,1280,720,8,45,88.45306,87.911525,10101.392
MixedCoding_NewsIntroOnly_1280x720_2997fps,1280,720,8,46,87.430026,86.710578,9381.416
MixedCoding_NewsIntroOnly_1280x720_2997fps,1280,720,8,47,86.603589,85.626261,8775.296
MixedCoding_NewsIntroOnly_1280x720_2997fps,1280,720,8,48,85.807776,84.264317,8110.2
MixedCoding_NewsIntroOnly_1280x720_2997fps,1280,720,8,49,84.810969,82.828191,7467.2
MixedCoding_NewsIntroOnly_1280x720_2997fps,1280,720,8,50,83.974141,81.690867,6919.8
MixedCoding_NewsIntroOnly_1280x720_2997fps,1280,720,8,51,82.946768,80.175027,6388.248
MixedCoding_NewsIntroOnly_1280x720_2997fps,1280,720,8,52,81.937776,78.565932,5923.952
MixedCoding_NewsIntroOnly_1280x720_2997fps,1280,720,8,53,80.712735,76.865023,5421.912
MixedCoding_NewsIntroOnly_1280x720_2997fps,1280,720,8,54,79.419901,75.16541,5014.264
MixedCoding_NewsIntroOnly_1280x720_2997fps,1280,720,8,55,78.184244,73.356297,4565.592
MixedCoding_NewsIntroOnly_1280x720_2997fps,1280,720,8,56,76.384246,71.020769,4092.928
MixedCoding_NewsIntroOnly_1280x720_2997fps,1280,720,8,58,72.804389,66.304694,3217.472
MixedCoding_NewsIntroOnly_1280x720_2997fps,1280,720,8,60,66.832793,59.649845,2406.032
MixedCoding_NewsIntroOnly_1280x720_2997fps,1280,720,8,63,47.611864,41.826458,1078.472
MixedCoding_NewsIntroOnly_1280x720_2997fps,1280,720,9,20,99.008839,99.337723,64565.216
MixedCoding_NewsIntroOnly_1280x720_2997fps,1280,720,9,24,98.493271,99.107638,52517.28
MixedCoding_NewsIntroOnly_1280x720_2997fps,1280,720,9,27,97.686622,98.70831,42100.36
MixedCoding_NewsIntroOnly_1280x720_2997fps,1280,720,9,28,97.357608,98.514979,39018.256
MixedCoding_NewsIntroOnly_1280x720_2997fps,1280,720,9,29,97.088495,98.26632,36469.624
MixedCoding_NewsIntroOnly_1280x720_2997fps,1280,720,9,30,96.730002,98.013069,33957.592
MixedCoding_NewsIntroOnly_1280x720_2997fps,1280,720,9,31,96.156878,97.602333,30990.8
MixedCoding_NewsIntroOnly_1280x720_2997fps,1280,720,9,32,95.654557,97.129397,28556.32
MixedCoding_NewsIntroOnly_1280x720_2997fps,1280,720,9,33,95.139712,96.603359,26384.384
MixedCoding_NewsIntroOnly_1280x720_2997fps,1280,720,9,34,94.674998,95.941232,24371.456
MixedCoding_NewsIntroOnly_1280x720_2997fps,1280,720,9,35,94.105366,95.283718,22483.584
MixedCoding_NewsIntroOnly_1280x720_2997fps,1280,720,9,36,93.359696,94.33295,20616.032
MixedCoding_NewsIntroOnly_1280x720_2997fps,1280,720,9,37,92.746332,93.407192,18986.672
MixedCoding_NewsIntroOnly_1280x720_2997fps,1280,720,9,38,92.000303,92.331211,17396.416
MixedCoding_NewsIntroOnly_1280x720_2997fps,1280,720,9,39,91.214728,91.375243,16089.416
MixedCoding_NewsIntroOnly_1280x720_2997fps,1280,720,9,40,90.64523,90.325541,14885.28
MixedCoding_NewsIntroOnly_1280x720_2997fps,1280,720,9,41,89.831174,89.043073,13601.176
MixedCoding_NewsIntroOnly_1280x720_2997fps,1280,720,9,42,88.987096,87.88743,12562.36
MixedCoding_NewsIntroOnly_1280x720_2997fps,1280,720,9,43,88.118125,86.590496,11568.048
MixedCoding_NewsIntroOnly_1280x720_2997fps,1280,720,9,44,87.136136,85.3291,10597.568
MixedCoding_NewsIntroOnly_1280x720_2997fps,1280,720,9,45,86.306385,83.978658,9763.072
MixedCoding_NewsIntroOnly_1280x720_2997fps,1280,720,9,46,85.296608,82.584168,8984.936
MixedCoding_NewsIntroOnly_1280x720_2997fps,1280,720,9,47,84.30786,81.111835,8278.968
MixedCoding_NewsIntroOnly_1280x720_2997fps,1280,720,9,48,83.187336,79.420951,7600.744
MixedCoding_NewsIntroOnly_1280x720_2997fps,1280,720,9,49,82.345524,77.975365,6973.344
MixedCoding_NewsIntroOnly_1280x720_2997fps,1280,720,9,50,81.136699,76.34882,6435.696
MixedCoding_NewsIntroOnly_1280x720_2997fps,1280,720,9,51,79.983537,74.713623,5933.168
MixedCoding_NewsIntroOnly_1280x720_2997fps,1280,720,9,52,78.967639,73.079141,5456.544
MixedCoding_NewsIntroOnly_1280x720_2997fps,1280,720,9,53,77.606402,71.222533,5019.0
MixedCoding_NewsIntroOnly_1280x720_2997fps,1280,720,9,54,76.087265,69.262321,4573.752
MixedCoding_NewsIntroOnly_1280x720_2997fps,1280,720,9,55,74.575997,67.280203,4165.704
MixedCoding_NewsIntroOnly_1280x720_2997fps,1280,720,9,56,72.909885,64.827001,3740.288
MixedCoding_NewsIntroOnly_1280x720_2997fps,1280,720,9,58,68.098022,59.561707,2950.28
MixedCoding_NewsIntroOnly_1280x720_2997fps,1280,720,9,60,61.672921,53.066426,2193.72
MixedCoding_NewsIntroOnly_1280x720_2997fps,1280,720,9,63,37.015854,33.21071,893.344
MixedCoding_NewsIntroOnly_1280x720_2997fps,1280,720,10,20,98.718091,99.170657,65160.448
MixedCoding_NewsIntroOnly_1280x720_2997fps,1280,720,10,24,98.060304,98.843032,53484.576
MixedCoding_NewsIntroOnly_1280x720_2997fps,1280,720,10,27,97.150475,98.276536,43086.528
MixedCoding_NewsIntroOnly_1280x720_2997fps,1280,720,10,28,96.840909,98.020225,40154.6
MixedCoding_NewsIntroOnly_1280x720_2997fps,1280,720,10,29,96.511055,97.718564,37455.848
MixedCoding_NewsIntroOnly_1280x720_2997fps,1280,720,10,30,96.05628,97.394315,35041.568
MixedCoding_NewsIntroOnly_1280x720_2997fps,1280,720,10,31,95.53578,96.908475,31826.448
MixedCoding_NewsIntroOnly_1280x720_2997fps,1280,720,10,32,95.022277,96.429356,29484.904
MixedCoding_NewsIntroOnly_1280x720_2997fps,1280,720,10,33,94.438145,95.883164,27297.08
MixedCoding_NewsIntroOnly_1280x720_2997fps,1280,720,10,34,93.98749,95.250004,25178.176
MixedCoding_NewsIntroOnly_1280x720_2997fps,1280,720,10,35,93.389205,94.404082,23190.272
MixedCoding_NewsIntroOnly_1280x720_2997fps,1280,720,10,36,92.740394,93.490157,21293.648
MixedCoding_NewsIntroOnly_1280x720_2997fps,1280,720,10,37,92.044931,92.519022,19630.84
MixedCoding_NewsIntroOnly_1280x720_2997fps,1280,720,10,38,91.358304,91.488305,18020.504
MixedCoding_NewsIntroOnly_1280x720_2997fps,1280,720,10,39,90.645378,90.466881,16635.36
MixedCoding_NewsIntroOnly_1280x720_2997fps,1280,720,10,40,89.963864,89.438521,15343.992
MixedCoding_NewsIntroOnly_1280x720_2997fps,1280,720,10,41,89.076272,88.103551,14004.64
MixedCoding_NewsIntroOnly_1280x720_2997fps,1280,720,10,42,88.285193,87.019345,12930.912
MixedCoding_NewsIntroOnly_1280x720_2997fps,1280,720,10,43,87.344988,85.576102,11859.656
MixedCoding_NewsIntroOnly_1280x720_2997fps,1280,720,10,44,86.442047,84.265848,10904.944
MixedCoding_NewsIntroOnly_1280x720_2997fps,1280,720,10,45,85.486067,82.920816,10007.856
MixedCoding_NewsIntroOnly_1280x720_2997fps,1280,720,10,46,84.276347,81.205383,9123.488
MixedCoding_NewsIntroOnly_1280x720_2997fps,1280,720,10,47,83.300935,79.826921,8409.248
MixedCoding_NewsIntroOnly_1280x720_2997fps,1280,720,10,48,82.197799,78.157999,7712.648
MixedCoding_NewsIntroOnly_1280x720_2997fps,1280,720,10,49,81.051402,76.491477,7050.224
MixedCoding_NewsIntroOnly_1280x720_2997fps,1280,720,10,50,79.690317,74.773506,6493.44
MixedCoding_NewsIntroOnly_1280x720_2997fps,1280,720,10,51,78.512748,73.033939,5962.928
MixedCoding_NewsIntroOnly_1280x720_2997fps,1280,720,10,52,77.27129,71.254687,5459.304
MixedCoding_NewsIntroOnly_1280x720_2997fps,1280,720,10,53,75.736519,69.315724,4993.648
MixedCoding_NewsIntroOnly_1280x720_2997fps,1280,720,10,54,74.372372,67.184552,4515.128
MixedCoding_NewsIntroOnly_1280x720_2997fps,1280,720,10,55,72.823954,65.224275,4096.256
MixedCoding_NewsIntroOnly_1280x720_2997fps,1280,720,10,56,70.840223,62.897553,3682.208
MixedCoding_NewsIntroOnly_1280x720_2997fps,1280,720,10,58,66.08607,57.563634,2874.92
MixedCoding_NewsIntroOnly_1280x720_2997fps,1280,720,10,60,59.470445,50.894493,2117.136
MixedCoding_NewsIntroOnly_1280x720_2997fps,1280,720,10,63,35.122062,32.291522,867.976
Noise_AnimationCrayon_1920x1080_2398fps,1920,1080,4,20,96.512343,96.72786,93155.992
Noise_AnimationCrayon_1920x1080_2398fps,1920,1080,4,24,95.50779,96.002929,66091.848
Noise_AnimationCrayon_1920x1080_2398fps,1920,1080,4,27,94.08443,94.739333,36163.552
Noise_AnimationCrayon_1920x1080_2398fps,1920,1080,4,28,93.601683,94.321809,29744.864
Noise_AnimationCrayon_1920x1080_2398fps,1920,1080,4,29,93.246909,93.983994,25200.4
Noise_AnimationCrayon_1920x1080_2398fps,1920,1080,4,30,92.930287,93.677845,21550.32
Noise_AnimationCrayon_1920x1080_2398fps,1920,1080,4,31,92.675468,93.363822,17872.592
Noise_AnimationCrayon_1920x1080_2398fps,1920,1080,4,32,92.357521,93.002371,14988.336
Noise_AnimationCrayon_1920x1080_2398fps,1920,1080,4,33,92.126258,92.721701,13139.208
Noise_AnimationCrayon_1920x1080_2398fps,1920,1080,4,34,91.965271,92.4672,11813.184
Noise_AnimationCrayon_1920x1080_2398fps,1920,1080,4,35,91.721488,92.135794,10494.752
Noise_AnimationCrayon_1920x1080_2398fps,1920,1080,4,36,91.48789,91.754745,9370.24
Noise_AnimationCrayon_1920x1080_2398fps,1920,1080,4,37,91.355311,91.46936,8621.192
Noise_AnimationCrayon_1920x1080_2398fps,1920,1080,4,38,91.151106,91.06908,7856.384
Noise_AnimationCrayon_1920x1080_2398fps,1920,1080,4,39,90.889508,90.690195,7217.568
Noise_AnimationCrayon_1920x1080_2398fps,1920,1080,4,40,90.777177,90.328128,6544.104
Noise_AnimationCrayon_1920x1080_2398fps,1920,1080,4,41,90.476674,89.902869,6032.408
Noise_AnimationCrayon_1920x1080_2398fps,1920,1080,4,42,90.219357,89.484137,5596.248
Noise_AnimationCrayon_1920x1080_2398fps,1920,1080,4,43,90.004141,89.089626,5216.096
Noise_AnimationCrayon_1920x1080_2398fps,1920,1080,4,44,89.762079,88.569038,4783.864
Noise_AnimationCrayon_1920x1080_2398fps,1920,1080,4,45,89.431281,88.145845,4460.992
Noise_AnimationCrayon_1920x1080_2398fps,1920,1080,4,46,89.347406,87.741159,4150.96
Noise_AnimationCrayon_1920x1080_2398fps,1920,1080,4,47,88.983586,87.306854,3913.76
Noise_AnimationCrayon_1920x1080_2398fps,1920,1080,4,48,88.650882,86.790256,3658.856
Noise_AnimationCrayon_1920x1080_2398fps,1920,1080,4,49,88.471044,86.260248,3403.152
Noise_AnimationCrayon_1920x1080_2398fps,1920,1080,4,50,88.118363,85.724021,3185.336
Noise_AnimationCrayon_1920x1080_2398fps,1920,1080,4,51,87.743392,85.192228,2980.976
Noise_AnimationCrayon_1920x1080_2398fps,1920,1080,4,52,87.392789,84.554832,2781.928
Noise_AnimationCrayon_1920x1080_2398fps,1920,1080,4,53,86.967578,83.879189,2591.52
Noise_AnimationCrayon_1920x1080_2398fps,1920,1080,4,54,86.559992,83.151198,2408.776
Noise_AnimationCrayon_1920x1080_2398fps,1920,1080,4,55,85.92003,82.405815,2227.608
Noise_AnimationCrayon_1920x1080_2398fps,1920,1080,4,56,85.326431,81.494093,2031.104
Noise_AnimationCrayon_1920x1080_2398fps,1920,1080,4,58,84.088588,79.708559,1689.136
Noise_AnimationCrayon_1920x1080_2398fps,1920,1080,4,60,81.957314,76.812864,1287.28
Noise_AnimationCrayon_1920x1080_2398fps,1920,1080,4,63,73.554128,68.090714,660.408
Noise_AnimationCrayon_1920x1080_2398fps,1920,1080,5,20,96.442849,96.672813,106541.952
Noise_AnimationCrayon_1920x1080_2398fps,1920,1080,5,24,95.365061,95.94989,71074.44
Noise_AnimationCrayon_1920x1080_2398fps,1920,1080,5,27,94.033977,94.868467,40104.752
Noise_AnimationCrayon_1920x1080_2398fps,1920,1080,5,28,93.598426,94.503634,33878.544
Noise_AnimationCrayon_1920x1080_2398fps,1920,1080,5,29,93.260489,94.177139,29077.52
Noise_AnimationCrayon_1920x1080_2398fps,1920,1080,5,30,92.913303,93.871134,25090.64
Noise_AnimationCrayon_1920x1080_2398fps,1920,1080,5,31,92.654253,93.503657,20918.192
Noise_AnimationCrayon_1920x1080_2398fps,1920,1080,5,32,92.321769,93.134218,17701.464
Noise_AnimationCrayon_1920x1080_2398fps,1920,1080,5,33,92.036351,92.813912,15648.8
Noise_AnimationCrayon_1920x1080_2398fps,1920,1080,5,34,91.812395,92.481629,13989.952
Noise_AnimationCrayon_1920x1080_2398fps,1920,1080,5,35,91.623506,92.072962,12344.808
Noise_AnimationCrayon_1920x1080_2398fps,1920,1080,5,36,91.284684,91.617861,10981.536
Noise_AnimationCrayon_1920x1080_2398fps,1920,1080,5,37,91.093405,91.252218,10061.36
Noise_AnimationCrayon_1920x1080_2398fps,1920,1080,5,38,90.798143,90.798922,9126.032
Noise_AnimationCrayon_1920x1080_2398fps,1920,1080,5,39,90.483698,90.340079,8335.312
Noise_AnimationCrayon_1920x1080_2398fps,1920,1080,5,40,90.208806,89.897012,7574.504
Noise_AnimationCrayon_1920x1080_2398fps,1920,1080,5,41,89.865015,89.397,6918.288
Noise_AnimationCrayon_1920x1080_2398fps,1920,1080,5,42,89.53791,88.964593,6417.888
Noise_AnimationCrayon_1920x1080_2398fps,1920,1080,5,43,89.318721,88.441472,5926.872
Noise_AnimationCrayon_1920x1080_2398fps,1920,1080,5,44,88.998891,87.861084,5427.344
Noise_AnimationCrayon_1920x1080_2398fps,1920,1080,5,45,88.775262,87.333902,5006.008
Noise_AnimationCrayon_1920x1080_2398fps,1920,1080,5,46,88.285279,86.701322,4627.184
Noise_AnimationCrayon_1920x1080_2398fps,1920,1080,5,47,88.11311,86.19686,4327.912
Noise_AnimationCrayon_1920x1080_2398fps,1920,1080,5,48,87.512166,85.559718,4009.064
Noise_AnimationCrayon_1920x1080_2398fps,1920,1080,5,49,87.122676,84.950336,3702.648
Noise_AnimationCrayon_1920x1080_2398fps,1920,1080,5,50,86.811843,84.31044,3448.736
Noise_AnimationCrayon_1920x1080_2398fps,1920,1080,5,51,86.605414,83.687025,3215.088
Noise_AnimationCrayon_1920x1080_2398fps,1920,1080,5,52,86.108073,82.969057,2982.312
Noise_AnimationCrayon_1920x1080_2398fps,1920,1080,5,53,85.634121,82.154963,2773.072
Noise_AnimationCrayon_1920x1080_2398fps,1920,1080,5,54,85.082022,81.361006,2576.944
Noise_AnimationCrayon_1920x1080_2398fps,1920,1080,5,55,84.428871,80.509351,2380.768
Noise_AnimationCrayon_1920x1080_2398fps,1920,1080,5,56,83.752759,79.511059,2144.976
Noise_AnimationCrayon_1920x1080_2398fps,1920,1080,5,58,82.850917,78.00532,1818.992
Noise_AnimationCrayon_1920x1080_2398fps,1920,1080,5,60,80.325837,75.17995,1383.392
Noise_AnimationCrayon_1920x1080_2398fps,1920,1080,5,63,71.348101,65.571082,696.288
Noise_AnimationCrayon_1920x1080_2398fps,1920,1080,6,20,96.919123,96.932235,128943.824
Noise_AnimationCrayon_1920x1080_2398fps,1920,1080,6,24,95.827776,96.289285,89182.48
Noise_AnimationCrayon_1920x1080_2398fps,1920,1080,6,27,94.502814,95.09874,52823.744
Noise_AnimationCrayon_1920x1080_2398fps,1920,1080,6,28,94.16162,94.789921,46398.832
Noise_AnimationCrayon_1920x1080_2398fps,1920,1080,6,29,93.836516,94.519783,41011.184
Noise_AnimationCrayon_1920x1080_2398fps,1920,1080,6,30,93.616934,94.31496,36685.704
Noise_AnimationCrayon_1920x1080_2398fps,1920,1080,6,31,93.238081,93.986018,31348.64
Noise_AnimationCrayon_1920x1080_2398fps,1920,1080,6,32,92.838641,93.637246,26117.36
Noise_AnimationCrayon_1920x1080_2398fps,1920,1080,6,33,92.577833,93.370889,22171.312
Noise_AnimationCrayon_1920x1080_2398fps,1920,1080,6,34,92.31915,93.062646,19135.536
Noise_AnimationCrayon_1920x1080_2398fps,1920,1080,6,35,91.985704,92.726198,16131.936
Noise_AnimationCrayon_1920x1080_2398fps,1920,1080,6,36,91.648289,92.372019,14188.304
Noise_AnimationCrayon_1920x1080_2398fps,1920,1080,6,37,91.451285,91.987607,12566.712
Noise_AnimationCrayon_1920x1080_2398fps,1920,1080,6,38,91.111177,91.457572,10890.672
Noise_AnimationCrayon_1920x1080_2398fps,1920,1080,6,39,90.856963,90.935288,9702.744
Noise_AnimationCrayon_1920x1080_2398fps,1920,1080,6,40,90.589921,90.428884,8711.008
Noise_AnimationCrayon_1920x1080_2398fps,1920,1080,6,41,90.080034,89.812165,7741.528
Noise_AnimationCrayon_1920x1080_2398fps,1920,1080,6,42,89.861144,89.342956,7111.616
Noise_AnimationCrayon_1920x1080_2398fps,1920,1080,6,43,89.312319,88.73277,6447.504
Noise_AnimationCrayon_1920x1080_2398fps,1920,1080,6,44,88.931726,88.080051,5868.536
Noise_AnimationCrayon_1920x1080_2398fps,1920,1080,6,45,88.559321,87.445138,5375.856
Noise_AnimationCrayon_1920x1080_2398fps,1920,1080,6,46,88.152927,86.737311,4875.608
Noise_AnimationCrayon_1920x1080_2398fps,1920,1080,6,47,87.70587,86.13145,4525.008
Noise_AnimationCrayon_1920x1080_2398fps,1920,1080,6,48,87.3897,85.34155,4155.64
Noise_AnimationCrayon_1920x1080_2398fps,1920,1080,6,49,86.813157,84.572942,3777.68
Noise_AnimationCrayon_1920x1080_2398fps,1920,1080,6,50,86.265074,83.875153,3488.256
Noise_AnimationCrayon_1920x1080_2398fps,1920,1080,6,51,85.744624,83.075177,3223.024
Noise_AnimationCrayon_1920x1080_2398fps,1920,1080,6,52,85.085239,82.180336,2976.16
Noise_AnimationCrayon_1920x1080_2398fps,1920,1080,6,53,84.578958,81.094093,2711.224
Noise_AnimationCrayon_1920x1080_2398fps,1920,1080,6,54,84.07502,80.351629,2512.096
Noise_AnimationCrayon_1920x1080_2398fps,1920,1080,6,55,83.351291,79.288503,2301.472
Noise_AnimationCrayon_1920x1080_2398fps,1920,1080,6,56,82.471356,78.175272,2067.856
Noise_AnimationCrayon_1920x1080_2398fps,1920,1080,6,58,80.86934,75.620549,1691.496
Noise_AnimationCrayon_1920x1080_2398fps,1920,1080,6,60,77.805372,72.405594,1270.528
Noise_AnimationCrayon_1920x1080_2398fps,1920,1080,6,63,66.911748,61.818494,645.832
Noise_AnimationCrayon_1920x1080_2398fps,1920,1080,7,20,96.752555,96.856775,103529.12
Noise_AnimationCrayon_1920x1080_2398fps,1920,1080,7,24,95.757633,96.219721,73502.44
Noise_AnimationCrayon_1920x1080_2398fps,1920,1080,7,27,94.42944,95.064905,52595.32
Noise_AnimationCrayon_1920x1080_2398fps,1920,1080,7,28,94.12987,94.736229,46205.872
Noise_AnimationCrayon_1920x1080_2398fps,1920,1080,7,29,93.792025,94.492448,40820.696
Noise_AnimationCrayon_1920x1080_2398fps,1920,1080,7,30,93.551394,94.278151,36715.336
Noise_AnimationCrayon_1920x1080_2398fps,1920,1080,7,31,93.181521,93.954368,31508.768
Noise_AnimationCrayon_1920x1080_2398fps,1920,1080,7,32,92.821125,93.583783,26669.752
Noise_AnimationCrayon_1920x1080_2398fps,1920,1080,7,33,92.49939,93.29108,22835.056
Noise_AnimationCrayon_1920x1080_2398fps,1920,1080,7,34,92.207388,93.002992,19738.304
Noise_AnimationCrayon_1920x1080_2398fps,1920,1080,7,35,91.918229,92.643674,16635.576
Noise_AnimationCrayon_1920x1080_2398fps,1920,1080,7,36,91.574451,92.279145,14569.872
Noise_AnimationCrayon_1920x1080_2398fps,1920,1080,7,37,91.321516,91.862146,12818.128
Noise_AnimationCrayon_1920x1080_2398fps,1920,1080,7,38,90.969514,91.333486,11096.04
Noise_AnimationCrayon_1920x1080_2398fps,1920,1080,7,39,90.666701,90.843746,9875.152
Noise_AnimationCrayon_1920x1080_2398fps,1920,1080,7,40,90.396604,90.347229,8931.24
Noise_AnimationCrayon_1920x1080_2398fps,1920,1080,7,41,89.926327,89.727234,7902.32
Noise_AnimationCrayon_1920x1080_2398fps,1920,1080,7,42,89.540456,89.225927,7271.088
Noise_AnimationCrayon_1920x1080_2398fps,1920,1080,7,43,89.063055,88.540312,6582.152
Noise_AnimationCrayon_1920x1080_2398fps,1920,1080,7,44,88.697856,87.900325,5901.936
Noise_AnimationCrayon_1920x1080_2398fps,1920,1080,7,45,88.337415,87.182441,5382.704
Noise_AnimationCrayon_1920x1080_2398fps,1920,1080,7,46,87.92102,86.471589,4919.176
Noise_AnimationCrayon_1920x1080_2398fps,1920,1080,7,47,87.508973,85.833415,4574.192
Noise_AnimationCrayon_1920x1080_2398fps,1920,1080,7,48,86.848731,84.958091,4187.88
Noise_AnimationCrayon_1920x1080_2398fps,1920,1080,7,49,86.278556,84.101739,3830.664
Noise_AnimationCrayon_1920x1080_2398fps,1920,1080,7,50,85.813874,83.264342,3528.712
Noise_AnimationCrayon_1920x1080_2398fps,1920,1080,7,51,85.243967,82.389194,3254.528
Noise_AnimationCrayon_1920x1080_2398fps,1920,1080,7,52,84.590712,81.460218,3011.912
Noise_AnimationCrayon_1920x1080_2398fps,1920,1080,7,53,83.800962,80.226973,2731.496
Noise_AnimationCrayon_1920x1080_2398fps,1920,1080,7,54,83.155028,79.329399,2534.688
Noise_AnimationCrayon_1920x1080_2398fps,1920,1080,7,55,82.35225,78.143854,2298.992
Noise_AnimationCrayon_1920x1080_2398fps,1920,1080,7,56,81.542868,76.740508,2060.976
Noise_AnimationCrayon_1920x1080_2398fps,1920,1080,7,58,79.387067,73.955655,1678.848
Noise_AnimationCrayon_1920x1080_2398fps,1920,1080,7,60,75.806559,69.834345,1253.696
Noise_AnimationCrayon_1920x1080_2398fps,1920,1080,7,63,64.072187,58.702083,645.168
Noise_AnimationCrayon_1920x1080_2398fps,1920,1080,8,20,96.79115,96.852606,109857.672
Noise_AnimationCrayon_1920x1080_2398fps,1920,1080,8,24,95.835832,96.187212,79992.784
Noise_AnimationCrayon_1920x1080_2398fps,1920,1080,8,27,94.540331,95.101183,55550.264
Noise_AnimationCrayon_1920x1080_2398fps,1920,1080,8,28,94.262299,94.807823,49007.76
Noise_AnimationCrayon_1920x1080_2398fps,1920,1080,8,29,93.991421,94.608075,43303.032
Noise_AnimationCrayon_1920x1080_2398fps,1920,1080,8,30,93.78072,94.467733,38955.584
Noise_AnimationCrayon_1920x1080_2398fps,1920,1080,8,31,93.482426,94.146977,33879.56
Noise_AnimationCrayon_1920x1080_2398fps,1920,1080,8,32,93.037662,93.75557,28905.088
Noise_AnimationCrayon_1920x1080_2398fps,1920,1080,8,33,92.667999,93.377476,24856.216
Noise_AnimationCrayon_1920x1080_2398fps,1920,1080,8,34,92.373199,93.074617,21709.696
Noise_AnimationCrayon_1920x1080_2398fps,1920,1080,8,35,91.903603,92.632849,18545.432
Noise_AnimationCrayon_1920x1080_2398fps,1920,1080,8,36,91.635415,92.261565,16244.104
Noise_AnimationCrayon_1920x1080_2398fps,1920,1080,8,37,91.296876,91.833851,14365.76
Noise_AnimationCrayon_1920x1080_2398fps,1920,1080,8,38,91.00067,91.304504,12460.568
Noise_AnimationCrayon_1920x1080_2398fps,1920,1080,8,39,90.655214,90.838007,11177.696
Noise_AnimationCrayon_1920x1080_2398fps,1920,1080,8,40,90.271503,90.361296,10115.328
Noise_AnimationCrayon_1920x1080_2398fps,1920,1080,8,41,90.001786,89.846644,9069.752
Noise_AnimationCrayon_1920x1080_2398fps,1920,1080,8,42,89.553008,89.263022,8355.632
Noise_AnimationCrayon_1920x1080_2398fps,1920,1080,8,43,89.278023,88.493581,7424.224
Noise_AnimationCrayon_1920x1080_2398fps,1920,1080,8,44,88.967756,87.913132,6801.76
Noise_AnimationCrayon_1920x1080_2398fps,1920,1080,8,45,88.561754,87.194709,6195.2
Noise_AnimationCrayon_1920x1080_2398fps,1920,1080,8,46,88.060909,86.480443,5703.128
Noise_AnimationCrayon_1920x1080_2398fps,1920,1080,8,47,87.701436,85.792815,5303.056
Noise_AnimationCrayon_1920x1080_2398fps,1920,1080,8,48,87.153731,84.900108,4860.848
Noise_AnimationCrayon_1920x1080_2398fps,1920,1080,8,49,86.642416,84.090419,4434.176
Noise_AnimationCrayon_1920x1080_2398fps,1920,1080,8,50,86.150875,83.230745,4092.12
Noise_AnimationCrayon_1920x1080_2398fps,1920,1080,8,51,85.382051,82.188303,3795.552
Noise_AnimationCrayon_1920x1080_2398fps,1920,1080,8,52,84.981557,81.332812,3517.648
Noise_AnimationCrayon_1920x1080_2398fps,1920,1080,8,53,84.107229,80.218832,3226.736
Noise_AnimationCrayon_1920x1080_2398fps,1920,1080,8,54,83.485732,79.245764,2981.656
Noise_AnimationCrayon_1920x1080_2398fps,1920,1080,8,55,82.615991,77.876466,2713.176
Noise_AnimationCrayon_1920x1080_2398fps,1920,1080,8,56,81.56794,76.594366,2445.896
Noise_AnimationCrayon_1920x1080_2398fps,1920,1080,8,58,79.15024,73.422884,1971.976
Noise_AnimationCrayon_1920x1080_2398fps,1920,1080,8,60,75.271751,68.972503,1474.544
Noise_AnimationCrayon_1920x1080_2398fps,1920,1080,8,63,62.920137,57.481942,737.312
Noise_AnimationCrayon_1920x1080_2398fps,1920,1080,9,20,96.58721,96.616613,117440.048
Noise_AnimationCrayon_1920x1080_2398fps,1920,1080,9,24,95.770291,95.967583,93831.208
Noise_AnimationCrayon_1920x1080_2398fps,1920,1080,9,27,94.477434,94.926455,59991.272
Noise_AnimationCrayon_1920x1080_2398fps,1920,1080,9,28,94.045709,94.553337,52582.04
Noise_AnimationCrayon_1920x1080_2398fps,1920,1080,9,29,93.611808,94.21414,47423.016
Noise_AnimationCrayon_1920x1080_2398fps,1920,1080,9,30,93.214245,93.870902,42772.704
Noise_AnimationCrayon_1920x1080_2398fps,1920,1080,9,31,92.790239,93.427719,36324.76
Noise_AnimationCrayon_1920x1080_2398fps,1920,1080,9,32,92.334726,93.026496,31644.032
Noise_AnimationCrayon_1920x1080_2398fps,1920,1080,9,33,91.965999,92.624725,27547.36
Noise_AnimationCrayon_1920x1080_2398fps,1920,1080,9,34,91.638886,92.239149,24358.88
Noise_AnimationCrayon_1920x1080_2398fps,1920,1080,9,35,91.266122,91.759424,21153.304
Noise_AnimationCrayon_1920x1080_2398fps,1920,1080,9,36,90.945083,91.315621,18521.568
Noise_AnimationCrayon_1920x1080_2398fps,1920,1080,9,37,90.520652,90.790766,16321.672
Noise_AnimationCrayon_1920x1080_2398fps,1920,1080,9,38,90.009816,90.237121,14319.064
Noise_AnimationCrayon_1920x1080_2398fps,1920,1080,9,39,89.719217,89.666891,12716.256
Noise_AnimationCrayon_1920x1080_2398fps,1920,1080,9,40,89.284066,89.027264,11366.776
Noise_AnimationCrayon_1920x1080_2398fps,1920,1080,9,41,88.803774,88.353777,10012.632
Noise_AnimationCrayon_1920x1080_2398fps,1920,1080,9,42,88.239947,87.668022,9016.176
Noise_AnimationCrayon_1920x1080_2398fps,1920,1080,9,43,87.88828,86.5888,7837.752
Noise_AnimationCrayon_1920x1080_2398fps,1920,1080,9,44,87.334677,85.862957,7087.992
Noise_AnimationCrayon_1920x1080_2398fps,1920,1080,9,45,86.878833,85.057791,6462.768
Noise_AnimationCrayon_1920x1080_2398fps,1920,1080,9,46,86.1509,84.151904,5842.232
Noise_AnimationCrayon_1920x1080_2398fps,1920,1080,9,47,85.571218,83.185452,5325.816
Noise_AnimationCrayon_1920x1080_2398fps,1920,1080,9,48,85.01984,82.245798,4839.888
Noise_AnimationCrayon_1920x1080_2398fps,1920,1080,9,49,84.580343,81.442041,4296.76
Noise_AnimationCrayon_1920x1080_2398fps,1920,1080,9,50,83.678883,80.335257,3936.88
Noise_AnimationCrayon_1920x1080_2398fps,1920,1080,9,51,82.99556,79.319126,3606.576
Noise_AnimationCrayon_1920x1080_2398fps,1920,1080,9,52,82.48224,78.409537,3308.424
Noise_AnimationCrayon_1920x1080_2398fps,1920,1080,9,53,81.44952,77.259737,3021.92
Noise_AnimationCrayon_1920x1080_2398fps,1920,1080,9,54,80.852452,76.26377,2755.816
Noise_AnimationCrayon_1920x1080_2398fps,1920,1080,9,55,79.557982,74.93415,2512.68
Noise_AnimationCrayon_1920x1080_2398fps,1920,1080,9,56,78.434811,73.63224,2240.968
Noise_AnimationCrayon_1920x1080_2398fps,1920,1080,9,58,75.774919,70.482004,1778.544
Noise_AnimationCrayon_1920x1080_2398fps,1920,1080,9,60,71.828369,66.377357,1309.968
Noise_AnimationCrayon_1920x1080_2398fps,1920,1080,9,63,57.164999,54.32167,596.648
Noise_AnimationCrayon_1920x1080_2398fps,1920,1080,10,20,96.087071,96.292749,91521.192
Noise_AnimationCrayon_1920x1080_2398fps,1920,1080,10,24,95.327531,95.733805,70199.056
Noise_AnimationCrayon_1920x1080_2398fps,1920,1080,10,27,94.255246,94.860276,49530.728
Noise_AnimationCrayon_1920x1080_2398fps,1920,1080,10,28,93.858747,94.542287,44352.96
Noise_AnimationCrayon_1920x1080_2398fps,1920,1080,10,29,93.473059,94.165559,39992.656
Noise_AnimationCrayon_1920x1080_2398fps,1920,1080,10,30,93.028728,93.803927,36036.144
Noise_AnimationCrayon_1920x1080_2398fps,1920,1080,10,31,92.517718,93.311991,31277.864
Noise_AnimationCrayon_1920x1080_2398fps,1920,1080,10,32,92.148637,92.891757,27859.384
Noise_AnimationCrayon_1920x1080_2398fps,1920,1080,10,33,91.757731,92.50438,25053.264
Noise_AnimationCrayon_1920x1080_2398fps,1920,1080,10,34,91.393717,92.093646,22525.768
Noise_AnimationCrayon_1920x1080_2398fps,1920,1080,10,35,91.035815,91.664442,20041.184
Noise_AnimationCrayon_1920x1080_2398fps,1920,1080,10,36,90.611256,91.189585,17987.832
Noise_AnimationCrayon_1920x1080_2398fps,1920,1080,10,37,90.143127,90.63207,16024.016
Noise_AnimationCrayon_1920x1080_2398fps,1920,1080,10,38,89.740166,90.047205,14328.272
Noise_AnimationCrayon_1920x1080_2398fps,1920,1080,10,39,89.330894,89.475056,12904.936
Noise_AnimationCrayon_1920x1080_2398fps,1920,1080,10,40,88.845711,88.812496,11527.608
Noise_AnimationCrayon_1920x1080_2398fps,1920,1080,10,41,88.294971,88.064435,10258.232
Noise_AnimationCrayon_1920x1080_2398fps,1920,1080,10,42,87.828166,87.346824,9291.888
Noise_AnimationCrayon_1920x1080_2398fps,1920,1080,10,43,87.320657,86.217686,8039.512
Noise_AnimationCrayon_1920x1080_2398fps,1920,1080,10,44,86.821123,85.443454,7306.12
Noise_AnimationCrayon_1920x1080_2398fps,1920,1080,10,45,86.184693,84.450195,6608.76
Noise_AnimationCrayon_1920x1080_2398fps,1920,1080,10,46,85.56798,83.466271,5923.8
Noise_AnimationCrayon_1920x1080_2398fps,1920,1080,10,47,85.046071,82.480006,5411.424
Noise_AnimationCrayon_1920x1080_2398fps,1920,1080,10,48,84.227102,81.389773,4905.08
Noise_AnimationCrayon_1920x1080_2398fps,1920,1080,10,49,83.490757,80.308425,4424.176
Noise_AnimationCrayon_1920x1080_2398fps,1920,1080,10,50,82.739223,79.241064,4034.608
Noise_AnimationCrayon_1920x1080_2398fps,1920,1080,10,51,81.80719,78.087197,3666.568
Noise_AnimationCrayon_1920x1080_2398fps,1920,1080,10,52,80.958954,76.952562,3357.168
Noise_AnimationCrayon_1920x1080_2398fps,1920,1080,10,53,80.243049,75.7818,3047.736
Noise_AnimationCrayon_1920x1080_2398fps,1920,1080,10,54,79.500297,74.589002,2779.592
Noise_AnimationCrayon_1920x1080_2398fps,1920,1080,10,55,78.297132,73.282839,2508.248
Noise_AnimationCrayon_1920x1080_2398fps,1920,1080,10,56,77.030146,71.955666,2259.776
Noise_AnimationCrayon_1920x1080_2398fps,1920,1080,10,58,73.887317,68.64712,1777.816
Noise_AnimationCrayon_1920x1080_2398fps,1920,1080,10,60,69.645924,64.565811,1305.656
Noise_AnimationCrayon_1920x1080_2398fps,1920,1080,10,63,53.922352,52.903661,613.336
Noise_Animation_1280x720_2398fps,1280,720,4,20,92.66445,97.125571,15491.808
Noise_Animation_1280x720_2398fps,1280,720,4,24,89.172424,96.584732,9086.584
Noise_Animation_1280x720_2398fps,1280,720,4,27,87.834524,95.934453,5258.144
Noise_Animation_1280x720_2398fps,1280,720,4,28,87.627313,95.742608,4660.472
Noise_Animation_1280x720_2398fps,1280,720,4,29,87.401328,95.602467,4183.008
Noise_Animation_1280x720_2398fps,1280,720,4,30,87.318038,95.434488,3795.576
Noise_Animation_1280x720_2398fps,1280,720,4,31,87.123747,95.309452,3369.608
Noise_Animation_1280x720_2398fps,1280,720,4,32,87.202152,95.078616,2989.112
Noise_Animation_1280x720_2398fps,1280,720,4,33,87.018182,94.891098,2724.872
Noise_Animation_1280x720_2398fps,1280,720,4,34,86.807339,94.662051,2512.208
Noise_Animation_1280x720_2398fps,1280,720,4,35,86.655656,94.415301,2290.528
Noise_Animation_1280x720_2398fps,1280,720,4,36,86.606436,94.225611,2111.76
Noise_Animation_1280x720_2398fps,1280,720,4,37,86.293729,93.956767,1978.392
Noise_Animation_1280x720_2398fps,1280,720,4,38,86.257308,93.743195,1840.728
Noise_Animation_1280x720_2398fps,1280,720,4,39,86.13795,93.518763,1702.936
Noise_Animation_1280x720_2398fps,1280,720,4,40,85.962705,93.285661,1563.128
Noise_Animation_1280x720_2398fps,1280,720,4,41,85.754564,93.085101,1466.2
Noise_Animation_1280x720_2398fps,1280,720,4,42,85.504213,92.844605,1374.504
Noise_Animation_1280x720_2398fps,1280,720,4,43,85.163435,92.530533,1287.256
Noise_Animation_1280x720_2398fps,1280,720,4,44,84.907134,92.108044,1208.944
Noise_Animation_1280x720_2398fps,1280,720,4,45,84.684797,91.808806,1137.096
Noise_Animation_1280x720_2398fps,1280,720,4,46,84.362848,91.500482,1067.256
Noise_Animation_1280x720_2398fps,1280,720,4,47,84.079713,91.34756,1015.944
Noise_Animation_1280x720_2398fps,1280,720,4,48,83.664227,90.937096,958.088
Noise_Animation_1280x720_2398fps,1280,720,4,49,83.429406,90.606683,894.552
Noise_Animation_1280x720_2398fps,1280,720,4,50,83.183549,90.263345,856.384
Noise_Animation_1280x720_2398fps,1280,720,4,51,82.587518,89.850361,807.288
Noise_Animation_1280x720_2398fps,1280,720,4,52,82.363899,89.452107,763.648
Noise_Animation_1280x720_2398fps,1280,720,4,53,81.820105,88.910886,722.224
Noise_Animation_1280x720_2398fps,1280,720,4,54,81.391042,88.332127,685.776
Noise_Animation_1280x720_2398fps,1280,720,4,55,80.890492,87.8343,640.952
Noise_Animation_1280x720_2398fps,1280,720,4,56,79.778513,86.832953,591.424
Noise_Animation_1280x720_2398fps,1280,720,4,58,78.741843,85.824533,510.104
Noise_Animation_1280x720_2398fps,1280,720,4,60,76.520314,83.398087,414.032
Noise_Animation_1280x720_2398fps,1280,720,4,63,65.498395,73.280066,229.192
Noise_Animation_1280x720_2398fps,1280,720,5,20,92.364758,97.146018,15915.384
Noise_Animation_1280x720_2398fps,1280,720,5,24,89.375661,96.657165,8906.984
Noise_Animation_1280x720_2398fps,1280,720,5,27,87.911127,95.924597,5590.176
Noise_Animation_1280x720_2398fps,1280,720,5,28,87.758828,95.713277,4956.928
Noise_Animation_1280x720_2398fps,1280,720,5,29,87.554332,95.529926,4454.648
Noise_Animation_1280x720_2398fps,1280,720,5,30,87.360993,95.358717,4061.744
Noise_Animation_1280x720_2398fps,1280,720,5,31,87.397836,95.125551,3609.536
Noise_Animation_1280x720_2398fps,1280,720,5,32,87.261111,94.91568,3194.368
Noise_Animation_1280x720_2398fps,1280,720,5,33,86.98255,94.693623,2934.152
Noise_Animation_1280x720_2398fps,1280,720,5,34,86.757488,94.456896,2697.856
Noise_Animation_1280x720_2398fps,1280,720,5,35,86.48608,94.215376,2458.112
Noise_Animation_1280x720_2398fps,1280,720,5,36,86.258701,93.939454,2238.368
Noise_Animation_1280x720_2398fps,1280,720,5,37,85.986224,93.676172,2079.64
Noise_Animation_1280x720_2398fps,1280,720,5,38,85.883146,93.413535,1931.92
Noise_Animation_1280x720_2398fps,1280,720,5,39,85.672988,93.173038,1788.544
Noise_Animation_1280x720_2398fps,1280,720,5,40,85.361214,92.859144,1658.744
Noise_Animation_1280x720_2398fps,1280,720,5,41,85.119821,92.609099,1545.448
Noise_Animation_1280x720_2398fps,1280,720,5,42,84.954019,92.34154,1435.864
Noise_Animation_1280x720_2398fps,1280,720,5,43,84.44226,91.814204,1342.584
Noise_Animation_1280x720_2398fps,1280,720,5,44,84.230437,91.465527,1265.464
Noise_Animation_1280x720_2398fps,1280,720,5,45,83.871127,91.135604,1181.952
Noise_Animation_1280x720_2398fps,1280,720,5,46,83.62476,90.830406,1108.912
Noise_Animation_1280x720_2398fps,1280,720,5,47,83.302624,90.419169,1046.176
Noise_Animation_1280x720_2398fps,1280,720,5,48,82.786845,90.012216,985.288
Noise_Animation_1280x720_2398fps,1280,720,5,49,82.557268,89.763432,925.184
Noise_Animation_1280x720_2398fps,1280,720,5,50,82.205869,89.370426,873.192
Noise_Animation_1280x720_2398fps,1280,720,5,51,81.623714,88.881296,821.88
Noise_Animation_1280x720_2398fps,1280,720,5,52,81.148041,88.305399,775.272
Noise_Animation_1280x720_2398fps,1280,720,5,53,80.845655,87.894836,732.576
Noise_Animation_1280x720_2398fps,1280,720,5,54,80.342628,87.368779,695.392
Noise_Animation_1280x720_2398fps,1280,720,5,55,79.743376,86.568112,645.384
Noise_Animation_1280x720_2398fps,1280,720,5,56,78.543806,85.542113,595.88
Noise_Animation_1280x720_2398fps,1280,720,5,58,77.713111,84.628952,517.872
Noise_Animation_1280x720_2398fps,1280,720,5,60,75.595938,82.510693,421.16
Noise_Animation_1280x720_2398fps,1280,720,5,63,63.94921,71.626295,228.376
Noise_Animation_1280x720_2398fps,1280,720,6,20,93.761324,97.374785,28361.056
Noise_Animation_1280x720_2398fps,1280,720,6,24,91.278563,96.785921,14986.08
Noise_Animation_1280x720_2398fps,1280,720,6,27,88.584452,96.083444,7645.968
Noise_Animation_1280x720_2398fps,1280,720,6,28,88.08966,95.880974,6647.808
Noise_Animation_1280x720_2398fps,1280,720,6,29,87.823631,95.692099,5867.968
Noise_Animation_1280x720_2398fps,1280,720,6,30,87.596872,95.501173,5319.528
Noise_Animation_1280x720_2398fps,1280,720,6,31,87.353354,95.266163,4676.456
Noise_Animation_1280x720_2398fps,1280,720,6,32,87.074799,94.988957,4103.016
Noise_Animation_1280x720_2398fps,1280,720,6,33,86.818716,94.755576,3689.304
Noise_Animation_1280x720_2398fps,1280,720,6,34,86.753056,94.539997,3368.064
Noise_Animation_1280x720_2398fps,1280,720,6,35,86.611767,94.33114,3052.824
Noise_Animation_1280x720_2398fps,1280,720,6,36,86.512267,94.03045,2797.664
Noise_Animation_1280x720_2398fps,1280,720,6,37,85.987029,93.732319,2586.776
Noise_Animation_1280x720_2398fps,1280,720,6,38,85.865254,93.61427,2339.216
Noise_Animation_1280x720_2398fps,1280,720,6,39,85.676945,93.323817,2151.192
Noise_Animation_1280x720_2398fps,1280,720,6,40,85.393371,93.070907,1991.32
Noise_Animation_1280x720_2398fps,1280,720,6,41,85.146184,92.756687,1829.896
Noise_Animation_1280x720_2398fps,1280,720,6,42,84.916962,92.448168,1710.64
Noise_Animation_1280x720_2398fps,1280,720,6,43,84.762373,92.046445,1594.712
Noise_Animation_1280x720_2398fps,1280,720,6,44,84.455948,91.768915,1487.944
Noise_Animation_1280x720_2398fps,1280,720,6,45,83.999107,91.237158,1378.096
Noise_Animation_1280x720_2398fps,1280,720,6,46,83.745159,91.02439,1277.808
Noise_Animation_1280x720_2398fps,1280,720,6,47,83.492152,90.688589,1204.392
Noise_Animation_1280x720_2398fps,1280,720,6,48,83.069335,90.159136,1121.296
Noise_Animation_1280x720_2398fps,1280,720,6,49,82.637393,89.789189,1046.544
Noise_Animation_1280x720_2398fps,1280,720,6,50,82.361768,89.400504,985.664
Noise_Animation_1280x720_2398fps,1280,720,6,51,81.924426,88.986556,923.44
Noise_Animation_1280x720_2398fps,1280,720,6,52,81.423709,88.349484,864.016
Noise_Animation_1280x720_2398fps,1280,720,6,53,80.686501,87.680607,812.072
Noise_Animation_1280x720_2398fps,1280,720,6,54,80.101357,87.015305,762.952
Noise_Animation_1280x720_2398fps,1280,720,6,55,79.400431,86.39193,712.528
Noise_Animation_1280x720_2398fps,1280,720,6,56,78.238623,85.162622,653.968
Noise_Animation_1280x720_2398fps,1280,720,6,58,76.162159,83.118027,555.872
Noise_Animation_1280x720_2398fps,1280,720,6,60,73.384966,80.334883,447.432
Noise_Animation_1280x720_2398fps,1280,720,6,63,61.464924,68.586888,244.992
Noise_Animation_1280x720_2398fps,1280,720,7,20,92.870999,96.939606,18148.704
Noise_Animation_1280x720_2398fps,1280,720,7,24,90.51111,96.452978,13002.144
Noise_Animation_1280x720_2398fps,1280,720,7,27,88.32696,95.729991,7545.08
Noise_Animation_1280x720_2398fps,1280,720,7,28,87.860316,95.533179,6627.16
Noise_Animation_1280x720_2398fps,1280,720,7,29,87.49399,95.312938,5920.848
Noise_Animation_1280x720_2398fps,1280,720,7,30,87.377786,95.102412,5335.768
Noise_Animation_1280x720_2398fps,1280,720,7,31,87.145283,94.818869,4724.136
Noise_Animation_1280x720_2398fps,1280,720,7,32,86.971517,94.559095,4159.496
Noise_Animation_1280x720_2398fps,1280,720,7,33,86.709902,94.2397,3750.136
Noise_Animation_1280x720_2398fps,1280,720,7,34,86.57716,93.958214,3440.064
Noise_Animation_1280x720_2398fps,1280,720,7,35,86.302742,93.677791,3141.0
Noise_Animation_1280x720_2398fps,1280,720,7,36,86.007836,93.342247,2894.216
Noise_Animation_1280x720_2398fps,1280,720,7,37,85.651533,93.100684,2672.12
Noise_Animation_1280x720_2398fps,1280,720,7,38,85.354521,92.884515,2442.624
Noise_Animation_1280x720_2398fps,1280,720,7,39,85.071507,92.526896,2244.032
Noise_Animation_1280x720_2398fps,1280,720,7,40,84.847322,92.247955,2090.024
Noise_Animation_1280x720_2398fps,1280,720,7,41,84.388869,91.775289,1929.424
Noise_Animation_1280x720_2398fps,1280,720,7,42,84.191613,91.388274,1801.056
Noise_Animation_1280x720_2398fps,1280,720,7,43,83.718371,90.894672,1674.44
Noise_Animation_1280x720_2398fps,1280,720,7,44,83.56271,90.684071,1522.112
Noise_Animation_1280x720_2398fps,1280,720,7,45,82.996721,90.211081,1414.36
Noise_Animation_1280x720_2398fps,1280,720,7,46,82.821563,89.835021,1327.816
Noise_Animation_1280x720_2398fps,1280,720,7,47,82.250246,89.302363,1240.952
Noise_Animation_1280x720_2398fps,1280,720,7,48,81.872809,88.710053,1163.336
Noise_Animation_1280x720_2398fps,1280,720,7,49,81.063822,88.160445,1085.36
Noise_Animation_1280x720_2398fps,1280,720,7,50,80.639869,87.816863,1015.2
Noise_Animation_1280x720_2398fps,1280,720,7,51,80.172007,87.227522,952.384
Noise_Animation_1280x720_2398fps,1280,720,7,52,79.475155,86.547961,896.776
Noise_Animation_1280x720_2398fps,1280,720,7,53,79.000249,86.014394,837.936
Noise_Animation_1280x720_2398fps,1280,720,7,54,78.457024,85.35504,784.68
Noise_Animation_1280x720_2398fps,1280,720,7,55,77.664767,84.492223,723.616
Noise_Animation_1280x720_2398fps,1280,720,7,56,76.404761,83.34687,664.688
Noise_Animation_1280x720_2398fps,1280,720,7,58,74.302688,81.319306,566.84
Noise_Animation_1280x720_2398fps,1280,720,7,60,71.576429,78.609201,454.792
Noise_Animation_1280x720_2398fps,1280,720,7,63,58.947582,65.578091,250.24
Noise_Animation_1280x720_2398fps,1280,720,8,20,93.069201,96.727575,19489.776
Noise_Animation_1280x720_2398fps,1280,720,8,24,90.598806,96.175582,14966.544
Noise_Animation_1280x720_2398fps,1280,720,8,27,88.301826,95.595701,8381.512
Noise_Animation_1280x720_2398fps,1280,720,8,28,87.728477,95.335517,7400.248
Noise_Animation_1280x720_2398fps,1280,720,8,29,87.405017,95.12877,6618.36
Noise_Animation_1280x720_2398fps,1280,720,8,30,87.219453,94.901636,6017.512
Noise_Animation_1280x720_2398fps,1280,720,8,31,86.900929,94.593839,5409.832
Noise_Animation_1280x720_2398fps,1280,720,8,32,86.754907,94.276716,4791.048
Noise_Animation_1280x720_2398fps,1280,720,8,33,86.38358,93.887134,4338.712
Noise_Animation_1280x720_2398fps,1280,720,8,34,86.223449,93.609593,4009.976
Noise_Animation_1280x720_2398fps,1280,720,8,35,86.007147,93.188461,3634.624
Noise_Animation_1280x720_2398fps,1280,720,8,36,85.704167,92.829146,3336.856
Noise_Animation_1280x720_2398fps,1280,720,8,37,85.097048,92.374561,3087.168
Noise_Animation_1280x720_2398fps,1280,720,8,38,84.856031,92.140296,2810.448
Noise_Animation_1280x720_2398fps,1280,720,8,39,84.743691,91.772683,2580.816
Noise_Animation_1280x720_2398fps,1280,720,8,40,84.446982,91.543138,2394.976
Noise_Animation_1280x720_2398fps,1280,720,8,41,84.116921,91.04247,2205.152
Noise_Animation_1280x720_2398fps,1280,720,8,42,83.82788,90.712536,2062.912
Noise_Animation_1280x720_2398fps,1280,720,8,43,83.486276,90.323587,1903.656
Noise_Animation_1280x720_2398fps,1280,720,8,44,83.286149,89.942957,1769.712
Noise_Animation_1280x720_2398fps,1280,720,8,45,82.732611,89.366518,1651.712
Noise_Animation_1280x720_2398fps,1280,720,8,46,82.300182,88.985542,1535.872
Noise_Animation_1280x720_2398fps,1280,720,8,47,82.05472,88.443779,1452.504
Noise_Animation_1280x720_2398fps,1280,720,8,48,81.450336,87.842601,1352.128
Noise_Animation_1280x720_2398fps,1280,720,8,49,80.551924,87.14392,1239.576
Noise_Animation_1280x720_2398fps,1280,720,8,50,80.251735,86.614122,1164.416
Noise_Animation_1280x720_2398fps,1280,720,8,51,79.570827,86.002243,1085.976
Noise_Animation_1280x720_2398fps,1280,720,8,52,78.899218,85.284724,1017.424
Noise_Animation_1280x720_2398fps,1280,720,8,53,78.139349,84.503356,948.6
Noise_Animation_1280x720_2398fps,1280,720,8,54,77.320258,83.768813,885.016
Noise_Animation_1280x720_2398fps,1280,720,8,55,76.759223,83.165903,824.208
Noise_Animation_1280x720_2398fps,1280,720,8,56,75.610318,81.787859,752.496
Noise_Animation_1280x720_2398fps,1280,720,8,58,73.662237,79.408836,630.792
Noise_Animation_1280x720_2398fps,1280,720,8,60,70.615543,76.715278,504.912
Noise_Animation_1280x720_2398fps,1280,720,8,63,58.934414,65.150268,278.056
Noise_Animation_1280x720_2398fps,1280,720,9,20,92.709209,96.881712,20717.0
Noise_Animation_1280x720_2398fps,1280,720,9,24,90.418907,96.190006,13797.424
Noise_Animation_1280x720_2398fps,1280,720,9,27,88.274032,95.300924,9084.152
Noise_Animation_1280x720_2398fps,1280,720,9,28,87.753028,95.034484,8203.424
Noise_Animation_1280x720_2398fps,1280,720,9,29,87.500513,94.739825,7289.592
Noise_Animation_1280x720_2398fps,1280,720,9,30,87.132212,94.4886,6403.784
Noise_Animation_1280x720_2398fps,1280,720,9,31,86.888738,94.067043,5554.36
Noise_Animation_1280x720_2398fps,1280,720,9,32,86.633231,93.599922,4945.184
Noise_Animation_1280x720_2398fps,1280,720,9,33,86.21284,93.191896,4454.32
Noise_Animation_1280x720_2398fps,1280,720,9,34,85.927561,92.853389,4081.112
Noise_Animation_1280x720_2398fps,1280,720,9,35,85.375471,92.51534,3714.968
Noise_Animation_1280x720_2398fps,1280,720,9,36,84.957507,91.966391,3378.28
Noise_Animation_1280x720_2398fps,1280,720,9,37,84.604827,91.586318,3095.64
Noise_Animation_1280x720_2398fps,1280,720,9,38,84.337084,91.030468,2817.432
Noise_Animation_1280x720_2398fps,1280,720,9,39,84.028719,90.630922,2571.728
Noise_Animation_1280x720_2398fps,1280,720,9,40,83.594779,90.03417,2370.552
Noise_Animation_1280x720_2398fps,1280,720,9,41,83.017406,89.497045,2177.304
Noise_Animation_1280x720_2398fps,1280,720,9,42,82.660391,89.116123,2031.032
Noise_Animation_1280x720_2398fps,1280,720,9,43,82.129762,88.420639,1876.264
Noise_Animation_1280x720_2398fps,1280,720,9,44,81.792996,88.074515,1735.832
Noise_Animation_1280x720_2398fps,1280,720,9,45,81.208301,87.537993,1611.68
Noise_Animation_1280x720_2398fps,1280,720,9,46,80.494636,86.799949,1491.792
Noise_Animation_1280x720_2398fps,1280,720,9,47,79.893933,86.326644,1393.592
Noise_Animation_1280x720_2398fps,1280,720,9,48,79.189364,85.59774,1295.328
Noise_Animation_1280x720_2398fps,1280,720,9,49,78.533103,84.922307,1177.824
Noise_Animation_1280x720_2398fps,1280,720,9,50,77.82449,84.39845,1103.928
Noise_Animation_1280x720_2398fps,1280,720,9,51,77.012342,83.429745,1032.76
Noise_Animation_1280x720_2398fps,1280,720,9,52,76.405597,82.617046,964.456
Noise_Animation_1280x720_2398fps,1280,720,9,53,75.463325,81.672035,902.76
Noise_Animation_1280x720_2398fps,1280,720,9,54,74.455817,80.664477,840.608
Noise_Animation_1280x720_2398fps,1280,720,9,55,73.574868,79.80206,777.344
Noise_Animation_1280x720_2398fps,1280,720,9,56,72.072563,78.251902,708.736
Noise_Animation_1280x720_2398fps,1280,720,9,58,68.937221,74.84591,593.04
Noise_Animation_1280x720_2398fps,1280,720,9,60,66.010336,71.909343,470.8
Noise_Animation_1280x720_2398fps,1280,720,9,63,53.449172,59.821184,241.2
Noise_Animation_1280x720_2398fps,1280,720,10,20,91.829314,96.262669,18973.72
Noise_Animation_1280x720_2398fps,1280,720,10,24,89.344796,95.452125,13015.64
Noise_Animation_1280x720_2398fps,1280,720,10,27,87.391206,94.466863,8818.592
Noise_Animation_1280x720_2398fps,1280,720,10,28,86.879751,94.169141,7874.16
Noise_Animation_1280x720_2398fps,1280,720,10,29,86.600701,93.860312,7119.656
Noise_Animation_1280x720_2398fps,1280,720,10,30,86.277167,93.532834,6405.248
Noise_Animation_1280x720_2398fps,1280,720,10,31,86.018765,93.074006,5587.608
Noise_Animation_1280x720_2398fps,1280,720,10,32,85.761526,92.656154,5033.0
Noise_Animation_1280x720_2398fps,1280,720,10,33,85.323114,92.210343,4537.224
Noise_Animation_1280x720_2398fps,1280,720,10,34,85.089421,91.928274,4120.376
Noise_Animation_1280x720_2398fps,1280,720,10,35,84.576622,91.4386,3721.984
Noise_Animation_1280x720_2398fps,1280,720,10,36,84.188285,91.016908,3404.784
Noise_Animation_1280x720_2398fps,1280,720,10,37,83.468544,90.283251,3098.944
Noise_Animation_1280x720_2398fps,1280,720,10,38,83.453806,89.909799,2822.032
Noise_Animation_1280x720_2398fps,1280,720,10,39,82.71759,89.292601,2592.376
Noise_Animation_1280x720_2398fps,1280,720,10,40,82.29739,88.715954,2373.208
Noise_Animation_1280x720_2398fps,1280,720,10,41,81.699367,88.146622,2169.536
Noise_Animation_1280x720_2398fps,1280,720,10,42,81.338447,87.609531,2005.928
Noise_Animation_1280x720_2398fps,1280,720,10,43,80.889078,87.035392,1861.288
Noise_Animation_1280x720_2398fps,1280,720,10,44,80.417533,86.481103,1707.984
Noise_Animation_1280x720_2398fps,1280,720,10,45,79.179126,85.507781,1580.048
Noise_Animation_1280x720_2398fps,1280,720,10,46,78.775485,84.958593,1463.656
Noise_Animation_1280x720_2398fps,1280,720,10,47,77.893105,84.394195,1360.336
Noise_Animation_1280x720_2398fps,1280,720,10,48,77.406388,83.597974,1269.816
Noise_Animation_1280x720_2398fps,1280,720,10,49,76.452836,82.757372,1168.544
Noise_Animation_1280x720_2398fps,1280,720,10,50,75.72531,81.959537,1090.64
Noise_Animation_1280x720_2398fps,1280,720,10,51,74.870319,80.932741,1012.728
Noise_Animation_1280x720_2398fps,1280,720,10,52,74.287214,80.226267,943.584
Noise_Animation_1280x720_2398fps,1280,720,10,53,73.221577,79.046222,876.752
Noise_Animation_1280x720_2398fps,1280,720,10,54,72.440914,78.202365,815.432
Noise_Animation_1280x720_2398fps,1280,720,10,55,71.385514,77.054582,758.616
Noise_Animation_1280x720_2398fps,1280,720,10,56,70.488434,76.14633,695.528
Noise_Animation_1280x720_2398fps,1280,720,10,58,66.745988,72.332438,576.328
Noise_Animation_1280x720_2398fps,1280,720,10,60,63.533379,69.224146,459.936
Noise_Animation_1280x720_2398fps,1280,720,10,63,51.52885,57.592622,241.304
Noise_Ocean_1920x1080_60fps,1920,1080,4,20,83.266136,83.26708,59961.144
Noise_Ocean_1920x1080_60fps,1920,1080,4,24,79.58018,80.269894,44341.536
Noise_Ocean_1920x1080_60fps,1920,1080,4,27,74.379035,75.866922,29171.296
Noise_Ocean_1920x1080_60fps,1920,1080,4,28,72.814441,74.57993,25742.88
Noise_Ocean_1920x1080_60fps,1920,1080,4,29,71.175814,73.207124,22782.92
Noise_Ocean_1920x1080_60fps,1920,1080,4,30,69.828928,72.108686,20454.864
Noise_Ocean_1920x1080_60fps,1920,1080,4,31,68.010161,70.462714,17516.072
Noise_Ocean_1920x1080_60fps,1920,1080,4,32,65.701143,68.388569,14700.272
Noise_Ocean_1920x1080_60fps,1920,1080,4,33,63.916314,66.795163,12596.064
Noise_Ocean_1920x1080_60fps,1920,1080,4,34,62.191478,65.202139,10730.832
Noise_Ocean_1920x1080_60fps,1920,1080,4,35,60.128404,63.292338,8818.808
Noise_Ocean_1920x1080_60fps,1920,1080,4,36,58.287728,61.554749,7288.16
Noise_Ocean_1920x1080_60fps,1920,1080,4,37,56.701709,60.05863,6098.2
Noise_Ocean_1920x1080_60fps,1920,1080,4,38,54.984436,58.376886,5033.976
Noise_Ocean_1920x1080_60fps,1920,1080,4,39,53.122013,56.473403,4033.328
Noise_Ocean_1920x1080_60fps,1920,1080,4,40,51.298299,54.420737,3168.232
Noise_Ocean_1920x1080_60fps,1920,1080,4,41,49.860983,52.74836,2486.2
Noise_Ocean_1920x1080_60fps,1920,1080,4,42,48.288374,50.948674,1913.384
Noise_Ocean_1920x1080_60fps,1920,1080,4,43,46.840065,49.133792,1452.048
Noise_Ocean_1920x1080_60fps,1920,1080,4,44,45.581506,47.715381,1154.808
Noise_Ocean_1920x1080_60fps,1920,1080,4,45,44.535365,46.459552,919.496
Noise_Ocean_1920x1080_60fps,1920,1080,4,46,43.781768,45.540528,751.032
Noise_Ocean_1920x1080_60fps,1920,1080,4,47,43.295207,44.914316,685.048
Noise_Ocean_1920x1080_60fps,1920,1080,4,48,42.672567,44.004334,568.328
Noise_Ocean_1920x1080_60fps,1920,1080,4,49,41.985999,43.20058,463.52
Noise_Ocean_1920x1080_60fps,1920,1080,4,50,41.677319,42.682934,407.328
Noise_Ocean_1920x1080_60fps,1920,1080,4,51,40.787552,41.989459,350.056
Noise_Ocean_1920x1080_60fps,1920,1080,4,52,40.626869,41.625849,316.992
Noise_Ocean_1920x1080_60fps,1920,1080,4,53,40.308411,41.260308,292.76
Noise_Ocean_1920x1080_60fps,1920,1080,4,54,39.822833,40.748488,268.32
Noise_Ocean_1920x1080_60fps,1920,1080,4,55,39.553159,40.436222,245.248
Noise_Ocean_1920x1080_60fps,1920,1080,4,56,39.038942,40.07418,226.856
Noise_Ocean_1920x1080_60fps,1920,1080,4,58,37.768674,38.741645,178.08
Noise_Ocean_1920x1080_60fps,1920,1080,4,60,36.364596,37.396335,147.736
Noise_Ocean_1920x1080_60fps,1920,1080,4,63,31.779428,33.451483,100.392
Noise_Ocean_1920x1080_60fps,1920,1080,5,20,82.935975,83.09109,61581.688
Noise_Ocean_1920x1080_60fps,1920,1080,5,24,79.336205,80.041941,45557.688
Noise_Ocean_1920x1080_60fps,1920,1080,5,27,74.318703,75.946694,30962.024
Noise_Ocean_1920x1080_60fps,1920,1080,5,28,72.676257,74.447898,27220.816
Noise_Ocean_1920x1080_60fps,1920,1080,5,29,71.174672,73.213192,24272.224
Noise_Ocean_1920x1080_60fps,1920,1080,5,30,69.712901,72.11697,21700.912
Noise_Ocean_1920x1080_60fps,1920,1080,5,31,67.671184,70.349438,18406.416
Noise_Ocean_1920x1080_60fps,1920,1080,5,32,65.377523,68.26258,15330.272
Noise_Ocean_1920x1080_60fps,1920,1080,5,33,63.618649,66.694792,13180.552
Noise_Ocean_1920x1080_60fps,1920,1080,5,34,61.928899,65.042131,11213.144
Noise_Ocean_1920x1080_60fps,1920,1080,5,35,59.985987,63.2074,9302.344
Noise_Ocean_1920x1080_60fps,1920,1080,5,36,57.913849,61.327589,7497.04
Noise_Ocean_1920x1080_60fps,1920,1080,5,37,56.122764,59.615083,6214.784
Noise_Ocean_1920x1080_60fps,1920,1080,5,38,54.303154,57.674322,4972.632
Noise_Ocean_1920x1080_60fps,1920,1080,5,39,52.478684,55.648784,3947.576
Noise_Ocean_1920x1080_60fps,1920,1080,5,40,50.613167,53.566461,3079.472
Noise_Ocean_1920x1080_60fps,1920,1080,5,41,48.922728,51.742855,2339.36
Noise_Ocean_1920x1080_60fps,1920,1080,5,42,47.505279,50.012225,1785.12
Noise_Ocean_1920x1080_60fps,1920,1080,5,43,45.966125,48.251092,1346.144
Noise_Ocean_1920x1080_60fps,1920,1080,5,44,44.902859,46.807439,1030.808
Noise_Ocean_1920x1080_60fps,1920,1080,5,45,43.978611,45.67539,835.872
Noise_Ocean_1920x1080_60fps,1920,1080,5,46,43.004909,44.5186,668.544
Noise_Ocean_1920x1080_60fps,1920,1080,5,47,42.689252,43.964609,592.192
Noise_Ocean_1920x1080_60fps,1920,1080,5,48,42.251823,43.409316,507.152
Noise_Ocean_1920x1080_60fps,1920,1080,5,49,41.327268,42.535358,425.312
Noise_Ocean_1920x1080_60fps,1920,1080,5,50,41.110959,42.065035,380.392
Noise_Ocean_1920x1080_60fps,1920,1080,5,51,40.682271,41.731042,343.4
Noise_Ocean_1920x1080_60fps,1920,1080,5,52,40.209701,41.365767,307.504
Noise_Ocean_1920x1080_60fps,1920,1080,5,53,39.949054,41.089488,287.336
Noise_Ocean_1920x1080_60fps,1920,1080,5,54,39.531892,40.649551,264.64
Noise_Ocean_1920x1080_60fps,1920,1080,5,55,39.02791,40.114933,244.328
Noise_Ocean_1920x1080_60fps,1920,1080,5,56,38.367576,39.90605,225.904
Noise_Ocean_1920x1080_60fps,1920,1080,5,58,37.538971,38.407876,178.104
Noise_Ocean_1920x1080_60fps,1920,1080,5,60,35.874233,37.20348,147.84
Noise_Ocean_1920x1080_60fps,1920,1080,5,63,31.50714,33.440668,100.4
Noise_Ocean_1920x1080_60fps,1920,1080,6,20,81.354138,82.651574,58572.6
Noise_Ocean_1920x1080_60fps,1920,1080,6,24,77.679964,79.432591,43247.8
Noise_Ocean_1920x1080_60fps,1920,1080,6,27,72.966887,75.283776,29502.816
Noise_Ocean_1920x1080_60fps,1920,1080,6,28,71.392841,73.954281,26245.592
Noise_Ocean_1920x1080_60fps,1920,1080,6,29,69.866657,72.649371,23185.648
Noise_Ocean_1920x1080_60fps,1920,1080,6,30,68.234226,71.162299,20405.544
Noise_Ocean_1920x1080_60fps,1920,1080,6,31,66.22049,69.416901,17302.232
Noise_Ocean_1920x1080_60fps,1920,1080,6,32,63.909821,67.234313,14346.68
Noise_Ocean_1920x1080_60fps,1920,1080,6,33,62.24761,65.535988,12171.392
Noise_Ocean_1920x1080_60fps,1920,1080,6,34,60.357329,63.796945,10236.136
Noise_Ocean_1920x1080_60fps,1920,1080,6,35,58.539132,62.061933,8585.64
Noise_Ocean_1920x1080_60fps,1920,1080,6,36,56.495384,60.099769,6994.144
Noise_Ocean_1920x1080_60fps,1920,1080,6,37,54.787261,58.402762,5776.184
Noise_Ocean_1920x1080_60fps,1920,1080,6,38,53.034988,56.465036,4654.312
Noise_Ocean_1920x1080_60fps,1920,1080,6,39,51.312848,54.763917,3726.96
Noise_Ocean_1920x1080_60fps,1920,1080,6,40,49.904725,53.066636,2966.56
Noise_Ocean_1920x1080_60fps,1920,1080,6,41,48.176103,51.277813,2220.632
Noise_Ocean_1920x1080_60fps,1920,1080,6,42,47.112553,49.706684,1688.544
Noise_Ocean_1920x1080_60fps,1920,1080,6,43,45.344216,47.770454,1228.312
Noise_Ocean_1920x1080_60fps,1920,1080,6,44,44.468991,46.429664,966.568
Noise_Ocean_1920x1080_60fps,1920,1080,6,45,43.422179,45.197946,765.008
Noise_Ocean_1920x1080_60fps,1920,1080,6,46,42.524492,44.194599,613.288
Noise_Ocean_1920x1080_60fps,1920,1080,6,47,41.868748,43.518372,537.088
Noise_Ocean_1920x1080_60fps,1920,1080,6,48,41.357437,42.830826,466.0
Noise_Ocean_1920x1080_60fps,1920,1080,6,49,40.805612,42.213531,405.0
Noise_Ocean_1920x1080_60fps,1920,1080,6,50,40.417086,41.821936,360.416
Noise_Ocean_1920x1080_60fps,1920,1080,6,51,40.145149,41.495435,324.496
Noise_Ocean_1920x1080_60fps,1920,1080,6,52,39.677899,41.176979,295.912
Noise_Ocean_1920x1080_60fps,1920,1080,6,53,39.326347,40.841098,278.888
Noise_Ocean_1920x1080_60fps,1920,1080,6,54,38.955524,40.456172,257.496
Noise_Ocean_1920x1080_60fps,1920,1080,6,55,38.314595,39.8677,241.28
Noise_Ocean_1920x1080_60fps,1920,1080,6,56,37.528399,39.54138,220.48
Noise_Ocean_1920x1080_60fps,1920,1080,6,58,36.061101,38.054459,188.152
Noise_Ocean_1920x1080_60fps,1920,1080,6,60,34.926779,37.085547,156.616
Noise_Ocean_1920x1080_60fps,1920,1080,6,63,29.378782,32.258525,101.136
Noise_Ocean_1920x1080_60fps,1920,1080,7,20,77.28901,78.741828,41228.088
Noise_Ocean_1920x1080_60fps,1920,1080,7,24,73.210633,75.308959,28572.328
Noise_Ocean_1920x1080_60fps,1920,1080,7,27,68.911427,71.710199,19609.128
Noise_Ocean_1920x1080_60fps,1920,1080,7,28,67.37404,70.502189,17400.408
Noise_Ocean_1920x1080_60fps,1920,1080,7,29,65.93457,69.123312,15396.952
Noise_Ocean_1920x1080_60fps,1920,1080,7,30,65.429219,68.67499,14799.576
Noise_Ocean_1920x1080_60fps,1920,1080,7,31,64.867862,68.316515,14713.464
Noise_Ocean_1920x1080_60fps,1920,1080,7,32,63.23251,66.700685,13121.16
Noise_Ocean_1920x1080_60fps,1920,1080,7,33,61.782995,65.281343,11732.752
Noise_Ocean_1920x1080_60fps,1920,1080,7,34,60.143456,63.768695,10264.16
Noise_Ocean_1920x1080_60fps,1920,1080,7,35,58.225264,61.851827,8526.496
Noise_Ocean_1920x1080_60fps,1920,1080,7,36,56.366944,60.103158,7086.64
Noise_Ocean_1920x1080_60fps,1920,1080,7,37,54.6331,58.26346,5829.12
Noise_Ocean_1920x1080_60fps,1920,1080,7,38,52.999867,56.533725,4780.6
Noise_Ocean_1920x1080_60fps,1920,1080,7,39,51.424076,54.847893,3852.04
Noise_Ocean_1920x1080_60fps,1920,1080,7,40,49.883482,53.129833,3074.048
Noise_Ocean_1920x1080_60fps,1920,1080,7,41,48.064241,51.273717,2327.232
Noise_Ocean_1920x1080_60fps,1920,1080,7,42,46.936876,49.699335,1763.168
Noise_Ocean_1920x1080_60fps,1920,1080,7,43,45.353356,47.79739,1289.776
Noise_Ocean_1920x1080_60fps,1920,1080,7,44,44.252319,46.292386,1005.424
Noise_Ocean_1920x1080_60fps,1920,1080,7,45,43.13622,45.139357,795.16
Noise_Ocean_1920x1080_60fps,1920,1080,7,46,42.378809,44.109558,641.48
Noise_Ocean_1920x1080_60fps,1920,1080,7,47,41.379491,43.379338,570.152
Noise_Ocean_1920x1080_60fps,1920,1080,7,48,40.996678,42.689598,482.352
Noise_Ocean_1920x1080_60fps,1920,1080,7,49,40.516321,42.029331,411.504
Noise_Ocean_1920x1080_60fps,1920,1080,7,50,40.175807,41.619382,361.848
Noise_Ocean_1920x1080_60fps,1920,1080,7,51,39.651738,41.066903,327.32
Noise_Ocean_1920x1080_60fps,1920,1080,7,52,39.199471,40.482235,292.824
Noise_Ocean_1920x1080_60fps,1920,1080,7,53,38.720283,40.113461,270.704
Noise_Ocean_1920x1080_60fps,1920,1080,7,54,38.763533,39.925086,253.744
Noise_Ocean_1920x1080_60fps,1920,1080,7,55,37.863898,39.512887,232.192
Noise_Ocean_1920x1080_60fps,1920,1080,7,56,37.521315,38.911217,217.664
Noise_Ocean_1920x1080_60fps,1920,1080,7,58,36.189754,37.735605,186.944
Noise_Ocean_1920x1080_60fps,1920,1080,7,60,33.895391,36.087778,155.304
Noise_Ocean_1920x1080_60fps,1920,1080,7,63,29.055151,32.011129,100.736
Noise_Ocean_1920x1080_60fps,1920,1080,8,20,77.922119,79.680335,46905.552
Noise_Ocean_1920x1080_60fps,1920,1080,8,24,73.997787,76.424464,32909.288
Noise_Ocean_1920x1080_60fps,1920,1080,8,27,69.539629,72.610119,22524.368
Noise_Ocean_1920x1080_60fps,1920,1080,8,28,68.054578,71.270631,19846.568
Noise_Ocean_1920x1080_60fps,1920,1080,8,29,66.622444,69.992453,17498.504
Noise_Ocean_1920x1080_60fps,1920,1080,8,30,65.653985,69.198616,16291.52
Noise_Ocean_1920x1080_60fps,1920,1080,8,31,64.618404,68.537442,15498.704
Noise_Ocean_1920x1080_60fps,1920,1080,8,32,63.273685,67.261946,13847.024
Noise_Ocean_1920x1080_60fps,1920,1080,8,33,61.683659,65.880903,12268.648
Noise_Ocean_1920x1080_60fps,1920,1080,8,34,60.30271,64.496868,10715.176
Noise_Ocean_1920x1080_60fps,1920,1080,8,35,58.457163,62.656066,9034.872
Noise_Ocean_1920x1080_60fps,1920,1080,8,36,56.356949,60.817835,7485.664
Noise_Ocean_1920x1080_60fps,1920,1080,8,37,54.678742,58.990039,6193.68
Noise_Ocean_1920x1080_60fps,1920,1080,8,38,53.037383,57.226067,5111.392
Noise_Ocean_1920x1080_60fps,1920,1080,8,39,51.265156,55.520638,4129.112
Noise_Ocean_1920x1080_60fps,1920,1080,8,40,50.191497,54.505995,3567.152
Noise_Ocean_1920x1080_60fps,1920,1080,8,41,48.186426,52.47451,2696.088
Noise_Ocean_1920x1080_60fps,1920,1080,8,42,46.637884,50.682711,2045.192
Noise_Ocean_1920x1080_60fps,1920,1080,8,43,45.136455,48.752884,1510.792
Noise_Ocean_1920x1080_60fps,1920,1080,8,44,43.877949,47.032659,1182.384
Noise_Ocean_1920x1080_60fps,1920,1080,8,45,42.393883,45.617575,943.584
Noise_Ocean_1920x1080_60fps,1920,1080,8,46,41.744932,44.445164,761.648
Noise_Ocean_1920x1080_60fps,1920,1080,8,47,41.005061,43.790284,674.064
Noise_Ocean_1920x1080_60fps,1920,1080,8,48,40.169619,42.686753,556.928
Noise_Ocean_1920x1080_60fps,1920,1080,8,49,39.641363,42.120062,480.896
Noise_Ocean_1920x1080_60fps,1920,1080,8,50,39.166429,41.720911,429.576
Noise_Ocean_1920x1080_60fps,1920,1080,8,51,38.877472,41.194499,386.664
Noise_Ocean_1920x1080_60fps,1920,1080,8,52,38.14685,40.64545,343.272
Noise_Ocean_1920x1080_60fps,1920,1080,8,53,38.172288,40.300401,314.464
Noise_Ocean_1920x1080_60fps,1920,1080,8,54,37.797184,39.919685,285.872
Noise_Ocean_1920x1080_60fps,1920,1080,8,55,36.882288,39.386126,251.384
Noise_Ocean_1920x1080_60fps,1920,1080,8,56,36.146031,38.83519,230.984
Noise_Ocean_1920x1080_60fps,1920,1080,8,58,34.764916,37.773036,192.856
Noise_Ocean_1920x1080_60fps,1920,1080,8,60,33.598404,36.156476,159.056
Noise_Ocean_1920x1080_60fps,1920,1080,8,63,28.428826,32.331726,104.968
Noise_Ocean_1920x1080_60fps,1920,1080,9,20,74.14884,77.344484,37779.256
Noise_Ocean_1920x1080_60fps,1920,1080,9,24,72.087042,75.870119,30768.528
Noise_Ocean_1920x1080_60fps,1920,1080,9,27,68.144556,72.505275,21545.784
Noise_Ocean_1920x1080_60fps,1920,1080,9,28,66.780806,71.266462,19204.72
Noise_Ocean_1920x1080_60fps,1920,1080,9,29,65.088515,69.99241,17107.808
Noise_Ocean_1920x1080_60fps,1920,1080,9,30,63.390472,68.455849,15057.64
Noise_Ocean_1920x1080_60fps,1920,1080,9,31,60.995185,66.34921,12560.808
Noise_Ocean_1920x1080_60fps,1920,1080,9,32,59.140044,64.568615,10689.52
Noise_Ocean_1920x1080_60fps,1920,1080,9,33,57.40943,62.803006,8980.912
Noise_Ocean_1920x1080_60fps,1920,1080,9,34,55.67195,60.916729,7535.4
Noise_Ocean_1920x1080_60fps,1920,1080,9,35,53.618613,58.690742,6042.2
Noise_Ocean_1920x1080_60fps,1920,1080,9,36,51.387279,56.286891,4770.88
Noise_Ocean_1920x1080_60fps,1920,1080,9,37,49.762842,54.25331,3813.376
Noise_Ocean_1920x1080_60fps,1920,1080,9,38,48.300905,52.504105,3074.024
Noise_Ocean_1920x1080_60fps,1920,1080,9,39,46.894846,50.958542,2445.552
Noise_Ocean_1920x1080_60fps,1920,1080,9,40,45.44516,49.511614,1896.768
Noise_Ocean_1920x1080_60fps,1920,1080,9,41,44.354303,47.945959,1451.256
Noise_Ocean_1920x1080_60fps,1920,1080,9,42,43.69503,46.856989,1162.376
Noise_Ocean_1920x1080_60fps,1920,1080,9,43,42.466025,45.51544,911.248
Noise_Ocean_1920x1080_60fps,1920,1080,9,44,41.751121,44.709878,765.072
Noise_Ocean_1920x1080_60fps,1920,1080,9,45,40.993842,43.678104,636.168
Noise_Ocean_1920x1080_60fps,1920,1080,9,46,40.106713,42.782775,526.2
Noise_Ocean_1920x1080_60fps,1920,1080,9,47,39.45276,42.394676,467.288
Noise_Ocean_1920x1080_60fps,1920,1080,9,48,38.991571,41.584572,408.896
Noise_Ocean_1920x1080_60fps,1920,1080,9,49,38.726279,41.119447,355.624
Noise_Ocean_1920x1080_60fps,1920,1080,9,50,38.463738,40.744611,325.648
Noise_Ocean_1920x1080_60fps,1920,1080,9,51,37.817257,40.385248,300.896
Noise_Ocean_1920x1080_60fps,1920,1080,9,52,37.363692,39.90565,270.048
Noise_Ocean_1920x1080_60fps,1920,1080,9,53,37.234294,39.851653,251.872
Noise_Ocean_1920x1080_60fps,1920,1080,9,54,36.812356,39.321508,239.32
Noise_Ocean_1920x1080_60fps,1920,1080,9,55,35.719324,38.386246,219.12
Noise_Ocean_1920x1080_60fps,1920,1080,9,56,35.068004,38.047689,197.264
Noise_Ocean_1920x1080_60fps,1920,1080,9,58,33.99581,36.763719,166.896
Noise_Ocean_1920x1080_60fps,1920,1080,9,60,31.808752,35.214976,142.352
Noise_Ocean_1920x1080_60fps,1920,1080,9,63,27.585709,31.462622,88.088
Noise_Ocean_1920x1080_60fps,1920,1080,10,20,70.949438,74.782999,36305.792
Noise_Ocean_1920x1080_60fps,1920,1080,10,24,67.371204,71.799797,26885.272
Noise_Ocean_1920x1080_60fps,1920,1080,10,27,63.023324,68.209269,18334.56
Noise_Ocean_1920x1080_60fps,1920,1080,10,28,61.623071,66.966791,16263.488
Noise_Ocean_1920x1080_60fps,1920,1080,10,29,60.134937,65.74098,14404.896
Noise_Ocean_1920x1080_60fps,1920,1080,10,30,58.751202,64.34188,12666.928
Noise_Ocean_1920x1080_60fps,1920,1080,10,31,56.862941,62.239966,10452.176
Noise_Ocean_1920x1080_60fps,1920,1080,10,32,55.218578,60.65784,8867.568
Noise_Ocean_1920x1080_60fps,1920,1080,10,33,53.616812,58.628166,7554.04
Noise_Ocean_1920x1080_60fps,1920,1080,10,34,52.0941,57.073642,6489.208
Noise_Ocean_1920x1080_60fps,1920,1080,10,35,50.25713,55.054052,5362.968
Noise_Ocean_1920x1080_60fps,1920,1080,10,36,48.525306,52.890393,4381.632
Noise_Ocean_1920x1080_60fps,1920,1080,10,37,47.254618,51.521771,3647.208
Noise_Ocean_1920x1080_60fps,1920,1080,10,38,45.842924,50.107909,3004.984
Noise_Ocean_1920x1080_60fps,1920,1080,10,39,44.946089,49.087106,2514.952
Noise_Ocean_1920x1080_60fps,1920,1080,10,40,43.563303,48.060178,2087.096
Noise_Ocean_1920x1080_60fps,1920,1080,10,41,42.997999,46.923701,1660.688
Noise_Ocean_1920x1080_60fps,1920,1080,10,42,42.202813,46.091779,1369.504
Noise_Ocean_1920x1080_60fps,1920,1080,10,43,41.30564,45.00987,1101.32
Noise_Ocean_1920x1080_60fps,1920,1080,10,44,40.871188,44.343272,925.264
Noise_Ocean_1920x1080_60fps,1920,1080,10,45,39.699256,43.549809,734.024
Noise_Ocean_1920x1080_60fps,1920,1080,10,46,39.321507,42.588415,587.4
Noise_Ocean_1920x1080_60fps,1920,1080,10,47,38.789635,42.115899,507.928
Noise_Ocean_1920x1080_60fps,1920,1080,10,48,38.063652,41.354756,422.904
Noise_Ocean_1920x1080_60fps,1920,1080,10,49,37.806391,40.686263,368.888
Noise_Ocean_1920x1080_60fps,1920,1080,10,50,37.484892,40.291521,325.784
Noise_Ocean_1920x1080_60fps,1920,1080,10,51,36.632607,39.636119,294.808
Noise_Ocean_1920x1080_60fps,1920,1080,10,52,36.603266,39.383453,264.64
Noise_Ocean_1920x1080_60fps,1920,1080,10,53,36.530173,39.166961,249.256
Noise_Ocean_1920x1080_60fps,1920,1080,10,54,35.65585,38.457524,226.992
Noise_Ocean_1920x1080_60fps,1920,1080,10,55,35.44901,38.129504,211.896
Noise_Ocean_1920x1080_60fps,1920,1080,10,56,34.576503,37.57866,196.472
Noise_Ocean_1920x1080_60fps,1920,1080,10,58,33.43336,36.194498,166.48
Noise_Ocean_1920x1080_60fps,1920,1080,10,60,31.629384,34.912163,139.448
Noise_Ocean_1920x1080_60fps,1920,1080,10,63,26.504645,31.766286,96.6
Noise_Soccer_1920x1080_50fps,1920,1080,4,20,98.674735,98.779982,504250.928
Noise_Soccer_1920x1080_50fps,1920,1080,4,24,97.541398,97.789222,425845.704
Noise_Soccer_1920x1080_50fps,1920,1080,4,27,95.845144,96.044052,339355.664
Noise_Soccer_1920x1080_50fps,1920,1080,4,28,95.2736,95.484029,313365.048
Noise_Soccer_1920x1080_50fps,1920,1080,4,29,94.728484,94.867373,287652.512
Noise_Soccer_1920x1080_50fps,1920,1080,4,30,94.17101,94.205753,262098.944
Noise_Soccer_1920x1080_50fps,1920,1080,4,31,93.41694,93.330181,230665.368
Noise_Soccer_1920x1080_50fps,1920,1080,4,32,92.755339,92.328452,194284.656
Noise_Soccer_1920x1080_50fps,1920,1080,4,33,92.172428,91.51859,166140.864
Noise_Soccer_1920x1080_50fps,1920,1080,4,34,91.634297,90.767715,140002.2
Noise_Soccer_1920x1080_50fps,1920,1080,4,35,91.119313,89.86939,111441.84
Noise_Soccer_1920x1080_50fps,1920,1080,4,36,90.608858,88.976546,84891.88
Noise_Soccer_1920x1080_50fps,1920,1080,4,37,89.995397,88.215988,67082.304
Noise_Soccer_1920x1080_50fps,1920,1080,4,38,89.649586,87.368126,42867.576
Noise_Soccer_1920x1080_50fps,1920,1080,4,39,89.294398,86.753124,32268.968
Noise_Soccer_1920x1080_50fps,1920,1080,4,40,89.155401,86.443108,25239.544
Noise_Soccer_1920x1080_50fps,1920,1080,4,41,88.885853,85.874678,20840.192
Noise_Soccer_1920x1080_50fps,1920,1080,4,42,88.553204,85.381682,17815.184
Noise_Soccer_1920x1080_50fps,1920,1080,4,43,88.053416,84.815742,15177.104
Noise_Soccer_1920x1080_50fps,1920,1080,4,44,87.669777,84.146464,13082.792
Noise_Soccer_1920x1080_50fps,1920,1080,4,45,87.215274,83.53736,11435.64
Noise_Soccer_1920x1080_50fps,1920,1080,4,46,86.565486,82.970349,10095.376
Noise_Soccer_1920x1080_50fps,1920,1080,4,47,86.254634,82.359193,9221.672
Noise_Soccer_1920x1080_50fps,1920,1080,4,48,85.620922,81.691722,8169.128
Noise_Soccer_1920x1080_50fps,1920,1080,4,49,85.205504,81.176979,7280.688
Noise_Soccer_1920x1080_50fps,1920,1080,4,50,84.647802,80.629753,6625.352
Noise_Soccer_1920x1080_50fps,1920,1080,4,51,83.803804,79.98412,5992.152
Noise_Soccer_1920x1080_50fps,1920,1080,4,52,83.150439,79.086423,5324.024
Noise_Soccer_1920x1080_50fps,1920,1080,4,53,82.526094,78.54617,4946.6
Noise_Soccer_1920x1080_50fps,1920,1080,4,54,81.602871,77.73776,4474.832
Noise_Soccer_1920x1080_50fps,1920,1080,4,55,80.715803,76.825453,4032.096
Noise_Soccer_1920x1080_50fps,1920,1080,4,56,79.617427,75.895343,3588.64
Noise_Soccer_1920x1080_50fps,1920,1080,4,58,77.142002,73.84019,3044.192
Noise_Soccer_1920x1080_50fps,1920,1080,4,60,73.16983,70.585874,2306.416
Noise_Soccer_1920x1080_50fps,1920,1080,4,63,57.355068,58.494371,1096.448
Noise_Soccer_1920x1080_50fps,1920,1080,5,20,98.529372,98.722478,517657.848
Noise_Soccer_1920x1080_50fps,1920,1080,5,24,97.39498,97.690557,435678.992
Noise_Soccer_1920x1080_50fps,1920,1080,5,27,95.745676,95.992238,348128.696
Noise_Soccer_1920x1080_50fps,1920,1080,5,28,95.243302,95.40876,321968.648
Noise_Soccer_1920x1080_50fps,1920,1080,5,29,94.643429,94.735532,294378.152
Noise_Soccer_1920x1080_50fps,1920,1080,5,30,94.081797,94.076106,269099.576
Noise_Soccer_1920x1080_50fps,1920,1080,5,31,93.346079,93.192193,235528.72
Noise_Soccer_1920x1080_50fps,1920,1080,5,32,92.618252,92.202581,200397.576
Noise_Soccer_1920x1080_50fps,1920,1080,5,33,92.032344,91.364439,168698.88
Noise_Soccer_1920x1080_50fps,1920,1080,5,34,91.514468,90.620653,142216.416
Noise_Soccer_1920x1080_50fps,1920,1080,5,35,90.982512,89.705477,113657.424
Noise_Soccer_1920x1080_50fps,1920,1080,5,36,90.458524,88.796254,87854.752
Noise_Soccer_1920x1080_50fps,1920,1080,5,37,89.971554,87.940461,65973.928
Noise_Soccer_1920x1080_50fps,1920,1080,5,38,89.433171,87.001546,46058.544
Noise_Soccer_1920x1080_50fps,1920,1080,5,39,89.057653,86.339604,33320.072
Noise_Soccer_1920x1080_50fps,1920,1080,5,40,88.840914,85.889778,24869.8
Noise_Soccer_1920x1080_50fps,1920,1080,5,41,88.422166,85.265179,19922.08
Noise_Soccer_1920x1080_50fps,1920,1080,5,42,87.944183,84.667683,16805.504
Noise_Soccer_1920x1080_50fps,1920,1080,5,43,87.315262,83.965526,14388.112
Noise_Soccer_1920x1080_50fps,1920,1080,5,44,86.801114,83.313739,12564.912
Noise_Soccer_1920x1080_50fps,1920,1080,5,45,86.253815,82.698843,11167.992
Noise_Soccer_1920x1080_50fps,1920,1080,5,46,85.642253,82.037255,9758.64
Noise_Soccer_1920x1080_50fps,1920,1080,5,47,85.194275,81.390601,8809.672
Noise_Soccer_1920x1080_50fps,1920,1080,5,48,84.549916,80.579003,7845.656
Noise_Soccer_1920x1080_50fps,1920,1080,5,49,83.794086,79.96389,6950.552
Noise_Soccer_1920x1080_50fps,1920,1080,5,50,82.929528,79.225083,6271.456
Noise_Soccer_1920x1080_50fps,1920,1080,5,51,82.188652,78.49533,5657.536
Noise_Soccer_1920x1080_50fps,1920,1080,5,52,81.366382,77.561614,5026.144
Noise_Soccer_1920x1080_50fps,1920,1080,5,53,80.501854,76.722905,4648.744
Noise_Soccer_1920x1080_50fps,1920,1080,5,54,79.564216,76.021632,4175.816
Noise_Soccer_1920x1080_50fps,1920,1080,5,55,78.637296,74.995003,3730.84
Noise_Soccer_1920x1080_50fps,1920,1080,5,56,76.761475,73.478096,3259.168
Noise_Soccer_1920x1080_50fps,1920,1080,5,58,76.117729,73.31305,3016.328
Noise_Soccer_1920x1080_50fps,1920,1080,5,60,71.930409,70.108552,2287.896
Noise_Soccer_1920x1080_50fps,1920,1080,5,63,56.172444,57.789956,1089.4
Noise_Soccer_1920x1080_50fps,1920,1080,6,20,98.907857,98.975583,562936.496
Noise_Soccer_1920x1080_50fps,1920,1080,6,24,97.949749,98.211229,485462.328
Noise_Soccer_1920x1080_50fps,1920,1080,6,27,96.417746,96.750071,395481.496
Noise_Soccer_1920x1080_50fps,1920,1080,6,28,95.92414,96.181051,368552.36
Noise_Soccer_1920x1080_50fps,1920,1080,6,29,95.375861,95.60407,341907.888
Noise_Soccer_1920x1080_50fps,1920,1080,6,30,94.852962,95.045295,316427.824
Noise_Soccer_1920x1080_50fps,1920,1080,6,31,94.156633,94.205773,280724.224
Noise_Soccer_1920x1080_50fps,1920,1080,6,32,93.38391,93.180912,244432.768
Noise_Soccer_1920x1080_50fps,1920,1080,6,33,92.700685,92.28966,214190.0
Noise_Soccer_1920x1080_50fps,1920,1080,6,34,92.09785,91.510483,189686.312
Noise_Soccer_1920x1080_50fps,1920,1080,6,35,91.375535,90.438707,159101.104
Noise_Soccer_1920x1080_50fps,1920,1080,6,36,90.752248,89.52471,134042.376
Noise_Soccer_1920x1080_50fps,1920,1080,6,37,90.263252,88.764703,110622.216
Noise_Soccer_1920x1080_50fps,1920,1080,6,38,89.640146,87.811268,84272.424
Noise_Soccer_1920x1080_50fps,1920,1080,6,39,89.138307,86.972103,65561.904
Noise_Soccer_1920x1080_50fps,1920,1080,6,40,88.816744,86.220665,51169.76
Noise_Soccer_1920x1080_50fps,1920,1080,6,41,88.359582,85.374477,37983.76
Noise_Soccer_1920x1080_50fps,1920,1080,6,42,87.941007,84.825416,28805.976
Noise_Soccer_1920x1080_50fps,1920,1080,6,43,87.333167,84.133652,20790.472
Noise_Soccer_1920x1080_50fps,1920,1080,6,44,87.060516,83.594804,16926.912
Noise_Soccer_1920x1080_50fps,1920,1080,6,45,86.525135,82.90076,13726.248
Noise_Soccer_1920x1080_50fps,1920,1080,6,46,85.890464,82.245563,11780.912
Noise_Soccer_1920x1080_50fps,1920,1080,6,47,85.479983,81.711647,10754.064
Noise_Soccer_1920x1080_50fps,1920,1080,6,48,84.701733,80.859154,9344.288
Noise_Soccer_1920x1080_50fps,1920,1080,6,49,84.027693,80.272491,8358.448
Noise_Soccer_1920x1080_50fps,1920,1080,6,50,83.52252,79.745508,7520.872
Noise_Soccer_1920x1080_50fps,1920,1080,6,51,82.63448,78.950742,6598.064
Noise_Soccer_1920x1080_50fps,1920,1080,6,52,81.795232,77.978806,5854.888
Noise_Soccer_1920x1080_50fps,1920,1080,6,53,80.893045,77.171295,5308.968
Noise_Soccer_1920x1080_50fps,1920,1080,6,54,79.890797,76.346684,4658.96
Noise_Soccer_1920x1080_50fps,1920,1080,6,55,79.043776,75.093218,4129.648
Noise_Soccer_1920x1080_50fps,1920,1080,6,56,77.287434,74.079151,3614.184
Noise_Soccer_1920x1080_50fps,1920,1080,6,58,73.974464,70.99971,2756.4
Noise_Soccer_1920x1080_50fps,1920,1080,6,60,68.70489,67.025155,2058.32
Noise_Soccer_1920x1080_50fps,1920,1080,6,63,52.172722,54.625213,997.968
Noise_Soccer_1920x1080_50fps,1920,1080,7,20,98.96979,99.016314,566187.864
Noise_Soccer_1920x1080_50fps,1920,1080,7,24,97.97865,98.251149,488791.0
Noise_Soccer_1920x1080_50fps,1920,1080,7,27,96.475144,96.769947,399177.68
Noise_Soccer_1920x1080_50fps,1920,1080,7,28,95.903695,96.209051,372222.888
Noise_Soccer_1920x1080_50fps,1920,1080,7,29,95.420899,95.645953,346369.824
Noise_Soccer_1920x1080_50fps,1920,1080,7,30,94.875364,95.06891,321645.432
Noise_Soccer_1920x1080_50fps,1920,1080,7,31,94.190795,94.244839,287423.064
Noise_Soccer_1920x1080_50fps,1920,1080,7,32,93.380064,93.241042,250429.984
Noise_Soccer_1920x1080_50fps,1920,1080,7,33,92.670953,92.339042,219504.376
Noise_Soccer_1920x1080_50fps,1920,1080,7,34,92.053367,91.529763,193520.96
Noise_Soccer_1920x1080_50fps,1920,1080,7,35,91.335519,90.517198,165196.84
Noise_Soccer_1920x1080_50fps,1920,1080,7,36,90.692268,89.558725,138842.136
Noise_Soccer_1920x1080_50fps,1920,1080,7,37,90.212277,88.815203,114084.48
Noise_Soccer_1920x1080_50fps,1920,1080,7,38,89.607221,87.842125,87318.824
Noise_Soccer_1920x1080_50fps,1920,1080,7,39,89.05569,86.897944,67231.464
Noise_Soccer_1920x1080_50fps,1920,1080,7,40,88.676879,86.190656,54893.512
Noise_Soccer_1920x1080_50fps,1920,1080,7,41,88.171865,85.309584,41128.576
Noise_Soccer_1920x1080_50fps,1920,1080,7,42,87.581434,84.679847,33280.04
Noise_Soccer_1920x1080_50fps,1920,1080,7,43,87.186279,83.956918,24389.448
Noise_Soccer_1920x1080_50fps,1920,1080,7,44,86.791721,83.206627,18089.416
Noise_Soccer_1920x1080_50fps,1920,1080,7,45,86.304716,82.551576,14848.616
Noise_Soccer_1920x1080_50fps,1920,1080,7,46,85.608675,81.705735,12239.768
Noise_Soccer_1920x1080_50fps,1920,1080,7,47,85.058007,81.01133,10877.536
Noise_Soccer_1920x1080_50fps,1920,1080,7,48,84.299463,80.204413,9508.984
Noise_Soccer_1920x1080_50fps,1920,1080,7,49,83.413967,79.217836,8080.648
Noise_Soccer_1920x1080_50fps,1920,1080,7,50,82.676522,78.435743,7105.488
Noise_Soccer_1920x1080_50fps,1920,1080,7,51,81.875023,77.742479,6265.472
Noise_Soccer_1920x1080_50fps,1920,1080,7,52,81.074389,76.801264,5628.144
Noise_Soccer_1920x1080_50fps,1920,1080,7,53,80.211996,76.150009,5170.104
Noise_Soccer_1920x1080_50fps,1920,1080,7,54,79.193164,75.133632,4633.52
Noise_Soccer_1920x1080_50fps,1920,1080,7,55,78.004383,74.12843,4142.08
Noise_Soccer_1920x1080_50fps,1920,1080,7,56,76.218925,72.83191,3624.064
Noise_Soccer_1920x1080_50fps,1920,1080,7,58,71.962346,69.541522,2741.664
Noise_Soccer_1920x1080_50fps,1920,1080,7,60,66.913392,65.413383,2050.88
Noise_Soccer_1920x1080_50fps,1920,1080,7,63,50.640251,52.920791,993.52
Noise_Soccer_1920x1080_50fps,1920,1080,8,20,99.00003,99.041442,570368.992
Noise_Soccer_1920x1080_50fps,1920,1080,8,24,98.000372,98.221121,493801.112
Noise_Soccer_1920x1080_50fps,1920,1080,8,27,96.457573,96.760226,404860.048
Noise_Soccer_1920x1080_50fps,1920,1080,8,28,95.89001,96.172754,377893.368
Noise_Soccer_1920x1080_50fps,1920,1080,8,29,95.346001,95.612364,351443.176
Noise_Soccer_1920x1080_50fps,1920,1080,8,30,94.815967,94.996606,326003.048
Noise_Soccer_1920x1080_50fps,1920,1080,8,31,94.061179,94.186509,292411.456
Noise_Soccer_1920x1080_50fps,1920,1080,8,32,93.272652,93.166857,254530.344
Noise_Soccer_1920x1080_50fps,1920,1080,8,33,92.509114,92.269263,225148.88
Noise_Soccer_1920x1080_50fps,1920,1080,8,34,91.872322,91.453514,199513.152
Noise_Soccer_1920x1080_50fps,1920,1080,8,35,91.145385,90.42641,169179.464
Noise_Soccer_1920x1080_50fps,1920,1080,8,36,90.343498,89.432586,142387.0
Noise_Soccer_1920x1080_50fps,1920,1080,8,37,89.821395,88.685333,117168.344
Noise_Soccer_1920x1080_50fps,1920,1080,8,38,89.110922,87.594047,90273.032
Noise_Soccer_1920x1080_50fps,1920,1080,8,39,88.392348,86.61037,71231.232
Noise_Soccer_1920x1080_50fps,1920,1080,8,40,87.815799,85.800055,58392.392
Noise_Soccer_1920x1080_50fps,1920,1080,8,41,87.510328,84.899684,42083.112
Noise_Soccer_1920x1080_50fps,1920,1080,8,42,87.082036,84.248591,33992.168
Noise_Soccer_1920x1080_50fps,1920,1080,8,43,86.608225,83.473133,25050.176
Noise_Soccer_1920x1080_50fps,1920,1080,8,44,86.061946,82.776983,19366.536
Noise_Soccer_1920x1080_50fps,1920,1080,8,45,85.278121,82.009849,16129.264
Noise_Soccer_1920x1080_50fps,1920,1080,8,46,84.788146,81.194218,13751.808
Noise_Soccer_1920x1080_50fps,1920,1080,8,47,84.203697,80.452895,11775.208
Noise_Soccer_1920x1080_50fps,1920,1080,8,48,83.47188,79.668415,10314.472
Noise_Soccer_1920x1080_50fps,1920,1080,8,49,82.563646,78.714185,8871.688
Noise_Soccer_1920x1080_50fps,1920,1080,8,50,81.751554,77.839447,7823.096
Noise_Soccer_1920x1080_50fps,1920,1080,8,51,80.985603,77.103604,7077.56
Noise_Soccer_1920x1080_50fps,1920,1080,8,52,80.246851,76.394354,6425.672
Noise_Soccer_1920x1080_50fps,1920,1080,8,53,79.566321,75.57388,5722.264
Noise_Soccer_1920x1080_50fps,1920,1080,8,54,78.698863,74.662518,5171.032
Noise_Soccer_1920x1080_50fps,1920,1080,8,55,77.259754,73.415278,4608.664
Noise_Soccer_1920x1080_50fps,1920,1080,8,56,75.452479,71.982852,4060.984
Noise_Soccer_1920x1080_50fps,1920,1080,8,58,72.352413,69.079895,3216.768
Noise_Soccer_1920x1080_50fps,1920,1080,8,60,66.86925,64.862135,2395.92
Noise_Soccer_1920x1080_50fps,1920,1080,8,63,51.377347,52.10696,1127.864
Noise_Soccer_1920x1080_50fps,1920,1080,9,20,98.805425,98.905123,561844.136
Noise_Soccer_1920x1080_50fps,1920,1080,9,24,97.800181,98.056441,487616.584
Noise_Soccer_1920x1080_50fps,1920,1080,9,27,96.413686,96.713656,406600.648
Noise_Soccer_1920x1080_50fps,1920,1080,9,28,95.853747,96.170235,379197.64
Noise_Soccer_1920x1080_50fps,1920,1080,9,29,95.317658,95.617961,352642.568
Noise_Soccer_1920x1080_50fps,1920,1080,9,30,94.762426,95.037533,325205.912
Noise_Soccer_1920x1080_50fps,1920,1080,9,31,93.928556,94.167636,288480.464
Noise_Soccer_1920x1080_50fps,1920,1080,9,32,93.239349,93.287304,256252.28
Noise_Soccer_1920x1080_50fps,1920,1080,9,33,92.532027,92.393488,224891.48
Noise_Soccer_1920x1080_50fps,1920,1080,9,34,91.807608,91.490611,197265.456
Noise_Soccer_1920x1080_50fps,1920,1080,9,35,91.079258,90.512658,168774.688
Noise_Soccer_1920x1080_50fps,1920,1080,9,36,90.307716,89.466559,142332.504
Noise_Soccer_1920x1080_50fps,1920,1080,9,37,89.513896,88.434732,116257.744
Noise_Soccer_1920x1080_50fps,1920,1080,9,38,88.641624,87.239315,92163.304
Noise_Soccer_1920x1080_50fps,1920,1080,9,39,87.871802,86.173107,73597.8
Noise_Soccer_1920x1080_50fps,1920,1080,9,40,87.246592,85.185213,58136.64
Noise_Soccer_1920x1080_50fps,1920,1080,9,41,86.766853,84.247498,41481.432
Noise_Soccer_1920x1080_50fps,1920,1080,9,42,86.207229,83.3623,33521.568
Noise_Soccer_1920x1080_50fps,1920,1080,9,43,85.604375,82.560593,26513.16
Noise_Soccer_1920x1080_50fps,1920,1080,9,44,84.894559,81.74085,21802.632
Noise_Soccer_1920x1080_50fps,1920,1080,9,45,84.088193,80.632936,17836.912
Noise_Soccer_1920x1080_50fps,1920,1080,9,46,83.093351,79.60174,14285.944
Noise_Soccer_1920x1080_50fps,1920,1080,9,47,82.366475,78.721165,12315.096
Noise_Soccer_1920x1080_50fps,1920,1080,9,48,81.516133,77.685602,9715.464
Noise_Soccer_1920x1080_50fps,1920,1080,9,49,80.607066,76.820865,8273.624
Noise_Soccer_1920x1080_50fps,1920,1080,9,50,79.681939,75.718899,7263.36
Noise_Soccer_1920x1080_50fps,1920,1080,9,51,78.906687,75.1513,6656.44
Noise_Soccer_1920x1080_50fps,1920,1080,9,52,77.627292,74.001313,5810.76
Noise_Soccer_1920x1080_50fps,1920,1080,9,53,76.738537,72.706902,5098.032
Noise_Soccer_1920x1080_50fps,1920,1080,9,54,75.831109,71.97747,4607.672
Noise_Soccer_1920x1080_50fps,1920,1080,9,55,74.398439,70.620596,4011.288
Noise_Soccer_1920x1080_50fps,1920,1080,9,56,72.58588,69.210348,3601.488
Noise_Soccer_1920x1080_50fps,1920,1080,9,58,68.697622,65.693171,2717.048
Noise_Soccer_1920x1080_50fps,1920,1080,9,60,63.045004,61.396172,1999.616
Noise_Soccer_1920x1080_50fps,1920,1080,9,63,44.447125,46.857484,878.216
Noise_Soccer_1920x1080_50fps,1920,1080,10,20,98.55412,98.419087,543195.384
Noise_Soccer_1920x1080_50fps,1920,1080,10,24,97.630247,97.616063,472684.896
Noise_Soccer_1920x1080_50fps,1920,1080,10,27,96.259544,96.252647,393333.12
Noise_Soccer_1920x1080_50fps,1920,1080,10,28,95.74764,95.713355,366490.256
Noise_Soccer_1920x1080_50fps,1920,1080,10,29,95.223982,95.139271,340310.936
Noise_Soccer_1920x1080_50fps,1920,1080,10,30,94.729408,94.647971,317896.128
Noise_Soccer_1920x1080_50fps,1920,1080,10,31,93.89532,93.792191,281656.752
Noise_Soccer_1920x1080_50fps,1920,1080,10,32,93.222655,92.957887,249737.624
Noise_Soccer_1920x1080_50fps,1920,1080,10,33,92.62652,92.333853,226088.664
Noise_Soccer_1920x1080_50fps,1920,1080,10,34,91.926095,91.474022,199493.752
Noise_Soccer_1920x1080_50fps,1920,1080,10,35,91.112515,90.46157,172638.992
Noise_Soccer_1920x1080_50fps,1920,1080,10,36,90.296289,89.256177,142271.304
Noise_Soccer_1920x1080_50fps,1920,1080,10,37,89.311373,87.940527,111205.936
Noise_Soccer_1920x1080_50fps,1920,1080,10,38,88.490603,86.807258,92196.104
Noise_Soccer_1920x1080_50fps,1920,1080,10,39,87.652177,85.64913,76735.864
Noise_Soccer_1920x1080_50fps,1920,1080,10,40,86.961687,84.503705,62879.024
Noise_Soccer_1920x1080_50fps,1920,1080,10,41,86.30694,83.19691,41704.832
Noise_Soccer_1920x1080_50fps,1920,1080,10,42,85.517935,82.110284,34451.176
Noise_Soccer_1920x1080_50fps,1920,1080,10,43,84.624105,81.064791,28155.624
Noise_Soccer_1920x1080_50fps,1920,1080,10,44,83.890369,80.044601,23430.952
Noise_Soccer_1920x1080_50fps,1920,1080,10,45,83.117804,79.228608,19392.592
Noise_Soccer_1920x1080_50fps,1920,1080,10,46,82.515052,78.28067,13815.728
Noise_Soccer_1920x1080_50fps,1920,1080,10,47,81.738206,77.420571,11742.76
Noise_Soccer_1920x1080_50fps,1920,1080,10,48,80.934781,76.469573,10033.592
Noise_Soccer_1920x1080_50fps,1920,1080,10,49,80.035236,75.718002,8674.824
Noise_Soccer_1920x1080_50fps,1920,1080,10,50,79.16868,74.830185,7668.896
Noise_Soccer_1920x1080_50fps,1920,1080,10,51,78.202964,73.919129,6783.664
Noise_Soccer_1920x1080_50fps,1920,1080,10,52,77.184167,73.005079,6043.352
Noise_Soccer_1920x1080_50fps,1920,1080,10,53,76.282217,71.998269,5357.256
Noise_Soccer_1920x1080_50fps,1920,1080,10,54,75.143046,70.948354,4731.672
Noise_Soccer_1920x1080_50fps,1920,1080,10,55,73.776489,69.693335,4162.376
Noise_Soccer_1920x1080_50fps,1920,1080,10,56,71.879647,68.236749,3668.464
Noise_Soccer_1920x1080_50fps,1920,1080,10,58,67.638726,64.708097,2755.112
Noise_Soccer_1920x1080_50fps,1920,1080,10,60,61.927465,60.279607,2001.36
Noise_Soccer_1920x1080_50fps,1920,1080,10,63,42.897574,45.713333,886.512
Shaky_Baseball_3840x2160_5994fps,3840,2160,4,20,96.789411,99.791397,81766.04
Shaky_Baseball_3840x2160_5994fps,3840,2160,4,24,95.796946,99.700355,62173.856
Shaky_Baseball_3840x2160_5994fps,3840,2160,4,27,94.771311,99.556038,47040.552
Shaky_Baseball_3840x2160_5994fps,3840,2160,4,28,94.459241,99.480325,43684.992
Shaky_Baseball_3840x2160_5994fps,3840,2160,4,29,94.181646,99.417738,40749.424
Shaky_Baseball_3840x2160_5994fps,3840,2160,4,30,93.947573,99.335733,37959.32
Shaky_Baseball_3840x2160_5994fps,3840,2160,4,31,93.605316,99.244518,35097.904
Shaky_Baseball_3840x2160_5994fps,3840,2160,4,32,93.214265,99.104652,32121.832
Shaky_Baseball_3840x2160_5994fps,3840,2160,4,33,92.919533,98.971482,30100.736
Shaky_Baseball_3840x2160_5994fps,3840,2160,4,34,92.615485,98.840105,28255.152
Shaky_Baseball_3840x2160_5994fps,3840,2160,4,35,92.300799,98.672952,26195.84
Shaky_Baseball_3840x2160_5994fps,3840,2160,4,36,91.948334,98.492214,24367.336
Shaky_Baseball_3840x2160_5994fps,3840,2160,4,37,91.646663,98.317654,22864.728
Shaky_Baseball_3840x2160_5994fps,3840,2160,4,38,91.303316,98.08848,21531.136
Shaky_Baseball_3840x2160_5994fps,3840,2160,4,39,90.934203,97.861883,19946.808
Shaky_Baseball_3840x2160_5994fps,3840,2160,4,40,90.641701,97.609203,18763.248
Shaky_Baseball_3840x2160_5994fps,3840,2160,4,41,90.288645,97.302931,17652.464
Shaky_Baseball_3840x2160_5994fps,3840,2160,4,42,89.924758,96.992298,16644.968
Shaky_Baseball_3840x2160_5994fps,3840,2160,4,43,89.502162,96.623341,15508.112
Shaky_Baseball_3840x2160_5994fps,3840,2160,4,44,89.642587,96.440123,14667.36
Shaky_Baseball_3840x2160_5994fps,3840,2160,4,45,89.22309,95.964101,13824.144
Shaky_Baseball_3840x2160_5994fps,3840,2160,4,46,88.842476,95.511376,13142.6
Shaky_Baseball_3840x2160_5994fps,3840,2160,4,47,88.487441,95.082639,12591.896
Shaky_Baseball_3840x2160_5994fps,3840,2160,4,48,87.995508,94.455469,11868.16
Shaky_Baseball_3840x2160_5994fps,3840,2160,4,49,87.529044,93.802619,11272.432
Shaky_Baseball_3840x2160_5994fps,3840,2160,4,50,87.1099,93.197197,10720.056
Shaky_Baseball_3840x2160_5994fps,3840,2160,4,51,86.558271,92.420052,10148.648
Shaky_Baseball_3840x2160_5994fps,3840,2160,4,52,85.964442,91.681213,9637.824
Shaky_Baseball_3840x2160_5994fps,3840,2160,4,53,85.317943,90.932552,9194.648
Shaky_Baseball_3840x2160_5994fps,3840,2160,4,54,84.736092,90.03002,8668.696
Shaky_Baseball_3840x2160_5994fps,3840,2160,4,55,83.95938,89.084625,8155.92
Shaky_Baseball_3840x2160_5994fps,3840,2160,4,56,82.91292,87.800962,7567.384
Shaky_Baseball_3840x2160_5994fps,3840,2160,4,58,81.246989,85.886643,6368.472
Shaky_Baseball_3840x2160_5994fps,3840,2160,4,60,78.441669,82.51796,5205.608
Shaky_Baseball_3840x2160_5994fps,3840,2160,4,63,67.682318,70.223758,3006.456
Shaky_Baseball_3840x2160_5994fps,3840,2160,5,20,96.788785,99.768744,82061.336
Shaky_Baseball_3840x2160_5994fps,3840,2160,5,24,95.889064,99.691416,62301.528
Shaky_Baseball_3840x2160_5994fps,3840,2160,5,27,94.997473,99.551963,47537.768
Shaky_Baseball_3840x2160_5994fps,3840,2160,5,28,94.709715,99.480775,44341.088
Shaky_Baseball_3840x2160_5994fps,3840,2160,5,29,94.4437,99.409475,41323.184
Shaky_Baseball_3840x2160_5994fps,3840,2160,5,30,94.175227,99.326593,38626.08
Shaky_Baseball_3840x2160_5994fps,3840,2160,5,31,93.846844,99.220883,35717.296
Shaky_Baseball_3840x2160_5994fps,3840,2160,5,32,93.406403,99.06613,32666.592
Shaky_Baseball_3840x2160_5994fps,3840,2160,5,33,93.100349,98.9448,30481.736
Shaky_Baseball_3840x2160_5994fps,3840,2160,5,34,92.779978,98.809449,28589.248
Shaky_Baseball_3840x2160_5994fps,3840,2160,5,35,92.418381,98.616387,26604.248
Shaky_Baseball_3840x2160_5994fps,3840,2160,5,36,92.035471,98.416892,24730.432
Shaky_Baseball_3840x2160_5994fps,3840,2160,5,37,91.699511,98.198751,23254.32
Shaky_Baseball_3840x2160_5994fps,3840,2160,5,38,91.415205,97.979447,21980.52
Shaky_Baseball_3840x2160_5994fps,3840,2160,5,39,91.012486,97.725134,20319.016
Shaky_Baseball_3840x2160_5994fps,3840,2160,5,40,90.638497,97.469664,19083.256
Shaky_Baseball_3840x2160_5994fps,3840,2160,5,41,90.297865,97.137301,17932.328
Shaky_Baseball_3840x2160_5994fps,3840,2160,5,42,89.923777,96.832072,16969.784
Shaky_Baseball_3840x2160_5994fps,3840,2160,5,43,89.629966,96.509094,15741.68
Shaky_Baseball_3840x2160_5994fps,3840,2160,5,44,89.449127,96.192271,14902.248
Shaky_Baseball_3840x2160_5994fps,3840,2160,5,45,88.723831,95.591379,14145.12
Shaky_Baseball_3840x2160_5994fps,3840,2160,5,46,88.765168,95.245718,13291.744
Shaky_Baseball_3840x2160_5994fps,3840,2160,5,47,88.436261,94.824879,12792.808
Shaky_Baseball_3840x2160_5994fps,3840,2160,5,48,88.010712,94.227323,12106.6
Shaky_Baseball_3840x2160_5994fps,3840,2160,5,49,87.572995,93.556254,11397.952
Shaky_Baseball_3840x2160_5994fps,3840,2160,5,50,87.066277,92.871595,10854.408
Shaky_Baseball_3840x2160_5994fps,3840,2160,5,51,86.539964,92.157456,10300.16
Shaky_Baseball_3840x2160_5994fps,3840,2160,5,52,85.82054,91.37643,9735.536
Shaky_Baseball_3840x2160_5994fps,3840,2160,5,53,85.291911,90.637474,9277.736
Shaky_Baseball_3840x2160_5994fps,3840,2160,5,54,84.657178,89.812421,8742.024
Shaky_Baseball_3840x2160_5994fps,3840,2160,5,55,83.790016,88.713793,8240.064
Shaky_Baseball_3840x2160_5994fps,3840,2160,5,56,82.842955,87.55518,7617.752
Shaky_Baseball_3840x2160_5994fps,3840,2160,5,58,81.215383,85.663007,6413.744
Shaky_Baseball_3840x2160_5994fps,3840,2160,5,60,78.341832,82.324686,5270.56
Shaky_Baseball_3840x2160_5994fps,3840,2160,5,63,67.17909,69.871398,3045.872
Shaky_Baseball_3840x2160_5994fps,3840,2160,6,20,97.833115,99.823188,104777.552
Shaky_Baseball_3840x2160_5994fps,3840,2160,6,24,96.202048,99.734951,73512.968
Shaky_Baseball_3840x2160_5994fps,3840,2160,6,27,95.268365,99.599917,55059.312
Shaky_Baseball_3840x2160_5994fps,3840,2160,6,28,94.975876,99.547032,50791.872
Shaky_Baseball_3840x2160_5994fps,3840,2160,6,29,94.740946,99.486521,47428.032
Shaky_Baseball_3840x2160_5994fps,3840,2160,6,30,94.478961,99.415072,44210.12
Shaky_Baseball_3840x2160_5994fps,3840,2160,6,31,94.133981,99.325317,40409.16
Shaky_Baseball_3840x2160_5994fps,3840,2160,6,32,93.730737,99.195366,36831.96
Shaky_Baseball_3840x2160_5994fps,3840,2160,6,33,93.421082,99.071597,34132.168
Shaky_Baseball_3840x2160_5994fps,3840,2160,6,34,93.092845,98.932986,31868.088
Shaky_Baseball_3840x2160_5994fps,3840,2160,6,35,92.740786,98.774541,29429.888
Shaky_Baseball_3840x2160_5994fps,3840,2160,6,36,92.394609,98.590954,27438.272
Shaky_Baseball_3840x2160_5994fps,3840,2160,6,37,92.04238,98.38993,25679.856
Shaky_Baseball_3840x2160_5994fps,3840,2160,6,38,91.635959,98.126825,23901.848
Shaky_Baseball_3840x2160_5994fps,3840,2160,6,39,91.241687,97.863049,22048.12
Shaky_Baseball_3840x2160_5994fps,3840,2160,6,40,90.827572,97.596699,20608.248
Shaky_Baseball_3840x2160_5994fps,3840,2160,6,41,90.40702,97.248783,19248.576
Shaky_Baseball_3840x2160_5994fps,3840,2160,6,42,89.94134,96.898068,18264.28
Shaky_Baseball_3840x2160_5994fps,3840,2160,6,43,89.628933,96.52377,16829.288
Shaky_Baseball_3840x2160_5994fps,3840,2160,6,44,89.518995,96.223127,15836.112
Shaky_Baseball_3840x2160_5994fps,3840,2160,6,45,89.26157,95.791293,14956.944
Shaky_Baseball_3840x2160_5994fps,3840,2160,6,46,88.787873,95.282635,14041.968
Shaky_Baseball_3840x2160_5994fps,3840,2160,6,47,88.452973,94.854469,13373.688
Shaky_Baseball_3840x2160_5994fps,3840,2160,6,48,87.926671,94.16211,12607.496
Shaky_Baseball_3840x2160_5994fps,3840,2160,6,49,87.487053,93.481087,11867.024
Shaky_Baseball_3840x2160_5994fps,3840,2160,6,50,86.961391,92.774446,11246.752
Shaky_Baseball_3840x2160_5994fps,3840,2160,6,51,86.322966,92.012239,10627.624
Shaky_Baseball_3840x2160_5994fps,3840,2160,6,52,85.806688,91.208098,10027.168
Shaky_Baseball_3840x2160_5994fps,3840,2160,6,53,85.05586,90.308605,9488.624
Shaky_Baseball_3840x2160_5994fps,3840,2160,6,54,84.342627,89.404223,8949.656
Shaky_Baseball_3840x2160_5994fps,3840,2160,6,55,83.507225,88.274135,8365.024
Shaky_Baseball_3840x2160_5994fps,3840,2160,6,56,82.413938,86.973792,7719.848
Shaky_Baseball_3840x2160_5994fps,3840,2160,6,58,80.09486,84.122514,6633.776
Shaky_Baseball_3840x2160_5994fps,3840,2160,6,60,76.599589,80.03753,5382.768
Shaky_Baseball_3840x2160_5994fps,3840,2160,6,63,63.274472,65.394997,3130.992
Shaky_Baseball_3840x2160_5994fps,3840,2160,7,20,97.563624,99.803886,101334.008
Shaky_Baseball_3840x2160_5994fps,3840,2160,7,24,96.388604,99.724092,76118.872
Shaky_Baseball_3840x2160_5994fps,3840,2160,7,27,95.332777,99.54536,57162.704
Shaky_Baseball_3840x2160_5994fps,3840,2160,7,28,95.070906,99.458064,52766.6
Shaky_Baseball_3840x2160_5994fps,3840,2160,7,29,94.801003,99.388131,49378.608
Shaky_Baseball_3840x2160_5994fps,3840,2160,7,30,94.5533,99.310485,46291.144
Shaky_Baseball_3840x2160_5994fps,3840,2160,7,31,94.243487,99.208239,42500.952
Shaky_Baseball_3840x2160_5994fps,3840,2160,7,32,93.827781,99.069558,38834.808
Shaky_Baseball_3840x2160_5994fps,3840,2160,7,33,93.498512,98.912523,35835.888
Shaky_Baseball_3840x2160_5994fps,3840,2160,7,34,93.185498,98.757525,33613.232
Shaky_Baseball_3840x2160_5994fps,3840,2160,7,35,92.828539,98.572461,30798.112
Shaky_Baseball_3840x2160_5994fps,3840,2160,7,36,92.480994,98.372108,28659.576
Shaky_Baseball_3840x2160_5994fps,3840,2160,7,37,92.167453,98.149171,26842.312
Shaky_Baseball_3840x2160_5994fps,3840,2160,7,38,91.785247,97.894982,24867.656
Shaky_Baseball_3840x2160_5994fps,3840,2160,7,39,91.415956,97.650183,22880.456
Shaky_Baseball_3840x2160_5994fps,3840,2160,7,40,91.030529,97.378066,21499.256
Shaky_Baseball_3840x2160_5994fps,3840,2160,7,41,90.603003,97.009996,20009.92
Shaky_Baseball_3840x2160_5994fps,3840,2160,7,42,90.239871,96.622054,18881.888
Shaky_Baseball_3840x2160_5994fps,3840,2160,7,43,89.80418,96.166564,17386.424
Shaky_Baseball_3840x2160_5994fps,3840,2160,7,44,89.377922,95.728606,16287.616
Shaky_Baseball_3840x2160_5994fps,3840,2160,7,45,88.900721,95.225964,15343.96
Shaky_Baseball_3840x2160_5994fps,3840,2160,7,46,88.420892,94.669666,14437.296
Shaky_Baseball_3840x2160_5994fps,3840,2160,7,47,88.014238,94.139273,13750.384
Shaky_Baseball_3840x2160_5994fps,3840,2160,7,48,87.469904,93.482969,12909.264
Shaky_Baseball_3840x2160_5994fps,3840,2160,7,49,86.917857,92.733935,12163.112
Shaky_Baseball_3840x2160_5994fps,3840,2160,7,50,86.342339,91.97615,11492.056
Shaky_Baseball_3840x2160_5994fps,3840,2160,7,51,85.713082,91.200691,10850.576
Shaky_Baseball_3840x2160_5994fps,3840,2160,7,52,85.058345,90.333272,10237.792
Shaky_Baseball_3840x2160_5994fps,3840,2160,7,53,84.364901,89.435927,9663.12
Shaky_Baseball_3840x2160_5994fps,3840,2160,7,54,83.597435,88.451446,9089.768
Shaky_Baseball_3840x2160_5994fps,3840,2160,7,55,82.724695,87.362305,8503.048
Shaky_Baseball_3840x2160_5994fps,3840,2160,7,56,81.644452,85.962348,7812.072
Shaky_Baseball_3840x2160_5994fps,3840,2160,7,58,79.255525,83.107186,6690.52
Shaky_Baseball_3840x2160_5994fps,3840,2160,7,60,75.615269,78.851108,5434.168
Shaky_Baseball_3840x2160_5994fps,3840,2160,7,63,62.541636,64.418454,3209.152
Shaky_Baseball_3840x2160_5994fps,3840,2160,8,20,98.149603,99.795019,107803.592
Shaky_Baseball_3840x2160_5994fps,3840,2160,8,24,96.840273,99.69468,81877.328
Shaky_Baseball_3840x2160_5994fps,3840,2160,8,27,95.48527,99.533756,62943.176
Shaky_Baseball_3840x2160_5994fps,3840,2160,8,28,95.123085,99.447763,58380.072
Shaky_Baseball_3840x2160_5994fps,3840,2160,8,29,94.791968,99.376482,54555.16
Shaky_Baseball_3840x2160_5994fps,3840,2160,8,30,94.547724,99.289338,51264.512
Shaky_Baseball_3840x2160_5994fps,3840,2160,8,31,94.154166,99.167081,47265.8
Shaky_Baseball_3840x2160_5994fps,3840,2160,8,32,93.733129,99.035636,43359.984
Shaky_Baseball_3840x2160_5994fps,3840,2160,8,33,93.438651,98.84855,40368.336
Shaky_Baseball_3840x2160_5994fps,3840,2160,8,34,93.112275,98.690368,37928.424
Shaky_Baseball_3840x2160_5994fps,3840,2160,8,35,92.699207,98.456314,35252.416
Shaky_Baseball_3840x2160_5994fps,3840,2160,8,36,92.330333,98.23189,32722.328
Shaky_Baseball_3840x2160_5994fps,3840,2160,8,37,91.947261,97.96975,30581.336
Shaky_Baseball_3840x2160_5994fps,3840,2160,8,38,91.552257,97.68153,27895.984
Shaky_Baseball_3840x2160_5994fps,3840,2160,8,39,91.183707,97.294135,26125.04
Shaky_Baseball_3840x2160_5994fps,3840,2160,8,40,90.87244,97.062395,24230.76
Shaky_Baseball_3840x2160_5994fps,3840,2160,8,41,90.401412,96.655081,22600.664
Shaky_Baseball_3840x2160_5994fps,3840,2160,8,42,89.992785,96.265028,21270.368
Shaky_Baseball_3840x2160_5994fps,3840,2160,8,43,89.466963,95.713104,19906.344
Shaky_Baseball_3840x2160_5994fps,3840,2160,8,44,89.073897,95.169876,18685.904
Shaky_Baseball_3840x2160_5994fps,3840,2160,8,45,88.583305,94.606754,17464.872
Shaky_Baseball_3840x2160_5994fps,3840,2160,8,46,88.059955,93.961582,16497.592
Shaky_Baseball_3840x2160_5994fps,3840,2160,8,47,87.73412,93.539179,15454.824
Shaky_Baseball_3840x2160_5994fps,3840,2160,8,48,87.157043,92.817162,14583.408
Shaky_Baseball_3840x2160_5994fps,3840,2160,8,49,86.581979,92.127976,13729.176
Shaky_Baseball_3840x2160_5994fps,3840,2160,8,50,85.92146,91.311086,12976.864
Shaky_Baseball_3840x2160_5994fps,3840,2160,8,51,85.440385,90.65143,11949.472
Shaky_Baseball_3840x2160_5994fps,3840,2160,8,52,84.674607,89.721243,11325.992
Shaky_Baseball_3840x2160_5994fps,3840,2160,8,53,83.954003,88.795147,10611.792
Shaky_Baseball_3840x2160_5994fps,3840,2160,8,54,83.089719,87.744976,10009.208
Shaky_Baseball_3840x2160_5994fps,3840,2160,8,55,82.053795,86.486955,9418.128
Shaky_Baseball_3840x2160_5994fps,3840,2160,8,56,80.919706,85.054758,8682.328
Shaky_Baseball_3840x2160_5994fps,3840,2160,8,58,78.211184,81.778288,7387.216
Shaky_Baseball_3840x2160_5994fps,3840,2160,8,60,74.538679,77.475116,6027.864
Shaky_Baseball_3840x2160_5994fps,3840,2160,8,63,59.679135,62.289641,3524.824
Shaky_Baseball_3840x2160_5994fps,3840,2160,9,20,98.757909,99.853002,108078.968
Shaky_Baseball_3840x2160_5994fps,3840,2160,9,24,97.959402,99.790577,84113.992
Shaky_Baseball_3840x2160_5994fps,3840,2160,9,27,96.647483,99.685574,64745.968
Shaky_Baseball_3840x2160_5994fps,3840,2160,9,28,96.211789,99.615447,60089.088
Shaky_Baseball_3840x2160_5994fps,3840,2160,9,29,95.846534,99.544895,55696.864
Shaky_Baseball_3840x2160_5994fps,3840,2160,9,30,95.454186,99.462721,51734.992
Shaky_Baseball_3840x2160_5994fps,3840,2160,9,31,95.008483,99.347205,47243.632
Shaky_Baseball_3840x2160_5994fps,3840,2160,9,32,94.663685,99.220834,43729.168
Shaky_Baseball_3840x2160_5994fps,3840,2160,9,33,94.272046,99.074847,40549.352
Shaky_Baseball_3840x2160_5994fps,3840,2160,9,34,93.88833,98.899288,37892.64
Shaky_Baseball_3840x2160_5994fps,3840,2160,9,35,93.42469,98.672814,35037.824
Shaky_Baseball_3840x2160_5994fps,3840,2160,9,36,92.980915,98.42543,32489.416
Shaky_Baseball_3840x2160_5994fps,3840,2160,9,37,92.504987,98.138775,30377.272
Shaky_Baseball_3840x2160_5994fps,3840,2160,9,38,92.070294,97.81642,27860.064
Shaky_Baseball_3840x2160_5994fps,3840,2160,9,39,91.563339,97.396378,26002.336
Shaky_Baseball_3840x2160_5994fps,3840,2160,9,40,90.999115,96.970298,24298.904
Shaky_Baseball_3840x2160_5994fps,3840,2160,9,41,90.447588,96.399687,22605.864
Shaky_Baseball_3840x2160_5994fps,3840,2160,9,42,89.872932,95.822468,21174.44
Shaky_Baseball_3840x2160_5994fps,3840,2160,9,43,89.139081,95.100731,19781.64
Shaky_Baseball_3840x2160_5994fps,3840,2160,9,44,88.667194,94.533234,18166.28
Shaky_Baseball_3840x2160_5994fps,3840,2160,9,45,88.033715,93.703491,16995.096
Shaky_Baseball_3840x2160_5994fps,3840,2160,9,46,87.323538,92.983762,15916.76
Shaky_Baseball_3840x2160_5994fps,3840,2160,9,47,86.706012,92.118251,14615.68
Shaky_Baseball_3840x2160_5994fps,3840,2160,9,48,85.998631,91.163636,13704.48
Shaky_Baseball_3840x2160_5994fps,3840,2160,9,49,85.254463,90.207216,12770.92
Shaky_Baseball_3840x2160_5994fps,3840,2160,9,50,84.450353,89.249646,12058.184
Shaky_Baseball_3840x2160_5994fps,3840,2160,9,51,83.628315,88.28908,11255.52
Shaky_Baseball_3840x2160_5994fps,3840,2160,9,52,82.787678,87.248438,10584.008
Shaky_Baseball_3840x2160_5994fps,3840,2160,9,53,81.938365,86.133924,9935.296
Shaky_Baseball_3840x2160_5994fps,3840,2160,9,54,80.905781,84.882411,9298.664
Shaky_Baseball_3840x2160_5994fps,3840,2160,9,55,79.7126,83.526399,8670.072
Shaky_Baseball_3840x2160_5994fps,3840,2160,9,56,78.393159,81.915709,8018.768
Shaky_Baseball_3840x2160_5994fps,3840,2160,9,58,74.979473,78.090611,6760.04
Shaky_Baseball_3840x2160_5994fps,3840,2160,9,60,70.271362,72.906054,5442.016
Shaky_Baseball_3840x2160_5994fps,3840,2160,9,63,52.395121,55.760913,3098.096
Shaky_Baseball_3840x2160_5994fps,3840,2160,10,20,98.757909,99.853002,108078.968
Shaky_Baseball_3840x2160_5994fps,3840,2160,10,24,97.959402,99.790577,84113.992
Shaky_Baseball_3840x2160_5994fps,3840,2160,10,27,96.647483,99.685574,64745.968
Shaky_Baseball_3840x2160_5994fps,3840,2160,10,28,96.211789,99.615447,60089.088
Shaky_Baseball_3840x2160_5994fps,3840,2160,10,29,95.846534,99.544895,55696.864
Shaky_Baseball_3840x2160_5994fps,3840,2160,10,30,95.454186,99.462721,51734.992
Shaky_Baseball_3840x2160_5994fps,3840,2160,10,31,95.008483,99.347205,47243.632
Shaky_Baseball_3840x2160_5994fps,3840,2160,10,32,94.663685,99.220834,43729.168
Shaky_Baseball_3840x2160_5994fps,3840,2160,10,33,94.272046,99.074847,40549.352
Shaky_Baseball_3840x2160_5994fps,3840,2160,10,34,93.88833,98.899288,37892.64
Shaky_Baseball_3840x2160_5994fps,3840,2160,10,35,93.42469,98.672814,35037.824
Shaky_Baseball_3840x2160_5994fps,3840,2160,10,36,92.980915,98.42543,32489.416
Shaky_Baseball_3840x2160_5994fps,3840,2160,10,37,92.504987,98.138775,30377.272
Shaky_Baseball_3840x2160_5994fps,3840,2160,10,38,92.070294,97.81642,27860.064
Shaky_Baseball_3840x2160_5994fps,3840,2160,10,39,91.563339,97.396378,26002.336
Shaky_Baseball_3840x2160_5994fps,3840,2160,10,40,90.999115,96.970298,24298.904
Shaky_Baseball_3840x2160_5994fps,3840,2160,10,41,90.447588,96.399687,22605.864
Shaky_Baseball_3840x2160_5994fps,3840,2160,10,42,89.872932,95.822468,21174.44
Shaky_Baseball_3840x2160_5994fps,3840,2160,10,43,89.139081,95.100731,19781.64
Shaky_Baseball_3840x2160_5994fps,3840,2160,10,44,88.667194,94.533234,18166.28
Shaky_Baseball_3840x2160_5994fps,3840,2160,10,45,88.033715,93.703491,16995.096
Shaky_Baseball_3840x2160_5994fps,3840,2160,10,46,87.323538,92.983762,15916.76
Shaky_Baseball_3840x2160_5994fps,3840,2160,10,47,86.706012,92.118251,14615.68
Shaky_Baseball_3840x2160_5994fps,3840,2160,10,48,85.998631,91.163636,13704.48
Shaky_Baseball_3840x2160_5994fps,3840,2160,10,49,85.254463,90.207216,12770.92
Shaky_Baseball_3840x2160_5994fps,3840,2160,10,50,84.450353,89.249646,12058.184
Shaky_Baseball_3840x2160_5994fps,3840,2160,10,51,83.628315,88.28908,11255.52
Shaky_Baseball_3840x2160_5994fps,3840,2160,10,52,82.787678,87.248438,10584.008
Shaky_Baseball_3840x2160_5994fps,3840,2160,10,53,81.938365,86.133924,9935.296
Shaky_Baseball_3840x2160_5994fps,3840,2160,10,54,80.905781,84.882411,9298.664
Shaky_Baseball_3840x2160_5994fps,3840,2160,10,55,79.7126,83.526399,8670.072
Shaky_Baseball_3840x2160_5994fps,3840,2160,10,56,78.393159,81.915709,8018.768
Shaky_Baseball_3840x2160_5994fps,3840,2160,10,58,74.979473,78.090611,6760.04
Shaky_Baseball_3840x2160_5994fps,3840,2160,10,60,70.271362,72.906054,5442.016
Shaky_Baseball_3840x2160_5994fps,3840,2160,10,63,52.395121,55.760913,3098.096
Shaky_Fireworks_3840x2160_2997fps,3840,2160,4,20,80.011072,89.377727,51143.64
Shaky_Fireworks_3840x2160_2997fps,3840,2160,4,24,76.702976,87.72113,40017.088
Shaky_Fireworks_3840x2160_2997fps,3840,2160,4,27,72.844701,85.674427,30531.152
Shaky_Fireworks_3840x2160_2997fps,3840,2160,4,28,71.665086,84.969751,28142.224
Shaky_Fireworks_3840x2160_2997fps,3840,2160,4,29,70.502921,84.256776,26048.304
Shaky_Fireworks_3840x2160_2997fps,3840,2160,4,30,69.578628,83.595188,24310.176
Shaky_Fireworks_3840x2160_2997fps,3840,2160,4,31,68.24234,82.739918,22174.872
Shaky_Fireworks_3840x2160_2997fps,3840,2160,4,32,66.764832,81.778767,20188.776
Shaky_Fireworks_3840x2160_2997fps,3840,2160,4,33,65.805647,80.937209,18615.368
Shaky_Fireworks_3840x2160_2997fps,3840,2160,4,34,64.733302,80.076152,17216.056
Shaky_Fireworks_3840x2160_2997fps,3840,2160,4,35,63.579643,79.075936,15749.696
Shaky_Fireworks_3840x2160_2997fps,3840,2160,4,36,62.336717,77.904042,14288.656
Shaky_Fireworks_3840x2160_2997fps,3840,2160,4,37,61.347649,77.075803,13250.112
Shaky_Fireworks_3840x2160_2997fps,3840,2160,4,38,60.244395,75.992831,12266.8
Shaky_Fireworks_3840x2160_2997fps,3840,2160,4,39,59.163036,74.940215,11253.408
Shaky_Fireworks_3840x2160_2997fps,3840,2160,4,40,58.23508,73.969129,10389.976
Shaky_Fireworks_3840x2160_2997fps,3840,2160,4,41,57.053063,72.810638,9525.128
Shaky_Fireworks_3840x2160_2997fps,3840,2160,4,42,56.131977,71.849043,8833.616
Shaky_Fireworks_3840x2160_2997fps,3840,2160,4,43,55.150555,70.738443,8131.04
Shaky_Fireworks_3840x2160_2997fps,3840,2160,4,44,54.128837,69.740275,7534.776
Shaky_Fireworks_3840x2160_2997fps,3840,2160,4,45,53.325244,68.905481,7019.52
Shaky_Fireworks_3840x2160_2997fps,3840,2160,4,46,52.589341,68.066617,6542.096
Shaky_Fireworks_3840x2160_2997fps,3840,2160,4,47,51.912606,67.418755,6235.232
Shaky_Fireworks_3840x2160_2997fps,3840,2160,4,48,51.026492,66.428211,5811.888
Shaky_Fireworks_3840x2160_2997fps,3840,2160,4,49,50.359445,65.720023,5405.36
Shaky_Fireworks_3840x2160_2997fps,3840,2160,4,50,49.539509,64.841403,5046.28
Shaky_Fireworks_3840x2160_2997fps,3840,2160,4,51,48.941344,64.166583,4724.488
Shaky_Fireworks_3840x2160_2997fps,3840,2160,4,52,48.193881,63.441984,4394.544
Shaky_Fireworks_3840x2160_2997fps,3840,2160,4,53,47.398102,62.657805,4153.0
Shaky_Fireworks_3840x2160_2997fps,3840,2160,4,54,46.680974,61.929023,3862.512
Shaky_Fireworks_3840x2160_2997fps,3840,2160,4,55,45.701393,60.979493,3566.88
Shaky_Fireworks_3840x2160_2997fps,3840,2160,4,56,44.337825,59.690668,3244.048
Shaky_Fireworks_3840x2160_2997fps,3840,2160,4,58,42.621201,58.110861,2628.752
Shaky_Fireworks_3840x2160_2997fps,3840,2160,4,60,39.373676,55.492596,2141.176
Shaky_Fireworks_3840x2160_2997fps,3840,2160,4,63,27.735071,47.001237,1138.464
Shaky_Fireworks_3840x2160_2997fps,3840,2160,5,20,79.710397,89.140822,51652.008
Shaky_Fireworks_3840x2160_2997fps,3840,2160,5,24,76.741404,87.521146,40535.856
Shaky_Fireworks_3840x2160_2997fps,3840,2160,5,27,72.974039,85.409439,31045.256
Shaky_Fireworks_3840x2160_2997fps,3840,2160,5,28,71.712096,84.686145,28633.28
Shaky_Fireworks_3840x2160_2997fps,3840,2160,5,29,70.643229,84.046009,26612.936
Shaky_Fireworks_3840x2160_2997fps,3840,2160,5,30,69.634051,83.349873,24739.008
Shaky_Fireworks_3840x2160_2997fps,3840,2160,5,31,68.240757,82.443465,22598.472
Shaky_Fireworks_3840x2160_2997fps,3840,2160,5,32,66.878098,81.486909,20531.08
Shaky_Fireworks_3840x2160_2997fps,3840,2160,5,33,65.757749,80.53115,18884.664
Shaky_Fireworks_3840x2160_2997fps,3840,2160,5,34,64.689528,79.734242,17520.552
Shaky_Fireworks_3840x2160_2997fps,3840,2160,5,35,63.488137,78.687601,16003.232
Shaky_Fireworks_3840x2160_2997fps,3840,2160,5,36,62.315392,77.602623,14558.104
Shaky_Fireworks_3840x2160_2997fps,3840,2160,5,37,61.283934,76.683613,13433.272
Shaky_Fireworks_3840x2160_2997fps,3840,2160,5,38,60.255,75.645753,12456.112
Shaky_Fireworks_3840x2160_2997fps,3840,2160,5,39,59.162823,74.624143,11436.792
Shaky_Fireworks_3840x2160_2997fps,3840,2160,5,40,58.119575,73.623911,10535.048
Shaky_Fireworks_3840x2160_2997fps,3840,2160,5,41,56.989462,72.500557,9675.64
Shaky_Fireworks_3840x2160_2997fps,3840,2160,5,42,56.068405,71.579032,8954.336
Shaky_Fireworks_3840x2160_2997fps,3840,2160,5,43,55.134623,70.475722,8269.768
Shaky_Fireworks_3840x2160_2997fps,3840,2160,5,44,54.184547,69.463039,7660.912
Shaky_Fireworks_3840x2160_2997fps,3840,2160,5,45,53.377935,68.621857,7126.232
Shaky_Fireworks_3840x2160_2997fps,3840,2160,5,46,52.564283,67.75867,6623.632
Shaky_Fireworks_3840x2160_2997fps,3840,2160,5,47,51.828284,67.061966,6307.344
Shaky_Fireworks_3840x2160_2997fps,3840,2160,5,48,51.016864,66.208593,5844.792
Shaky_Fireworks_3840x2160_2997fps,3840,2160,5,49,50.082501,65.384094,5458.936
Shaky_Fireworks_3840x2160_2997fps,3840,2160,5,50,49.433166,64.596892,5091.8
Shaky_Fireworks_3840x2160_2997fps,3840,2160,5,51,48.793204,63.804799,4728.976
Shaky_Fireworks_3840x2160_2997fps,3840,2160,5,52,47.879704,62.980763,4418.688
Shaky_Fireworks_3840x2160_2997fps,3840,2160,5,53,47.036232,62.343723,4192.848
Shaky_Fireworks_3840x2160_2997fps,3840,2160,5,54,46.356094,61.447873,3879.832
Shaky_Fireworks_3840x2160_2997fps,3840,2160,5,55,45.361822,60.588397,3575.384
Shaky_Fireworks_3840x2160_2997fps,3840,2160,5,56,44.045362,59.315129,3245.768
Shaky_Fireworks_3840x2160_2997fps,3840,2160,5,58,42.2746,57.790182,2643.112
Shaky_Fireworks_3840x2160_2997fps,3840,2160,5,60,39.081403,55.161511,2155.168
Shaky_Fireworks_3840x2160_2997fps,3840,2160,5,63,27.535487,46.899602,1157.52
Shaky_Fireworks_3840x2160_2997fps,3840,2160,6,20,81.673933,89.8256,58785.984
Shaky_Fireworks_3840x2160_2997fps,3840,2160,6,24,78.332902,88.173551,45446.704
Shaky_Fireworks_3840x2160_2997fps,3840,2160,6,27,74.678195,86.134358,34576.296
Shaky_Fireworks_3840x2160_2997fps,3840,2160,6,28,73.468514,85.453504,31819.384
Shaky_Fireworks_3840x2160_2997fps,3840,2160,6,29,72.408941,84.815892,29573.792
Shaky_Fireworks_3840x2160_2997fps,3840,2160,6,30,71.358958,84.158971,27521.984
Shaky_Fireworks_3840x2160_2997fps,3840,2160,6,31,70.022979,83.306754,25129.32
Shaky_Fireworks_3840x2160_2997fps,3840,2160,6,32,68.532645,82.33358,22696.216
Shaky_Fireworks_3840x2160_2997fps,3840,2160,6,33,67.44708,81.460351,20905.696
Shaky_Fireworks_3840x2160_2997fps,3840,2160,6,34,66.323841,80.673137,19320.0
Shaky_Fireworks_3840x2160_2997fps,3840,2160,6,35,65.056057,79.647536,17672.328
Shaky_Fireworks_3840x2160_2997fps,3840,2160,6,36,63.885528,78.750754,16203.208
Shaky_Fireworks_3840x2160_2997fps,3840,2160,6,37,62.894955,77.802136,14923.472
Shaky_Fireworks_3840x2160_2997fps,3840,2160,6,38,61.791908,76.732134,13615.808
Shaky_Fireworks_3840x2160_2997fps,3840,2160,6,39,60.640463,75.677987,12493.36
Shaky_Fireworks_3840x2160_2997fps,3840,2160,6,40,59.526308,74.753842,11483.52
Shaky_Fireworks_3840x2160_2997fps,3840,2160,6,41,58.29579,73.649384,10467.448
Shaky_Fireworks_3840x2160_2997fps,3840,2160,6,42,57.398331,72.70123,9705.08
Shaky_Fireworks_3840x2160_2997fps,3840,2160,6,43,56.307228,71.628848,8890.904
Shaky_Fireworks_3840x2160_2997fps,3840,2160,6,44,55.400296,70.657483,8223.664
Shaky_Fireworks_3840x2160_2997fps,3840,2160,6,45,54.46648,69.717939,7621.576
Shaky_Fireworks_3840x2160_2997fps,3840,2160,6,46,53.502676,68.733429,7067.264
Shaky_Fireworks_3840x2160_2997fps,3840,2160,6,47,52.84112,67.948272,6661.624
Shaky_Fireworks_3840x2160_2997fps,3840,2160,6,48,51.854549,67.005762,6160.304
Shaky_Fireworks_3840x2160_2997fps,3840,2160,6,49,50.987984,66.157975,5707.504
Shaky_Fireworks_3840x2160_2997fps,3840,2160,6,50,50.218978,65.332555,5333.432
Shaky_Fireworks_3840x2160_2997fps,3840,2160,6,51,49.517649,64.542264,4949.856
Shaky_Fireworks_3840x2160_2997fps,3840,2160,6,52,48.697563,63.716134,4608.36
Shaky_Fireworks_3840x2160_2997fps,3840,2160,6,53,47.652009,62.785745,4305.816
Shaky_Fireworks_3840x2160_2997fps,3840,2160,6,54,46.811268,61.944086,3982.616
Shaky_Fireworks_3840x2160_2997fps,3840,2160,6,55,45.944027,61.046215,3676.472
Shaky_Fireworks_3840x2160_2997fps,3840,2160,6,56,44.588653,59.804944,3332.352
Shaky_Fireworks_3840x2160_2997fps,3840,2160,6,58,42.167287,57.637197,2777.136
Shaky_Fireworks_3840x2160_2997fps,3840,2160,6,60,38.83007,54.969389,2202.68
Shaky_Fireworks_3840x2160_2997fps,3840,2160,6,63,26.685195,46.458206,1172.448
Shaky_Fireworks_3840x2160_2997fps,3840,2160,7,20,82.063893,89.64601,61365.848
Shaky_Fireworks_3840x2160_2997fps,3840,2160,7,24,78.77678,88.115524,48360.272
Shaky_Fireworks_3840x2160_2997fps,3840,2160,7,27,75.272645,86.116607,37142.92
Shaky_Fireworks_3840x2160_2997fps,3840,2160,7,28,74.17466,85.458598,34257.536
Shaky_Fireworks_3840x2160_2997fps,3840,2160,7,29,73.206389,84.868944,31935.8
Shaky_Fireworks_3840x2160_2997fps,3840,2160,7,30,72.177426,84.223732,29736.176
Shaky_Fireworks_3840x2160_2997fps,3840,2160,7,31,70.828905,83.326261,27119.832
Shaky_Fireworks_3840x2160_2997fps,3840,2160,7,32,69.26477,82.270249,24572.424
Shaky_Fireworks_3840x2160_2997fps,3840,2160,7,33,68.152675,81.5252,22637.936
Shaky_Fireworks_3840x2160_2997fps,3840,2160,7,34,67.073045,80.724012,20967.816
Shaky_Fireworks_3840x2160_2997fps,3840,2160,7,35,65.703806,79.714413,19124.48
Shaky_Fireworks_3840x2160_2997fps,3840,2160,7,36,64.353342,78.776027,17548.88
Shaky_Fireworks_3840x2160_2997fps,3840,2160,7,37,63.359701,77.90678,16173.416
Shaky_Fireworks_3840x2160_2997fps,3840,2160,7,38,62.068556,76.80126,14730.44
Shaky_Fireworks_3840x2160_2997fps,3840,2160,7,39,60.979366,75.765227,13510.096
Shaky_Fireworks_3840x2160_2997fps,3840,2160,7,40,59.819381,74.801362,12451.2
Shaky_Fireworks_3840x2160_2997fps,3840,2160,7,41,58.586126,73.694533,11337.192
Shaky_Fireworks_3840x2160_2997fps,3840,2160,7,42,57.641301,72.749925,10516.904
Shaky_Fireworks_3840x2160_2997fps,3840,2160,7,43,56.586305,71.606011,9611.384
Shaky_Fireworks_3840x2160_2997fps,3840,2160,7,44,55.664404,70.609207,8878.768
Shaky_Fireworks_3840x2160_2997fps,3840,2160,7,45,54.648343,69.68519,8200.64
Shaky_Fireworks_3840x2160_2997fps,3840,2160,7,46,53.594867,68.70692,7580.984
Shaky_Fireworks_3840x2160_2997fps,3840,2160,7,47,52.775749,67.907892,7123.152
Shaky_Fireworks_3840x2160_2997fps,3840,2160,7,48,51.772456,66.888149,6579.224
Shaky_Fireworks_3840x2160_2997fps,3840,2160,7,49,50.751636,66.015295,6092.36
Shaky_Fireworks_3840x2160_2997fps,3840,2160,7,50,50.007958,65.176958,5662.08
Shaky_Fireworks_3840x2160_2997fps,3840,2160,7,51,49.358497,64.322068,5281.28
Shaky_Fireworks_3840x2160_2997fps,3840,2160,7,52,48.338583,63.397545,4915.688
Shaky_Fireworks_3840x2160_2997fps,3840,2160,7,53,47.262811,62.487248,4509.544
Shaky_Fireworks_3840x2160_2997fps,3840,2160,7,54,46.414653,61.66311,4229.976
Shaky_Fireworks_3840x2160_2997fps,3840,2160,7,55,45.572078,60.703533,3900.688
Shaky_Fireworks_3840x2160_2997fps,3840,2160,7,56,44.453944,59.538041,3602.528
Shaky_Fireworks_3840x2160_2997fps,3840,2160,7,58,42.00131,57.301655,2971.416
Shaky_Fireworks_3840x2160_2997fps,3840,2160,7,60,38.491658,54.619943,2404.4
Shaky_Fireworks_3840x2160_2997fps,3840,2160,7,63,26.014007,46.257145,1301.832
Shaky_Fireworks_3840x2160_2997fps,3840,2160,8,20,82.391509,89.600978,62153.072
Shaky_Fireworks_3840x2160_2997fps,3840,2160,8,24,79.460658,88.092752,49131.712
Shaky_Fireworks_3840x2160_2997fps,3840,2160,8,27,75.987914,86.20449,37894.344
Shaky_Fireworks_3840x2160_2997fps,3840,2160,8,28,74.784841,85.56169,34961.064
Shaky_Fireworks_3840x2160_2997fps,3840,2160,8,29,73.664658,84.967971,32503.216
Shaky_Fireworks_3840x2160_2997fps,3840,2160,8,30,72.694342,84.359559,30313.464
Shaky_Fireworks_3840x2160_2997fps,3840,2160,8,31,71.252245,83.620268,27614.528
Shaky_Fireworks_3840x2160_2997fps,3840,2160,8,32,69.652046,82.625028,25046.16
Shaky_Fireworks_3840x2160_2997fps,3840,2160,8,33,68.427548,81.871102,23045.072
Shaky_Fireworks_3840x2160_2997fps,3840,2160,8,34,67.281268,81.11513,21314.672
Shaky_Fireworks_3840x2160_2997fps,3840,2160,8,35,65.830999,80.155844,19477.6
Shaky_Fireworks_3840x2160_2997fps,3840,2160,8,36,64.428614,79.191747,17849.584
Shaky_Fireworks_3840x2160_2997fps,3840,2160,8,37,63.411819,78.297174,16421.736
Shaky_Fireworks_3840x2160_2997fps,3840,2160,8,38,62.116629,77.138325,14969.6
Shaky_Fireworks_3840x2160_2997fps,3840,2160,8,39,60.939748,76.184499,13739.464
Shaky_Fireworks_3840x2160_2997fps,3840,2160,8,40,59.742499,75.164761,12713.04
Shaky_Fireworks_3840x2160_2997fps,3840,2160,8,41,58.429111,74.049838,11623.376
Shaky_Fireworks_3840x2160_2997fps,3840,2160,8,42,57.389292,73.179615,10788.856
Shaky_Fireworks_3840x2160_2997fps,3840,2160,8,43,56.222393,72.039616,9895.656
Shaky_Fireworks_3840x2160_2997fps,3840,2160,8,44,55.231212,71.131257,9155.904
Shaky_Fireworks_3840x2160_2997fps,3840,2160,8,45,54.075785,70.155943,8461.88
Shaky_Fireworks_3840x2160_2997fps,3840,2160,8,46,53.07614,69.225712,7862.672
Shaky_Fireworks_3840x2160_2997fps,3840,2160,8,47,52.19101,68.401635,7393.928
Shaky_Fireworks_3840x2160_2997fps,3840,2160,8,48,51.166025,67.409201,6847.568
Shaky_Fireworks_3840x2160_2997fps,3840,2160,8,49,50.109635,66.511883,6337.064
Shaky_Fireworks_3840x2160_2997fps,3840,2160,8,50,49.383661,65.541264,5877.832
Shaky_Fireworks_3840x2160_2997fps,3840,2160,8,51,48.662094,64.70425,5460.968
Shaky_Fireworks_3840x2160_2997fps,3840,2160,8,52,47.700728,63.865001,5085.592
Shaky_Fireworks_3840x2160_2997fps,3840,2160,8,53,46.703024,63.005431,4739.944
Shaky_Fireworks_3840x2160_2997fps,3840,2160,8,54,45.796811,62.065595,4397.968
Shaky_Fireworks_3840x2160_2997fps,3840,2160,8,55,44.899116,61.065529,4069.432
Shaky_Fireworks_3840x2160_2997fps,3840,2160,8,56,43.411529,59.731631,3701.576
Shaky_Fireworks_3840x2160_2997fps,3840,2160,8,58,40.953126,57.45405,3048.984
Shaky_Fireworks_3840x2160_2997fps,3840,2160,8,60,37.371093,54.702915,2434.672
Shaky_Fireworks_3840x2160_2997fps,3840,2160,8,63,25.093614,46.578792,1296.912
Shaky_Fireworks_3840x2160_2997fps,3840,2160,9,20,83.37053,90.760918,60664.288
Shaky_Fireworks_3840x2160_2997fps,3840,2160,9,24,80.500891,89.232645,48758.984
Shaky_Fireworks_3840x2160_2997fps,3840,2160,9,27,77.007084,87.324476,38257.752
Shaky_Fireworks_3840x2160_2997fps,3840,2160,9,28,75.808484,86.664188,35408.616
Shaky_Fireworks_3840x2160_2997fps,3840,2160,9,29,74.599637,85.951955,32820.48
Shaky_Fireworks_3840x2160_2997fps,3840,2160,9,30,73.377963,85.21628,30325.2
Shaky_Fireworks_3840x2160_2997fps,3840,2160,9,31,71.696713,84.272698,27403.992
Shaky_Fireworks_3840x2160_2997fps,3840,2160,9,32,70.309971,83.381899,25093.504
Shaky_Fireworks_3840x2160_2997fps,3840,2160,9,33,68.91476,82.419823,22939.8
Shaky_Fireworks_3840x2160_2997fps,3840,2160,9,34,67.646113,81.59425,21265.488
Shaky_Fireworks_3840x2160_2997fps,3840,2160,9,35,66.191221,80.590132,19430.64
Shaky_Fireworks_3840x2160_2997fps,3840,2160,9,36,64.679341,79.518083,17700.432
Shaky_Fireworks_3840x2160_2997fps,3840,2160,9,37,63.308065,78.508713,16216.472
Shaky_Fireworks_3840x2160_2997fps,3840,2160,9,38,61.884974,77.41368,14866.648
Shaky_Fireworks_3840x2160_2997fps,3840,2160,9,39,60.568573,76.317759,13655.816
Shaky_Fireworks_3840x2160_2997fps,3840,2160,9,40,59.28126,75.15431,12504.552
Shaky_Fireworks_3840x2160_2997fps,3840,2160,9,41,57.905099,74.037097,11439.432
Shaky_Fireworks_3840x2160_2997fps,3840,2160,9,42,56.680783,72.975438,10571.312
Shaky_Fireworks_3840x2160_2997fps,3840,2160,9,43,55.460923,71.915817,9695.272
Shaky_Fireworks_3840x2160_2997fps,3840,2160,9,44,54.378962,70.8865,8980.448
Shaky_Fireworks_3840x2160_2997fps,3840,2160,9,45,53.1749,69.899859,8291.048
Shaky_Fireworks_3840x2160_2997fps,3840,2160,9,46,52.05668,68.881803,7665.248
Shaky_Fireworks_3840x2160_2997fps,3840,2160,9,47,50.960675,67.883781,7139.504
Shaky_Fireworks_3840x2160_2997fps,3840,2160,9,48,49.938621,66.937475,6616.936
Shaky_Fireworks_3840x2160_2997fps,3840,2160,9,49,48.899145,66.045572,6092.112
Shaky_Fireworks_3840x2160_2997fps,3840,2160,9,50,48.064788,65.237607,5690.728
Shaky_Fireworks_3840x2160_2997fps,3840,2160,9,51,47.363285,64.340501,5275.536
Shaky_Fireworks_3840x2160_2997fps,3840,2160,9,52,46.781271,63.594071,4908.488
Shaky_Fireworks_3840x2160_2997fps,3840,2160,9,53,45.699463,62.596019,4600.64
Shaky_Fireworks_3840x2160_2997fps,3840,2160,9,54,44.73266,61.680934,4228.672
Shaky_Fireworks_3840x2160_2997fps,3840,2160,9,55,43.781471,60.751232,3916.216
Shaky_Fireworks_3840x2160_2997fps,3840,2160,9,56,42.318036,59.57724,3573.088
Shaky_Fireworks_3840x2160_2997fps,3840,2160,9,58,39.617153,57.238396,2939.416
Shaky_Fireworks_3840x2160_2997fps,3840,2160,9,60,36.357788,54.55749,2286.488
Shaky_Fireworks_3840x2160_2997fps,3840,2160,9,63,22.126492,45.585401,1233.288
Shaky_Fireworks_3840x2160_2997fps,3840,2160,10,20,83.37053,90.760918,60664.288
Shaky_Fireworks_3840x2160_2997fps,3840,2160,10,24,80.500891,89.232645,48758.984
Shaky_Fireworks_3840x2160_2997fps,3840,2160,10,27,77.007084,87.324476,38257.752
Shaky_Fireworks_3840x2160_2997fps,3840,2160,10,28,75.808484,86.664188,35408.616
Shaky_Fireworks_3840x2160_2997fps,3840,2160,10,29,74.599637,85.951955,32820.48
Shaky_Fireworks_3840x2160_2997fps,3840,2160,10,30,73.377963,85.21628,30325.2
Shaky_Fireworks_3840x2160_2997fps,3840,2160,10,31,71.696713,84.272698,27403.992
Shaky_Fireworks_3840x2160_2997fps,3840,2160,10,32,70.309971,83.381899,25093.504
Shaky_Fireworks_3840x2160_2997fps,3840,2160,10,33,68.91476,82.419823,22939.8
Shaky_Fireworks_3840x2160_2997fps,3840,2160,10,34,67.646113,81.59425,21265.488
Shaky_Fireworks_3840x2160_2997fps,3840,2160,10,35,66.191221,80.590132,19430.64
Shaky_Fireworks_3840x2160_2997fps,3840,2160,10,36,64.679341,79.518083,17700.432
Shaky_Fireworks_3840x2160_2997fps,3840,2160,10,37,63.308065,78.508713,16216.472
Shaky_Fireworks_3840x2160_2997fps,3840,2160,10,38,61.884974,77.41368,14866.648
Shaky_Fireworks_3840x2160_2997fps,3840,2160,10,39,60.568573,76.317759,13655.816
Shaky_Fireworks_3840x2160_2997fps,3840,2160,10,40,59.28126,75.15431,12504.552
Shaky_Fireworks_3840x2160_2997fps,3840,2160,10,41,57.905099,74.037097,11439.432
Shaky_Fireworks_3840x2160_2997fps,3840,2160,10,42,56.680783,72.975438,10571.312
Shaky_Fireworks_3840x2160_2997fps,3840,2160,10,43,55.460923,71.915817,9695.272
Shaky_Fireworks_3840x2160_2997fps,3840,2160,10,44,54.378962,70.8865,8980.448
Shaky_Fireworks_3840x2160_2997fps,3840,2160,10,45,53.1749,69.899859,8291.048
Shaky_Fireworks_3840x2160_2997fps,3840,2160,10,46,52.05668,68.881803,7665.248
Shaky_Fireworks_3840x2160_2997fps,3840,2160,10,47,50.960675,67.883781,7139.504
Shaky_Fireworks_3840x2160_2997fps,3840,2160,10,48,49.938621,66.937475,6616.936
Shaky_Fireworks_3840x2160_2997fps,3840,2160,10,49,48.899145,66.045572,6092.112
Shaky_Fireworks_3840x2160_2997fps,3840,2160,10,50,48.064788,65.237607,5690.728
Shaky_Fireworks_3840x2160_2997fps,3840,2160,10,51,47.363285,64.340501,5275.536
Shaky_Fireworks_3840x2160_2997fps,3840,2160,10,52,46.781271,63.594071,4908.488
Shaky_Fireworks_3840x2160_2997fps,3840,2160,10,53,45.699463,62.596019,4600.64
Shaky_Fireworks_3840x2160_2997fps,3840,2160,10,54,44.73266,61.680934,4228.672
Shaky_Fireworks_3840x2160_2997fps,3840,2160,10,55,43.781471,60.751232,3916.216
Shaky_Fireworks_3840x2160_2997fps,3840,2160,10,56,42.318036,59.57724,3573.088
Shaky_Fireworks_3840x2160_2997fps,3840,2160,10,58,39.617153,57.238396,2939.416
Shaky_Fireworks_3840x2160_2997fps,3840,2160,10,60,36.357788,54.55749,2286.488
Shaky_Fireworks_3840x2160_2997fps,3840,2160,10,63,22.126492,45.585401,1233.288
Shaky_Quad_1920x1080_30fps,1920,1080,4,20,100.0,99.965689,198088.056
Shaky_Quad_1920x1080_30fps,1920,1080,4,24,100.0,99.961375,174562.664
Shaky_Quad_1920x1080_30fps,1920,1080,4,27,99.983755,99.95573,146126.544
Shaky_Quad_1920x1080_30fps,1920,1080,4,28,99.916417,99.953968,138595.16
Shaky_Quad_1920x1080_30fps,1920,1080,4,29,99.8075,99.952956,131471.176
Shaky_Quad_1920x1080_30fps,1920,1080,4,30,99.586189,99.950755,125154.544
Shaky_Quad_1920x1080_30fps,1920,1080,4,31,99.139041,99.9476,117158.112
Shaky_Quad_1920x1080_30fps,1920,1080,4,32,98.506317,99.944685,109406.928
Shaky_Quad_1920x1080_30fps,1920,1080,4,33,97.95029,99.941888,103179.08
Shaky_Quad_1920x1080_30fps,1920,1080,4,34,97.283527,99.938959,97689.216
Shaky_Quad_1920x1080_30fps,1920,1080,4,35,96.696302,99.935317,91134.184
Shaky_Quad_1920x1080_30fps,1920,1080,4,36,95.944731,99.931773,84932.872
Shaky_Quad_1920x1080_30fps,1920,1080,4,37,95.174787,99.92864,79842.632
Shaky_Quad_1920x1080_30fps,1920,1080,4,38,94.453717,99.924543,74387.32
Shaky_Quad_1920x1080_30fps,1920,1080,4,39,93.762885,99.9191,69459.272
Shaky_Quad_1920x1080_30fps,1920,1080,4,40,92.821483,99.91283,64857.04
Shaky_Quad_1920x1080_30fps,1920,1080,4,41,91.939861,99.886963,60254.864
Shaky_Quad_1920x1080_30fps,1920,1080,4,42,91.106481,99.740849,56409.528
Shaky_Quad_1920x1080_30fps,1920,1080,4,43,90.120307,99.303005,52468.4
Shaky_Quad_1920x1080_30fps,1920,1080,4,44,89.282902,98.640847,48779.504
Shaky_Quad_1920x1080_30fps,1920,1080,4,45,88.265759,97.699642,45378.136
Shaky_Quad_1920x1080_30fps,1920,1080,4,46,87.264082,96.574875,42259.672
Shaky_Quad_1920x1080_30fps,1920,1080,4,47,86.281164,95.444025,39415.296
Shaky_Quad_1920x1080_30fps,1920,1080,4,48,85.097556,93.837616,36630.224
Shaky_Quad_1920x1080_30fps,1920,1080,4,49,84.095368,92.498803,33969.12
Shaky_Quad_1920x1080_30fps,1920,1080,4,50,83.255111,90.993215,31817.496
Shaky_Quad_1920x1080_30fps,1920,1080,4,51,82.091622,89.329476,29634.912
Shaky_Quad_1920x1080_30fps,1920,1080,4,52,80.817314,87.408106,27493.472
Shaky_Quad_1920x1080_30fps,1920,1080,4,53,79.981886,85.586031,25566.304
Shaky_Quad_1920x1080_30fps,1920,1080,4,54,78.590476,83.529926,23656.792
Shaky_Quad_1920x1080_30fps,1920,1080,4,55,76.974634,81.007712,21551.024
Shaky_Quad_1920x1080_30fps,1920,1080,4,56,75.263761,77.97645,19154.712
Shaky_Quad_1920x1080_30fps,1920,1080,4,58,70.756521,71.940435,15295.72
Shaky_Quad_1920x1080_30fps,1920,1080,4,60,64.507361,64.375398,11228.368
Shaky_Quad_1920x1080_30fps,1920,1080,4,63,43.307025,42.856106,4315.752
Shaky_Quad_1920x1080_30fps,1920,1080,5,20,100.0,99.965243,219953.616
Shaky_Quad_1920x1080_30fps,1920,1080,5,24,100.0,99.961246,185747.432
Shaky_Quad_1920x1080_30fps,1920,1080,5,27,99.989944,99.955962,152663.512
Shaky_Quad_1920x1080_30fps,1920,1080,5,28,99.905117,99.954075,143916.28
Shaky_Quad_1920x1080_30fps,1920,1080,5,29,99.797038,99.951754,136237.464
Shaky_Quad_1920x1080_30fps,1920,1080,5,30,99.52485,99.949676,129477.6
Shaky_Quad_1920x1080_30fps,1920,1080,5,31,98.978109,99.94709,121246.992
Shaky_Quad_1920x1080_30fps,1920,1080,5,32,98.289684,99.943499,112722.344
Shaky_Quad_1920x1080_30fps,1920,1080,5,33,97.61586,99.941206,106276.856
Shaky_Quad_1920x1080_30fps,1920,1080,5,34,97.026108,99.938763,100338.776
Shaky_Quad_1920x1080_30fps,1920,1080,5,35,96.304798,99.934696,93614.016
Shaky_Quad_1920x1080_30fps,1920,1080,5,36,95.47766,99.931099,87110.424
Shaky_Quad_1920x1080_30fps,1920,1080,5,37,94.847076,99.927313,81656.384
Shaky_Quad_1920x1080_30fps,1920,1080,5,38,94.11611,99.922094,76039.008
Shaky_Quad_1920x1080_30fps,1920,1080,5,39,93.280471,99.916964,70826.328
Shaky_Quad_1920x1080_30fps,1920,1080,5,40,92.652875,99.911648,65931.696
Shaky_Quad_1920x1080_30fps,1920,1080,5,41,91.782775,99.854193,61146.504
Shaky_Quad_1920x1080_30fps,1920,1080,5,42,90.78036,99.606348,57125.872
Shaky_Quad_1920x1080_30fps,1920,1080,5,43,89.834496,99.043522,53071.04
Shaky_Quad_1920x1080_30fps,1920,1080,5,44,88.829655,98.145387,49286.208
Shaky_Quad_1920x1080_30fps,1920,1080,5,45,87.968572,97.14691,45640.12
Shaky_Quad_1920x1080_30fps,1920,1080,5,46,86.887683,95.959708,42295.64
Shaky_Quad_1920x1080_30fps,1920,1080,5,47,85.820922,94.625216,39393.488
Shaky_Quad_1920x1080_30fps,1920,1080,5,48,84.677201,92.868617,36521.824
Shaky_Quad_1920x1080_30fps,1920,1080,5,49,83.602536,91.206214,33783.52
Shaky_Quad_1920x1080_30fps,1920,1080,5,50,82.562474,89.457133,31338.968
Shaky_Quad_1920x1080_30fps,1920,1080,5,51,81.509974,87.579233,29052.424
Shaky_Quad_1920x1080_30fps,1920,1080,5,52,80.222055,85.538878,26856.768
Shaky_Quad_1920x1080_30fps,1920,1080,5,53,78.909755,83.424492,24753.0
Shaky_Quad_1920x1080_30fps,1920,1080,5,54,77.514177,81.17713,22749.456
Shaky_Quad_1920x1080_30fps,1920,1080,5,55,75.855321,78.690768,20712.328
Shaky_Quad_1920x1080_30fps,1920,1080,5,56,73.687359,75.454842,18276.0
Shaky_Quad_1920x1080_30fps,1920,1080,5,58,70.180345,71.462629,15530.08
Shaky_Quad_1920x1080_30fps,1920,1080,5,60,64.497654,63.867056,11347.144
Shaky_Quad_1920x1080_30fps,1920,1080,5,63,42.03248,41.522232,4351.84
Shaky_Quad_1920x1080_30fps,1920,1080,6,20,100.0,99.968754,264000.152
Shaky_Quad_1920x1080_30fps,1920,1080,6,24,100.0,99.965553,216448.256
Shaky_Quad_1920x1080_30fps,1920,1080,6,27,99.990166,99.96036,174098.008
Shaky_Quad_1920x1080_30fps,1920,1080,6,28,99.961755,99.958198,163165.56
Shaky_Quad_1920x1080_30fps,1920,1080,6,29,99.843244,99.957111,154275.624
Shaky_Quad_1920x1080_30fps,1920,1080,6,30,99.649084,99.955641,146313.2
Shaky_Quad_1920x1080_30fps,1920,1080,6,31,99.369799,99.953136,136856.04
Shaky_Quad_1920x1080_30fps,1920,1080,6,32,98.920431,99.951058,126650.456
Shaky_Quad_1920x1080_30fps,1920,1080,6,33,98.48733,99.949381,119106.592
Shaky_Quad_1920x1080_30fps,1920,1080,6,34,97.991271,99.94705,112318.848
Shaky_Quad_1920x1080_30fps,1920,1080,6,35,97.392713,99.943022,104875.344
Shaky_Quad_1920x1080_30fps,1920,1080,6,36,96.691098,99.939044,97826.64
Shaky_Quad_1920x1080_30fps,1920,1080,6,37,95.916692,99.935354,91689.464
Shaky_Quad_1920x1080_30fps,1920,1080,6,38,95.101935,99.933976,85222.432
Shaky_Quad_1920x1080_30fps,1920,1080,6,39,94.312945,99.929021,79186.048
Shaky_Quad_1920x1080_30fps,1920,1080,6,40,93.840676,99.925592,73520.832
Shaky_Quad_1920x1080_30fps,1920,1080,6,41,92.812397,99.867262,68108.296
Shaky_Quad_1920x1080_30fps,1920,1080,6,42,91.929431,99.625063,63853.496
Shaky_Quad_1920x1080_30fps,1920,1080,6,43,91.063125,99.081866,59147.008
Shaky_Quad_1920x1080_30fps,1920,1080,6,44,90.099124,98.337471,54998.144
Shaky_Quad_1920x1080_30fps,1920,1080,6,45,89.15474,97.464115,51078.896
Shaky_Quad_1920x1080_30fps,1920,1080,6,46,88.091406,96.528558,47399.432
Shaky_Quad_1920x1080_30fps,1920,1080,6,47,87.371915,95.540967,44159.968
Shaky_Quad_1920x1080_30fps,1920,1080,6,48,86.073142,94.140754,40825.552
Shaky_Quad_1920x1080_30fps,1920,1080,6,49,84.914474,92.685726,37768.824
Shaky_Quad_1920x1080_30fps,1920,1080,6,50,83.650465,91.025729,35022.288
Shaky_Quad_1920x1080_30fps,1920,1080,6,51,82.243571,89.158084,32264.84
Shaky_Quad_1920x1080_30fps,1920,1080,6,52,80.88456,87.16761,29767.768
Shaky_Quad_1920x1080_30fps,1920,1080,6,53,79.47932,84.901695,27267.192
Shaky_Quad_1920x1080_30fps,1920,1080,6,54,78.307336,82.70965,25005.12
Shaky_Quad_1920x1080_30fps,1920,1080,6,55,76.458239,80.13063,22666.104
Shaky_Quad_1920x1080_30fps,1920,1080,6,56,74.436658,76.831419,20015.008
Shaky_Quad_1920x1080_30fps,1920,1080,6,58,69.970841,70.539225,15789.072
Shaky_Quad_1920x1080_30fps,1920,1080,6,60,63.170539,62.546304,11500.712
Shaky_Quad_1920x1080_30fps,1920,1080,6,63,41.189763,40.845884,4522.072
Shaky_Quad_1920x1080_30fps,1920,1080,7,20,100.0,99.968368,266124.408
Shaky_Quad_1920x1080_30fps,1920,1080,7,24,100.0,99.965637,217386.512
Shaky_Quad_1920x1080_30fps,1920,1080,7,27,99.997607,99.960358,175690.296
Shaky_Quad_1920x1080_30fps,1920,1080,7,28,99.96408,99.958062,165195.512
Shaky_Quad_1920x1080_30fps,1920,1080,7,29,99.872971,99.956974,156449.928
Shaky_Quad_1920x1080_30fps,1920,1080,7,30,99.716187,99.955644,148658.936
Shaky_Quad_1920x1080_30fps,1920,1080,7,31,99.409769,99.953357,139152.16
Shaky_Quad_1920x1080_30fps,1920,1080,7,32,98.929505,99.950823,129102.56
Shaky_Quad_1920x1080_30fps,1920,1080,7,33,98.497756,99.94954,121194.888
Shaky_Quad_1920x1080_30fps,1920,1080,7,34,97.992146,99.946903,114316.4
Shaky_Quad_1920x1080_30fps,1920,1080,7,35,97.389685,99.943188,106729.912
Shaky_Quad_1920x1080_30fps,1920,1080,7,36,96.637566,99.939431,99673.592
Shaky_Quad_1920x1080_30fps,1920,1080,7,37,95.868755,99.935626,93399.6
Shaky_Quad_1920x1080_30fps,1920,1080,7,38,94.887053,99.933782,86623.504
Shaky_Quad_1920x1080_30fps,1920,1080,7,39,94.156523,99.928569,80425.648
Shaky_Quad_1920x1080_30fps,1920,1080,7,40,93.426003,99.921656,75283.28
Shaky_Quad_1920x1080_30fps,1920,1080,7,41,92.494223,99.822729,69630.92
Shaky_Quad_1920x1080_30fps,1920,1080,7,42,91.662649,99.501852,65142.944
Shaky_Quad_1920x1080_30fps,1920,1080,7,43,90.70482,98.889849,60343.352
Shaky_Quad_1920x1080_30fps,1920,1080,7,44,89.677984,98.08951,56027.08
Shaky_Quad_1920x1080_30fps,1920,1080,7,45,88.862642,97.146547,51908.76
Shaky_Quad_1920x1080_30fps,1920,1080,7,46,87.890892,96.192542,48153.92
Shaky_Quad_1920x1080_30fps,1920,1080,7,47,86.868777,95.133124,44847.44
Shaky_Quad_1920x1080_30fps,1920,1080,7,48,85.553044,93.573585,41397.512
Shaky_Quad_1920x1080_30fps,1920,1080,7,49,84.283092,91.943558,38228.784
Shaky_Quad_1920x1080_30fps,1920,1080,7,50,83.137241,90.184415,35444.68
Shaky_Quad_1920x1080_30fps,1920,1080,7,51,81.908367,88.224017,32634.944
Shaky_Quad_1920x1080_30fps,1920,1080,7,52,80.552772,86.070242,30073.896
Shaky_Quad_1920x1080_30fps,1920,1080,7,53,78.941685,83.828129,27548.136
Shaky_Quad_1920x1080_30fps,1920,1080,7,54,77.506716,81.408569,25179.6
Shaky_Quad_1920x1080_30fps,1920,1080,7,55,75.976831,78.695138,22827.808
Shaky_Quad_1920x1080_30fps,1920,1080,7,56,73.292205,75.256863,20189.672
Shaky_Quad_1920x1080_30fps,1920,1080,7,58,68.741674,68.746641,15928.224
Shaky_Quad_1920x1080_30fps,1920,1080,7,60,61.711237,60.216084,11640.08
Shaky_Quad_1920x1080_30fps,1920,1080,7,63,38.303932,38.056773,4623.832
Shaky_Quad_1920x1080_30fps,1920,1080,8,20,100.0,99.97089,267109.08
Shaky_Quad_1920x1080_30fps,1920,1080,8,24,100.0,99.968511,220271.448
Shaky_Quad_1920x1080_30fps,1920,1080,8,27,99.994481,99.964819,179066.304
Shaky_Quad_1920x1080_30fps,1920,1080,8,28,99.951515,99.963639,168761.336
Shaky_Quad_1920x1080_30fps,1920,1080,8,29,99.850132,99.962294,159448.92
Shaky_Quad_1920x1080_30fps,1920,1080,8,30,99.649976,99.96131,151840.52
Shaky_Quad_1920x1080_30fps,1920,1080,8,31,99.325025,99.958525,142177.784
Shaky_Quad_1920x1080_30fps,1920,1080,8,32,98.869085,99.956647,132246.016
Shaky_Quad_1920x1080_30fps,1920,1080,8,33,98.38583,99.955184,124188.84
Shaky_Quad_1920x1080_30fps,1920,1080,8,34,97.849298,99.953446,116635.104
Shaky_Quad_1920x1080_30fps,1920,1080,8,35,97.342288,99.950743,108961.272
Shaky_Quad_1920x1080_30fps,1920,1080,8,36,96.484727,99.948781,101788.64
Shaky_Quad_1920x1080_30fps,1920,1080,8,37,95.671438,99.945536,95088.888
Shaky_Quad_1920x1080_30fps,1920,1080,8,38,94.797672,99.940637,87989.608
Shaky_Quad_1920x1080_30fps,1920,1080,8,39,93.996169,99.938378,81933.728
Shaky_Quad_1920x1080_30fps,1920,1080,8,40,93.184737,99.935874,76649.552
Shaky_Quad_1920x1080_30fps,1920,1080,8,41,92.371262,99.834296,70689.688
Shaky_Quad_1920x1080_30fps,1920,1080,8,42,91.584207,99.523758,66236.472
Shaky_Quad_1920x1080_30fps,1920,1080,8,43,90.270524,98.951677,61488.824
Shaky_Quad_1920x1080_30fps,1920,1080,8,44,89.335475,98.17607,57168.384
Shaky_Quad_1920x1080_30fps,1920,1080,8,45,88.434722,97.207803,52908.944
Shaky_Quad_1920x1080_30fps,1920,1080,8,46,87.48306,96.199592,49010.8
Shaky_Quad_1920x1080_30fps,1920,1080,8,47,86.752748,95.154615,45512.0
Shaky_Quad_1920x1080_30fps,1920,1080,8,48,85.739777,93.673975,42078.944
Shaky_Quad_1920x1080_30fps,1920,1080,8,49,84.464422,92.117112,38906.024
Shaky_Quad_1920x1080_30fps,1920,1080,8,50,83.288745,90.317362,36071.648
Shaky_Quad_1920x1080_30fps,1920,1080,8,51,81.949812,88.354575,33230.808
Shaky_Quad_1920x1080_30fps,1920,1080,8,52,80.613989,86.323319,30660.784
Shaky_Quad_1920x1080_30fps,1920,1080,8,53,79.306364,84.070662,28060.888
Shaky_Quad_1920x1080_30fps,1920,1080,8,54,77.662621,81.734345,25769.928
Shaky_Quad_1920x1080_30fps,1920,1080,8,55,76.269311,79.055175,23326.776
Shaky_Quad_1920x1080_30fps,1920,1080,8,56,73.753043,75.61907,20672.28
Shaky_Quad_1920x1080_30fps,1920,1080,8,58,69.003319,69.019474,16348.512
Shaky_Quad_1920x1080_30fps,1920,1080,8,60,62.302205,60.662246,12034.112
Shaky_Quad_1920x1080_30fps,1920,1080,8,63,38.669642,38.61192,4828.688
Shaky_Quad_1920x1080_30fps,1920,1080,9,20,100.0,99.971572,266840.024
Shaky_Quad_1920x1080_30fps,1920,1080,9,24,100.0,99.970002,226744.68
Shaky_Quad_1920x1080_30fps,1920,1080,9,27,99.985404,99.966383,191072.56
Shaky_Quad_1920x1080_30fps,1920,1080,9,28,99.933011,99.96546,180531.192
Shaky_Quad_1920x1080_30fps,1920,1080,9,29,99.813322,99.964054,171109.392
Shaky_Quad_1920x1080_30fps,1920,1080,9,30,99.580331,99.962884,161556.144
Shaky_Quad_1920x1080_30fps,1920,1080,9,31,99.110277,99.961502,150244.088
Shaky_Quad_1920x1080_30fps,1920,1080,9,32,98.483567,99.95915,139881.608
Shaky_Quad_1920x1080_30fps,1920,1080,9,33,97.831982,99.957177,130897.56
Shaky_Quad_1920x1080_30fps,1920,1080,9,34,97.109343,99.954697,123129.376
Shaky_Quad_1920x1080_30fps,1920,1080,9,35,96.448505,99.952162,114373.512
Shaky_Quad_1920x1080_30fps,1920,1080,9,36,95.703458,99.949761,106351.912
Shaky_Quad_1920x1080_30fps,1920,1080,9,37,94.950061,99.946706,99017.224
Shaky_Quad_1920x1080_30fps,1920,1080,9,38,94.18686,99.944233,91660.104
Shaky_Quad_1920x1080_30fps,1920,1080,9,39,93.41415,99.941527,85052.584
Shaky_Quad_1920x1080_30fps,1920,1080,9,40,92.531559,99.887599,78698.048
Shaky_Quad_1920x1080_30fps,1920,1080,9,41,91.611302,99.65223,72633.76
Shaky_Quad_1920x1080_30fps,1920,1080,9,42,90.75534,99.085389,67392.408
Shaky_Quad_1920x1080_30fps,1920,1080,9,43,89.689369,98.204405,62224.76
Shaky_Quad_1920x1080_30fps,1920,1080,9,44,88.67079,97.134613,57688.304
Shaky_Quad_1920x1080_30fps,1920,1080,9,45,87.336724,95.93657,53515.048
Shaky_Quad_1920x1080_30fps,1920,1080,9,46,86.289853,94.315893,49120.96
Shaky_Quad_1920x1080_30fps,1920,1080,9,47,85.276976,92.713955,45339.944
Shaky_Quad_1920x1080_30fps,1920,1080,9,48,83.914216,90.706549,41840.928
Shaky_Quad_1920x1080_30fps,1920,1080,9,49,82.92121,88.981821,38490.24
Shaky_Quad_1920x1080_30fps,1920,1080,9,50,81.568948,86.981487,35478.984
Shaky_Quad_1920x1080_30fps,1920,1080,9,51,80.324462,85.073239,32660.184
Shaky_Quad_1920x1080_30fps,1920,1080,9,52,79.094787,83.048773,30014.28
Shaky_Quad_1920x1080_30fps,1920,1080,9,53,77.425254,80.806115,27509.688
Shaky_Quad_1920x1080_30fps,1920,1080,9,54,76.133056,78.622672,25242.832
Shaky_Quad_1920x1080_30fps,1920,1080,9,55,74.254277,76.223595,22970.512
Shaky_Quad_1920x1080_30fps,1920,1080,9,56,72.04922,72.970749,20435.944
Shaky_Quad_1920x1080_30fps,1920,1080,9,58,66.956672,66.489896,16017.616
Shaky_Quad_1920x1080_30fps,1920,1080,9,60,59.940773,58.657559,11804.872
Shaky_Quad_1920x1080_30fps,1920,1080,9,63,32.308088,34.277301,4071.848
Shaky_Quad_1920x1080_30fps,1920,1080,10,20,100.0,99.97151,288251.768
Shaky_Quad_1920x1080_30fps,1920,1080,10,24,100.0,99.969746,247837.864
Shaky_Quad_1920x1080_30fps,1920,1080,10,27,99.945483,99.96645,209368.896
Shaky_Quad_1920x1080_30fps,1920,1080,10,28,99.825107,99.965095,196361.48
Shaky_Quad_1920x1080_30fps,1920,1080,10,29,99.59765,99.963962,185819.88
Shaky_Quad_1920x1080_30fps,1920,1080,10,30,99.293989,99.962677,175730.12
Shaky_Quad_1920x1080_30fps,1920,1080,10,31,98.804791,99.961478,163601.88
Shaky_Quad_1920x1080_30fps,1920,1080,10,32,98.193247,99.959111,152903.136
Shaky_Quad_1920x1080_30fps,1920,1080,10,33,97.579642,99.956982,143305.512
Shaky_Quad_1920x1080_30fps,1920,1080,10,34,96.953659,99.954791,134466.792
Shaky_Quad_1920x1080_30fps,1920,1080,10,35,96.430801,99.951803,124711.704
Shaky_Quad_1920x1080_30fps,1920,1080,10,36,95.666296,99.948931,115765.224
Shaky_Quad_1920x1080_30fps,1920,1080,10,37,94.921373,99.946848,107128.208
Shaky_Quad_1920x1080_30fps,1920,1080,10,38,94.312293,99.94359,98385.744
Shaky_Quad_1920x1080_30fps,1920,1080,10,39,93.744055,99.939484,91262.304
Shaky_Quad_1920x1080_30fps,1920,1080,10,40,92.902977,99.895522,84514.024
Shaky_Quad_1920x1080_30fps,1920,1080,10,41,91.843914,99.64164,77745.048
Shaky_Quad_1920x1080_30fps,1920,1080,10,42,91.030082,99.045021,72076.624
Shaky_Quad_1920x1080_30fps,1920,1080,10,43,89.91129,98.142952,66230.768
Shaky_Quad_1920x1080_30fps,1920,1080,10,44,88.995998,96.990496,61243.232
Shaky_Quad_1920x1080_30fps,1920,1080,10,45,87.748396,95.529964,56354.728
Shaky_Quad_1920x1080_30fps,1920,1080,10,46,86.629505,93.937663,51764.576
Shaky_Quad_1920x1080_30fps,1920,1080,10,47,85.415916,92.208563,47655.744
Shaky_Quad_1920x1080_30fps,1920,1080,10,48,84.194401,90.251894,43643.536
Shaky_Quad_1920x1080_30fps,1920,1080,10,49,83.110758,88.302288,40007.264
Shaky_Quad_1920x1080_30fps,1920,1080,10,50,81.67634,86.056965,36630.928
Shaky_Quad_1920x1080_30fps,1920,1080,10,51,80.176506,83.896917,33450.816
Shaky_Quad_1920x1080_30fps,1920,1080,10,52,78.535137,81.660689,30528.192
Shaky_Quad_1920x1080_30fps,1920,1080,10,53,76.920346,79.153833,27783.16
Shaky_Quad_1920x1080_30fps,1920,1080,10,54,75.217809,76.701012,25233.688
Shaky_Quad_1920x1080_30fps,1920,1080,10,55,73.252102,74.22716,22904.56
Shaky_Quad_1920x1080_30fps,1920,1080,10,56,70.60059,71.056919,20322.72
Shaky_Quad_1920x1080_30fps,1920,1080,10,58,65.293158,64.47992,15741.656
Shaky_Quad_1920x1080_30fps,1920,1080,10,60,57.916395,56.503545,11359.04
Shaky_Quad_1920x1080_30fps,1920,1080,10,63,30.709534,33.789688,3948.728
Shaky_Walk_1920x1080_25fps,1920,1080,4,20,99.996597,99.945445,152946.184
Shaky_Walk_1920x1080_25fps,1920,1080,4,24,99.974716,99.935245,126446.384
Shaky_Walk_1920x1080_25fps,1920,1080,4,27,99.833217,99.923734,102772.096
Shaky_Walk_1920x1080_25fps,1920,1080,4,28,99.728445,99.919459,96796.912
Shaky_Walk_1920x1080_25fps,1920,1080,4,29,99.59128,99.914584,91105.696
Shaky_Walk_1920x1080_25fps,1920,1080,4,30,99.28227,99.909816,86062.904
Shaky_Walk_1920x1080_25fps,1920,1080,4,31,98.873808,99.903367,79637.056
Shaky_Walk_1920x1080_25fps,1920,1080,4,32,98.281247,99.884447,73733.112
Shaky_Walk_1920x1080_25fps,1920,1080,4,33,97.648583,99.849352,68702.664
Shaky_Walk_1920x1080_25fps,1920,1080,4,34,96.981454,99.775253,64371.48
Shaky_Walk_1920x1080_25fps,1920,1080,4,35,96.182591,99.608387,59316.808
Shaky_Walk_1920x1080_25fps,1920,1080,4,36,95.294002,99.282646,54568.64
Shaky_Walk_1920x1080_25fps,1920,1080,4,37,94.521906,98.899333,50848.784
Shaky_Walk_1920x1080_25fps,1920,1080,4,38,93.512976,98.206036,46826.72
Shaky_Walk_1920x1080_25fps,1920,1080,4,39,92.538455,97.392897,43228.616
Shaky_Walk_1920x1080_25fps,1920,1080,4,40,91.664933,96.475212,40051.2
Shaky_Walk_1920x1080_25fps,1920,1080,4,41,90.50945,95.274885,36820.144
Shaky_Walk_1920x1080_25fps,1920,1080,4,42,89.685525,94.113302,34175.544
Shaky_Walk_1920x1080_25fps,1920,1080,4,43,88.695752,92.72343,31504.136
Shaky_Walk_1920x1080_25fps,1920,1080,4,44,87.629046,91.220995,29005.28
Shaky_Walk_1920x1080_25fps,1920,1080,4,45,86.509509,89.764642,26766.44
Shaky_Walk_1920x1080_25fps,1920,1080,4,46,85.449224,88.152898,24655.616
Shaky_Walk_1920x1080_25fps,1920,1080,4,47,84.51444,86.681268,22847.648
Shaky_Walk_1920x1080_25fps,1920,1080,4,48,83.259147,84.884009,21052.248
Shaky_Walk_1920x1080_25fps,1920,1080,4,49,82.16748,83.455251,19398.12
Shaky_Walk_1920x1080_25fps,1920,1080,4,50,81.240477,81.887319,17950.8
Shaky_Walk_1920x1080_25fps,1920,1080,4,51,80.02826,80.22807,16611.544
Shaky_Walk_1920x1080_25fps,1920,1080,4,52,78.868746,78.433669,15238.48
Shaky_Walk_1920x1080_25fps,1920,1080,4,53,77.572126,76.72118,14035.904
Shaky_Walk_1920x1080_25fps,1920,1080,4,54,76.144284,74.798809,12825.056
Shaky_Walk_1920x1080_25fps,1920,1080,4,55,74.688915,72.748666,11631.56
Shaky_Walk_1920x1080_25fps,1920,1080,4,56,73.064349,70.280198,10182.544
Shaky_Walk_1920x1080_25fps,1920,1080,4,58,69.494501,65.662247,8102.416
Shaky_Walk_1920x1080_25fps,1920,1080,4,60,64.264999,59.52794,5855.976
Shaky_Walk_1920x1080_25fps,1920,1080,4,63,46.891273,43.069247,2254.536
Shaky_Walk_1920x1080_25fps,1920,1080,5,20,99.992501,99.943537,161814.088
Shaky_Walk_1920x1080_25fps,1920,1080,5,24,99.970194,99.932716,131691.72
Shaky_Walk_1920x1080_25fps,1920,1080,5,27,99.808213,99.922203,106429.48
Shaky_Walk_1920x1080_25fps,1920,1080,5,28,99.721731,99.918519,99833.776
Shaky_Walk_1920x1080_25fps,1920,1080,5,29,99.543696,99.914377,93829.944
Shaky_Walk_1920x1080_25fps,1920,1080,5,30,99.301187,99.909339,88556.392
Shaky_Walk_1920x1080_25fps,1920,1080,5,31,98.896693,99.894704,82032.632
Shaky_Walk_1920x1080_25fps,1920,1080,5,32,98.302424,99.87446,75566.368
Shaky_Walk_1920x1080_25fps,1920,1080,5,33,97.693577,99.833846,70395.312
Shaky_Walk_1920x1080_25fps,1920,1080,5,34,97.004809,99.752197,65770.968
Shaky_Walk_1920x1080_25fps,1920,1080,5,35,96.176471,99.53313,60751.2
Shaky_Walk_1920x1080_25fps,1920,1080,5,36,95.272427,99.161877,55679.136
Shaky_Walk_1920x1080_25fps,1920,1080,5,37,94.447421,98.671918,51683.552
Shaky_Walk_1920x1080_25fps,1920,1080,5,38,93.464334,97.916738,47546.336
Shaky_Walk_1920x1080_25fps,1920,1080,5,39,92.451757,97.020547,43833.8
Shaky_Walk_1920x1080_25fps,1920,1080,5,40,91.607724,96.040441,40165.992
Shaky_Walk_1920x1080_25fps,1920,1080,5,41,90.713432,94.785456,36918.6
Shaky_Walk_1920x1080_25fps,1920,1080,5,42,89.704479,93.465434,34154.056
Shaky_Walk_1920x1080_25fps,1920,1080,5,43,88.699047,92.003646,31406.48
Shaky_Walk_1920x1080_25fps,1920,1080,5,44,87.635693,90.456455,28847.712
Shaky_Walk_1920x1080_25fps,1920,1080,5,45,86.512847,88.921328,26586.624
Shaky_Walk_1920x1080_25fps,1920,1080,5,46,85.41832,87.225878,24472.056
Shaky_Walk_1920x1080_25fps,1920,1080,5,47,84.388215,85.621485,22624.432
Shaky_Walk_1920x1080_25fps,1920,1080,5,48,83.165733,83.810743,20787.576
Shaky_Walk_1920x1080_25fps,1920,1080,5,49,82.054388,82.232904,19171.472
Shaky_Walk_1920x1080_25fps,1920,1080,5,50,80.8551,80.54332,17680.376
Shaky_Walk_1920x1080_25fps,1920,1080,5,51,79.831796,78.829894,16295.448
Shaky_Walk_1920x1080_25fps,1920,1080,5,52,78.470786,77.043067,14971.552
Shaky_Walk_1920x1080_25fps,1920,1080,5,53,77.048284,75.185001,13732.96
Shaky_Walk_1920x1080_25fps,1920,1080,5,54,75.792719,73.287374,12514.48
Shaky_Walk_1920x1080_25fps,1920,1080,5,55,73.937392,71.123836,11325.664
Shaky_Walk_1920x1080_25fps,1920,1080,5,56,72.332389,68.616052,9867.992
Shaky_Walk_1920x1080_25fps,1920,1080,5,58,69.09727,64.889616,8081.088
Shaky_Walk_1920x1080_25fps,1920,1080,5,60,64.095952,58.842876,5814.544
Shaky_Walk_1920x1080_25fps,1920,1080,5,63,46.220004,42.285254,2240.576
Shaky_Walk_1920x1080_25fps,1920,1080,6,20,99.995621,99.951272,189128.576
Shaky_Walk_1920x1080_25fps,1920,1080,6,24,99.98099,99.945756,154924.4
Shaky_Walk_1920x1080_25fps,1920,1080,6,27,99.885045,99.934444,123076.24
Shaky_Walk_1920x1080_25fps,1920,1080,6,28,99.790192,99.931549,115463.88
Shaky_Walk_1920x1080_25fps,1920,1080,6,29,99.651958,99.927965,108327.432
Shaky_Walk_1920x1080_25fps,1920,1080,6,30,99.514079,99.924734,102269.656
Shaky_Walk_1920x1080_25fps,1920,1080,6,31,99.198321,99.918077,94645.76
Shaky_Walk_1920x1080_25fps,1920,1080,6,32,98.747736,99.903407,86760.952
Shaky_Walk_1920x1080_25fps,1920,1080,6,33,98.313932,99.869276,80700.744
Shaky_Walk_1920x1080_25fps,1920,1080,6,34,97.854244,99.79102,75348.368
Shaky_Walk_1920x1080_25fps,1920,1080,6,35,97.155839,99.586874,69393.864
Shaky_Walk_1920x1080_25fps,1920,1080,6,36,96.415206,99.200563,64064.496
Shaky_Walk_1920x1080_25fps,1920,1080,6,37,95.606907,98.795356,59414.184
Shaky_Walk_1920x1080_25fps,1920,1080,6,38,94.713946,98.160409,54176.92
Shaky_Walk_1920x1080_25fps,1920,1080,6,39,93.867768,97.388713,49785.92
Shaky_Walk_1920x1080_25fps,1920,1080,6,40,93.116285,96.589102,45409.904
Shaky_Walk_1920x1080_25fps,1920,1080,6,41,92.09566,95.47938,41450.88
Shaky_Walk_1920x1080_25fps,1920,1080,6,42,91.207575,94.385152,38442.68
Shaky_Walk_1920x1080_25fps,1920,1080,6,43,90.005496,92.921687,35171.096
Shaky_Walk_1920x1080_25fps,1920,1080,6,44,88.971084,91.447992,32311.88
Shaky_Walk_1920x1080_25fps,1920,1080,6,45,87.970874,89.911788,29639.744
Shaky_Walk_1920x1080_25fps,1920,1080,6,46,86.842168,88.167221,27153.904
Shaky_Walk_1920x1080_25fps,1920,1080,6,47,85.689454,86.563687,25062.528
Shaky_Walk_1920x1080_25fps,1920,1080,6,48,84.555835,84.704011,22955.432
Shaky_Walk_1920x1080_25fps,1920,1080,6,49,83.366968,82.956303,20945.256
Shaky_Walk_1920x1080_25fps,1920,1080,6,50,81.978504,81.16309,19193.104
Shaky_Walk_1920x1080_25fps,1920,1080,6,51,80.814504,79.252488,17522.784
Shaky_Walk_1920x1080_25fps,1920,1080,6,52,79.367052,77.283021,15967.176
Shaky_Walk_1920x1080_25fps,1920,1080,6,53,77.841406,75.18134,14442.208
Shaky_Walk_1920x1080_25fps,1920,1080,6,54,76.414431,73.149765,13099.928
Shaky_Walk_1920x1080_25fps,1920,1080,6,55,74.629787,70.772532,11732.592
Shaky_Walk_1920x1080_25fps,1920,1080,6,56,72.63306,68.052174,10149.096
Shaky_Walk_1920x1080_25fps,1920,1080,6,58,67.977763,62.449341,7740.112
Shaky_Walk_1920x1080_25fps,1920,1080,6,60,62.137164,55.733308,5361.816
Shaky_Walk_1920x1080_25fps,1920,1080,6,63,42.329966,39.198555,2105.6
Shaky_Walk_1920x1080_25fps,1920,1080,7,20,99.996446,99.951252,192354.816
Shaky_Walk_1920x1080_25fps,1920,1080,7,24,99.975931,99.943979,155736.184
Shaky_Walk_1920x1080_25fps,1920,1080,7,27,99.881816,99.933666,123437.832
Shaky_Walk_1920x1080_25fps,1920,1080,7,28,99.796142,99.930544,115549.384
Shaky_Walk_1920x1080_25fps,1920,1080,7,29,99.665798,99.926539,108635.096
Shaky_Walk_1920x1080_25fps,1920,1080,7,30,99.488962,99.922828,102661.48
Shaky_Walk_1920x1080_25fps,1920,1080,7,31,99.195085,99.909226,95179.352
Shaky_Walk_1920x1080_25fps,1920,1080,7,32,98.749898,99.894257,87322.568
Shaky_Walk_1920x1080_25fps,1920,1080,7,33,98.313068,99.846118,81171.144
Shaky_Walk_1920x1080_25fps,1920,1080,7,34,97.85008,99.741917,76036.176
Shaky_Walk_1920x1080_25fps,1920,1080,7,35,97.198881,99.523666,70074.976
Shaky_Walk_1920x1080_25fps,1920,1080,7,36,96.372287,99.089461,64908.808
Shaky_Walk_1920x1080_25fps,1920,1080,7,37,95.63012,98.669258,60170.776
Shaky_Walk_1920x1080_25fps,1920,1080,7,38,94.697367,98.003298,54953.064
Shaky_Walk_1920x1080_25fps,1920,1080,7,39,93.825222,97.135203,50466.288
Shaky_Walk_1920x1080_25fps,1920,1080,7,40,92.92208,96.222167,46742.2
Shaky_Walk_1920x1080_25fps,1920,1080,7,41,91.828736,95.036406,42627.264
Shaky_Walk_1920x1080_25fps,1920,1080,7,42,90.915735,93.821022,39478.736
Shaky_Walk_1920x1080_25fps,1920,1080,7,43,89.844157,92.294402,36047.312
Shaky_Walk_1920x1080_25fps,1920,1080,7,44,88.729345,90.827173,33077.616
Shaky_Walk_1920x1080_25fps,1920,1080,7,45,87.625203,89.146259,30293.76
Shaky_Walk_1920x1080_25fps,1920,1080,7,46,86.471923,87.387896,27758.128
Shaky_Walk_1920x1080_25fps,1920,1080,7,47,85.492744,85.805557,25524.184
Shaky_Walk_1920x1080_25fps,1920,1080,7,48,84.080881,83.783665,23323.768
Shaky_Walk_1920x1080_25fps,1920,1080,7,49,82.654511,81.902895,21224.672
Shaky_Walk_1920x1080_25fps,1920,1080,7,50,81.389554,79.94058,19443.656
Shaky_Walk_1920x1080_25fps,1920,1080,7,51,80.017536,77.99362,17676.056
Shaky_Walk_1920x1080_25fps,1920,1080,7,52,78.610042,76.008229,16059.568
Shaky_Walk_1920x1080_25fps,1920,1080,7,53,76.962902,73.808434,14495.888
Shaky_Walk_1920x1080_25fps,1920,1080,7,54,75.474073,71.63036,13103.392
Shaky_Walk_1920x1080_25fps,1920,1080,7,55,73.462014,69.220245,11703.696
Shaky_Walk_1920x1080_25fps,1920,1080,7,56,71.537174,66.236784,10146.56
Shaky_Walk_1920x1080_25fps,1920,1080,7,58,66.804718,60.663507,7688.0
Shaky_Walk_1920x1080_25fps,1920,1080,7,60,60.250036,53.693882,5341.888
Shaky_Walk_1920x1080_25fps,1920,1080,7,63,39.693322,37.080943,2124.816
Shaky_Walk_1920x1080_25fps,1920,1080,8,20,100.0,99.95707,193986.736
Shaky_Walk_1920x1080_25fps,1920,1080,8,24,99.973173,99.951125,157525.008
Shaky_Walk_1920x1080_25fps,1920,1080,8,27,99.865156,99.942393,125290.552
Shaky_Walk_1920x1080_25fps,1920,1080,8,28,99.774554,99.9389,117354.592
Shaky_Walk_1920x1080_25fps,1920,1080,8,29,99.644233,99.9361,110500.848
Shaky_Walk_1920x1080_25fps,1920,1080,8,30,99.491378,99.93336,104480.296
Shaky_Walk_1920x1080_25fps,1920,1080,8,31,99.2059,99.926504,96895.168
Shaky_Walk_1920x1080_25fps,1920,1080,8,32,98.725529,99.908739,89187.12
Shaky_Walk_1920x1080_25fps,1920,1080,8,33,98.297777,99.85666,82863.416
Shaky_Walk_1920x1080_25fps,1920,1080,8,34,97.777846,99.752379,77379.88
Shaky_Walk_1920x1080_25fps,1920,1080,8,35,97.044849,99.481405,71427.016
Shaky_Walk_1920x1080_25fps,1920,1080,8,36,96.306513,99.068315,66096.944
Shaky_Walk_1920x1080_25fps,1920,1080,8,37,95.501368,98.605049,61289.544
Shaky_Walk_1920x1080_25fps,1920,1080,8,38,94.597661,97.893666,55873.032
Shaky_Walk_1920x1080_25fps,1920,1080,8,39,93.70605,97.06595,51536.112
Shaky_Walk_1920x1080_25fps,1920,1080,8,40,92.837446,96.130795,47735.392
Shaky_Walk_1920x1080_25fps,1920,1080,8,41,91.658425,94.926112,43663.712
Shaky_Walk_1920x1080_25fps,1920,1080,8,42,90.697507,93.735468,40495.24
Shaky_Walk_1920x1080_25fps,1920,1080,8,43,89.522588,92.144746,37004.016
Shaky_Walk_1920x1080_25fps,1920,1080,8,44,88.515509,90.666917,33967.12
Shaky_Walk_1920x1080_25fps,1920,1080,8,45,87.412012,89.077872,31191.336
Shaky_Walk_1920x1080_25fps,1920,1080,8,46,86.337044,87.248116,28539.48
Shaky_Walk_1920x1080_25fps,1920,1080,8,47,85.376264,85.729184,26273.232
Shaky_Walk_1920x1080_25fps,1920,1080,8,48,83.996573,83.779781,24014.456
Shaky_Walk_1920x1080_25fps,1920,1080,8,49,82.96803,82.127474,21858.016
Shaky_Walk_1920x1080_25fps,1920,1080,8,50,81.59472,80.190911,20065.608
Shaky_Walk_1920x1080_25fps,1920,1080,8,51,80.243977,78.316983,18335.08
Shaky_Walk_1920x1080_25fps,1920,1080,8,52,78.882623,76.229858,16707.712
Shaky_Walk_1920x1080_25fps,1920,1080,8,53,77.162034,73.952094,15048.56
Shaky_Walk_1920x1080_25fps,1920,1080,8,54,75.731897,71.83522,13625.864
Shaky_Walk_1920x1080_25fps,1920,1080,8,55,74.020753,69.362319,12168.464
Shaky_Walk_1920x1080_25fps,1920,1080,8,56,71.622248,66.404614,10658.648
Shaky_Walk_1920x1080_25fps,1920,1080,8,58,67.061574,60.775748,8108.544
Shaky_Walk_1920x1080_25fps,1920,1080,8,60,60.638497,53.892411,5657.176
Shaky_Walk_1920x1080_25fps,1920,1080,8,63,40.422161,37.726475,2252.448
Shaky_Walk_1920x1080_25fps,1920,1080,9,20,99.997273,99.961292,190889.128
Shaky_Walk_1920x1080_25fps,1920,1080,9,24,99.959682,99.957898,159155.496
Shaky_Walk_1920x1080_25fps,1920,1080,9,27,99.830869,99.951872,130702.408
Shaky_Walk_1920x1080_25fps,1920,1080,9,28,99.759815,99.949013,122986.0
Shaky_Walk_1920x1080_25fps,1920,1080,9,29,99.622415,99.947599,115530.992
Shaky_Walk_1920x1080_25fps,1920,1080,9,30,99.456113,99.94431,108176.352
Shaky_Walk_1920x1080_25fps,1920,1080,9,31,99.076735,99.934253,99455.256
Shaky_Walk_1920x1080_25fps,1920,1080,9,32,98.5972,99.918362,91964.72
Shaky_Walk_1920x1080_25fps,1920,1080,9,33,98.05157,99.871981,85227.184
Shaky_Walk_1920x1080_25fps,1920,1080,9,34,97.440816,99.741334,79421.208
Shaky_Walk_1920x1080_25fps,1920,1080,9,35,96.709581,99.47373,73411.696
Shaky_Walk_1920x1080_25fps,1920,1080,9,36,95.897024,99.023183,67759.8
Shaky_Walk_1920x1080_25fps,1920,1080,9,37,95.180789,98.394847,62339.528
Shaky_Walk_1920x1080_25fps,1920,1080,9,38,94.243169,97.498166,57325.808
Shaky_Walk_1920x1080_25fps,1920,1080,9,39,93.225006,96.434361,52892.168
Shaky_Walk_1920x1080_25fps,1920,1080,9,40,92.304121,95.207249,48536.408
Shaky_Walk_1920x1080_25fps,1920,1080,9,41,91.368612,93.785549,44425.72
Shaky_Walk_1920x1080_25fps,1920,1080,9,42,90.20126,92.319508,40831.08
Shaky_Walk_1920x1080_25fps,1920,1080,9,43,89.067218,90.609169,37244.64
Shaky_Walk_1920x1080_25fps,1920,1080,9,44,87.859404,88.942023,34122.008
Shaky_Walk_1920x1080_25fps,1920,1080,9,45,86.609571,87.090598,31045.848
Shaky_Walk_1920x1080_25fps,1920,1080,9,46,85.136133,85.157975,28316.248
Shaky_Walk_1920x1080_25fps,1920,1080,9,47,83.832291,83.209003,25776.568
Shaky_Walk_1920x1080_25fps,1920,1080,9,48,82.48023,81.063099,23413.696
Shaky_Walk_1920x1080_25fps,1920,1080,9,49,81.204229,78.750597,21049.632
Shaky_Walk_1920x1080_25fps,1920,1080,9,50,79.780233,76.546328,19080.616
Shaky_Walk_1920x1080_25fps,1920,1080,9,51,78.356657,74.441339,17263.216
Shaky_Walk_1920x1080_25fps,1920,1080,9,52,76.85763,72.458045,15657.608
Shaky_Walk_1920x1080_25fps,1920,1080,9,53,75.096336,70.206909,14119.88
Shaky_Walk_1920x1080_25fps,1920,1080,9,54,73.380189,68.060274,12680.792
Shaky_Walk_1920x1080_25fps,1920,1080,9,55,71.363198,65.689615,11331.552
Shaky_Walk_1920x1080_25fps,1920,1080,9,56,68.985263,62.897002,9919.84
Shaky_Walk_1920x1080_25fps,1920,1080,9,58,63.435173,56.859587,7337.576
Shaky_Walk_1920x1080_25fps,1920,1080,9,60,56.301526,50.079557,5100.016
Shaky_Walk_1920x1080_25fps,1920,1080,9,63,30.95456,32.53489,1786.688
Shaky_Walk_1920x1080_25fps,1920,1080,10,20,99.988072,99.961832,199605.168
Shaky_Walk_1920x1080_25fps,1920,1080,10,24,99.937026,99.957615,167048.112
Shaky_Walk_1920x1080_25fps,1920,1080,10,27,99.670303,99.951222,137250.336
Shaky_Walk_1920x1080_25fps,1920,1080,10,28,99.501159,99.948758,128282.56
Shaky_Walk_1920x1080_25fps,1920,1080,10,29,99.241389,99.946682,120445.168
Shaky_Walk_1920x1080_25fps,1920,1080,10,30,98.981721,99.944288,113014.72
Shaky_Walk_1920x1080_25fps,1920,1080,10,31,98.497109,99.938431,103321.888
Shaky_Walk_1920x1080_25fps,1920,1080,10,32,97.975271,99.903716,96010.016
Shaky_Walk_1920x1080_25fps,1920,1080,10,33,97.404455,99.824441,89160.16
Shaky_Walk_1920x1080_25fps,1920,1080,10,34,96.815142,99.690825,83163.784
Shaky_Walk_1920x1080_25fps,1920,1080,10,35,96.146027,99.413945,76920.152
Shaky_Walk_1920x1080_25fps,1920,1080,10,36,95.375947,98.947204,71111.336
Shaky_Walk_1920x1080_25fps,1920,1080,10,37,94.535411,98.358663,65555.128
Shaky_Walk_1920x1080_25fps,1920,1080,10,38,93.67346,97.521584,60418.216
Shaky_Walk_1920x1080_25fps,1920,1080,10,39,92.811188,96.4896,55660.848
Shaky_Walk_1920x1080_25fps,1920,1080,10,40,91.918219,95.332508,51257.464
Shaky_Walk_1920x1080_25fps,1920,1080,10,41,90.818717,93.93994,46815.008
Shaky_Walk_1920x1080_25fps,1920,1080,10,42,89.77039,92.43847,43028.864
Shaky_Walk_1920x1080_25fps,1920,1080,10,43,88.599329,90.669158,39107.128
Shaky_Walk_1920x1080_25fps,1920,1080,10,44,87.541685,88.675699,35503.864
Shaky_Walk_1920x1080_25fps,1920,1080,10,45,86.095418,87.076647,32746.6
Shaky_Walk_1920x1080_25fps,1920,1080,10,46,84.628996,85.057007,29707.032
Shaky_Walk_1920x1080_25fps,1920,1080,10,47,83.40246,82.994776,26995.208
Shaky_Walk_1920x1080_25fps,1920,1080,10,48,81.980833,80.728539,24305.056
Shaky_Walk_1920x1080_25fps,1920,1080,10,49,80.749351,78.443426,21859.336
Shaky_Walk_1920x1080_25fps,1920,1080,10,50,79.20991,76.259468,19757.32
Shaky_Walk_1920x1080_25fps,1920,1080,10,51,77.595149,73.947259,17751.632
Shaky_Walk_1920x1080_25fps,1920,1080,10,52,75.932803,71.676339,15964.88
Shaky_Walk_1920x1080_25fps,1920,1080,10,53,74.167569,69.250011,14293.536
Shaky_Walk_1920x1080_25fps,1920,1080,10,54,72.166286,66.730147,12712.392
Shaky_Walk_1920x1080_25fps,1920,1080,10,55,70.168666,64.233969,11291.72
Shaky_Walk_1920x1080_25fps,1920,1080,10,56,67.647993,61.412417,9857.096
Shaky_Walk_1920x1080_25fps,1920,1080,10,58,61.949571,55.465253,7235.472
Shaky_Walk_1920x1080_25fps,1920,1080,10,60,54.117983,48.244572,4892.976
Shaky_Walk_1920x1080_25fps,1920,1080,10,63,29.099026,31.997583,1754.552
