source,preset,crf,vmaf_v061
SparksElevator_480x270p_5994_10bit,10,20,94.758037
SparksElevator_480x270p_5994_10bit,10,24,93.997738
SparksElevator_480x270p_5994_10bit,10,27,92.97895
SparksElevator_480x270p_5994_10bit,10,28,92.639182
SparksElevator_480x270p_5994_10bit,10,29,92.21392
SparksElevator_480x270p_5994_10bit,10,30,91.844543
SparksElevator_480x270p_5994_10bit,10,31,91.308897
SparksElevator_480x270p_5994_10bit,10,32,90.849641
SparksElevator_480x270p_5994_10bit,10,33,90.348887
SparksElevator_480x270p_5994_10bit,10,34,89.945118
SparksElevator_480x270p_5994_10bit,10,35,89.381417
SparksElevator_480x270p_5994_10bit,10,36,88.790483
SparksElevator_480x270p_5994_10bit,10,37,88.334172
SparksElevator_480x270p_5994_10bit,10,38,87.598438
SparksElevator_480x270p_5994_10bit,10,39,86.889086
SparksElevator_480x270p_5994_10bit,10,40,86.545804
SparksElevator_480x270p_5994_10bit,10,41,85.698837
SparksElevator_480x270p_5994_10bit,10,42,85.04861
SparksElevator_480x270p_5994_10bit,10,43,84.488069
SparksElevator_480x270p_5994_10bit,10,44,83.87941
SparksElevator_480x270p_5994_10bit,10,45,83.230734
SparksElevator_480x270p_5994_10bit,10,46,82.251992
SparksElevator_480x270p_5994_10bit,10,47,81.548547
SparksElevator_480x270p_5994_10bit,10,48,80.598606
SparksElevator_480x270p_5994_10bit,10,49,79.549302
SparksElevator_480x270p_5994_10bit,10,50,78.560901
SparksElevator_480x270p_5994_10bit,10,51,77.557784
SparksElevator_480x270p_5994_10bit,10,52,76.337423
SparksElevator_480x270p_5994_10bit,10,53,75.461269
SparksElevator_480x270p_5994_10bit,10,54,74.187779
SparksElevator_480x270p_5994_10bit,10,55,72.750139
SparksElevator_480x270p_5994_10bit,10,56,71.573214
SparksElevator_480x270p_5994_10bit,10,58,67.751452
SparksElevator_480x270p_5994_10bit,10,60,62.729792
SparksElevator_480x270p_5994_10bit,10,63,47.186723
ParkJoy_480x270_50,10,20,98.764055
ParkJoy_480x270_50,10,24,98.15314
ParkJoy_480x270_50,10,27,97.377687
ParkJoy_480x270_50,10,28,97.136688
ParkJoy_480x270_50,10,29,96.680109
ParkJoy_480x270_50,10,30,96.3453
ParkJoy_480x270_50,10,31,95.762148
ParkJoy_480x270_50,10,32,95.140023
ParkJoy_480x270_50,10,33,94.769209
ParkJoy_480x270_50,10,34,94.274743
ParkJoy_480x270_50,10,35,93.596413
ParkJoy_480x270_50,10,36,92.73537
ParkJoy_480x270_50,10,37,92.052078
ParkJoy_480x270_50,10,38,91.27902
ParkJoy_480x270_50,10,39,90.41484
ParkJoy_480x270_50,10,40,89.635602
ParkJoy_480x270_50,10,41,88.934265
ParkJoy_480x270_50,10,42,87.825367
ParkJoy_480x270_50,10,43,87.113692
ParkJoy_480x270_50,10,44,85.822954
ParkJoy_480x270_50,10,45,84.94269
ParkJoy_480x270_50,10,46,83.866655
ParkJoy_480x270_50,10,47,82.676455
ParkJoy_480x270_50,10,48,81.471986
ParkJoy_480x270_50,10,49,79.963054
ParkJoy_480x270_50,10,50,78.776366
ParkJoy_480x270_50,10,51,77.513712
ParkJoy_480x270_50,10,52,76.400683
ParkJoy_480x270_50,10,53,74.834244
ParkJoy_480x270_50,10,54,73.421017
ParkJoy_480x270_50,10,55,71.982282
ParkJoy_480x270_50,10,56,69.778284
ParkJoy_480x270_50,10,58,65.020183
ParkJoy_480x270_50,10,60,59.073113
ParkJoy_480x270_50,10,63,39.149602
BlueSky_360p25,10,20,98.087303
BlueSky_360p25,10,24,97.834488
BlueSky_360p25,10,27,97.656018
BlueSky_360p25,10,28,97.588236
BlueSky_360p25,10,29,97.444514
BlueSky_360p25,10,30,97.358254
BlueSky_360p25,10,31,97.2198
BlueSky_360p25,10,32,97.104841
BlueSky_360p25,10,33,97.050903
BlueSky_360p25,10,34,96.899304
BlueSky_360p25,10,35,96.623724
BlueSky_360p25,10,36,96.358183
BlueSky_360p25,10,37,96.062581
BlueSky_360p25,10,38,95.704202
BlueSky_360p25,10,39,95.394235
BlueSky_360p25,10,40,95.023348
BlueSky_360p25,10,41,94.553055
BlueSky_360p25,10,42,94.02895
BlueSky_360p25,10,43,93.592842
BlueSky_360p25,10,44,92.911579
BlueSky_360p25,10,45,92.42132
BlueSky_360p25,10,46,91.931432
BlueSky_360p25,10,47,91.442621
BlueSky_360p25,10,48,90.922784
BlueSky_360p25,10,49,90.515265
BlueSky_360p25,10,50,90.05824
BlueSky_360p25,10,51,89.44306
BlueSky_360p25,10,52,88.975059
BlueSky_360p25,10,53,88.365591
BlueSky_360p25,10,54,87.513349
BlueSky_360p25,10,55,87.128717
BlueSky_360p25,10,56,86.300006
BlueSky_360p25,10,58,84.141544
BlueSky_360p25,10,60,81.0287
BlueSky_360p25,10,63,66.625821
SnowMountain_640x360_2997,10,20,95.627421
SnowMountain_640x360_2997,10,24,95.35328
SnowMountain_640x360_2997,10,27,94.999985
SnowMountain_640x360_2997,10,28,94.91225
SnowMountain_640x360_2997,10,29,94.822618
SnowMountain_640x360_2997,10,30,94.733457
SnowMountain_640x360_2997,10,31,94.566914
SnowMountain_640x360_2997,10,32,94.543029
SnowMountain_640x360_2997,10,33,94.438904
SnowMountain_640x360_2997,10,34,94.311727
SnowMountain_640x360_2997,10,35,94.244949
SnowMountain_640x360_2997,10,36,94.057271
SnowMountain_640x360_2997,10,37,93.929273
SnowMountain_640x360_2997,10,38,93.913283
SnowMountain_640x360_2997,10,39,93.774947
SnowMountain_640x360_2997,10,40,93.639418
SnowMountain_640x360_2997,10,41,93.448968
SnowMountain_640x360_2997,10,42,93.283389
SnowMountain_640x360_2997,10,43,93.164365
SnowMountain_640x360_2997,10,44,92.939568
SnowMountain_640x360_2997,10,45,92.800479
SnowMountain_640x360_2997,10,46,92.619658
SnowMountain_640x360_2997,10,47,92.47045
SnowMountain_640x360_2997,10,48,92.163113
SnowMountain_640x360_2997,10,49,91.851584
SnowMountain_640x360_2997,10,50,91.654391
SnowMountain_640x360_2997,10,51,91.310993
SnowMountain_640x360_2997,10,52,91.267269
SnowMountain_640x360_2997,10,53,90.938949
SnowMountain_640x360_2997,10,54,90.360574
SnowMountain_640x360_2997,10,55,89.91429
SnowMountain_640x360_2997,10,56,89.55876
SnowMountain_640x360_2997,10,58,88.671871
SnowMountain_640x360_2997,10,60,86.62908
SnowMountain_640x360_2997,10,63,77.640929
RedKayak_360_2997,10,20,99.965049
RedKayak_360_2997,10,24,99.956859
RedKayak_360_2997,10,27,99.758359
RedKayak_360_2997,10,28,99.615724
RedKayak_360_2997,10,29,99.380894
RedKayak_360_2997,10,30,99.127918
RedKayak_360_2997,10,31,98.442479
RedKayak_360_2997,10,32,97.556404
RedKayak_360_2997,10,33,97.036135
RedKayak_360_2997,10,34,96.150038
RedKayak_360_2997,10,35,94.68018
RedKayak_360_2997,10,36,92.948785
RedKayak_360_2997,10,37,91.704981
RedKayak_360_2997,10,38,90.196507
RedKayak_360_2997,10,39,88.322797
RedKayak_360_2997,10,40,86.588764
RedKayak_360_2997,10,41,84.407915
RedKayak_360_2997,10,42,82.427574
RedKayak_360_2997,10,43,80.3039
RedKayak_360_2997,10,44,78.253831
RedKayak_360_2997,10,45,75.635609
RedKayak_360_2997,10,46,73.075013
RedKayak_360_2997,10,47,70.419441
RedKayak_360_2997,10,48,67.728811
RedKayak_360_2997,10,49,64.801103
RedKayak_360_2997,10,50,62.128741
RedKayak_360_2997,10,51,59.08296
RedKayak_360_2997,10,52,56.075068
RedKayak_360_2997,10,53,53.121896
RedKayak_360_2997,10,54,49.872152
RedKayak_360_2997,10,55,46.442463
RedKayak_360_2997,10,56,42.230539
RedKayak_360_2997,10,58,35.240626
RedKayak_360_2997,10,60,26.427252
RedKayak_360_2997,10,63,11.570755
TouchdownPass_640x360_2997,10,20,95.884639
TouchdownPass_640x360_2997,10,24,95.490878
TouchdownPass_640x360_2997,10,27,94.992495
TouchdownPass_640x360_2997,10,28,94.747412
TouchdownPass_640x360_2997,10,29,94.416488
TouchdownPass_640x360_2997,10,30,94.168126
TouchdownPass_640x360_2997,10,31,93.831213
TouchdownPass_640x360_2997,10,32,93.411661
TouchdownPass_640x360_2997,10,33,93.114755
TouchdownPass_640x360_2997,10,34,92.848219
TouchdownPass_640x360_2997,10,35,92.411988
TouchdownPass_640x360_2997,10,36,91.932618
TouchdownPass_640x360_2997,10,37,91.504767
TouchdownPass_640x360_2997,10,38,90.909503
TouchdownPass_640x360_2997,10,39,90.528048
TouchdownPass_640x360_2997,10,40,90.192845
TouchdownPass_640x360_2997,10,41,89.645938
TouchdownPass_640x360_2997,10,42,89.108632
TouchdownPass_640x360_2997,10,43,88.454149
TouchdownPass_640x360_2997,10,44,88.076945
TouchdownPass_640x360_2997,10,45,87.40688
TouchdownPass_640x360_2997,10,46,86.50793
TouchdownPass_640x360_2997,10,47,86.012948
TouchdownPass_640x360_2997,10,48,85.53374
TouchdownPass_640x360_2997,10,49,84.531128
TouchdownPass_640x360_2997,10,50,83.90308
TouchdownPass_640x360_2997,10,51,82.921179
TouchdownPass_640x360_2997,10,52,82.110254
TouchdownPass_640x360_2997,10,53,81.192119
TouchdownPass_640x360_2997,10,54,80.160848
TouchdownPass_640x360_2997,10,55,78.842809
TouchdownPass_640x360_2997,10,56,77.291471
TouchdownPass_640x360_2997,10,58,73.99546
TouchdownPass_640x360_2997,10,60,69.181533
TouchdownPass_640x360_2997,10,63,51.797982
Stockholm_640x360_5994,10,20,98.662632
Stockholm_640x360_5994,10,24,98.389813
Stockholm_640x360_5994,10,27,98.093303
Stockholm_640x360_5994,10,28,98.027237
Stockholm_640x360_5994,10,29,97.96917
Stockholm_640x360_5994,10,30,97.949906
Stockholm_640x360_5994,10,31,97.874447
Stockholm_640x360_5994,10,32,97.710421
Stockholm_640x360_5994,10,33,97.533984
Stockholm_640x360_5994,10,34,97.428051
Stockholm_640x360_5994,10,35,97.331864
Stockholm_640x360_5994,10,36,97.027556
Stockholm_640x360_5994,10,37,96.927483
Stockholm_640x360_5994,10,38,96.65661
Stockholm_640x360_5994,10,39,96.55121
Stockholm_640x360_5994,10,40,96.251292
Stockholm_640x360_5994,10,41,96.084526
Stockholm_640x360_5994,10,42,95.914247
Stockholm_640x360_5994,10,43,95.697279
Stockholm_640x360_5994,10,44,95.34602
Stockholm_640x360_5994,10,45,95.157475
Stockholm_640x360_5994,10,46,94.922642
Stockholm_640x360_5994,10,47,94.65447
Stockholm_640x360_5994,10,48,94.507049
Stockholm_640x360_5994,10,49,94.149738
Stockholm_640x360_5994,10,50,93.846191
Stockholm_640x360_5994,10,51,93.535194
Stockholm_640x360_5994,10,52,93.10613
Stockholm_640x360_5994,10,53,92.630042
Stockholm_640x360_5994,10,54,92.060019
Stockholm_640x360_5994,10,55,91.470116
Stockholm_640x360_5994,10,56,90.397689
Stockholm_640x360_5994,10,58,88.387496
Stockholm_640x360_5994,10,60,84.970972
Stockholm_640x360_5994,10,63,71.352913
SpeedBag_640x360_2997,10,20,97.115709
SpeedBag_640x360_2997,10,24,96.802775
SpeedBag_640x360_2997,10,27,96.390833
SpeedBag_640x360_2997,10,28,96.21838
SpeedBag_640x360_2997,10,29,96.040377
SpeedBag_640x360_2997,10,30,95.799345
SpeedBag_640x360_2997,10,31,95.611047
SpeedBag_640x360_2997,10,32,95.47178
SpeedBag_640x360_2997,10,33,95.285601
SpeedBag_640x360_2997,10,34,95.043006
SpeedBag_640x360_2997,10,35,94.765435
SpeedBag_640x360_2997,10,36,94.328061
SpeedBag_640x360_2997,10,37,93.97423
SpeedBag_640x360_2997,10,38,93.72477
SpeedBag_640x360_2997,10,39,93.247754
SpeedBag_640x360_2997,10,40,92.97729
SpeedBag_640x360_2997,10,41,92.348367
SpeedBag_640x360_2997,10,42,92.00442
SpeedBag_640x360_2997,10,43,91.4397
SpeedBag_640x360_2997,10,44,91.036558
SpeedBag_640x360_2997,10,45,90.491146
SpeedBag_640x360_2997,10,46,89.801196
SpeedBag_640x360_2997,10,47,89.255562
SpeedBag_640x360_2997,10,48,88.791603
SpeedBag_640x360_2997,10,49,88.187418
SpeedBag_640x360_2997,10,50,87.429459
SpeedBag_640x360_2997,10,51,86.432365
SpeedBag_640x360_2997,10,52,85.906839
SpeedBag_640x360_2997,10,53,85.095345
SpeedBag_640x360_2997,10,54,84.241355
SpeedBag_640x360_2997,10,55,83.158945
SpeedBag_640x360_2997,10,56,81.644213
SpeedBag_640x360_2997,10,58,78.840606
SpeedBag_640x360_2997,10,60,74.502782
SpeedBag_640x360_2997,10,63,57.19282
KristenAndSara_1280x720_60,10,20,95.953564
KristenAndSara_1280x720_60,10,24,95.670025
KristenAndSara_1280x720_60,10,27,95.368403
KristenAndSara_1280x720_60,10,28,95.262411
KristenAndSara_1280x720_60,10,29,95.194798
KristenAndSara_1280x720_60,10,30,95.043761
KristenAndSara_1280x720_60,10,31,94.8859
KristenAndSara_1280x720_60,10,32,94.702854
KristenAndSara_1280x720_60,10,33,94.501435
KristenAndSara_1280x720_60,10,34,94.406921
KristenAndSara_1280x720_60,10,35,94.226947
KristenAndSara_1280x720_60,10,36,94.077
KristenAndSara_1280x720_60,10,37,93.852767
KristenAndSara_1280x720_60,10,38,93.66005
KristenAndSara_1280x720_60,10,39,93.438624
KristenAndSara_1280x720_60,10,40,93.294928
KristenAndSara_1280x720_60,10,41,92.997332
KristenAndSara_1280x720_60,10,42,92.828734
KristenAndSara_1280x720_60,10,43,92.55788
KristenAndSara_1280x720_60,10,44,92.340232
KristenAndSara_1280x720_60,10,45,92.137743
KristenAndSara_1280x720_60,10,46,91.761874
KristenAndSara_1280x720_60,10,47,91.544611
KristenAndSara_1280x720_60,10,48,91.224441
KristenAndSara_1280x720_60,10,49,90.958092
KristenAndSara_1280x720_60,10,50,90.642232
KristenAndSara_1280x720_60,10,51,90.06682
KristenAndSara_1280x720_60,10,52,89.746164
KristenAndSara_1280x720_60,10,53,89.346162
KristenAndSara_1280x720_60,10,54,88.886186
KristenAndSara_1280x720_60,10,55,88.390798
KristenAndSara_1280x720_60,10,56,87.516066
KristenAndSara_1280x720_60,10,58,86.038333
KristenAndSara_1280x720_60,10,60,83.62346
KristenAndSara_1280x720_60,10,63,74.117471
RollerCoaster_1280x720p_5994_10bit_420,10,20,99.529586
RollerCoaster_1280x720p_5994_10bit_420,10,24,98.940786
RollerCoaster_1280x720p_5994_10bit_420,10,27,98.107031
RollerCoaster_1280x720p_5994_10bit_420,10,28,97.75368
RollerCoaster_1280x720p_5994_10bit_420,10,29,97.404783
RollerCoaster_1280x720p_5994_10bit_420,10,30,97.037276
RollerCoaster_1280x720p_5994_10bit_420,10,31,96.430447
RollerCoaster_1280x720p_5994_10bit_420,10,32,95.931397
RollerCoaster_1280x720p_5994_10bit_420,10,33,95.414307
RollerCoaster_1280x720p_5994_10bit_420,10,34,94.830269
RollerCoaster_1280x720p_5994_10bit_420,10,35,94.212012
RollerCoaster_1280x720p_5994_10bit_420,10,36,93.581465
RollerCoaster_1280x720p_5994_10bit_420,10,37,92.916344
RollerCoaster_1280x720p_5994_10bit_420,10,38,92.286608
RollerCoaster_1280x720p_5994_10bit_420,10,39,91.580597
RollerCoaster_1280x720p_5994_10bit_420,10,40,90.731117
RollerCoaster_1280x720p_5994_10bit_420,10,41,89.849592
RollerCoaster_1280x720p_5994_10bit_420,10,42,88.985495
RollerCoaster_1280x720p_5994_10bit_420,10,43,87.897601
RollerCoaster_1280x720p_5994_10bit_420,10,44,87.235723
RollerCoaster_1280x720p_5994_10bit_420,10,45,86.220384
RollerCoaster_1280x720p_5994_10bit_420,10,46,85.143892
RollerCoaster_1280x720p_5994_10bit_420,10,47,84.105095
RollerCoaster_1280x720p_5994_10bit_420,10,48,82.871962
RollerCoaster_1280x720p_5994_10bit_420,10,49,81.76938
RollerCoaster_1280x720p_5994_10bit_420,10,50,80.569023
RollerCoaster_1280x720p_5994_10bit_420,10,51,79.398599
RollerCoaster_1280x720p_5994_10bit_420,10,52,77.931797
RollerCoaster_1280x720p_5994_10bit_420,10,53,76.643979
RollerCoaster_1280x720p_5994_10bit_420,10,54,75.233601
RollerCoaster_1280x720p_5994_10bit_420,10,55,73.594213
RollerCoaster_1280x720p_5994_10bit_420,10,56,71.602645
RollerCoaster_1280x720p_5994_10bit_420,10,58,66.807871
RollerCoaster_1280x720p_5994_10bit_420,10,60,60.006295
RollerCoaster_1280x720p_5994_10bit_420,10,63,37.923209
WestWindEasy_1280x720p30_420,10,20,99.968039
WestWindEasy_1280x720p30_420,10,24,99.96499
WestWindEasy_1280x720p30_420,10,27,99.961188
WestWindEasy_1280x720p30_420,10,28,99.959573
WestWindEasy_1280x720p30_420,10,29,99.958927
WestWindEasy_1280x720p30_420,10,30,99.957648
WestWindEasy_1280x720p30_420,10,31,99.956244
WestWindEasy_1280x720p30_420,10,32,99.954495
WestWindEasy_1280x720p30_420,10,33,99.953085
WestWindEasy_1280x720p30_420,10,34,99.951575
WestWindEasy_1280x720p30_420,10,35,99.946386
WestWindEasy_1280x720p30_420,10,36,99.93545
WestWindEasy_1280x720p30_420,10,37,99.899136
WestWindEasy_1280x720p30_420,10,38,99.819701
WestWindEasy_1280x720p30_420,10,39,99.676536
WestWindEasy_1280x720p30_420,10,40,99.389438
WestWindEasy_1280x720p30_420,10,41,98.95304
WestWindEasy_1280x720p30_420,10,42,98.45703
WestWindEasy_1280x720p30_420,10,43,97.711146
WestWindEasy_1280x720p30_420,10,44,96.87921
WestWindEasy_1280x720p30_420,10,45,95.945267
WestWindEasy_1280x720p30_420,10,46,94.864676
WestWindEasy_1280x720p30_420,10,47,93.643092
WestWindEasy_1280x720p30_420,10,48,92.473263
WestWindEasy_1280x720p30_420,10,49,91.181204
WestWindEasy_1280x720p30_420,10,50,89.662913
WestWindEasy_1280x720p30_420,10,51,88.187338
WestWindEasy_1280x720p30_420,10,52,86.683648
WestWindEasy_1280x720p30_420,10,53,85.048285
WestWindEasy_1280x720p30_420,10,54,83.423213
WestWindEasy_1280x720p30_420,10,55,81.730894
WestWindEasy_1280x720p30_420,10,56,79.815115
WestWindEasy_1280x720p30_420,10,58,75.849926
WestWindEasy_1280x720p30_420,10,60,71.419375
WestWindEasy_1280x720p30_420,10,63,60.730992
Vidyo4_1280x720p_60fps,10,20,95.655849
Vidyo4_1280x720p_60fps,10,24,95.191034
Vidyo4_1280x720p_60fps,10,27,94.762187
Vidyo4_1280x720p_60fps,10,28,94.644857
Vidyo4_1280x720p_60fps,10,29,94.49751
Vidyo4_1280x720p_60fps,10,30,94.343531
Vidyo4_1280x720p_60fps,10,31,94.119631
Vidyo4_1280x720p_60fps,10,32,93.896656
Vidyo4_1280x720p_60fps,10,33,93.661868
Vidyo4_1280x720p_60fps,10,34,93.503834
Vidyo4_1280x720p_60fps,10,35,93.273052
Vidyo4_1280x720p_60fps,10,36,93.061561
Vidyo4_1280x720p_60fps,10,37,92.865299
Vidyo4_1280x720p_60fps,10,38,92.522527
Vidyo4_1280x720p_60fps,10,39,92.29097
Vidyo4_1280x720p_60fps,10,40,92.056527
Vidyo4_1280x720p_60fps,10,41,91.679692
Vidyo4_1280x720p_60fps,10,42,91.387725
Vidyo4_1280x720p_60fps,10,43,90.967346
Vidyo4_1280x720p_60fps,10,44,90.7258
Vidyo4_1280x720p_60fps,10,45,90.487207
Vidyo4_1280x720p_60fps,10,46,90.034602
Vidyo4_1280x720p_60fps,10,47,89.671384
Vidyo4_1280x720p_60fps,10,48,89.214925
Vidyo4_1280x720p_60fps,10,49,88.882836
Vidyo4_1280x720p_60fps,10,50,88.391627
Vidyo4_1280x720p_60fps,10,51,87.89545
Vidyo4_1280x720p_60fps,10,52,87.471684
Vidyo4_1280x720p_60fps,10,53,86.948813
Vidyo4_1280x720p_60fps,10,54,86.328731
Vidyo4_1280x720p_60fps,10,55,85.622959
Vidyo4_1280x720p_60fps,10,56,84.872876
Vidyo4_1280x720p_60fps,10,58,82.915168
Vidyo4_1280x720p_60fps,10,60,79.807339
Vidyo4_1280x720p_60fps,10,63,68.36643
Vidyo3_1280x720p_60fps,10,20,94.685253
Vidyo3_1280x720p_60fps,10,24,94.127859
Vidyo3_1280x720p_60fps,10,27,93.570568
Vidyo3_1280x720p_60fps,10,28,93.351191
Vidyo3_1280x720p_60fps,10,29,93.17147
Vidyo3_1280x720p_60fps,10,30,92.958176
Vidyo3_1280x720p_60fps,10,31,92.588463
Vidyo3_1280x720p_60fps,10,32,92.359732
Vidyo3_1280x720p_60fps,10,33,92.10187
Vidyo3_1280x720p_60fps,10,34,91.802413
Vidyo3_1280x720p_60fps,10,35,91.497955
Vidyo3_1280x720p_60fps,10,36,91.173546
Vidyo3_1280x720p_60fps,10,37,90.894442
Vidyo3_1280x720p_60fps,10,38,90.416481
Vidyo3_1280x720p_60fps,10,39,90.113151
Vidyo3_1280x720p_60fps,10,40,89.776578
Vidyo3_1280x720p_60fps,10,41,89.318622
Vidyo3_1280x720p_60fps,10,42,88.934845
Vidyo3_1280x720p_60fps,10,43,88.390111
Vidyo3_1280x720p_60fps,10,44,88.001823
Vidyo3_1280x720p_60fps,10,45,87.615364
Vidyo3_1280x720p_60fps,10,46,87.018721
Vidyo3_1280x720p_60fps,10,47,86.428108
Vidyo3_1280x720p_60fps,10,48,86.010787
Vidyo3_1280x720p_60fps,10,49,85.388752
Vidyo3_1280x720p_60fps,10,50,84.65635
Vidyo3_1280x720p_60fps,10,51,84.078941
Vidyo3_1280x720p_60fps,10,52,83.428509
Vidyo3_1280x720p_60fps,10,53,82.696543
Vidyo3_1280x720p_60fps,10,54,81.915291
Vidyo3_1280x720p_60fps,10,55,81.022627
Vidyo3_1280x720p_60fps,10,56,79.988898
Vidyo3_1280x720p_60fps,10,58,77.535341
Vidyo3_1280x720p_60fps,10,60,73.335696
Vidyo3_1280x720p_60fps,10,63,59.92207
ControlledBurn_1280x720p30_420,10,20,96.88302
ControlledBurn_1280x720p30_420,10,24,95.89655
ControlledBurn_1280x720p30_420,10,27,94.64345
ControlledBurn_1280x720p30_420,10,28,94.172878
ControlledBurn_1280x720p30_420,10,29,93.740013
ControlledBurn_1280x720p30_420,10,30,93.216393
ControlledBurn_1280x720p30_420,10,31,92.527289
ControlledBurn_1280x720p30_420,10,32,91.880482
ControlledBurn_1280x720p30_420,10,33,91.255567
ControlledBurn_1280x720p30_420,10,34,90.587599
ControlledBurn_1280x720p30_420,10,35,89.875709
ControlledBurn_1280x720p30_420,10,36,89.135245
ControlledBurn_1280x720p30_420,10,37,88.339952
ControlledBurn_1280x720p30_420,10,38,87.407946
ControlledBurn_1280x720p30_420,10,39,86.583106
ControlledBurn_1280x720p30_420,10,40,85.598996
ControlledBurn_1280x720p30_420,10,41,84.557491
ControlledBurn_1280x720p30_420,10,42,83.456104
ControlledBurn_1280x720p30_420,10,43,82.366894
ControlledBurn_1280x720p30_420,10,44,81.54621
ControlledBurn_1280x720p30_420,10,45,80.438798
ControlledBurn_1280x720p30_420,10,46,79.110337
ControlledBurn_1280x720p30_420,10,47,77.830795
ControlledBurn_1280x720p30_420,10,48,76.608774
ControlledBurn_1280x720p30_420,10,49,75.297825
ControlledBurn_1280x720p30_420,10,50,74.069897
ControlledBurn_1280x720p30_420,10,51,72.763671
ControlledBurn_1280x720p30_420,10,52,71.353453
ControlledBurn_1280x720p30_420,10,53,70.040929
ControlledBurn_1280x720p30_420,10,54,68.655668
ControlledBurn_1280x720p30_420,10,55,67.232349
ControlledBurn_1280x720p30_420,10,56,65.438495
ControlledBurn_1280x720p30_420,10,58,61.644534
ControlledBurn_1280x720p30_420,10,60,57.049556
ControlledBurn_1280x720p30_420,10,63,44.202609
DrivingPOV_1280x720p_5994_10bit_420,10,20,97.272082
DrivingPOV_1280x720p_5994_10bit_420,10,24,96.676433
DrivingPOV_1280x720p_5994_10bit_420,10,27,96.010478
DrivingPOV_1280x720p_5994_10bit_420,10,28,95.793983
DrivingPOV_1280x720p_5994_10bit_420,10,29,95.529311
DrivingPOV_1280x720p_5994_10bit_420,10,30,95.306222
DrivingPOV_1280x720p_5994_10bit_420,10,31,94.87968
DrivingPOV_1280x720p_5994_10bit_420,10,32,94.614405
DrivingPOV_1280x720p_5994_10bit_420,10,33,94.319321
DrivingPOV_1280x720p_5994_10bit_420,10,34,94.033724
DrivingPOV_1280x720p_5994_10bit_420,10,35,93.719067
DrivingPOV_1280x720p_5994_10bit_420,10,36,93.404833
DrivingPOV_1280x720p_5994_10bit_420,10,37,92.997117
DrivingPOV_1280x720p_5994_10bit_420,10,38,92.619842
DrivingPOV_1280x720p_5994_10bit_420,10,39,92.161592
DrivingPOV_1280x720p_5994_10bit_420,10,40,91.712082
DrivingPOV_1280x720p_5994_10bit_420,10,41,91.137961
DrivingPOV_1280x720p_5994_10bit_420,10,42,90.582772
DrivingPOV_1280x720p_5994_10bit_420,10,43,90.071518
DrivingPOV_1280x720p_5994_10bit_420,10,44,89.449183
DrivingPOV_1280x720p_5994_10bit_420,10,45,88.771891
DrivingPOV_1280x720p_5994_10bit_420,10,46,88.118289
DrivingPOV_1280x720p_5994_10bit_420,10,47,87.530896
DrivingPOV_1280x720p_5994_10bit_420,10,48,86.814557
DrivingPOV_1280x720p_5994_10bit_420,10,49,85.985056
DrivingPOV_1280x720p_5994_10bit_420,10,50,85.222666
DrivingPOV_1280x720p_5994_10bit_420,10,51,84.438978
DrivingPOV_1280x720p_5994_10bit_420,10,52,83.580008
DrivingPOV_1280x720p_5994_10bit_420,10,53,82.743554
DrivingPOV_1280x720p_5994_10bit_420,10,54,81.655933
DrivingPOV_1280x720p_5994_10bit_420,10,55,80.705017
DrivingPOV_1280x720p_5994_10bit_420,10,56,79.394073
DrivingPOV_1280x720p_5994_10bit_420,10,58,76.137718
DrivingPOV_1280x720p_5994_10bit_420,10,60,71.510974
DrivingPOV_1280x720p_5994_10bit_420,10,63,53.263726
Johnny_1280x720_60,10,20,95.765974
Johnny_1280x720_60,10,24,95.492338
Johnny_1280x720_60,10,27,95.160764
Johnny_1280x720_60,10,28,95.054547
Johnny_1280x720_60,10,29,94.935552
Johnny_1280x720_60,10,30,94.829595
Johnny_1280x720_60,10,31,94.643039
Johnny_1280x720_60,10,32,94.479566
Johnny_1280x720_60,10,33,94.39059
Johnny_1280x720_60,10,34,94.149313
Johnny_1280x720_60,10,35,93.914933
Johnny_1280x720_60,10,36,93.704143
Johnny_1280x720_60,10,37,93.506149
Johnny_1280x720_60,10,38,93.237027
Johnny_1280x720_60,10,39,93.082737
Johnny_1280x720_60,10,40,92.853763
Johnny_1280x720_60,10,41,92.504496
Johnny_1280x720_60,10,42,92.257843
Johnny_1280x720_60,10,43,91.988527
Johnny_1280x720_60,10,44,91.746369
Johnny_1280x720_60,10,45,91.559594
Johnny_1280x720_60,10,46,91.172558
Johnny_1280x720_60,10,47,90.963195
Johnny_1280x720_60,10,48,90.522116
Johnny_1280x720_60,10,49,90.157008
Johnny_1280x720_60,10,50,89.830638
Johnny_1280x720_60,10,51,89.370885
Johnny_1280x720_60,10,52,89.060089
Johnny_1280x720_60,10,53,88.750758
Johnny_1280x720_60,10,54,88.193361
Johnny_1280x720_60,10,55,87.601818
Johnny_1280x720_60,10,56,87.05082
Johnny_1280x720_60,10,58,85.435475
Johnny_1280x720_60,10,60,83.026134
Johnny_1280x720_60,10,63,73.476077
RushFieldCuts_1920x1080_2997,10,20,97.789506
RushFieldCuts_1920x1080_2997,10,24,96.616969
RushFieldCuts_1920x1080_2997,10,27,95.250128
RushFieldCuts_1920x1080_2997,10,28,94.80768
RushFieldCuts_1920x1080_2997,10,29,94.333642
RushFieldCuts_1920x1080_2997,10,30,93.856043
RushFieldCuts_1920x1080_2997,10,31,93.187167
RushFieldCuts_1920x1080_2997,10,32,92.606764
RushFieldCuts_1920x1080_2997,10,33,91.979149
RushFieldCuts_1920x1080_2997,10,34,91.379911
RushFieldCuts_1920x1080_2997,10,35,90.686436
RushFieldCuts_1920x1080_2997,10,36,89.937859
RushFieldCuts_1920x1080_2997,10,37,89.090777
RushFieldCuts_1920x1080_2997,10,38,88.246359
RushFieldCuts_1920x1080_2997,10,39,87.366181
RushFieldCuts_1920x1080_2997,10,40,86.21995
RushFieldCuts_1920x1080_2997,10,41,85.135136
RushFieldCuts_1920x1080_2997,10,42,84.162011
RushFieldCuts_1920x1080_2997,10,43,82.468474
RushFieldCuts_1920x1080_2997,10,44,81.117638
RushFieldCuts_1920x1080_2997,10,45,79.917716
RushFieldCuts_1920x1080_2997,10,46,79.038582
RushFieldCuts_1920x1080_2997,10,47,77.745507
RushFieldCuts_1920x1080_2997,10,48,75.81563
RushFieldCuts_1920x1080_2997,10,49,74.315949
RushFieldCuts_1920x1080_2997,10,50,72.710046
RushFieldCuts_1920x1080_2997,10,51,71.113957
RushFieldCuts_1920x1080_2997,10,52,69.542637
RushFieldCuts_1920x1080_2997,10,53,67.493307
RushFieldCuts_1920x1080_2997,10,54,65.711843
RushFieldCuts_1920x1080_2997,10,55,63.801298
RushFieldCuts_1920x1080_2997,10,56,61.955632
RushFieldCuts_1920x1080_2997,10,58,56.821236
RushFieldCuts_1920x1080_2997,10,60,50.356173
RushFieldCuts_1920x1080_2997,10,63,33.856971
Riverbed_1920x1080p25,10,20,99.962704
Riverbed_1920x1080p25,10,24,99.957025
Riverbed_1920x1080p25,10,27,99.947226
Riverbed_1920x1080p25,10,28,99.944001
Riverbed_1920x1080p25,10,29,99.939841
Riverbed_1920x1080p25,10,30,99.93604
Riverbed_1920x1080p25,10,31,99.931426
Riverbed_1920x1080p25,10,32,99.92487
Riverbed_1920x1080p25,10,33,99.91445
Riverbed_1920x1080p25,10,34,99.775313
Riverbed_1920x1080p25,10,35,99.254641
Riverbed_1920x1080p25,10,36,98.472896
Riverbed_1920x1080p25,10,37,97.463543
Riverbed_1920x1080p25,10,38,96.068484
Riverbed_1920x1080p25,10,39,94.625312
Riverbed_1920x1080p25,10,40,93.111244
Riverbed_1920x1080p25,10,41,91.414139
Riverbed_1920x1080p25,10,42,89.700421
Riverbed_1920x1080p25,10,43,87.755009
Riverbed_1920x1080p25,10,44,85.766297
Riverbed_1920x1080p25,10,45,83.413088
Riverbed_1920x1080p25,10,46,80.999688
Riverbed_1920x1080p25,10,47,78.61336
Riverbed_1920x1080p25,10,48,75.841288
Riverbed_1920x1080p25,10,49,72.956779
Riverbed_1920x1080p25,10,50,69.95498
Riverbed_1920x1080p25,10,51,67.042419
Riverbed_1920x1080p25,10,52,64.179075
Riverbed_1920x1080p25,10,53,61.325809
Riverbed_1920x1080p25,10,54,58.394482
Riverbed_1920x1080p25,10,55,55.510114
Riverbed_1920x1080p25,10,56,52.005223
Riverbed_1920x1080p25,10,58,45.726133
Riverbed_1920x1080p25,10,60,38.702139
Riverbed_1920x1080p25,10,63,19.623603
Slides1_1920x1080_30fps_8bit_420,10,20,96.638296
Slides1_1920x1080_30fps_8bit_420,10,24,96.38806
Slides1_1920x1080_30fps_8bit_420,10,27,96.097153
Slides1_1920x1080_30fps_8bit_420,10,28,95.992878
Slides1_1920x1080_30fps_8bit_420,10,29,95.908624
Slides1_1920x1080_30fps_8bit_420,10,30,95.820868
Slides1_1920x1080_30fps_8bit_420,10,31,95.659896
Slides1_1920x1080_30fps_8bit_420,10,32,95.466259
Slides1_1920x1080_30fps_8bit_420,10,33,95.40739
Slides1_1920x1080_30fps_8bit_420,10,34,95.224432
Slides1_1920x1080_30fps_8bit_420,10,35,95.026911
Slides1_1920x1080_30fps_8bit_420,10,36,94.890892
Slides1_1920x1080_30fps_8bit_420,10,37,94.67273
Slides1_1920x1080_30fps_8bit_420,10,38,94.461002
Slides1_1920x1080_30fps_8bit_420,10,39,94.325631
Slides1_1920x1080_30fps_8bit_420,10,40,94.168368
Slides1_1920x1080_30fps_8bit_420,10,41,93.848605
Slides1_1920x1080_30fps_8bit_420,10,42,93.584153
Slides1_1920x1080_30fps_8bit_420,10,43,93.339713
Slides1_1920x1080_30fps_8bit_420,10,44,93.056289
Slides1_1920x1080_30fps_8bit_420,10,45,92.943764
Slides1_1920x1080_30fps_8bit_420,10,46,92.571708
Slides1_1920x1080_30fps_8bit_420,10,47,92.172193
Slides1_1920x1080_30fps_8bit_420,10,48,91.793859
Slides1_1920x1080_30fps_8bit_420,10,49,91.548755
Slides1_1920x1080_30fps_8bit_420,10,50,91.105034
Slides1_1920x1080_30fps_8bit_420,10,51,90.751294
Slides1_1920x1080_30fps_8bit_420,10,52,90.266169
Slides1_1920x1080_30fps_8bit_420,10,53,89.916955
Slides1_1920x1080_30fps_8bit_420,10,54,89.471832
Slides1_1920x1080_30fps_8bit_420,10,55,88.742297
Slides1_1920x1080_30fps_8bit_420,10,56,87.94704
Slides1_1920x1080_30fps_8bit_420,10,58,86.29325
Slides1_1920x1080_30fps_8bit_420,10,60,83.241881
Slides1_1920x1080_30fps_8bit_420,10,63,71.379019
MissionControlClip3_1920x1080_60_420,10,20,97.189492
MissionControlClip3_1920x1080_60_420,10,24,97.098105
MissionControlClip3_1920x1080_60_420,10,27,96.92637
MissionControlClip3_1920x1080_60_420,10,28,96.871671
MissionControlClip3_1920x1080_60_420,10,29,96.819214
MissionControlClip3_1920x1080_60_420,10,30,96.76099
MissionControlClip3_1920x1080_60_420,10,31,96.659928
MissionControlClip3_1920x1080_60_420,10,32,96.568391
MissionControlClip3_1920x1080_60_420,10,33,96.491645
MissionControlClip3_1920x1080_60_420,10,34,96.404403
MissionControlClip3_1920x1080_60_420,10,35,96.281468
MissionControlClip3_1920x1080_60_420,10,36,96.173417
MissionControlClip3_1920x1080_60_420,10,37,96.047482
MissionControlClip3_1920x1080_60_420,10,38,95.958244
MissionControlClip3_1920x1080_60_420,10,39,95.80908
MissionControlClip3_1920x1080_60_420,10,40,95.668246
MissionControlClip3_1920x1080_60_420,10,41,95.590594
MissionControlClip3_1920x1080_60_420,10,42,95.449621
MissionControlClip3_1920x1080_60_420,10,43,95.222908
MissionControlClip3_1920x1080_60_420,10,44,95.159452
MissionControlClip3_1920x1080_60_420,10,45,94.953966
MissionControlClip3_1920x1080_60_420,10,46,94.775075
MissionControlClip3_1920x1080_60_420,10,47,94.61594
MissionControlClip3_1920x1080_60_420,10,48,94.364107
MissionControlClip3_1920x1080_60_420,10,49,94.193759
MissionControlClip3_1920x1080_60_420,10,50,93.980327
MissionControlClip3_1920x1080_60_420,10,51,93.807695
MissionControlClip3_1920x1080_60_420,10,52,93.613902
MissionControlClip3_1920x1080_60_420,10,53,93.311559
MissionControlClip3_1920x1080_60_420,10,54,92.932718
MissionControlClip3_1920x1080_60_420,10,55,92.633136
MissionControlClip3_1920x1080_60_420,10,56,92.285681
MissionControlClip3_1920x1080_60_420,10,58,91.200878
MissionControlClip3_1920x1080_60_420,10,60,89.134575
MissionControlClip3_1920x1080_60_420,10,63,80.567395
EuroTruckSimulator2_1920x1080p60,10,20,99.966937
EuroTruckSimulator2_1920x1080p60,10,24,99.963561
EuroTruckSimulator2_1920x1080p60,10,27,99.944274
EuroTruckSimulator2_1920x1080p60,10,28,99.792307
EuroTruckSimulator2_1920x1080p60,10,29,99.458542
EuroTruckSimulator2_1920x1080p60,10,30,99.13859
EuroTruckSimulator2_1920x1080p60,10,31,98.457177
EuroTruckSimulator2_1920x1080p60,10,32,97.647448
EuroTruckSimulator2_1920x1080p60,10,33,96.926243
EuroTruckSimulator2_1920x1080p60,10,34,96.024114
EuroTruckSimulator2_1920x1080p60,10,35,95.078975
EuroTruckSimulator2_1920x1080p60,10,36,94.054901
EuroTruckSimulator2_1920x1080p60,10,37,93.057167
EuroTruckSimulator2_1920x1080p60,10,38,92.099956
EuroTruckSimulator2_1920x1080p60,10,39,91.124857
EuroTruckSimulator2_1920x1080p60,10,40,90.234172
EuroTruckSimulator2_1920x1080p60,10,41,89.278823
EuroTruckSimulator2_1920x1080p60,10,42,88.455487
EuroTruckSimulator2_1920x1080p60,10,43,87.495423
EuroTruckSimulator2_1920x1080p60,10,44,86.660407
EuroTruckSimulator2_1920x1080p60,10,45,85.848426
EuroTruckSimulator2_1920x1080p60,10,46,84.871562
EuroTruckSimulator2_1920x1080p60,10,47,83.789672
EuroTruckSimulator2_1920x1080p60,10,48,82.716025
EuroTruckSimulator2_1920x1080p60,10,49,81.736732
EuroTruckSimulator2_1920x1080p60,10,50,80.737268
EuroTruckSimulator2_1920x1080p60,10,51,79.560673
EuroTruckSimulator2_1920x1080p60,10,52,78.426305
EuroTruckSimulator2_1920x1080p60,10,53,77.183681
EuroTruckSimulator2_1920x1080p60,10,54,75.988244
EuroTruckSimulator2_1920x1080p60,10,55,74.532218
EuroTruckSimulator2_1920x1080p60,10,56,72.996789
EuroTruckSimulator2_1920x1080p60,10,58,68.617198
EuroTruckSimulator2_1920x1080p60,10,60,63.086299
EuroTruckSimulator2_1920x1080p60,10,63,46.185717
PedestrianArea_1920x1080p25,10,20,99.15682
PedestrianArea_1920x1080p25,10,24,98.677105
PedestrianArea_1920x1080p25,10,27,98.000043
PedestrianArea_1920x1080p25,10,28,97.723408
PedestrianArea_1920x1080p25,10,29,97.374517
PedestrianArea_1920x1080p25,10,30,96.974855
PedestrianArea_1920x1080p25,10,31,96.409319
PedestrianArea_1920x1080p25,10,32,95.91512
PedestrianArea_1920x1080p25,10,33,95.364421
PedestrianArea_1920x1080p25,10,34,94.771388
PedestrianArea_1920x1080p25,10,35,94.090008
PedestrianArea_1920x1080p25,10,36,93.397885
PedestrianArea_1920x1080p25,10,37,92.625165
PedestrianArea_1920x1080p25,10,38,91.804666
PedestrianArea_1920x1080p25,10,39,90.965057
PedestrianArea_1920x1080p25,10,40,90.05311
PedestrianArea_1920x1080p25,10,41,89.008411
PedestrianArea_1920x1080p25,10,42,88.02804
PedestrianArea_1920x1080p25,10,43,86.782777
PedestrianArea_1920x1080p25,10,44,85.640939
PedestrianArea_1920x1080p25,10,45,84.388481
PedestrianArea_1920x1080p25,10,46,83.109183
PedestrianArea_1920x1080p25,10,47,81.824006
PedestrianArea_1920x1080p25,10,48,80.398833
PedestrianArea_1920x1080p25,10,49,78.945736
PedestrianArea_1920x1080p25,10,50,77.388756
PedestrianArea_1920x1080p25,10,51,75.874551
PedestrianArea_1920x1080p25,10,52,74.256129
PedestrianArea_1920x1080p25,10,53,72.717019
PedestrianArea_1920x1080p25,10,54,70.950365
PedestrianArea_1920x1080p25,10,55,69.073847
PedestrianArea_1920x1080p25,10,56,66.744651
PedestrianArea_1920x1080p25,10,58,61.873945
PedestrianArea_1920x1080p25,10,60,55.341108
PedestrianArea_1920x1080p25,10,63,35.729899
MountainBike_1920x1080_30fps_8bit,10,20,99.865522
MountainBike_1920x1080_30fps_8bit,10,24,99.853027
MountainBike_1920x1080_30fps_8bit,10,27,99.833858
MountainBike_1920x1080_30fps_8bit,10,28,99.822678
MountainBike_1920x1080_30fps_8bit,10,29,99.811373
MountainBike_1920x1080_30fps_8bit,10,30,99.80122
MountainBike_1920x1080_30fps_8bit,10,31,99.789214
MountainBike_1920x1080_30fps_8bit,10,32,99.774183
MountainBike_1920x1080_30fps_8bit,10,33,99.758245
MountainBike_1920x1080_30fps_8bit,10,34,99.745511
MountainBike_1920x1080_30fps_8bit,10,35,99.729612
MountainBike_1920x1080_30fps_8bit,10,36,99.692675
MountainBike_1920x1080_30fps_8bit,10,37,99.67224
MountainBike_1920x1080_30fps_8bit,10,38,99.657623
MountainBike_1920x1080_30fps_8bit,10,39,99.631737
MountainBike_1920x1080_30fps_8bit,10,40,99.586855
MountainBike_1920x1080_30fps_8bit,10,41,99.468152
MountainBike_1920x1080_30fps_8bit,10,42,99.254149
MountainBike_1920x1080_30fps_8bit,10,43,98.921157
MountainBike_1920x1080_30fps_8bit,10,44,98.417848
MountainBike_1920x1080_30fps_8bit,10,45,97.660563
MountainBike_1920x1080_30fps_8bit,10,46,96.592692
MountainBike_1920x1080_30fps_8bit,10,47,95.277366
MountainBike_1920x1080_30fps_8bit,10,48,93.45148
MountainBike_1920x1080_30fps_8bit,10,49,91.64742
MountainBike_1920x1080_30fps_8bit,10,50,89.625698
MountainBike_1920x1080_30fps_8bit,10,51,87.524133
MountainBike_1920x1080_30fps_8bit,10,52,85.331503
MountainBike_1920x1080_30fps_8bit,10,53,82.96247
MountainBike_1920x1080_30fps_8bit,10,54,80.588722
MountainBike_1920x1080_30fps_8bit,10,55,78.291561
MountainBike_1920x1080_30fps_8bit,10,56,75.495442
MountainBike_1920x1080_30fps_8bit,10,58,69.52058
MountainBike_1920x1080_30fps_8bit,10,60,62.369664
MountainBike_1920x1080_30fps_8bit,10,63,43.876823
OldTownCross_1920x1080p50,10,20,94.041702
OldTownCross_1920x1080p50,10,24,93.505775
OldTownCross_1920x1080p50,10,27,93.057385
OldTownCross_1920x1080p50,10,28,92.920867
OldTownCross_1920x1080p50,10,29,92.802116
OldTownCross_1920x1080p50,10,30,92.622489
OldTownCross_1920x1080p50,10,31,92.416839
OldTownCross_1920x1080p50,10,32,92.134504
OldTownCross_1920x1080p50,10,33,91.922912
OldTownCross_1920x1080p50,10,34,91.753556
OldTownCross_1920x1080p50,10,35,91.543855
OldTownCross_1920x1080p50,10,36,91.375888
OldTownCross_1920x1080p50,10,37,91.13415
OldTownCross_1920x1080p50,10,38,90.999564
OldTownCross_1920x1080p50,10,39,90.788131
OldTownCross_1920x1080p50,10,40,90.50137
OldTownCross_1920x1080p50,10,41,90.24375
OldTownCross_1920x1080p50,10,42,89.940773
OldTownCross_1920x1080p50,10,43,89.572255
OldTownCross_1920x1080p50,10,44,89.273365
OldTownCross_1920x1080p50,10,45,88.934067
OldTownCross_1920x1080p50,10,46,88.512538
OldTownCross_1920x1080p50,10,47,88.112263
OldTownCross_1920x1080p50,10,48,87.603302
OldTownCross_1920x1080p50,10,49,87.165668
OldTownCross_1920x1080p50,10,50,86.550915
OldTownCross_1920x1080p50,10,51,86.01333
OldTownCross_1920x1080p50,10,52,85.113912
OldTownCross_1920x1080p50,10,53,84.28969
OldTownCross_1920x1080p50,10,54,83.396089
OldTownCross_1920x1080p50,10,55,82.402508
OldTownCross_1920x1080p50,10,56,81.2688
OldTownCross_1920x1080p50,10,58,78.383527
OldTownCross_1920x1080p50,10,60,73.922192
OldTownCross_1920x1080p50,10,63,55.886711
SolLevanteFace_sdr_1920x1080_24_10bit,10,20,93.48866
SolLevanteFace_sdr_1920x1080_24_10bit,10,24,91.776544
SolLevanteFace_sdr_1920x1080_24_10bit,10,27,89.328249
SolLevanteFace_sdr_1920x1080_24_10bit,10,28,88.168964
SolLevanteFace_sdr_1920x1080_24_10bit,10,29,87.440777
SolLevanteFace_sdr_1920x1080_24_10bit,10,30,86.456228
SolLevanteFace_sdr_1920x1080_24_10bit,10,31,85.278543
SolLevanteFace_sdr_1920x1080_24_10bit,10,32,83.864744
SolLevanteFace_sdr_1920x1080_24_10bit,10,33,82.66157
SolLevanteFace_sdr_1920x1080_24_10bit,10,34,81.12779
SolLevanteFace_sdr_1920x1080_24_10bit,10,35,79.702042
SolLevanteFace_sdr_1920x1080_24_10bit,10,36,78.098184
SolLevanteFace_sdr_1920x1080_24_10bit,10,37,76.117403
SolLevanteFace_sdr_1920x1080_24_10bit,10,38,74.149532
SolLevanteFace_sdr_1920x1080_24_10bit,10,39,72.024707
SolLevanteFace_sdr_1920x1080_24_10bit,10,40,69.944898
SolLevanteFace_sdr_1920x1080_24_10bit,10,41,67.663131
SolLevanteFace_sdr_1920x1080_24_10bit,10,42,65.506204
SolLevanteFace_sdr_1920x1080_24_10bit,10,43,63.110991
SolLevanteFace_sdr_1920x1080_24_10bit,10,44,61.011531
SolLevanteFace_sdr_1920x1080_24_10bit,10,45,58.796102
SolLevanteFace_sdr_1920x1080_24_10bit,10,46,56.123708
SolLevanteFace_sdr_1920x1080_24_10bit,10,47,53.717477
SolLevanteFace_sdr_1920x1080_24_10bit,10,48,50.894525
SolLevanteFace_sdr_1920x1080_24_10bit,10,49,48.64129
SolLevanteFace_sdr_1920x1080_24_10bit,10,50,46.386615
SolLevanteFace_sdr_1920x1080_24_10bit,10,51,43.928577
SolLevanteFace_sdr_1920x1080_24_10bit,10,52,41.547006
SolLevanteFace_sdr_1920x1080_24_10bit,10,53,39.094378
SolLevanteFace_sdr_1920x1080_24_10bit,10,54,36.534927
SolLevanteFace_sdr_1920x1080_24_10bit,10,55,34.210819
SolLevanteFace_sdr_1920x1080_24_10bit,10,56,31.35698
SolLevanteFace_sdr_1920x1080_24_10bit,10,58,26.009367
SolLevanteFace_sdr_1920x1080_24_10bit,10,60,20.098103
SolLevanteFace_sdr_1920x1080_24_10bit,10,63,8.277174
RitualDance_1920x1080_5994_10bit_420,10,20,98.364673
RitualDance_1920x1080_5994_10bit_420,10,24,97.760574
RitualDance_1920x1080_5994_10bit_420,10,27,96.840143
RitualDance_1920x1080_5994_10bit_420,10,28,96.437244
RitualDance_1920x1080_5994_10bit_420,10,29,96.04064
RitualDance_1920x1080_5994_10bit_420,10,30,95.607879
RitualDance_1920x1080_5994_10bit_420,10,31,95.008358
RitualDance_1920x1080_5994_10bit_420,10,32,94.385679
RitualDance_1920x1080_5994_10bit_420,10,33,93.75141
RitualDance_1920x1080_5994_10bit_420,10,34,93.047186
RitualDance_1920x1080_5994_10bit_420,10,35,92.422141
RitualDance_1920x1080_5994_10bit_420,10,36,91.650444
RitualDance_1920x1080_5994_10bit_420,10,37,90.702112
RitualDance_1920x1080_5994_10bit_420,10,38,89.717025
RitualDance_1920x1080_5994_10bit_420,10,39,88.745085
RitualDance_1920x1080_5994_10bit_420,10,40,87.598106
RitualDance_1920x1080_5994_10bit_420,10,41,86.517616
RitualDance_1920x1080_5994_10bit_420,10,42,85.310263
RitualDance_1920x1080_5994_10bit_420,10,43,84.079558
RitualDance_1920x1080_5994_10bit_420,10,44,82.961428
RitualDance_1920x1080_5994_10bit_420,10,45,81.64925
RitualDance_1920x1080_5994_10bit_420,10,46,80.332938
RitualDance_1920x1080_5994_10bit_420,10,47,78.815795
RitualDance_1920x1080_5994_10bit_420,10,48,77.218652
RitualDance_1920x1080_5994_10bit_420,10,49,75.751362
RitualDance_1920x1080_5994_10bit_420,10,50,74.334688
RitualDance_1920x1080_5994_10bit_420,10,51,72.675144
RitualDance_1920x1080_5994_10bit_420,10,52,71.020559
RitualDance_1920x1080_5994_10bit_420,10,53,69.129741
RitualDance_1920x1080_5994_10bit_420,10,54,67.167237
RitualDance_1920x1080_5994_10bit_420,10,55,65.05286
RitualDance_1920x1080_5994_10bit_420,10,56,62.709895
RitualDance_1920x1080_5994_10bit_420,10,58,56.98553
RitualDance_1920x1080_5994_10bit_420,10,60,49.673571
RitualDance_1920x1080_5994_10bit_420,10,63,25.789192
GlassHalf_1920x1080p_24p_8bit_420,10,20,97.978471
GlassHalf_1920x1080p_24p_8bit_420,10,24,97.591297
GlassHalf_1920x1080p_24p_8bit_420,10,27,97.033486
GlassHalf_1920x1080p_24p_8bit_420,10,28,96.832682
GlassHalf_1920x1080p_24p_8bit_420,10,29,96.59296
GlassHalf_1920x1080p_24p_8bit_420,10,30,96.372934
GlassHalf_1920x1080p_24p_8bit_420,10,31,96.032325
GlassHalf_1920x1080p_24p_8bit_420,10,32,95.697159
GlassHalf_1920x1080p_24p_8bit_420,10,33,95.409936
GlassHalf_1920x1080p_24p_8bit_420,10,34,95.06271
GlassHalf_1920x1080p_24p_8bit_420,10,35,94.676234
GlassHalf_1920x1080p_24p_8bit_420,10,36,94.238935
GlassHalf_1920x1080p_24p_8bit_420,10,37,93.792184
GlassHalf_1920x1080p_24p_8bit_420,10,38,93.337259
GlassHalf_1920x1080p_24p_8bit_420,10,39,92.863
GlassHalf_1920x1080p_24p_8bit_420,10,40,92.322236
GlassHalf_1920x1080p_24p_8bit_420,10,41,91.713729
GlassHalf_1920x1080p_24p_8bit_420,10,42,91.1146
GlassHalf_1920x1080p_24p_8bit_420,10,43,90.441508
GlassHalf_1920x1080p_24p_8bit_420,10,44,89.853773
GlassHalf_1920x1080p_24p_8bit_420,10,45,89.121423
GlassHalf_1920x1080p_24p_8bit_420,10,46,88.268662
GlassHalf_1920x1080p_24p_8bit_420,10,47,87.502135
GlassHalf_1920x1080p_24p_8bit_420,10,48,86.585301
GlassHalf_1920x1080p_24p_8bit_420,10,49,85.689449
GlassHalf_1920x1080p_24p_8bit_420,10,50,84.71383
GlassHalf_1920x1080p_24p_8bit_420,10,51,83.666008
GlassHalf_1920x1080p_24p_8bit_420,10,52,82.520859
GlassHalf_1920x1080p_24p_8bit_420,10,53,81.363391
GlassHalf_1920x1080p_24p_8bit_420,10,54,79.989998
GlassHalf_1920x1080p_24p_8bit_420,10,55,78.661249
GlassHalf_1920x1080p_24p_8bit_420,10,56,76.90449
GlassHalf_1920x1080p_24p_8bit_420,10,58,72.752159
GlassHalf_1920x1080p_24p_8bit_420,10,60,67.099405
GlassHalf_1920x1080p_24p_8bit_420,10,63,45.756721
MINECRAFT_1080p_60_8bit,10,20,99.611478
MINECRAFT_1080p_60_8bit,10,24,99.463001
MINECRAFT_1080p_60_8bit,10,27,99.17318
MINECRAFT_1080p_60_8bit,10,28,99.014164
MINECRAFT_1080p_60_8bit,10,29,98.830153
MINECRAFT_1080p_60_8bit,10,30,98.619199
MINECRAFT_1080p_60_8bit,10,31,98.275007
MINECRAFT_1080p_60_8bit,10,32,97.790605
MINECRAFT_1080p_60_8bit,10,33,97.315039
MINECRAFT_1080p_60_8bit,10,34,96.669194
MINECRAFT_1080p_60_8bit,10,35,95.825519
MINECRAFT_1080p_60_8bit,10,36,94.86967
MINECRAFT_1080p_60_8bit,10,37,93.823877
MINECRAFT_1080p_60_8bit,10,38,92.736636
MINECRAFT_1080p_60_8bit,10,39,91.573968
MINECRAFT_1080p_60_8bit,10,40,90.433064
MINECRAFT_1080p_60_8bit,10,41,88.994512
MINECRAFT_1080p_60_8bit,10,42,87.645337
MINECRAFT_1080p_60_8bit,10,43,86.174198
MINECRAFT_1080p_60_8bit,10,44,84.81844
MINECRAFT_1080p_60_8bit,10,45,83.339522
MINECRAFT_1080p_60_8bit,10,46,81.677875
MINECRAFT_1080p_60_8bit,10,47,80.226205
MINECRAFT_1080p_60_8bit,10,48,78.476503
MINECRAFT_1080p_60_8bit,10,49,76.788553
MINECRAFT_1080p_60_8bit,10,50,75.085946
MINECRAFT_1080p_60_8bit,10,51,73.362055
MINECRAFT_1080p_60_8bit,10,52,71.714651
MINECRAFT_1080p_60_8bit,10,53,69.856426
MINECRAFT_1080p_60_8bit,10,54,67.75723
MINECRAFT_1080p_60_8bit,10,55,65.899149
MINECRAFT_1080p_60_8bit,10,56,63.442382
MINECRAFT_1080p_60_8bit,10,58,58.200569
MINECRAFT_1080p_60_8bit,10,60,51.916143
MINECRAFT_1080p_60_8bit,10,63,35.055731
MeridianTalk_sdr_1920x1080p_5994_10bit,10,20,93.554223
MeridianTalk_sdr_1920x1080p_5994_10bit,10,24,92.952882
MeridianTalk_sdr_1920x1080p_5994_10bit,10,27,92.293228
MeridianTalk_sdr_1920x1080p_5994_10bit,10,28,92.08886
MeridianTalk_sdr_1920x1080p_5994_10bit,10,29,91.865168
MeridianTalk_sdr_1920x1080p_5994_10bit,10,30,91.606274
MeridianTalk_sdr_1920x1080p_5994_10bit,10,31,91.212326
MeridianTalk_sdr_1920x1080p_5994_10bit,10,32,90.830692
MeridianTalk_sdr_1920x1080p_5994_10bit,10,33,90.605796
MeridianTalk_sdr_1920x1080p_5994_10bit,10,34,90.344709
MeridianTalk_sdr_1920x1080p_5994_10bit,10,35,90.005904
MeridianTalk_sdr_1920x1080p_5994_10bit,10,36,89.610948
MeridianTalk_sdr_1920x1080p_5994_10bit,10,37,89.312996
MeridianTalk_sdr_1920x1080p_5994_10bit,10,38,88.947762
MeridianTalk_sdr_1920x1080p_5994_10bit,10,39,88.504649
MeridianTalk_sdr_1920x1080p_5994_10bit,10,40,88.164929
MeridianTalk_sdr_1920x1080p_5994_10bit,10,41,87.731203
MeridianTalk_sdr_1920x1080p_5994_10bit,10,42,87.186724
MeridianTalk_sdr_1920x1080p_5994_10bit,10,43,86.724084
MeridianTalk_sdr_1920x1080p_5994_10bit,10,44,86.283974
MeridianTalk_sdr_1920x1080p_5994_10bit,10,45,85.766018
MeridianTalk_sdr_1920x1080p_5994_10bit,10,46,85.31528
MeridianTalk_sdr_1920x1080p_5994_10bit,10,47,84.767504
MeridianTalk_sdr_1920x1080p_5994_10bit,10,48,84.082279
MeridianTalk_sdr_1920x1080p_5994_10bit,10,49,83.728336
MeridianTalk_sdr_1920x1080p_5994_10bit,10,50,83.102061
MeridianTalk_sdr_1920x1080p_5994_10bit,10,51,82.707937
MeridianTalk_sdr_1920x1080p_5994_10bit,10,52,81.932984
MeridianTalk_sdr_1920x1080p_5994_10bit,10,53,81.342089
MeridianTalk_sdr_1920x1080p_5994_10bit,10,54,80.579377
MeridianTalk_sdr_1920x1080p_5994_10bit,10,55,79.809319
MeridianTalk_sdr_1920x1080p_5994_10bit,10,56,79.057613
MeridianTalk_sdr_1920x1080p_5994_10bit,10,58,76.53587
MeridianTalk_sdr_1920x1080p_5994_10bit,10,60,73.26047
MeridianTalk_sdr_1920x1080p_5994_10bit,10,63,62.651008
Debugging_1920x1080_30fps_8bit_420,10,20,97.197431
Debugging_1920x1080_30fps_8bit_420,10,24,97.0927
Debugging_1920x1080_30fps_8bit_420,10,27,96.933768
Debugging_1920x1080_30fps_8bit_420,10,28,96.86602
Debugging_1920x1080_30fps_8bit_420,10,29,96.785566
Debugging_1920x1080_30fps_8bit_420,10,30,96.774653
Debugging_1920x1080_30fps_8bit_420,10,31,96.68267
Debugging_1920x1080_30fps_8bit_420,10,32,96.521333
Debugging_1920x1080_30fps_8bit_420,10,33,96.465915
Debugging_1920x1080_30fps_8bit_420,10,34,96.425351
Debugging_1920x1080_30fps_8bit_420,10,35,96.274739
Debugging_1920x1080_30fps_8bit_420,10,36,96.10441
Debugging_1920x1080_30fps_8bit_420,10,37,96.032529
Debugging_1920x1080_30fps_8bit_420,10,38,95.848998
Debugging_1920x1080_30fps_8bit_420,10,39,95.626087
Debugging_1920x1080_30fps_8bit_420,10,40,95.581436
Debugging_1920x1080_30fps_8bit_420,10,41,95.558554
Debugging_1920x1080_30fps_8bit_420,10,42,95.246516
Debugging_1920x1080_30fps_8bit_420,10,43,95.210426
Debugging_1920x1080_30fps_8bit_420,10,44,95.161857
Debugging_1920x1080_30fps_8bit_420,10,45,94.902252
Debugging_1920x1080_30fps_8bit_420,10,46,94.549394
Debugging_1920x1080_30fps_8bit_420,10,47,94.328575
Debugging_1920x1080_30fps_8bit_420,10,48,94.152023
Debugging_1920x1080_30fps_8bit_420,10,49,93.891431
Debugging_1920x1080_30fps_8bit_420,10,50,93.455575
Debugging_1920x1080_30fps_8bit_420,10,51,93.063933
Debugging_1920x1080_30fps_8bit_420,10,52,92.611318
Debugging_1920x1080_30fps_8bit_420,10,53,92.325154
Debugging_1920x1080_30fps_8bit_420,10,54,91.78448
Debugging_1920x1080_30fps_8bit_420,10,55,91.179134
Debugging_1920x1080_30fps_8bit_420,10,56,90.484319
Debugging_1920x1080_30fps_8bit_420,10,58,88.694088
Debugging_1920x1080_30fps_8bit_420,10,60,85.265005
Debugging_1920x1080_30fps_8bit_420,10,63,72.203696
DOTA2_1920x1080_60_8bit_420,10,20,94.747156
DOTA2_1920x1080_60_8bit_420,10,24,94.028555
DOTA2_1920x1080_60_8bit_420,10,27,93.144999
DOTA2_1920x1080_60_8bit_420,10,28,92.837935
DOTA2_1920x1080_60_8bit_420,10,29,92.467024
DOTA2_1920x1080_60_8bit_420,10,30,92.08177
DOTA2_1920x1080_60_8bit_420,10,31,91.536398
DOTA2_1920x1080_60_8bit_420,10,32,91.079266
DOTA2_1920x1080_60_8bit_420,10,33,90.61514
DOTA2_1920x1080_60_8bit_420,10,34,90.153321
DOTA2_1920x1080_60_8bit_420,10,35,89.668549
DOTA2_1920x1080_60_8bit_420,10,36,89.135511
DOTA2_1920x1080_60_8bit_420,10,37,88.553833
DOTA2_1920x1080_60_8bit_420,10,38,87.945237
DOTA2_1920x1080_60_8bit_420,10,39,87.300847
DOTA2_1920x1080_60_8bit_420,10,40,86.578751
DOTA2_1920x1080_60_8bit_420,10,41,85.625885
DOTA2_1920x1080_60_8bit_420,10,42,84.9461
DOTA2_1920x1080_60_8bit_420,10,43,84.025444
DOTA2_1920x1080_60_8bit_420,10,44,83.083947
DOTA2_1920x1080_60_8bit_420,10,45,82.18421
DOTA2_1920x1080_60_8bit_420,10,46,81.100068
DOTA2_1920x1080_60_8bit_420,10,47,80.206662
DOTA2_1920x1080_60_8bit_420,10,48,79.127403
DOTA2_1920x1080_60_8bit_420,10,49,77.917629
DOTA2_1920x1080_60_8bit_420,10,50,76.695669
DOTA2_1920x1080_60_8bit_420,10,51,75.451212
DOTA2_1920x1080_60_8bit_420,10,52,74.276446
DOTA2_1920x1080_60_8bit_420,10,53,72.710577
DOTA2_1920x1080_60_8bit_420,10,54,71.273991
DOTA2_1920x1080_60_8bit_420,10,55,69.670643
DOTA2_1920x1080_60_8bit_420,10,56,67.874561
DOTA2_1920x1080_60_8bit_420,10,58,63.234832
DOTA2_1920x1080_60_8bit_420,10,60,57.025598
DOTA2_1920x1080_60_8bit_420,10,63,38.109858
CrowdRun_1920x1080p50,10,20,99.968471
CrowdRun_1920x1080p50,10,24,99.824651
CrowdRun_1920x1080p50,10,27,99.284597
CrowdRun_1920x1080p50,10,28,99.023859
CrowdRun_1920x1080p50,10,29,98.731731
CrowdRun_1920x1080p50,10,30,98.410434
CrowdRun_1920x1080p50,10,31,97.865955
CrowdRun_1920x1080p50,10,32,97.317739
CrowdRun_1920x1080p50,10,33,96.765038
CrowdRun_1920x1080p50,10,34,96.161102
CrowdRun_1920x1080p50,10,35,95.468102
CrowdRun_1920x1080p50,10,36,94.654631
CrowdRun_1920x1080p50,10,37,93.815571
CrowdRun_1920x1080p50,10,38,92.84557
CrowdRun_1920x1080p50,10,39,91.831663
CrowdRun_1920x1080p50,10,40,90.751498
CrowdRun_1920x1080p50,10,41,89.446861
CrowdRun_1920x1080p50,10,42,88.155546
CrowdRun_1920x1080p50,10,43,86.553212
CrowdRun_1920x1080p50,10,44,85.107433
CrowdRun_1920x1080p50,10,45,83.618332
CrowdRun_1920x1080p50,10,46,82.131384
CrowdRun_1920x1080p50,10,47,80.586295
CrowdRun_1920x1080p50,10,48,78.600005
CrowdRun_1920x1080p50,10,49,76.799255
CrowdRun_1920x1080p50,10,50,74.777439
CrowdRun_1920x1080p50,10,51,72.933807
CrowdRun_1920x1080p50,10,52,71.050577
CrowdRun_1920x1080p50,10,53,68.726309
CrowdRun_1920x1080p50,10,54,66.567581
CrowdRun_1920x1080p50,10,55,64.32748
CrowdRun_1920x1080p50,10,56,61.667229
CrowdRun_1920x1080p50,10,58,55.14872
CrowdRun_1920x1080p50,10,60,47.070994
CrowdRun_1920x1080p50,10,63,25.64376
WITCHER3_1920x1080_60_8bit_420,10,20,97.649329
WITCHER3_1920x1080_60_8bit_420,10,24,96.615287
WITCHER3_1920x1080_60_8bit_420,10,27,95.155184
WITCHER3_1920x1080_60_8bit_420,10,28,94.567359
WITCHER3_1920x1080_60_8bit_420,10,29,93.945482
WITCHER3_1920x1080_60_8bit_420,10,30,93.318656
WITCHER3_1920x1080_60_8bit_420,10,31,92.430716
WITCHER3_1920x1080_60_8bit_420,10,32,91.515312
WITCHER3_1920x1080_60_8bit_420,10,33,90.67272
WITCHER3_1920x1080_60_8bit_420,10,34,89.829484
WITCHER3_1920x1080_60_8bit_420,10,35,88.827907
WITCHER3_1920x1080_60_8bit_420,10,36,87.670117
WITCHER3_1920x1080_60_8bit_420,10,37,86.548306
WITCHER3_1920x1080_60_8bit_420,10,38,85.357561
WITCHER3_1920x1080_60_8bit_420,10,39,84.060851
WITCHER3_1920x1080_60_8bit_420,10,40,82.892896
WITCHER3_1920x1080_60_8bit_420,10,41,81.563627
WITCHER3_1920x1080_60_8bit_420,10,42,80.248908
WITCHER3_1920x1080_60_8bit_420,10,43,78.696121
WITCHER3_1920x1080_60_8bit_420,10,44,77.39532
WITCHER3_1920x1080_60_8bit_420,10,45,75.834778
WITCHER3_1920x1080_60_8bit_420,10,46,74.295047
WITCHER3_1920x1080_60_8bit_420,10,47,72.795521
WITCHER3_1920x1080_60_8bit_420,10,48,71.302315
WITCHER3_1920x1080_60_8bit_420,10,49,69.696784
WITCHER3_1920x1080_60_8bit_420,10,50,68.206075
WITCHER3_1920x1080_60_8bit_420,10,51,66.724127
WITCHER3_1920x1080_60_8bit_420,10,52,65.263306
WITCHER3_1920x1080_60_8bit_420,10,53,63.613441
WITCHER3_1920x1080_60_8bit_420,10,54,62.072618
WITCHER3_1920x1080_60_8bit_420,10,55,60.204935
WITCHER3_1920x1080_60_8bit_420,10,56,58.355731
WITCHER3_1920x1080_60_8bit_420,10,58,54.655794
WITCHER3_1920x1080_60_8bit_420,10,60,50.417431
WITCHER3_1920x1080_60_8bit_420,10,63,39.573217
WalkingInStreet_1920x1080_30fps,10,20,99.969661
WalkingInStreet_1920x1080_30fps,10,24,99.967131
WalkingInStreet_1920x1080_30fps,10,27,99.922395
WalkingInStreet_1920x1080_30fps,10,28,99.891242
WalkingInStreet_1920x1080_30fps,10,29,99.839436
WalkingInStreet_1920x1080_30fps,10,30,99.774154
WalkingInStreet_1920x1080_30fps,10,31,99.645601
WalkingInStreet_1920x1080_30fps,10,32,99.508495
WalkingInStreet_1920x1080_30fps,10,33,99.344075
WalkingInStreet_1920x1080_30fps,10,34,99.183646
WalkingInStreet_1920x1080_30fps,10,35,98.92361
WalkingInStreet_1920x1080_30fps,10,36,98.60938
WalkingInStreet_1920x1080_30fps,10,37,98.246819
WalkingInStreet_1920x1080_30fps,10,38,97.7321
WalkingInStreet_1920x1080_30fps,10,39,97.198123
WalkingInStreet_1920x1080_30fps,10,40,96.548992
WalkingInStreet_1920x1080_30fps,10,41,95.758204
WalkingInStreet_1920x1080_30fps,10,42,94.952205
WalkingInStreet_1920x1080_30fps,10,43,93.950646
WalkingInStreet_1920x1080_30fps,10,44,92.944089
WalkingInStreet_1920x1080_30fps,10,45,91.668608
WalkingInStreet_1920x1080_30fps,10,46,90.532541
WalkingInStreet_1920x1080_30fps,10,47,89.288415
WalkingInStreet_1920x1080_30fps,10,48,87.891125
WalkingInStreet_1920x1080_30fps,10,49,86.442864
WalkingInStreet_1920x1080_30fps,10,50,85.04945
WalkingInStreet_1920x1080_30fps,10,51,83.416441
WalkingInStreet_1920x1080_30fps,10,52,81.778173
WalkingInStreet_1920x1080_30fps,10,53,79.902165
WalkingInStreet_1920x1080_30fps,10,54,78.008699
WalkingInStreet_1920x1080_30fps,10,55,76.063324
WalkingInStreet_1920x1080_30fps,10,56,73.771568
WalkingInStreet_1920x1080_30fps,10,58,68.264805
WalkingInStreet_1920x1080_30fps,10,60,61.355205
WalkingInStreet_1920x1080_30fps,10,63,42.104218
ToddlerFountain_1920x1080_2997fps_10bit_420,10,20,99.962404
ToddlerFountain_1920x1080_2997fps_10bit_420,10,24,99.958284
ToddlerFountain_1920x1080_2997fps_10bit_420,10,27,99.951248
ToddlerFountain_1920x1080_2997fps_10bit_420,10,28,99.948664
ToddlerFountain_1920x1080_2997fps_10bit_420,10,29,99.946903
ToddlerFountain_1920x1080_2997fps_10bit_420,10,30,99.944807
ToddlerFountain_1920x1080_2997fps_10bit_420,10,31,99.932232
ToddlerFountain_1920x1080_2997fps_10bit_420,10,32,99.834289
ToddlerFountain_1920x1080_2997fps_10bit_420,10,33,99.649968
ToddlerFountain_1920x1080_2997fps_10bit_420,10,34,99.112479
ToddlerFountain_1920x1080_2997fps_10bit_420,10,35,98.403751
ToddlerFountain_1920x1080_2997fps_10bit_420,10,36,97.481446
ToddlerFountain_1920x1080_2997fps_10bit_420,10,37,96.255628
ToddlerFountain_1920x1080_2997fps_10bit_420,10,38,94.735846
ToddlerFountain_1920x1080_2997fps_10bit_420,10,39,93.228352
ToddlerFountain_1920x1080_2997fps_10bit_420,10,40,91.602561
ToddlerFountain_1920x1080_2997fps_10bit_420,10,41,90.030462
ToddlerFountain_1920x1080_2997fps_10bit_420,10,42,88.250531
ToddlerFountain_1920x1080_2997fps_10bit_420,10,43,86.166145
ToddlerFountain_1920x1080_2997fps_10bit_420,10,44,84.307484
ToddlerFountain_1920x1080_2997fps_10bit_420,10,45,82.143434
ToddlerFountain_1920x1080_2997fps_10bit_420,10,46,80.04154
ToddlerFountain_1920x1080_2997fps_10bit_420,10,47,77.604082
ToddlerFountain_1920x1080_2997fps_10bit_420,10,48,74.991173
ToddlerFountain_1920x1080_2997fps_10bit_420,10,49,72.661093
ToddlerFountain_1920x1080_2997fps_10bit_420,10,50,70.36144
ToddlerFountain_1920x1080_2997fps_10bit_420,10,51,67.534684
ToddlerFountain_1920x1080_2997fps_10bit_420,10,52,64.959349
ToddlerFountain_1920x1080_2997fps_10bit_420,10,53,62.234114
ToddlerFountain_1920x1080_2997fps_10bit_420,10,54,59.398244
ToddlerFountain_1920x1080_2997fps_10bit_420,10,55,56.820889
ToddlerFountain_1920x1080_2997fps_10bit_420,10,56,53.313071
ToddlerFountain_1920x1080_2997fps_10bit_420,10,58,46.718733
ToddlerFountain_1920x1080_2997fps_10bit_420,10,60,39.534942
ToddlerFountain_1920x1080_2997fps_10bit_420,10,63,17.345677
Vertical_bees_1080x1920_2997,10,20,97.655901
Vertical_bees_1080x1920_2997,10,24,96.991554
Vertical_bees_1080x1920_2997,10,27,96.255384
Vertical_bees_1080x1920_2997,10,28,95.968236
Vertical_bees_1080x1920_2997,10,29,95.756432
Vertical_bees_1080x1920_2997,10,30,95.462649
Vertical_bees_1080x1920_2997,10,31,95.107694
Vertical_bees_1080x1920_2997,10,32,94.80391
Vertical_bees_1080x1920_2997,10,33,94.562763
Vertical_bees_1080x1920_2997,10,34,94.223577
Vertical_bees_1080x1920_2997,10,35,93.907095
Vertical_bees_1080x1920_2997,10,36,93.507653
Vertical_bees_1080x1920_2997,10,37,93.172447
Vertical_bees_1080x1920_2997,10,38,92.7958
Vertical_bees_1080x1920_2997,10,39,92.401144
Vertical_bees_1080x1920_2997,10,40,92.059831
Vertical_bees_1080x1920_2997,10,41,91.612101
Vertical_bees_1080x1920_2997,10,42,91.150981
Vertical_bees_1080x1920_2997,10,43,90.658116
Vertical_bees_1080x1920_2997,10,44,90.253887
Vertical_bees_1080x1920_2997,10,45,89.802906
Vertical_bees_1080x1920_2997,10,46,89.215706
Vertical_bees_1080x1920_2997,10,47,88.843964
Vertical_bees_1080x1920_2997,10,48,88.286382
Vertical_bees_1080x1920_2997,10,49,87.677933
Vertical_bees_1080x1920_2997,10,50,87.128472
Vertical_bees_1080x1920_2997,10,51,86.471056
Vertical_bees_1080x1920_2997,10,52,85.57205
Vertical_bees_1080x1920_2997,10,53,84.926835
Vertical_bees_1080x1920_2997,10,54,83.970719
Vertical_bees_1080x1920_2997,10,55,83.007904
Vertical_bees_1080x1920_2997,10,56,81.988891
Vertical_bees_1080x1920_2997,10,58,79.064796
Vertical_bees_1080x1920_2997,10,60,75.012749
Vertical_bees_1080x1920_2997,10,63,59.488398
Wikipedia_1920x1080p30,10,20,98.588334
Wikipedia_1920x1080p30,10,24,98.58852
Wikipedia_1920x1080p30,10,27,98.530879
Wikipedia_1920x1080p30,10,28,98.505147
Wikipedia_1920x1080p30,10,29,98.498793
Wikipedia_1920x1080p30,10,30,98.474509
Wikipedia_1920x1080p30,10,31,98.469778
Wikipedia_1920x1080p30,10,32,98.432794
Wikipedia_1920x1080p30,10,33,98.382736
Wikipedia_1920x1080p30,10,34,98.353268
Wikipedia_1920x1080p30,10,35,98.323306
Wikipedia_1920x1080p30,10,36,98.310603
Wikipedia_1920x1080p30,10,37,98.264752
Wikipedia_1920x1080p30,10,38,98.204693
Wikipedia_1920x1080p30,10,39,98.143748
Wikipedia_1920x1080p30,10,40,98.163016
Wikipedia_1920x1080p30,10,41,98.0769
Wikipedia_1920x1080p30,10,42,98.032546
Wikipedia_1920x1080p30,10,43,98.002476
Wikipedia_1920x1080p30,10,44,97.898415
Wikipedia_1920x1080p30,10,45,97.873083
Wikipedia_1920x1080p30,10,46,97.76351
Wikipedia_1920x1080p30,10,47,97.747247
Wikipedia_1920x1080p30,10,48,97.550983
Wikipedia_1920x1080p30,10,49,97.535215
Wikipedia_1920x1080p30,10,50,97.399952
Wikipedia_1920x1080p30,10,51,97.316377
Wikipedia_1920x1080p30,10,52,97.206266
Wikipedia_1920x1080p30,10,53,96.996409
Wikipedia_1920x1080p30,10,54,96.765995
Wikipedia_1920x1080p30,10,55,96.538369
Wikipedia_1920x1080p30,10,56,96.231231
Wikipedia_1920x1080p30,10,58,95.26805
Wikipedia_1920x1080p30,10,60,93.284659
Wikipedia_1920x1080p30,10,63,83.77852
Spreadsheet_1920x1080_30fps_8bit_420_130f,10,20,96.743401
Spreadsheet_1920x1080_30fps_8bit_420_130f,10,24,96.676442
Spreadsheet_1920x1080_30fps_8bit_420_130f,10,27,96.562223
Spreadsheet_1920x1080_30fps_8bit_420_130f,10,28,96.51186
Spreadsheet_1920x1080_30fps_8bit_420_130f,10,29,96.444502
Spreadsheet_1920x1080_30fps_8bit_420_130f,10,30,96.379099
Spreadsheet_1920x1080_30fps_8bit_420_130f,10,31,96.271692
Spreadsheet_1920x1080_30fps_8bit_420_130f,10,32,96.201838
Spreadsheet_1920x1080_30fps_8bit_420_130f,10,33,96.133533
Spreadsheet_1920x1080_30fps_8bit_420_130f,10,34,96.042111
Spreadsheet_1920x1080_30fps_8bit_420_130f,10,35,95.962153
Spreadsheet_1920x1080_30fps_8bit_420_130f,10,36,95.846881
Spreadsheet_1920x1080_30fps_8bit_420_130f,10,37,95.739008
Spreadsheet_1920x1080_30fps_8bit_420_130f,10,38,95.623264
Spreadsheet_1920x1080_30fps_8bit_420_130f,10,39,95.507507
Spreadsheet_1920x1080_30fps_8bit_420_130f,10,40,95.380506
Spreadsheet_1920x1080_30fps_8bit_420_130f,10,41,95.273495
Spreadsheet_1920x1080_30fps_8bit_420_130f,10,42,95.109307
Spreadsheet_1920x1080_30fps_8bit_420_130f,10,43,95.016502
Spreadsheet_1920x1080_30fps_8bit_420_130f,10,44,94.860608
Spreadsheet_1920x1080_30fps_8bit_420_130f,10,45,94.710045
Spreadsheet_1920x1080_30fps_8bit_420_130f,10,46,94.562113
Spreadsheet_1920x1080_30fps_8bit_420_130f,10,47,94.319811
Spreadsheet_1920x1080_30fps_8bit_420_130f,10,48,94.150502
Spreadsheet_1920x1080_30fps_8bit_420_130f,10,49,94.07216
Spreadsheet_1920x1080_30fps_8bit_420_130f,10,50,93.788961
Spreadsheet_1920x1080_30fps_8bit_420_130f,10,51,93.712271
Spreadsheet_1920x1080_30fps_8bit_420_130f,10,52,93.462707
Spreadsheet_1920x1080_30fps_8bit_420_130f,10,53,93.090088
Spreadsheet_1920x1080_30fps_8bit_420_130f,10,54,92.636023
Spreadsheet_1920x1080_30fps_8bit_420_130f,10,55,92.246896
Spreadsheet_1920x1080_30fps_8bit_420_130f,10,56,91.666907
Spreadsheet_1920x1080_30fps_8bit_420_130f,10,58,90.415063
Spreadsheet_1920x1080_30fps_8bit_420_130f,10,60,88.083981
Spreadsheet_1920x1080_30fps_8bit_420_130f,10,63,77.646573
TreesAndGrass_1920_1080_30fps_8bit,10,20,99.972508
TreesAndGrass_1920_1080_30fps_8bit,10,24,99.970223
TreesAndGrass_1920_1080_30fps_8bit,10,27,99.963409
TreesAndGrass_1920_1080_30fps_8bit,10,28,99.956991
TreesAndGrass_1920_1080_30fps_8bit,10,29,99.947851
TreesAndGrass_1920_1080_30fps_8bit,10,30,99.937803
TreesAndGrass_1920_1080_30fps_8bit,10,31,99.920744
TreesAndGrass_1920_1080_30fps_8bit,10,32,99.898376
TreesAndGrass_1920_1080_30fps_8bit,10,33,99.863881
TreesAndGrass_1920_1080_30fps_8bit,10,34,99.806148
TreesAndGrass_1920_1080_30fps_8bit,10,35,99.734052
TreesAndGrass_1920_1080_30fps_8bit,10,36,99.641719
TreesAndGrass_1920_1080_30fps_8bit,10,37,99.540045
TreesAndGrass_1920_1080_30fps_8bit,10,38,99.428199
TreesAndGrass_1920_1080_30fps_8bit,10,39,99.298854
TreesAndGrass_1920_1080_30fps_8bit,10,40,99.120559
TreesAndGrass_1920_1080_30fps_8bit,10,41,98.919213
TreesAndGrass_1920_1080_30fps_8bit,10,42,98.662165
TreesAndGrass_1920_1080_30fps_8bit,10,43,98.231681
TreesAndGrass_1920_1080_30fps_8bit,10,44,97.641301
TreesAndGrass_1920_1080_30fps_8bit,10,45,96.806297
TreesAndGrass_1920_1080_30fps_8bit,10,46,95.883382
TreesAndGrass_1920_1080_30fps_8bit,10,47,94.894532
TreesAndGrass_1920_1080_30fps_8bit,10,48,93.506802
TreesAndGrass_1920_1080_30fps_8bit,10,49,92.09031
TreesAndGrass_1920_1080_30fps_8bit,10,50,90.647396
TreesAndGrass_1920_1080_30fps_8bit,10,51,89.164692
TreesAndGrass_1920_1080_30fps_8bit,10,52,87.549024
TreesAndGrass_1920_1080_30fps_8bit,10,53,85.667551
TreesAndGrass_1920_1080_30fps_8bit,10,54,83.741263
TreesAndGrass_1920_1080_30fps_8bit,10,55,81.800628
TreesAndGrass_1920_1080_30fps_8bit,10,56,79.401262
TreesAndGrass_1920_1080_30fps_8bit,10,58,73.526872
TreesAndGrass_1920_1080_30fps_8bit,10,60,65.983915
TreesAndGrass_1920_1080_30fps_8bit,10,63,45.402464
Crosswalk_3840x2160_5994fps_10bit_420,10,20,95.889369
Crosswalk_3840x2160_5994fps_10bit_420,10,24,94.793926
Crosswalk_3840x2160_5994fps_10bit_420,10,27,93.625526
Crosswalk_3840x2160_5994fps_10bit_420,10,28,93.215017
Crosswalk_3840x2160_5994fps_10bit_420,10,29,92.805711
Crosswalk_3840x2160_5994fps_10bit_420,10,30,92.356786
Crosswalk_3840x2160_5994fps_10bit_420,10,31,91.749605
Crosswalk_3840x2160_5994fps_10bit_420,10,32,91.20418
Crosswalk_3840x2160_5994fps_10bit_420,10,33,90.664848
Crosswalk_3840x2160_5994fps_10bit_420,10,34,90.136965
Crosswalk_3840x2160_5994fps_10bit_420,10,35,89.477139
Crosswalk_3840x2160_5994fps_10bit_420,10,36,88.850167
Crosswalk_3840x2160_5994fps_10bit_420,10,37,88.123587
Crosswalk_3840x2160_5994fps_10bit_420,10,38,87.38842
Crosswalk_3840x2160_5994fps_10bit_420,10,39,86.648929
Crosswalk_3840x2160_5994fps_10bit_420,10,40,85.833591
Crosswalk_3840x2160_5994fps_10bit_420,10,41,84.994233
Crosswalk_3840x2160_5994fps_10bit_420,10,42,84.111529
Crosswalk_3840x2160_5994fps_10bit_420,10,43,83.152267
Crosswalk_3840x2160_5994fps_10bit_420,10,44,82.394147
Crosswalk_3840x2160_5994fps_10bit_420,10,45,81.405847
Crosswalk_3840x2160_5994fps_10bit_420,10,46,80.377766
Crosswalk_3840x2160_5994fps_10bit_420,10,47,79.350752
Crosswalk_3840x2160_5994fps_10bit_420,10,48,78.194047
Crosswalk_3840x2160_5994fps_10bit_420,10,49,77.076553
Crosswalk_3840x2160_5994fps_10bit_420,10,50,76.035037
Crosswalk_3840x2160_5994fps_10bit_420,10,51,74.794005
Crosswalk_3840x2160_5994fps_10bit_420,10,52,73.601398
Crosswalk_3840x2160_5994fps_10bit_420,10,53,72.436637
Crosswalk_3840x2160_5994fps_10bit_420,10,54,70.969569
Crosswalk_3840x2160_5994fps_10bit_420,10,55,69.447112
Crosswalk_3840x2160_5994fps_10bit_420,10,56,67.626749
Crosswalk_3840x2160_5994fps_10bit_420,10,58,63.448705
Crosswalk_3840x2160_5994fps_10bit_420,10,60,57.454745
Crosswalk_3840x2160_5994fps_10bit_420,10,63,37.24575
NocturneDance_3840x2160p_10bit_60fps,10,20,93.908183
NocturneDance_3840x2160p_10bit_60fps,10,24,92.498874
NocturneDance_3840x2160p_10bit_60fps,10,27,90.512827
NocturneDance_3840x2160p_10bit_60fps,10,28,89.752824
NocturneDance_3840x2160p_10bit_60fps,10,29,88.949322
NocturneDance_3840x2160p_10bit_60fps,10,30,88.160457
NocturneDance_3840x2160p_10bit_60fps,10,31,86.929947
NocturneDance_3840x2160p_10bit_60fps,10,32,85.765537
NocturneDance_3840x2160p_10bit_60fps,10,33,84.583678
NocturneDance_3840x2160p_10bit_60fps,10,34,83.329342
NocturneDance_3840x2160p_10bit_60fps,10,35,82.020816
NocturneDance_3840x2160p_10bit_60fps,10,36,80.553484
NocturneDance_3840x2160p_10bit_60fps,10,37,78.933096
NocturneDance_3840x2160p_10bit_60fps,10,38,77.125597
NocturneDance_3840x2160p_10bit_60fps,10,39,75.256907
NocturneDance_3840x2160p_10bit_60fps,10,40,73.370485
NocturneDance_3840x2160p_10bit_60fps,10,41,71.339386
NocturneDance_3840x2160p_10bit_60fps,10,42,69.245061
NocturneDance_3840x2160p_10bit_60fps,10,43,66.88606
NocturneDance_3840x2160p_10bit_60fps,10,44,64.873219
NocturneDance_3840x2160p_10bit_60fps,10,45,62.466376
NocturneDance_3840x2160p_10bit_60fps,10,46,60.031581
NocturneDance_3840x2160p_10bit_60fps,10,47,57.583896
NocturneDance_3840x2160p_10bit_60fps,10,48,55.143493
NocturneDance_3840x2160p_10bit_60fps,10,49,52.737597
NocturneDance_3840x2160p_10bit_60fps,10,50,50.260356
NocturneDance_3840x2160p_10bit_60fps,10,51,47.768772
NocturneDance_3840x2160p_10bit_60fps,10,52,45.262126
NocturneDance_3840x2160p_10bit_60fps,10,53,42.762884
NocturneDance_3840x2160p_10bit_60fps,10,54,40.078439
NocturneDance_3840x2160p_10bit_60fps,10,55,37.411469
NocturneDance_3840x2160p_10bit_60fps,10,56,34.196086
NocturneDance_3840x2160p_10bit_60fps,10,58,28.08574
NocturneDance_3840x2160p_10bit_60fps,10,60,21.772635
NocturneDance_3840x2160p_10bit_60fps,10,63,9.871411
Neon1224_3840x2160_2997fps,10,20,99.962229
Neon1224_3840x2160_2997fps,10,24,99.95931
Neon1224_3840x2160_2997fps,10,27,99.955287
Neon1224_3840x2160_2997fps,10,28,99.949898
Neon1224_3840x2160_2997fps,10,29,99.940631
Neon1224_3840x2160_2997fps,10,30,99.926036
Neon1224_3840x2160_2997fps,10,31,99.886263
Neon1224_3840x2160_2997fps,10,32,99.812615
Neon1224_3840x2160_2997fps,10,33,99.72812
Neon1224_3840x2160_2997fps,10,34,99.584653
Neon1224_3840x2160_2997fps,10,35,99.391607
Neon1224_3840x2160_2997fps,10,36,99.084269
Neon1224_3840x2160_2997fps,10,37,98.671339
Neon1224_3840x2160_2997fps,10,38,98.184095
Neon1224_3840x2160_2997fps,10,39,97.549967
Neon1224_3840x2160_2997fps,10,40,96.775652
Neon1224_3840x2160_2997fps,10,41,95.727924
Neon1224_3840x2160_2997fps,10,42,94.806211
Neon1224_3840x2160_2997fps,10,43,93.536178
Neon1224_3840x2160_2997fps,10,44,92.431525
Neon1224_3840x2160_2997fps,10,45,91.147413
Neon1224_3840x2160_2997fps,10,46,89.762191
Neon1224_3840x2160_2997fps,10,47,88.149263
Neon1224_3840x2160_2997fps,10,48,86.380875
Neon1224_3840x2160_2997fps,10,49,85.110762
Neon1224_3840x2160_2997fps,10,50,83.446718
Neon1224_3840x2160_2997fps,10,51,81.611654
Neon1224_3840x2160_2997fps,10,52,79.859808
Neon1224_3840x2160_2997fps,10,53,77.927112
Neon1224_3840x2160_2997fps,10,54,75.761865
Neon1224_3840x2160_2997fps,10,55,73.73992
Neon1224_3840x2160_2997fps,10,56,70.701313
Neon1224_3840x2160_2997fps,10,58,64.613816
Neon1224_3840x2160_2997fps,10,60,57.322877
Neon1224_3840x2160_2997fps,10,63,28.77997
PierSeaSide_3840x2160_2997fps_10bit_420_v2,10,20,99.156798
PierSeaSide_3840x2160_2997fps_10bit_420_v2,10,24,98.819452
PierSeaSide_3840x2160_2997fps_10bit_420_v2,10,27,98.354191
PierSeaSide_3840x2160_2997fps_10bit_420_v2,10,28,98.159406
PierSeaSide_3840x2160_2997fps_10bit_420_v2,10,29,97.987483
PierSeaSide_3840x2160_2997fps_10bit_420_v2,10,30,97.811004
PierSeaSide_3840x2160_2997fps_10bit_420_v2,10,31,97.463823
PierSeaSide_3840x2160_2997fps_10bit_420_v2,10,32,97.211397
PierSeaSide_3840x2160_2997fps_10bit_420_v2,10,33,97.061734
PierSeaSide_3840x2160_2997fps_10bit_420_v2,10,34,96.759867
PierSeaSide_3840x2160_2997fps_10bit_420_v2,10,35,96.442374
PierSeaSide_3840x2160_2997fps_10bit_420_v2,10,36,96.115236
PierSeaSide_3840x2160_2997fps_10bit_420_v2,10,37,95.765002
PierSeaSide_3840x2160_2997fps_10bit_420_v2,10,38,95.400534
PierSeaSide_3840x2160_2997fps_10bit_420_v2,10,39,95.049727
PierSeaSide_3840x2160_2997fps_10bit_420_v2,10,40,94.591852
PierSeaSide_3840x2160_2997fps_10bit_420_v2,10,41,94.217903
PierSeaSide_3840x2160_2997fps_10bit_420_v2,10,42,93.7
PierSeaSide_3840x2160_2997fps_10bit_420_v2,10,43,93.052084
PierSeaSide_3840x2160_2997fps_10bit_420_v2,10,44,92.76599
PierSeaSide_3840x2160_2997fps_10bit_420_v2,10,45,92.250229
PierSeaSide_3840x2160_2997fps_10bit_420_v2,10,46,91.594394
PierSeaSide_3840x2160_2997fps_10bit_420_v2,10,47,91.055711
PierSeaSide_3840x2160_2997fps_10bit_420_v2,10,48,90.381352
PierSeaSide_3840x2160_2997fps_10bit_420_v2,10,49,89.712613
PierSeaSide_3840x2160_2997fps_10bit_420_v2,10,50,89.01464
PierSeaSide_3840x2160_2997fps_10bit_420_v2,10,51,88.266983
PierSeaSide_3840x2160_2997fps_10bit_420_v2,10,52,87.505708
PierSeaSide_3840x2160_2997fps_10bit_420_v2,10,53,86.698189
PierSeaSide_3840x2160_2997fps_10bit_420_v2,10,54,85.752247
PierSeaSide_3840x2160_2997fps_10bit_420_v2,10,55,84.845684
PierSeaSide_3840x2160_2997fps_10bit_420_v2,10,56,83.523249
PierSeaSide_3840x2160_2997fps_10bit_420_v2,10,58,80.597486
PierSeaSide_3840x2160_2997fps_10bit_420_v2,10,60,76.722457
PierSeaSide_3840x2160_2997fps_10bit_420_v2,10,63,61.64723
FoodMarket2_3840x2160_5994fps_10bit_420,10,20,99.962396
FoodMarket2_3840x2160_5994fps_10bit_420,10,24,99.958763
FoodMarket2_3840x2160_5994fps_10bit_420,10,27,99.952117
FoodMarket2_3840x2160_5994fps_10bit_420,10,28,99.950922
FoodMarket2_3840x2160_5994fps_10bit_420,10,29,99.949128
FoodMarket2_3840x2160_5994fps_10bit_420,10,30,99.947429
FoodMarket2_3840x2160_5994fps_10bit_420,10,31,99.943607
FoodMarket2_3840x2160_5994fps_10bit_420,10,32,99.941638
FoodMarket2_3840x2160_5994fps_10bit_420,10,33,99.93783
FoodMarket2_3840x2160_5994fps_10bit_420,10,34,99.935471
FoodMarket2_3840x2160_5994fps_10bit_420,10,35,99.926895
FoodMarket2_3840x2160_5994fps_10bit_420,10,36,99.886937
FoodMarket2_3840x2160_5994fps_10bit_420,10,37,99.815649
FoodMarket2_3840x2160_5994fps_10bit_420,10,38,99.694603
FoodMarket2_3840x2160_5994fps_10bit_420,10,39,99.449781
FoodMarket2_3840x2160_5994fps_10bit_420,10,40,99.137302
FoodMarket2_3840x2160_5994fps_10bit_420,10,41,98.712137
FoodMarket2_3840x2160_5994fps_10bit_420,10,42,98.210559
FoodMarket2_3840x2160_5994fps_10bit_420,10,43,97.593871
FoodMarket2_3840x2160_5994fps_10bit_420,10,44,97.115691
FoodMarket2_3840x2160_5994fps_10bit_420,10,45,96.337001
FoodMarket2_3840x2160_5994fps_10bit_420,10,46,95.440255
FoodMarket2_3840x2160_5994fps_10bit_420,10,47,94.555153
FoodMarket2_3840x2160_5994fps_10bit_420,10,48,93.506024
FoodMarket2_3840x2160_5994fps_10bit_420,10,49,92.438143
FoodMarket2_3840x2160_5994fps_10bit_420,10,50,91.374567
FoodMarket2_3840x2160_5994fps_10bit_420,10,51,90.294264
FoodMarket2_3840x2160_5994fps_10bit_420,10,52,89.032427
FoodMarket2_3840x2160_5994fps_10bit_420,10,53,87.811977
FoodMarket2_3840x2160_5994fps_10bit_420,10,54,86.278139
FoodMarket2_3840x2160_5994fps_10bit_420,10,55,84.623285
FoodMarket2_3840x2160_5994fps_10bit_420,10,56,82.707678
FoodMarket2_3840x2160_5994fps_10bit_420,10,58,77.852457
FoodMarket2_3840x2160_5994fps_10bit_420,10,60,71.103758
FoodMarket2_3840x2160_5994fps_10bit_420,10,63,47.94976
BoxingPractice_3840x2160_5994fps_10bit_420,10,20,99.952116
BoxingPractice_3840x2160_5994fps_10bit_420,10,24,99.871156
BoxingPractice_3840x2160_5994fps_10bit_420,10,27,99.662871
BoxingPractice_3840x2160_5994fps_10bit_420,10,28,99.570524
BoxingPractice_3840x2160_5994fps_10bit_420,10,29,99.451347
BoxingPractice_3840x2160_5994fps_10bit_420,10,30,99.299402
BoxingPractice_3840x2160_5994fps_10bit_420,10,31,99.10307
BoxingPractice_3840x2160_5994fps_10bit_420,10,32,98.859165
BoxingPractice_3840x2160_5994fps_10bit_420,10,33,98.612094
BoxingPractice_3840x2160_5994fps_10bit_420,10,34,98.349913
BoxingPractice_3840x2160_5994fps_10bit_420,10,35,98.044146
BoxingPractice_3840x2160_5994fps_10bit_420,10,36,97.716258
BoxingPractice_3840x2160_5994fps_10bit_420,10,37,97.355536
BoxingPractice_3840x2160_5994fps_10bit_420,10,38,96.986749
BoxingPractice_3840x2160_5994fps_10bit_420,10,39,96.567548
BoxingPractice_3840x2160_5994fps_10bit_420,10,40,96.15438
BoxingPractice_3840x2160_5994fps_10bit_420,10,41,95.628623
BoxingPractice_3840x2160_5994fps_10bit_420,10,42,95.120387
BoxingPractice_3840x2160_5994fps_10bit_420,10,43,94.554301
BoxingPractice_3840x2160_5994fps_10bit_420,10,44,94.29212
BoxingPractice_3840x2160_5994fps_10bit_420,10,45,93.702307
BoxingPractice_3840x2160_5994fps_10bit_420,10,46,93.100646
BoxingPractice_3840x2160_5994fps_10bit_420,10,47,92.503975
BoxingPractice_3840x2160_5994fps_10bit_420,10,48,91.754419
BoxingPractice_3840x2160_5994fps_10bit_420,10,49,91.163037
BoxingPractice_3840x2160_5994fps_10bit_420,10,50,90.399482
BoxingPractice_3840x2160_5994fps_10bit_420,10,51,89.625263
BoxingPractice_3840x2160_5994fps_10bit_420,10,52,88.776369
BoxingPractice_3840x2160_5994fps_10bit_420,10,53,87.998954
BoxingPractice_3840x2160_5994fps_10bit_420,10,54,87.023203
BoxingPractice_3840x2160_5994fps_10bit_420,10,55,85.988519
BoxingPractice_3840x2160_5994fps_10bit_420,10,56,84.729099
BoxingPractice_3840x2160_5994fps_10bit_420,10,58,81.602441
BoxingPractice_3840x2160_5994fps_10bit_420,10,60,77.342157
BoxingPractice_3840x2160_5994fps_10bit_420,10,63,59.720039
Tango_3840x2160_5994fps_10bit_420,10,20,98.038379
Tango_3840x2160_5994fps_10bit_420,10,24,97.004289
Tango_3840x2160_5994fps_10bit_420,10,27,95.754087
Tango_3840x2160_5994fps_10bit_420,10,28,95.321254
Tango_3840x2160_5994fps_10bit_420,10,29,94.878905
Tango_3840x2160_5994fps_10bit_420,10,30,94.432814
Tango_3840x2160_5994fps_10bit_420,10,31,93.794529
Tango_3840x2160_5994fps_10bit_420,10,32,93.260696
Tango_3840x2160_5994fps_10bit_420,10,33,92.728135
Tango_3840x2160_5994fps_10bit_420,10,34,92.143223
Tango_3840x2160_5994fps_10bit_420,10,35,91.515809
Tango_3840x2160_5994fps_10bit_420,10,36,90.839307
Tango_3840x2160_5994fps_10bit_420,10,37,90.122114
Tango_3840x2160_5994fps_10bit_420,10,38,89.372049
Tango_3840x2160_5994fps_10bit_420,10,39,88.510704
Tango_3840x2160_5994fps_10bit_420,10,40,87.718498
Tango_3840x2160_5994fps_10bit_420,10,41,86.804938
Tango_3840x2160_5994fps_10bit_420,10,42,85.890425
Tango_3840x2160_5994fps_10bit_420,10,43,84.854094
Tango_3840x2160_5994fps_10bit_420,10,44,84.127965
Tango_3840x2160_5994fps_10bit_420,10,45,83.098938
Tango_3840x2160_5994fps_10bit_420,10,46,82.035654
Tango_3840x2160_5994fps_10bit_420,10,47,80.905401
Tango_3840x2160_5994fps_10bit_420,10,48,79.737176
Tango_3840x2160_5994fps_10bit_420,10,49,78.580601
Tango_3840x2160_5994fps_10bit_420,10,50,77.359757
Tango_3840x2160_5994fps_10bit_420,10,51,76.077404
Tango_3840x2160_5994fps_10bit_420,10,52,74.798187
Tango_3840x2160_5994fps_10bit_420,10,53,73.478441
Tango_3840x2160_5994fps_10bit_420,10,54,72.035431
Tango_3840x2160_5994fps_10bit_420,10,55,70.44519
Tango_3840x2160_5994fps_10bit_420,10,56,68.563401
Tango_3840x2160_5994fps_10bit_420,10,58,64.047322
Tango_3840x2160_5994fps_10bit_420,10,60,58.282054
Tango_3840x2160_5994fps_10bit_420,10,63,39.284695
TimeLapse_3840x2160_5994fps_10bit_420,10,20,95.473337
TimeLapse_3840x2160_5994fps_10bit_420,10,24,94.956565
TimeLapse_3840x2160_5994fps_10bit_420,10,27,94.321573
TimeLapse_3840x2160_5994fps_10bit_420,10,28,94.099033
TimeLapse_3840x2160_5994fps_10bit_420,10,29,93.859034
TimeLapse_3840x2160_5994fps_10bit_420,10,30,93.624776
TimeLapse_3840x2160_5994fps_10bit_420,10,31,93.304442
TimeLapse_3840x2160_5994fps_10bit_420,10,32,92.965026
TimeLapse_3840x2160_5994fps_10bit_420,10,33,92.68608
TimeLapse_3840x2160_5994fps_10bit_420,10,34,92.381522
TimeLapse_3840x2160_5994fps_10bit_420,10,35,92.050803
TimeLapse_3840x2160_5994fps_10bit_420,10,36,91.680825
TimeLapse_3840x2160_5994fps_10bit_420,10,37,91.322479
TimeLapse_3840x2160_5994fps_10bit_420,10,38,90.904192
TimeLapse_3840x2160_5994fps_10bit_420,10,39,90.483118
TimeLapse_3840x2160_5994fps_10bit_420,10,40,90.134731
TimeLapse_3840x2160_5994fps_10bit_420,10,41,89.685832
TimeLapse_3840x2160_5994fps_10bit_420,10,42,89.198349
TimeLapse_3840x2160_5994fps_10bit_420,10,43,88.733526
TimeLapse_3840x2160_5994fps_10bit_420,10,44,88.332409
TimeLapse_3840x2160_5994fps_10bit_420,10,45,87.808572
TimeLapse_3840x2160_5994fps_10bit_420,10,46,87.14079
TimeLapse_3840x2160_5994fps_10bit_420,10,47,86.627404
TimeLapse_3840x2160_5994fps_10bit_420,10,48,86.112142
TimeLapse_3840x2160_5994fps_10bit_420,10,49,85.570924
TimeLapse_3840x2160_5994fps_10bit_420,10,50,84.991502
TimeLapse_3840x2160_5994fps_10bit_420,10,51,84.442444
TimeLapse_3840x2160_5994fps_10bit_420,10,52,84.025788
TimeLapse_3840x2160_5994fps_10bit_420,10,53,83.174346
TimeLapse_3840x2160_5994fps_10bit_420,10,54,82.543263
TimeLapse_3840x2160_5994fps_10bit_420,10,55,81.733653
TimeLapse_3840x2160_5994fps_10bit_420,10,56,80.749317
TimeLapse_3840x2160_5994fps_10bit_420,10,58,78.203467
TimeLapse_3840x2160_5994fps_10bit_420,10,60,74.317848
TimeLapse_3840x2160_5994fps_10bit_420,10,63,62.454109
SparksElevator_480x270p_5994_10bit,9,20,96.683219
SparksElevator_480x270p_5994_10bit,9,24,96.113136
SparksElevator_480x270p_5994_10bit,9,27,95.221862
SparksElevator_480x270p_5994_10bit,9,28,94.911941
SparksElevator_480x270p_5994_10bit,9,29,94.498207
SparksElevator_480x270p_5994_10bit,9,30,94.154193
SparksElevator_480x270p_5994_10bit,9,31,93.708271
SparksElevator_480x270p_5994_10bit,9,32,93.131971
SparksElevator_480x270p_5994_10bit,9,33,92.751317
SparksElevator_480x270p_5994_10bit,9,34,92.245662
SparksElevator_480x270p_5994_10bit,9,35,91.803566
SparksElevator_480x270p_5994_10bit,9,36,91.084492
SparksElevator_480x270p_5994_10bit,9,37,90.418387
SparksElevator_480x270p_5994_10bit,9,38,89.865838
SparksElevator_480x270p_5994_10bit,9,39,89.147746
SparksElevator_480x270p_5994_10bit,9,40,88.711092
SparksElevator_480x270p_5994_10bit,9,41,87.92843
SparksElevator_480x270p_5994_10bit,9,42,87.140063
SparksElevator_480x270p_5994_10bit,9,43,86.392981
SparksElevator_480x270p_5994_10bit,9,44,85.723913
SparksElevator_480x270p_5994_10bit,9,45,84.974375
SparksElevator_480x270p_5994_10bit,9,46,84.295768
SparksElevator_480x270p_5994_10bit,9,47,83.442096
SparksElevator_480x270p_5994_10bit,9,48,82.467316
SparksElevator_480x270p_5994_10bit,9,49,81.706163
SparksElevator_480x270p_5994_10bit,9,50,80.794401
SparksElevator_480x270p_5994_10bit,9,51,79.665268
SparksElevator_480x270p_5994_10bit,9,52,78.565644
SparksElevator_480x270p_5994_10bit,9,53,77.527126
SparksElevator_480x270p_5994_10bit,9,54,76.434385
SparksElevator_480x270p_5994_10bit,9,55,75.273765
SparksElevator_480x270p_5994_10bit,9,56,73.644602
SparksElevator_480x270p_5994_10bit,9,58,70.104015
SparksElevator_480x270p_5994_10bit,9,60,65.401395
SparksElevator_480x270p_5994_10bit,9,63,48.865186
ParkJoy_480x270_50,9,20,99.499312
ParkJoy_480x270_50,9,24,99.158181
ParkJoy_480x270_50,9,27,98.628844
ParkJoy_480x270_50,9,28,98.437207
ParkJoy_480x270_50,9,29,98.154742
ParkJoy_480x270_50,9,30,97.891639
ParkJoy_480x270_50,9,31,97.461955
ParkJoy_480x270_50,9,32,96.941452
ParkJoy_480x270_50,9,33,96.589635
ParkJoy_480x270_50,9,34,96.155963
ParkJoy_480x270_50,9,35,95.561202
ParkJoy_480x270_50,9,36,94.843609
ParkJoy_480x270_50,9,37,94.255185
ParkJoy_480x270_50,9,38,93.555079
ParkJoy_480x270_50,9,39,92.811668
ParkJoy_480x270_50,9,40,92.107422
ParkJoy_480x270_50,9,41,91.094472
ParkJoy_480x270_50,9,42,90.196766
ParkJoy_480x270_50,9,43,89.332893
ParkJoy_480x270_50,9,44,88.405291
ParkJoy_480x270_50,9,45,87.366866
ParkJoy_480x270_50,9,46,86.403111
ParkJoy_480x270_50,9,47,85.345908
ParkJoy_480x270_50,9,48,84.258771
ParkJoy_480x270_50,9,49,82.807009
ParkJoy_480x270_50,9,50,81.676574
ParkJoy_480x270_50,9,51,80.44301
ParkJoy_480x270_50,9,52,79.2406
ParkJoy_480x270_50,9,53,77.869752
ParkJoy_480x270_50,9,54,76.475094
ParkJoy_480x270_50,9,55,74.795087
ParkJoy_480x270_50,9,56,73.076005
ParkJoy_480x270_50,9,58,68.221537
ParkJoy_480x270_50,9,60,62.095669
ParkJoy_480x270_50,9,63,40.943862
BlueSky_360p25,9,20,98.613188
BlueSky_360p25,9,24,98.475676
BlueSky_360p25,9,27,98.334184
BlueSky_360p25,9,28,98.273456
BlueSky_360p25,9,29,98.178437
BlueSky_360p25,9,30,98.102588
BlueSky_360p25,9,31,98.031496
BlueSky_360p25,9,32,97.930351
BlueSky_360p25,9,33,97.845545
BlueSky_360p25,9,34,97.752393
BlueSky_360p25,9,35,97.628955
BlueSky_360p25,9,36,97.49225
BlueSky_360p25,9,37,97.33722
BlueSky_360p25,9,38,97.20299
BlueSky_360p25,9,39,97.031978
BlueSky_360p25,9,40,96.689104
BlueSky_360p25,9,41,96.34035
BlueSky_360p25,9,42,95.863437
BlueSky_360p25,9,43,95.413586
BlueSky_360p25,9,44,95.091249
BlueSky_360p25,9,45,94.692604
BlueSky_360p25,9,46,94.380071
BlueSky_360p25,9,47,93.808907
BlueSky_360p25,9,48,93.542542
BlueSky_360p25,9,49,92.976314
BlueSky_360p25,9,50,92.456675
BlueSky_360p25,9,51,91.92144
BlueSky_360p25,9,52,91.36738
BlueSky_360p25,9,53,90.973194
BlueSky_360p25,9,54,90.208718
BlueSky_360p25,9,55,89.699884
BlueSky_360p25,9,56,88.791295
BlueSky_360p25,9,58,86.778682
BlueSky_360p25,9,60,83.658387
BlueSky_360p25,9,63,68.113788
SnowMountain_640x360_2997,9,20,95.951076
SnowMountain_640x360_2997,9,24,95.654205
SnowMountain_640x360_2997,9,27,95.330619
SnowMountain_640x360_2997,9,28,95.1898
SnowMountain_640x360_2997,9,29,95.133878
SnowMountain_640x360_2997,9,30,94.982856
SnowMountain_640x360_2997,9,31,94.893975
SnowMountain_640x360_2997,9,32,94.724213
SnowMountain_640x360_2997,9,33,94.587744
SnowMountain_640x360_2997,9,34,94.569685
SnowMountain_640x360_2997,9,35,94.337119
SnowMountain_640x360_2997,9,36,94.166614
SnowMountain_640x360_2997,9,37,94.036522
SnowMountain_640x360_2997,9,38,93.935728
SnowMountain_640x360_2997,9,39,93.821613
SnowMountain_640x360_2997,9,40,93.658521
SnowMountain_640x360_2997,9,41,93.591929
SnowMountain_640x360_2997,9,42,93.404825
SnowMountain_640x360_2997,9,43,93.34679
SnowMountain_640x360_2997,9,44,92.964592
SnowMountain_640x360_2997,9,45,92.968659
SnowMountain_640x360_2997,9,46,92.737207
SnowMountain_640x360_2997,9,47,92.567632
SnowMountain_640x360_2997,9,48,92.316674
SnowMountain_640x360_2997,9,49,92.085908
SnowMountain_640x360_2997,9,50,91.779076
SnowMountain_640x360_2997,9,51,91.45753
SnowMountain_640x360_2997,9,52,91.26377
SnowMountain_640x360_2997,9,53,90.94868
SnowMountain_640x360_2997,9,54,90.62966
SnowMountain_640x360_2997,9,55,90.304631
SnowMountain_640x360_2997,9,56,89.572099
SnowMountain_640x360_2997,9,58,88.621209
SnowMountain_640x360_2997,9,60,86.816039
SnowMountain_640x360_2997,9,63,78.016282
RedKayak_360_2997,9,20,99.965182
RedKayak_360_2997,9,24,99.962645
RedKayak_360_2997,9,27,99.837408
RedKayak_360_2997,9,28,99.714513
RedKayak_360_2997,9,29,99.592149
RedKayak_360_2997,9,30,99.38648
RedKayak_360_2997,9,31,98.987606
RedKayak_360_2997,9,32,98.231169
RedKayak_360_2997,9,33,97.564738
RedKayak_360_2997,9,34,96.598818
RedKayak_360_2997,9,35,95.551077
RedKayak_360_2997,9,36,94.114788
RedKayak_360_2997,9,37,92.602786
RedKayak_360_2997,9,38,90.930748
RedKayak_360_2997,9,39,89.383424
RedKayak_360_2997,9,40,87.709359
RedKayak_360_2997,9,41,85.497945
RedKayak_360_2997,9,42,83.600379
RedKayak_360_2997,9,43,81.510917
RedKayak_360_2997,9,44,79.40749
RedKayak_360_2997,9,45,77.084708
RedKayak_360_2997,9,46,74.789218
RedKayak_360_2997,9,47,72.220509
RedKayak_360_2997,9,48,69.477535
RedKayak_360_2997,9,49,66.776115
RedKayak_360_2997,9,50,64.47716
RedKayak_360_2997,9,51,61.53988
RedKayak_360_2997,9,52,58.617041
RedKayak_360_2997,9,53,55.734781
RedKayak_360_2997,9,54,52.820779
RedKayak_360_2997,9,55,49.598354
RedKayak_360_2997,9,56,44.854311
RedKayak_360_2997,9,58,37.538815
RedKayak_360_2997,9,60,28.235938
RedKayak_360_2997,9,63,11.083105
TouchdownPass_640x360_2997,9,20,97.291622
TouchdownPass_640x360_2997,9,24,96.876888
TouchdownPass_640x360_2997,9,27,96.349152
TouchdownPass_640x360_2997,9,28,96.150504
TouchdownPass_640x360_2997,9,29,95.879117
TouchdownPass_640x360_2997,9,30,95.658618
TouchdownPass_640x360_2997,9,31,95.351111
TouchdownPass_640x360_2997,9,32,94.997138
TouchdownPass_640x360_2997,9,33,94.768014
TouchdownPass_640x360_2997,9,34,94.382829
TouchdownPass_640x360_2997,9,35,94.009525
TouchdownPass_640x360_2997,9,36,93.673441
TouchdownPass_640x360_2997,9,37,93.275101
TouchdownPass_640x360_2997,9,38,92.784945
TouchdownPass_640x360_2997,9,39,92.275472
TouchdownPass_640x360_2997,9,40,91.97759
TouchdownPass_640x360_2997,9,41,91.497745
TouchdownPass_640x360_2997,9,42,90.940707
TouchdownPass_640x360_2997,9,43,90.276596
TouchdownPass_640x360_2997,9,44,89.819899
TouchdownPass_640x360_2997,9,45,89.139579
TouchdownPass_640x360_2997,9,46,88.565873
TouchdownPass_640x360_2997,9,47,87.86288
TouchdownPass_640x360_2997,9,48,87.235436
TouchdownPass_640x360_2997,9,49,86.556274
TouchdownPass_640x360_2997,9,50,85.759417
TouchdownPass_640x360_2997,9,51,84.928078
TouchdownPass_640x360_2997,9,52,83.954242
TouchdownPass_640x360_2997,9,53,83.112811
TouchdownPass_640x360_2997,9,54,81.857404
TouchdownPass_640x360_2997,9,55,80.512766
TouchdownPass_640x360_2997,9,56,79.06442
TouchdownPass_640x360_2997,9,58,75.791497
TouchdownPass_640x360_2997,9,60,70.897803
TouchdownPass_640x360_2997,9,63,52.799637
Stockholm_640x360_5994,9,20,99.865585
Stockholm_640x360_5994,9,24,99.784713
Stockholm_640x360_5994,9,27,99.606914
Stockholm_640x360_5994,9,28,99.554192
Stockholm_640x360_5994,9,29,99.420458
Stockholm_640x360_5994,9,30,99.374642
Stockholm_640x360_5994,9,31,99.217301
Stockholm_640x360_5994,9,32,99.050236
Stockholm_640x360_5994,9,33,98.922696
Stockholm_640x360_5994,9,34,98.860832
Stockholm_640x360_5994,9,35,98.62435
Stockholm_640x360_5994,9,36,98.430128
Stockholm_640x360_5994,9,37,98.30691
Stockholm_640x360_5994,9,38,98.081715
Stockholm_640x360_5994,9,39,97.893577
Stockholm_640x360_5994,9,40,97.729306
Stockholm_640x360_5994,9,41,97.502231
Stockholm_640x360_5994,9,42,97.320342
Stockholm_640x360_5994,9,43,97.078248
Stockholm_640x360_5994,9,44,97.090228
Stockholm_640x360_5994,9,45,96.723803
Stockholm_640x360_5994,9,46,96.442567
Stockholm_640x360_5994,9,47,96.210295
Stockholm_640x360_5994,9,48,95.975523
Stockholm_640x360_5994,9,49,95.566363
Stockholm_640x360_5994,9,50,95.426692
Stockholm_640x360_5994,9,51,95.102238
Stockholm_640x360_5994,9,52,94.780747
Stockholm_640x360_5994,9,53,94.413876
Stockholm_640x360_5994,9,54,93.663452
Stockholm_640x360_5994,9,55,92.972399
Stockholm_640x360_5994,9,56,92.070335
Stockholm_640x360_5994,9,58,90.008699
Stockholm_640x360_5994,9,60,87.009966
Stockholm_640x360_5994,9,63,73.265993
SpeedBag_640x360_2997,9,20,97.646272
SpeedBag_640x360_2997,9,24,97.364776
SpeedBag_640x360_2997,9,27,96.919939
SpeedBag_640x360_2997,9,28,96.809071
SpeedBag_640x360_2997,9,29,96.61001
SpeedBag_640x360_2997,9,30,96.47719
SpeedBag_640x360_2997,9,31,96.262697
SpeedBag_640x360_2997,9,32,96.016606
SpeedBag_640x360_2997,9,33,95.67907
SpeedBag_640x360_2997,9,34,95.51495
SpeedBag_640x360_2997,9,35,95.220528
SpeedBag_640x360_2997,9,36,94.818828
SpeedBag_640x360_2997,9,37,94.634631
SpeedBag_640x360_2997,9,38,94.229991
SpeedBag_640x360_2997,9,39,93.818728
SpeedBag_640x360_2997,9,40,93.651631
SpeedBag_640x360_2997,9,41,93.054416
SpeedBag_640x360_2997,9,42,92.557799
SpeedBag_640x360_2997,9,43,92.17379
SpeedBag_640x360_2997,9,44,91.613082
SpeedBag_640x360_2997,9,45,91.310759
SpeedBag_640x360_2997,9,46,90.606568
SpeedBag_640x360_2997,9,47,89.885074
SpeedBag_640x360_2997,9,48,89.172293
SpeedBag_640x360_2997,9,49,88.738381
SpeedBag_640x360_2997,9,50,87.791274
SpeedBag_640x360_2997,9,51,86.909382
SpeedBag_640x360_2997,9,52,86.185814
SpeedBag_640x360_2997,9,53,85.315797
SpeedBag_640x360_2997,9,54,84.186255
SpeedBag_640x360_2997,9,55,83.293094
SpeedBag_640x360_2997,9,56,81.670745
SpeedBag_640x360_2997,9,58,78.892876
SpeedBag_640x360_2997,9,60,73.807495
SpeedBag_640x360_2997,9,63,57.89308
KristenAndSara_1280x720_60,9,20,96.528741
KristenAndSara_1280x720_60,9,24,96.275652
KristenAndSara_1280x720_60,9,27,95.973849
KristenAndSara_1280x720_60,9,28,95.869899
KristenAndSara_1280x720_60,9,29,95.772939
KristenAndSara_1280x720_60,9,30,95.670242
KristenAndSara_1280x720_60,9,31,95.490893
KristenAndSara_1280x720_60,9,32,95.330579
KristenAndSara_1280x720_60,9,33,95.139128
KristenAndSara_1280x720_60,9,34,94.990112
KristenAndSara_1280x720_60,9,35,94.857378
KristenAndSara_1280x720_60,9,36,94.613533
KristenAndSara_1280x720_60,9,37,94.437654
KristenAndSara_1280x720_60,9,38,94.262796
KristenAndSara_1280x720_60,9,39,94.04195
KristenAndSara_1280x720_60,9,40,93.850238
KristenAndSara_1280x720_60,9,41,93.57431
KristenAndSara_1280x720_60,9,42,93.388652
KristenAndSara_1280x720_60,9,43,93.02389
KristenAndSara_1280x720_60,9,44,92.864851
KristenAndSara_1280x720_60,9,45,92.622253
KristenAndSara_1280x720_60,9,46,92.215571
KristenAndSara_1280x720_60,9,47,92.043449
KristenAndSara_1280x720_60,9,48,91.709845
KristenAndSara_1280x720_60,9,49,91.385072
KristenAndSara_1280x720_60,9,50,91.014027
KristenAndSara_1280x720_60,9,51,90.599363
KristenAndSara_1280x720_60,9,52,90.223902
KristenAndSara_1280x720_60,9,53,89.787987
KristenAndSara_1280x720_60,9,54,89.286983
KristenAndSara_1280x720_60,9,55,88.619872
KristenAndSara_1280x720_60,9,56,88.063935
KristenAndSara_1280x720_60,9,58,86.360398
KristenAndSara_1280x720_60,9,60,83.920097
KristenAndSara_1280x720_60,9,63,74.032049
RollerCoaster_1280x720p_5994_10bit_420,9,20,99.901244
RollerCoaster_1280x720p_5994_10bit_420,9,24,99.740045
RollerCoaster_1280x720p_5994_10bit_420,9,27,99.270196
RollerCoaster_1280x720p_5994_10bit_420,9,28,99.025438
RollerCoaster_1280x720p_5994_10bit_420,9,29,98.771718
RollerCoaster_1280x720p_5994_10bit_420,9,30,98.512548
RollerCoaster_1280x720p_5994_10bit_420,9,31,98.040475
RollerCoaster_1280x720p_5994_10bit_420,9,32,97.570531
RollerCoaster_1280x720p_5994_10bit_420,9,33,97.117381
RollerCoaster_1280x720p_5994_10bit_420,9,34,96.58859
RollerCoaster_1280x720p_5994_10bit_420,9,35,95.984138
RollerCoaster_1280x720p_5994_10bit_420,9,36,95.379513
RollerCoaster_1280x720p_5994_10bit_420,9,37,94.718565
RollerCoaster_1280x720p_5994_10bit_420,9,38,94.028243
RollerCoaster_1280x720p_5994_10bit_420,9,39,93.273433
RollerCoaster_1280x720p_5994_10bit_420,9,40,92.439749
RollerCoaster_1280x720p_5994_10bit_420,9,41,91.57067
RollerCoaster_1280x720p_5994_10bit_420,9,42,90.650966
RollerCoaster_1280x720p_5994_10bit_420,9,43,89.49899
RollerCoaster_1280x720p_5994_10bit_420,9,44,88.980364
RollerCoaster_1280x720p_5994_10bit_420,9,45,88.087282
RollerCoaster_1280x720p_5994_10bit_420,9,46,87.05976
RollerCoaster_1280x720p_5994_10bit_420,9,47,85.978048
RollerCoaster_1280x720p_5994_10bit_420,9,48,84.771828
RollerCoaster_1280x720p_5994_10bit_420,9,49,83.855772
RollerCoaster_1280x720p_5994_10bit_420,9,50,82.61061
RollerCoaster_1280x720p_5994_10bit_420,9,51,81.396399
RollerCoaster_1280x720p_5994_10bit_420,9,52,80.062122
RollerCoaster_1280x720p_5994_10bit_420,9,53,78.66726
RollerCoaster_1280x720p_5994_10bit_420,9,54,77.051549
RollerCoaster_1280x720p_5994_10bit_420,9,55,75.558194
RollerCoaster_1280x720p_5994_10bit_420,9,56,73.530209
RollerCoaster_1280x720p_5994_10bit_420,9,58,68.474083
RollerCoaster_1280x720p_5994_10bit_420,9,60,61.655886
RollerCoaster_1280x720p_5994_10bit_420,9,63,39.335867
WestWindEasy_1280x720p30_420,9,20,99.968418
WestWindEasy_1280x720p30_420,9,24,99.965337
WestWindEasy_1280x720p30_420,9,27,99.961657
WestWindEasy_1280x720p30_420,9,28,99.959983
WestWindEasy_1280x720p30_420,9,29,99.959325
WestWindEasy_1280x720p30_420,9,30,99.958105
WestWindEasy_1280x720p30_420,9,31,99.956671
WestWindEasy_1280x720p30_420,9,32,99.954907
WestWindEasy_1280x720p30_420,9,33,99.953884
WestWindEasy_1280x720p30_420,9,34,99.952626
WestWindEasy_1280x720p30_420,9,35,99.950549
WestWindEasy_1280x720p30_420,9,36,99.947305
WestWindEasy_1280x720p30_420,9,37,99.926393
WestWindEasy_1280x720p30_420,9,38,99.875685
WestWindEasy_1280x720p30_420,9,39,99.779514
WestWindEasy_1280x720p30_420,9,40,99.567346
WestWindEasy_1280x720p30_420,9,41,99.194022
WestWindEasy_1280x720p30_420,9,42,98.726154
WestWindEasy_1280x720p30_420,9,43,98.037714
WestWindEasy_1280x720p30_420,9,44,97.393937
WestWindEasy_1280x720p30_420,9,45,96.459516
WestWindEasy_1280x720p30_420,9,46,95.469212
WestWindEasy_1280x720p30_420,9,47,94.417982
WestWindEasy_1280x720p30_420,9,48,93.252674
WestWindEasy_1280x720p30_420,9,49,92.101335
WestWindEasy_1280x720p30_420,9,50,90.816453
WestWindEasy_1280x720p30_420,9,51,89.504185
WestWindEasy_1280x720p30_420,9,52,88.060061
WestWindEasy_1280x720p30_420,9,53,86.585461
WestWindEasy_1280x720p30_420,9,54,85.118575
WestWindEasy_1280x720p30_420,9,55,83.480126
WestWindEasy_1280x720p30_420,9,56,81.579708
WestWindEasy_1280x720p30_420,9,58,77.898944
WestWindEasy_1280x720p30_420,9,60,73.77305
WestWindEasy_1280x720p30_420,9,63,62.602551
Vidyo4_1280x720p_60fps,9,20,96.31557
Vidyo4_1280x720p_60fps,9,24,95.960595
Vidyo4_1280x720p_60fps,9,27,95.546672
Vidyo4_1280x720p_60fps,9,28,95.411487
Vidyo4_1280x720p_60fps,9,29,95.225206
Vidyo4_1280x720p_60fps,9,30,95.084884
Vidyo4_1280x720p_60fps,9,31,94.85267
Vidyo4_1280x720p_60fps,9,32,94.671164
Vidyo4_1280x720p_60fps,9,33,94.436802
Vidyo4_1280x720p_60fps,9,34,94.253651
Vidyo4_1280x720p_60fps,9,35,94.092579
Vidyo4_1280x720p_60fps,9,36,93.874086
Vidyo4_1280x720p_60fps,9,37,93.620533
Vidyo4_1280x720p_60fps,9,38,93.341468
Vidyo4_1280x720p_60fps,9,39,93.067353
Vidyo4_1280x720p_60fps,9,40,92.770341
Vidyo4_1280x720p_60fps,9,41,92.442454
Vidyo4_1280x720p_60fps,9,42,92.177097
Vidyo4_1280x720p_60fps,9,43,91.807004
Vidyo4_1280x720p_60fps,9,44,91.554912
Vidyo4_1280x720p_60fps,9,45,91.233412
Vidyo4_1280x720p_60fps,9,46,90.843217
Vidyo4_1280x720p_60fps,9,47,90.369351
Vidyo4_1280x720p_60fps,9,48,90.122027
Vidyo4_1280x720p_60fps,9,49,89.62382
Vidyo4_1280x720p_60fps,9,50,89.266816
Vidyo4_1280x720p_60fps,9,51,88.841532
Vidyo4_1280x720p_60fps,9,52,88.168803
Vidyo4_1280x720p_60fps,9,53,87.74445
Vidyo4_1280x720p_60fps,9,54,87.231099
Vidyo4_1280x720p_60fps,9,55,86.54222
Vidyo4_1280x720p_60fps,9,56,85.667244
Vidyo4_1280x720p_60fps,9,58,83.794956
Vidyo4_1280x720p_60fps,9,60,80.955587
Vidyo4_1280x720p_60fps,9,63,69.160224
Vidyo3_1280x720p_60fps,9,20,95.356222
Vidyo3_1280x720p_60fps,9,24,94.862988
Vidyo3_1280x720p_60fps,9,27,94.241816
Vidyo3_1280x720p_60fps,9,28,94.084431
Vidyo3_1280x720p_60fps,9,29,93.859738
Vidyo3_1280x720p_60fps,9,30,93.626972
Vidyo3_1280x720p_60fps,9,31,93.366012
Vidyo3_1280x720p_60fps,9,32,93.052528
Vidyo3_1280x720p_60fps,9,33,92.7799
Vidyo3_1280x720p_60fps,9,34,92.562351
Vidyo3_1280x720p_60fps,9,35,92.178295
Vidyo3_1280x720p_60fps,9,36,91.876254
Vidyo3_1280x720p_60fps,9,37,91.52315
Vidyo3_1280x720p_60fps,9,38,91.150574
Vidyo3_1280x720p_60fps,9,39,90.816981
Vidyo3_1280x720p_60fps,9,40,90.481465
Vidyo3_1280x720p_60fps,9,41,90.008027
Vidyo3_1280x720p_60fps,9,42,89.571711
Vidyo3_1280x720p_60fps,9,43,89.116728
Vidyo3_1280x720p_60fps,9,44,88.922148
Vidyo3_1280x720p_60fps,9,45,88.444348
Vidyo3_1280x720p_60fps,9,46,87.9039
Vidyo3_1280x720p_60fps,9,47,87.398645
Vidyo3_1280x720p_60fps,9,48,86.809463
Vidyo3_1280x720p_60fps,9,49,86.28476
Vidyo3_1280x720p_60fps,9,50,85.78184
Vidyo3_1280x720p_60fps,9,51,85.189307
Vidyo3_1280x720p_60fps,9,52,84.409075
Vidyo3_1280x720p_60fps,9,53,83.637204
Vidyo3_1280x720p_60fps,9,54,83.181309
Vidyo3_1280x720p_60fps,9,55,82.01823
Vidyo3_1280x720p_60fps,9,56,81.20311
Vidyo3_1280x720p_60fps,9,58,78.819513
Vidyo3_1280x720p_60fps,9,60,74.851849
Vidyo3_1280x720p_60fps,9,63,61.006592
ControlledBurn_1280x720p30_420,9,20,97.217224
ControlledBurn_1280x720p30_420,9,24,96.342016
ControlledBurn_1280x720p30_420,9,27,95.177148
ControlledBurn_1280x720p30_420,9,28,94.763491
ControlledBurn_1280x720p30_420,9,29,94.31966
ControlledBurn_1280x720p30_420,9,30,93.89054
ControlledBurn_1280x720p30_420,9,31,93.227336
ControlledBurn_1280x720p30_420,9,32,92.512148
ControlledBurn_1280x720p30_420,9,33,91.926252
ControlledBurn_1280x720p30_420,9,34,91.344103
ControlledBurn_1280x720p30_420,9,35,90.568047
ControlledBurn_1280x720p30_420,9,36,89.821125
ControlledBurn_1280x720p30_420,9,37,89.009746
ControlledBurn_1280x720p30_420,9,38,88.145086
ControlledBurn_1280x720p30_420,9,39,87.306053
ControlledBurn_1280x720p30_420,9,40,86.461406
ControlledBurn_1280x720p30_420,9,41,85.43071
ControlledBurn_1280x720p30_420,9,42,84.496009
ControlledBurn_1280x720p30_420,9,43,83.405313
ControlledBurn_1280x720p30_420,9,44,82.350107
ControlledBurn_1280x720p30_420,9,45,81.141506
ControlledBurn_1280x720p30_420,9,46,80.089894
ControlledBurn_1280x720p30_420,9,47,78.779324
ControlledBurn_1280x720p30_420,9,48,77.562041
ControlledBurn_1280x720p30_420,9,49,76.357678
ControlledBurn_1280x720p30_420,9,50,75.175048
ControlledBurn_1280x720p30_420,9,51,73.982139
ControlledBurn_1280x720p30_420,9,52,72.645166
ControlledBurn_1280x720p30_420,9,53,71.283817
ControlledBurn_1280x720p30_420,9,54,69.909437
ControlledBurn_1280x720p30_420,9,55,68.399037
ControlledBurn_1280x720p30_420,9,56,66.402604
ControlledBurn_1280x720p30_420,9,58,62.544619
ControlledBurn_1280x720p30_420,9,60,58.259809
ControlledBurn_1280x720p30_420,9,63,44.807763
DrivingPOV_1280x720p_5994_10bit_420,9,20,98.296004
DrivingPOV_1280x720p_5994_10bit_420,9,24,97.758899
DrivingPOV_1280x720p_5994_10bit_420,9,27,97.18617
DrivingPOV_1280x720p_5994_10bit_420,9,28,96.971735
DrivingPOV_1280x720p_5994_10bit_420,9,29,96.749083
DrivingPOV_1280x720p_5994_10bit_420,9,30,96.525813
DrivingPOV_1280x720p_5994_10bit_420,9,31,96.17076
DrivingPOV_1280x720p_5994_10bit_420,9,32,95.842712
DrivingPOV_1280x720p_5994_10bit_420,9,33,95.554346
DrivingPOV_1280x720p_5994_10bit_420,9,34,95.253027
DrivingPOV_1280x720p_5994_10bit_420,9,35,94.95527
DrivingPOV_1280x720p_5994_10bit_420,9,36,94.604349
DrivingPOV_1280x720p_5994_10bit_420,9,37,94.233224
DrivingPOV_1280x720p_5994_10bit_420,9,38,93.787594
DrivingPOV_1280x720p_5994_10bit_420,9,39,93.367084
DrivingPOV_1280x720p_5994_10bit_420,9,40,92.930714
DrivingPOV_1280x720p_5994_10bit_420,9,41,92.306941
DrivingPOV_1280x720p_5994_10bit_420,9,42,91.732389
DrivingPOV_1280x720p_5994_10bit_420,9,43,91.191089
DrivingPOV_1280x720p_5994_10bit_420,9,44,90.880387
DrivingPOV_1280x720p_5994_10bit_420,9,45,90.249222
DrivingPOV_1280x720p_5994_10bit_420,9,46,89.637557
DrivingPOV_1280x720p_5994_10bit_420,9,47,89.031705
DrivingPOV_1280x720p_5994_10bit_420,9,48,88.27372
DrivingPOV_1280x720p_5994_10bit_420,9,49,87.647187
DrivingPOV_1280x720p_5994_10bit_420,9,50,86.952504
DrivingPOV_1280x720p_5994_10bit_420,9,51,86.127467
DrivingPOV_1280x720p_5994_10bit_420,9,52,85.36432
DrivingPOV_1280x720p_5994_10bit_420,9,53,84.420235
DrivingPOV_1280x720p_5994_10bit_420,9,54,83.440339
DrivingPOV_1280x720p_5994_10bit_420,9,55,82.289857
DrivingPOV_1280x720p_5994_10bit_420,9,56,81.143552
DrivingPOV_1280x720p_5994_10bit_420,9,58,77.654741
DrivingPOV_1280x720p_5994_10bit_420,9,60,73.196176
DrivingPOV_1280x720p_5994_10bit_420,9,63,54.665164
Johnny_1280x720_60,9,20,96.098232
Johnny_1280x720_60,9,24,95.774242
Johnny_1280x720_60,9,27,95.457776
Johnny_1280x720_60,9,28,95.405545
Johnny_1280x720_60,9,29,95.256112
Johnny_1280x720_60,9,30,95.141133
Johnny_1280x720_60,9,31,94.996516
Johnny_1280x720_60,9,32,94.821707
Johnny_1280x720_60,9,33,94.650536
Johnny_1280x720_60,9,34,94.519304
Johnny_1280x720_60,9,35,94.277655
Johnny_1280x720_60,9,36,94.122167
Johnny_1280x720_60,9,37,93.880187
Johnny_1280x720_60,9,38,93.568057
Johnny_1280x720_60,9,39,93.507009
Johnny_1280x720_60,9,40,93.31749
Johnny_1280x720_60,9,41,93.019009
Johnny_1280x720_60,9,42,92.647765
Johnny_1280x720_60,9,43,92.363634
Johnny_1280x720_60,9,44,92.173635
Johnny_1280x720_60,9,45,91.94756
Johnny_1280x720_60,9,46,91.625609
Johnny_1280x720_60,9,47,91.248202
Johnny_1280x720_60,9,48,91.006482
Johnny_1280x720_60,9,49,90.478155
Johnny_1280x720_60,9,50,90.263676
Johnny_1280x720_60,9,51,89.780941
Johnny_1280x720_60,9,52,89.485113
Johnny_1280x720_60,9,53,89.035984
Johnny_1280x720_60,9,54,88.740448
Johnny_1280x720_60,9,55,88.085252
Johnny_1280x720_60,9,56,87.534048
Johnny_1280x720_60,9,58,85.925158
Johnny_1280x720_60,9,60,83.665342
Johnny_1280x720_60,9,63,74.857881
RushFieldCuts_1920x1080_2997,9,20,99.039865
RushFieldCuts_1920x1080_2997,9,24,97.908821
RushFieldCuts_1920x1080_2997,9,27,96.467515
RushFieldCuts_1920x1080_2997,9,28,95.986915
RushFieldCuts_1920x1080_2997,9,29,95.405308
RushFieldCuts_1920x1080_2997,9,30,94.906007
RushFieldCuts_1920x1080_2997,9,31,94.205867
RushFieldCuts_1920x1080_2997,9,32,93.601701
RushFieldCuts_1920x1080_2997,9,33,92.976794
RushFieldCuts_1920x1080_2997,9,34,92.355897
RushFieldCuts_1920x1080_2997,9,35,91.664969
RushFieldCuts_1920x1080_2997,9,36,90.883328
RushFieldCuts_1920x1080_2997,9,37,90.049971
RushFieldCuts_1920x1080_2997,9,38,89.1953
RushFieldCuts_1920x1080_2997,9,39,88.297335
RushFieldCuts_1920x1080_2997,9,40,87.204947
RushFieldCuts_1920x1080_2997,9,41,86.044339
RushFieldCuts_1920x1080_2997,9,42,85.045815
RushFieldCuts_1920x1080_2997,9,43,83.871353
RushFieldCuts_1920x1080_2997,9,44,82.262218
RushFieldCuts_1920x1080_2997,9,45,80.792853
RushFieldCuts_1920x1080_2997,9,46,80.147019
RushFieldCuts_1920x1080_2997,9,47,78.743819
RushFieldCuts_1920x1080_2997,9,48,77.304053
RushFieldCuts_1920x1080_2997,9,49,75.192605
RushFieldCuts_1920x1080_2997,9,50,73.648691
RushFieldCuts_1920x1080_2997,9,51,72.15383
RushFieldCuts_1920x1080_2997,9,52,70.618158
RushFieldCuts_1920x1080_2997,9,53,68.579374
RushFieldCuts_1920x1080_2997,9,54,66.975809
RushFieldCuts_1920x1080_2997,9,55,65.177342
RushFieldCuts_1920x1080_2997,9,56,63.261392
RushFieldCuts_1920x1080_2997,9,58,58.18739
RushFieldCuts_1920x1080_2997,9,60,52.371253
RushFieldCuts_1920x1080_2997,9,63,35.082058
Riverbed_1920x1080p25,9,20,99.963319
Riverbed_1920x1080p25,9,24,99.957906
Riverbed_1920x1080p25,9,27,99.947799
Riverbed_1920x1080p25,9,28,99.944292
Riverbed_1920x1080p25,9,29,99.940455
Riverbed_1920x1080p25,9,30,99.936632
Riverbed_1920x1080p25,9,31,99.931606
Riverbed_1920x1080p25,9,32,99.842747
Riverbed_1920x1080p25,9,33,99.701105
Riverbed_1920x1080p25,9,34,99.354316
Riverbed_1920x1080p25,9,35,98.695692
Riverbed_1920x1080p25,9,36,97.757542
Riverbed_1920x1080p25,9,37,96.644015
Riverbed_1920x1080p25,9,38,95.308938
Riverbed_1920x1080p25,9,39,93.657028
Riverbed_1920x1080p25,9,40,91.921437
Riverbed_1920x1080p25,9,41,90.20276
Riverbed_1920x1080p25,9,42,88.524381
Riverbed_1920x1080p25,9,43,86.579227
Riverbed_1920x1080p25,9,44,84.573687
Riverbed_1920x1080p25,9,45,82.40096
Riverbed_1920x1080p25,9,46,80.161177
Riverbed_1920x1080p25,9,47,77.825526
Riverbed_1920x1080p25,9,48,75.249745
Riverbed_1920x1080p25,9,49,72.507303
Riverbed_1920x1080p25,9,50,69.673119
Riverbed_1920x1080p25,9,51,66.625418
Riverbed_1920x1080p25,9,52,63.925175
Riverbed_1920x1080p25,9,53,61.058019
Riverbed_1920x1080p25,9,54,58.359164
Riverbed_1920x1080p25,9,55,55.567114
Riverbed_1920x1080p25,9,56,51.959806
Riverbed_1920x1080p25,9,58,45.46247
Riverbed_1920x1080p25,9,60,38.212816
Riverbed_1920x1080p25,9,63,18.9659
Slides1_1920x1080_30fps_8bit_420,9,20,96.926153
Slides1_1920x1080_30fps_8bit_420,9,24,96.677166
Slides1_1920x1080_30fps_8bit_420,9,27,96.435579
Slides1_1920x1080_30fps_8bit_420,9,28,96.302582
Slides1_1920x1080_30fps_8bit_420,9,29,96.224773
Slides1_1920x1080_30fps_8bit_420,9,30,96.134916
Slides1_1920x1080_30fps_8bit_420,9,31,96.037851
Slides1_1920x1080_30fps_8bit_420,9,32,95.857367
Slides1_1920x1080_30fps_8bit_420,9,33,95.71615
Slides1_1920x1080_30fps_8bit_420,9,34,95.570459
Slides1_1920x1080_30fps_8bit_420,9,35,95.47888
Slides1_1920x1080_30fps_8bit_420,9,36,95.23948
Slides1_1920x1080_30fps_8bit_420,9,37,95.167909
Slides1_1920x1080_30fps_8bit_420,9,38,94.928667
Slides1_1920x1080_30fps_8bit_420,9,39,94.758203
Slides1_1920x1080_30fps_8bit_420,9,40,94.579568
Slides1_1920x1080_30fps_8bit_420,9,41,94.407743
Slides1_1920x1080_30fps_8bit_420,9,42,94.187644
Slides1_1920x1080_30fps_8bit_420,9,43,93.967861
Slides1_1920x1080_30fps_8bit_420,9,44,93.842665
Slides1_1920x1080_30fps_8bit_420,9,45,93.520687
Slides1_1920x1080_30fps_8bit_420,9,46,93.226934
Slides1_1920x1080_30fps_8bit_420,9,47,93.035131
Slides1_1920x1080_30fps_8bit_420,9,48,92.616146
Slides1_1920x1080_30fps_8bit_420,9,49,92.581455
Slides1_1920x1080_30fps_8bit_420,9,50,92.257959
Slides1_1920x1080_30fps_8bit_420,9,51,91.966401
Slides1_1920x1080_30fps_8bit_420,9,52,91.545489
Slides1_1920x1080_30fps_8bit_420,9,53,91.088474
Slides1_1920x1080_30fps_8bit_420,9,54,90.613296
Slides1_1920x1080_30fps_8bit_420,9,55,90.174504
Slides1_1920x1080_30fps_8bit_420,9,56,89.284553
Slides1_1920x1080_30fps_8bit_420,9,58,87.613709
Slides1_1920x1080_30fps_8bit_420,9,60,85.54399
Slides1_1920x1080_30fps_8bit_420,9,63,73.40804
MissionControlClip3_1920x1080_60_420,9,20,97.453261
MissionControlClip3_1920x1080_60_420,9,24,97.377967
MissionControlClip3_1920x1080_60_420,9,27,97.234836
MissionControlClip3_1920x1080_60_420,9,28,97.194161
MissionControlClip3_1920x1080_60_420,9,29,97.143213
MissionControlClip3_1920x1080_60_420,9,30,97.084283
MissionControlClip3_1920x1080_60_420,9,31,97.019865
MissionControlClip3_1920x1080_60_420,9,32,96.951607
MissionControlClip3_1920x1080_60_420,9,33,96.87973
MissionControlClip3_1920x1080_60_420,9,34,96.813035
MissionControlClip3_1920x1080_60_420,9,35,96.696669
MissionControlClip3_1920x1080_60_420,9,36,96.601121
MissionControlClip3_1920x1080_60_420,9,37,96.483041
MissionControlClip3_1920x1080_60_420,9,38,96.409416
MissionControlClip3_1920x1080_60_420,9,39,96.278759
MissionControlClip3_1920x1080_60_420,9,40,96.283644
MissionControlClip3_1920x1080_60_420,9,41,96.149387
MissionControlClip3_1920x1080_60_420,9,42,96.019849
MissionControlClip3_1920x1080_60_420,9,43,95.854395
MissionControlClip3_1920x1080_60_420,9,44,95.72089
MissionControlClip3_1920x1080_60_420,9,45,95.550207
MissionControlClip3_1920x1080_60_420,9,46,95.443959
MissionControlClip3_1920x1080_60_420,9,47,95.304483
MissionControlClip3_1920x1080_60_420,9,48,95.137435
MissionControlClip3_1920x1080_60_420,9,49,94.972804
MissionControlClip3_1920x1080_60_420,9,50,94.797875
MissionControlClip3_1920x1080_60_420,9,51,94.555915
MissionControlClip3_1920x1080_60_420,9,52,94.37346
MissionControlClip3_1920x1080_60_420,9,53,94.109277
MissionControlClip3_1920x1080_60_420,9,54,93.843854
MissionControlClip3_1920x1080_60_420,9,55,93.53901
MissionControlClip3_1920x1080_60_420,9,56,93.172434
MissionControlClip3_1920x1080_60_420,9,58,92.269669
MissionControlClip3_1920x1080_60_420,9,60,90.999381
MissionControlClip3_1920x1080_60_420,9,63,84.436779
EuroTruckSimulator2_1920x1080p60,9,20,99.966914
EuroTruckSimulator2_1920x1080p60,9,24,99.963406
EuroTruckSimulator2_1920x1080p60,9,27,99.957443
EuroTruckSimulator2_1920x1080p60,9,28,99.955405
EuroTruckSimulator2_1920x1080p60,9,29,99.914914
EuroTruckSimulator2_1920x1080p60,9,30,99.729912
EuroTruckSimulator2_1920x1080p60,9,31,99.220329
EuroTruckSimulator2_1920x1080p60,9,32,98.601845
EuroTruckSimulator2_1920x1080p60,9,33,97.89677
EuroTruckSimulator2_1920x1080p60,9,34,97.175663
EuroTruckSimulator2_1920x1080p60,9,35,96.300689
EuroTruckSimulator2_1920x1080p60,9,36,95.36891
EuroTruckSimulator2_1920x1080p60,9,37,94.382219
EuroTruckSimulator2_1920x1080p60,9,38,93.352283
EuroTruckSimulator2_1920x1080p60,9,39,92.432325
EuroTruckSimulator2_1920x1080p60,9,40,91.447761
EuroTruckSimulator2_1920x1080p60,9,41,90.46027
EuroTruckSimulator2_1920x1080p60,9,42,89.514511
EuroTruckSimulator2_1920x1080p60,9,43,88.495795
EuroTruckSimulator2_1920x1080p60,9,44,87.575481
EuroTruckSimulator2_1920x1080p60,9,45,86.745118
EuroTruckSimulator2_1920x1080p60,9,46,85.705867
EuroTruckSimulator2_1920x1080p60,9,47,84.660231
EuroTruckSimulator2_1920x1080p60,9,48,83.630187
EuroTruckSimulator2_1920x1080p60,9,49,82.580016
EuroTruckSimulator2_1920x1080p60,9,50,81.579505
EuroTruckSimulator2_1920x1080p60,9,51,80.50615
EuroTruckSimulator2_1920x1080p60,9,52,79.360691
EuroTruckSimulator2_1920x1080p60,9,53,78.205622
EuroTruckSimulator2_1920x1080p60,9,54,76.888884
EuroTruckSimulator2_1920x1080p60,9,55,75.554143
EuroTruckSimulator2_1920x1080p60,9,56,73.928231
EuroTruckSimulator2_1920x1080p60,9,58,69.686494
EuroTruckSimulator2_1920x1080p60,9,60,64.145604
EuroTruckSimulator2_1920x1080p60,9,63,47.231513
PedestrianArea_1920x1080p25,9,20,99.479349
PedestrianArea_1920x1080p25,9,24,99.139485
PedestrianArea_1920x1080p25,9,27,98.618969
PedestrianArea_1920x1080p25,9,28,98.404577
PedestrianArea_1920x1080p25,9,29,98.170841
PedestrianArea_1920x1080p25,9,30,97.888324
PedestrianArea_1920x1080p25,9,31,97.463605
PedestrianArea_1920x1080p25,9,32,96.967771
PedestrianArea_1920x1080p25,9,33,96.412578
PedestrianArea_1920x1080p25,9,34,95.932473
PedestrianArea_1920x1080p25,9,35,95.316818
PedestrianArea_1920x1080p25,9,36,94.575233
PedestrianArea_1920x1080p25,9,37,93.85104
PedestrianArea_1920x1080p25,9,38,93.034411
PedestrianArea_1920x1080p25,9,39,92.296647
PedestrianArea_1920x1080p25,9,40,91.376104
PedestrianArea_1920x1080p25,9,41,90.373629
PedestrianArea_1920x1080p25,9,42,89.389614
PedestrianArea_1920x1080p25,9,43,88.312274
PedestrianArea_1920x1080p25,9,44,87.286973
PedestrianArea_1920x1080p25,9,45,86.115106
PedestrianArea_1920x1080p25,9,46,84.921465
PedestrianArea_1920x1080p25,9,47,83.65685
PedestrianArea_1920x1080p25,9,48,82.388417
PedestrianArea_1920x1080p25,9,49,81.205677
PedestrianArea_1920x1080p25,9,50,79.914151
PedestrianArea_1920x1080p25,9,51,78.443686
PedestrianArea_1920x1080p25,9,52,76.880476
PedestrianArea_1920x1080p25,9,53,75.298822
PedestrianArea_1920x1080p25,9,54,73.492155
PedestrianArea_1920x1080p25,9,55,71.642591
PedestrianArea_1920x1080p25,9,56,69.206672
PedestrianArea_1920x1080p25,9,58,64.309907
PedestrianArea_1920x1080p25,9,60,58.330506
PedestrianArea_1920x1080p25,9,63,38.866686
MountainBike_1920x1080_30fps_8bit,9,20,99.880903
MountainBike_1920x1080_30fps_8bit,9,24,99.866554
MountainBike_1920x1080_30fps_8bit,9,27,99.847219
MountainBike_1920x1080_30fps_8bit,9,28,99.835146
MountainBike_1920x1080_30fps_8bit,9,29,99.824796
MountainBike_1920x1080_30fps_8bit,9,30,99.815726
MountainBike_1920x1080_30fps_8bit,9,31,99.805521
MountainBike_1920x1080_30fps_8bit,9,32,99.78483
MountainBike_1920x1080_30fps_8bit,9,33,99.7696
MountainBike_1920x1080_30fps_8bit,9,34,99.754824
MountainBike_1920x1080_30fps_8bit,9,35,99.73343
MountainBike_1920x1080_30fps_8bit,9,36,99.718003
MountainBike_1920x1080_30fps_8bit,9,37,99.673315
MountainBike_1920x1080_30fps_8bit,9,38,99.652134
MountainBike_1920x1080_30fps_8bit,9,39,99.621402
MountainBike_1920x1080_30fps_8bit,9,40,99.522924
MountainBike_1920x1080_30fps_8bit,9,41,99.36032
MountainBike_1920x1080_30fps_8bit,9,42,99.083518
MountainBike_1920x1080_30fps_8bit,9,43,98.719407
MountainBike_1920x1080_30fps_8bit,9,44,98.15856
MountainBike_1920x1080_30fps_8bit,9,45,97.373649
MountainBike_1920x1080_30fps_8bit,9,46,96.283885
MountainBike_1920x1080_30fps_8bit,9,47,95.043621
MountainBike_1920x1080_30fps_8bit,9,48,93.308291
MountainBike_1920x1080_30fps_8bit,9,49,91.618092
MountainBike_1920x1080_30fps_8bit,9,50,89.766077
MountainBike_1920x1080_30fps_8bit,9,51,87.826472
MountainBike_1920x1080_30fps_8bit,9,52,85.859431
MountainBike_1920x1080_30fps_8bit,9,53,83.659235
MountainBike_1920x1080_30fps_8bit,9,54,81.445492
MountainBike_1920x1080_30fps_8bit,9,55,79.223384
MountainBike_1920x1080_30fps_8bit,9,56,76.276122
MountainBike_1920x1080_30fps_8bit,9,58,70.331479
MountainBike_1920x1080_30fps_8bit,9,60,63.384729
MountainBike_1920x1080_30fps_8bit,9,63,44.176269
OldTownCross_1920x1080p50,9,20,95.431647
OldTownCross_1920x1080p50,9,24,94.65384
OldTownCross_1920x1080p50,9,27,94.110926
OldTownCross_1920x1080p50,9,28,93.947952
OldTownCross_1920x1080p50,9,29,93.801109
OldTownCross_1920x1080p50,9,30,93.612219
OldTownCross_1920x1080p50,9,31,93.386608
OldTownCross_1920x1080p50,9,32,93.091421
OldTownCross_1920x1080p50,9,33,92.920739
OldTownCross_1920x1080p50,9,34,92.777869
OldTownCross_1920x1080p50,9,35,92.55425
OldTownCross_1920x1080p50,9,36,92.304831
OldTownCross_1920x1080p50,9,37,92.067745
OldTownCross_1920x1080p50,9,38,91.956174
OldTownCross_1920x1080p50,9,39,91.703594
OldTownCross_1920x1080p50,9,40,91.394063
OldTownCross_1920x1080p50,9,41,91.120744
OldTownCross_1920x1080p50,9,42,90.847728
OldTownCross_1920x1080p50,9,43,90.444795
OldTownCross_1920x1080p50,9,44,90.114771
OldTownCross_1920x1080p50,9,45,89.757754
OldTownCross_1920x1080p50,9,46,89.378094
OldTownCross_1920x1080p50,9,47,89.01501
OldTownCross_1920x1080p50,9,48,88.540907
OldTownCross_1920x1080p50,9,49,88.140415
OldTownCross_1920x1080p50,9,50,87.618804
OldTownCross_1920x1080p50,9,51,87.012874
OldTownCross_1920x1080p50,9,52,86.250657
OldTownCross_1920x1080p50,9,53,85.532811
OldTownCross_1920x1080p50,9,54,84.822202
OldTownCross_1920x1080p50,9,55,83.871385
OldTownCross_1920x1080p50,9,56,82.512984
OldTownCross_1920x1080p50,9,58,79.661346
OldTownCross_1920x1080p50,9,60,75.32525
OldTownCross_1920x1080p50,9,63,57.284743
SolLevanteFace_sdr_1920x1080_24_10bit,9,20,94.811852
SolLevanteFace_sdr_1920x1080_24_10bit,9,24,93.38042
SolLevanteFace_sdr_1920x1080_24_10bit,9,27,91.280153
SolLevanteFace_sdr_1920x1080_24_10bit,9,28,90.174865
SolLevanteFace_sdr_1920x1080_24_10bit,9,29,89.368131
SolLevanteFace_sdr_1920x1080_24_10bit,9,30,88.552909
SolLevanteFace_sdr_1920x1080_24_10bit,9,31,87.402322
SolLevanteFace_sdr_1920x1080_24_10bit,9,32,86.038216
SolLevanteFace_sdr_1920x1080_24_10bit,9,33,84.80616
SolLevanteFace_sdr_1920x1080_24_10bit,9,34,83.407257
SolLevanteFace_sdr_1920x1080_24_10bit,9,35,81.998483
SolLevanteFace_sdr_1920x1080_24_10bit,9,36,80.336493
SolLevanteFace_sdr_1920x1080_24_10bit,9,37,78.520255
SolLevanteFace_sdr_1920x1080_24_10bit,9,38,76.668548
SolLevanteFace_sdr_1920x1080_24_10bit,9,39,74.66725
SolLevanteFace_sdr_1920x1080_24_10bit,9,40,72.64423
SolLevanteFace_sdr_1920x1080_24_10bit,9,41,70.43735
SolLevanteFace_sdr_1920x1080_24_10bit,9,42,68.431297
SolLevanteFace_sdr_1920x1080_24_10bit,9,43,66.052079
SolLevanteFace_sdr_1920x1080_24_10bit,9,44,64.408813
SolLevanteFace_sdr_1920x1080_24_10bit,9,45,61.967207
SolLevanteFace_sdr_1920x1080_24_10bit,9,46,58.929598
SolLevanteFace_sdr_1920x1080_24_10bit,9,47,56.403439
SolLevanteFace_sdr_1920x1080_24_10bit,9,48,53.782914
SolLevanteFace_sdr_1920x1080_24_10bit,9,49,51.145075
SolLevanteFace_sdr_1920x1080_24_10bit,9,50,48.682593
SolLevanteFace_sdr_1920x1080_24_10bit,9,51,46.006752
SolLevanteFace_sdr_1920x1080_24_10bit,9,52,43.490417
SolLevanteFace_sdr_1920x1080_24_10bit,9,53,40.946052
SolLevanteFace_sdr_1920x1080_24_10bit,9,54,38.384352
SolLevanteFace_sdr_1920x1080_24_10bit,9,55,35.808047
SolLevanteFace_sdr_1920x1080_24_10bit,9,56,32.877349
SolLevanteFace_sdr_1920x1080_24_10bit,9,58,26.959451
SolLevanteFace_sdr_1920x1080_24_10bit,9,60,20.597914
SolLevanteFace_sdr_1920x1080_24_10bit,9,63,8.324976
RitualDance_1920x1080_5994_10bit_420,9,20,98.802952
RitualDance_1920x1080_5994_10bit_420,9,24,98.369341
RitualDance_1920x1080_5994_10bit_420,9,27,97.574739
RitualDance_1920x1080_5994_10bit_420,9,28,97.212806
RitualDance_1920x1080_5994_10bit_420,9,29,96.843395
RitualDance_1920x1080_5994_10bit_420,9,30,96.470191
RitualDance_1920x1080_5994_10bit_420,9,31,95.87021
RitualDance_1920x1080_5994_10bit_420,9,32,95.306375
RitualDance_1920x1080_5994_10bit_420,9,33,94.756992
RitualDance_1920x1080_5994_10bit_420,9,34,94.118319
RitualDance_1920x1080_5994_10bit_420,9,35,93.509381
RitualDance_1920x1080_5994_10bit_420,9,36,92.737447
RitualDance_1920x1080_5994_10bit_420,9,37,91.905013
RitualDance_1920x1080_5994_10bit_420,9,38,91.013501
RitualDance_1920x1080_5994_10bit_420,9,39,90.063726
RitualDance_1920x1080_5994_10bit_420,9,40,89.031789
RitualDance_1920x1080_5994_10bit_420,9,41,87.733518
RitualDance_1920x1080_5994_10bit_420,9,42,86.514464
RitualDance_1920x1080_5994_10bit_420,9,43,85.297365
RitualDance_1920x1080_5994_10bit_420,9,44,84.204983
RitualDance_1920x1080_5994_10bit_420,9,45,83.034657
RitualDance_1920x1080_5994_10bit_420,9,46,81.743921
RitualDance_1920x1080_5994_10bit_420,9,47,80.282451
RitualDance_1920x1080_5994_10bit_420,9,48,78.850412
RitualDance_1920x1080_5994_10bit_420,9,49,77.685588
RitualDance_1920x1080_5994_10bit_420,9,50,76.199873
RitualDance_1920x1080_5994_10bit_420,9,51,74.668802
RitualDance_1920x1080_5994_10bit_420,9,52,72.935382
RitualDance_1920x1080_5994_10bit_420,9,53,71.159176
RitualDance_1920x1080_5994_10bit_420,9,54,69.324863
RitualDance_1920x1080_5994_10bit_420,9,55,67.235986
RitualDance_1920x1080_5994_10bit_420,9,56,64.723969
RitualDance_1920x1080_5994_10bit_420,9,58,58.985293
RitualDance_1920x1080_5994_10bit_420,9,60,51.894953
RitualDance_1920x1080_5994_10bit_420,9,63,27.092482
GlassHalf_1920x1080p_24p_8bit_420,9,20,98.410771
GlassHalf_1920x1080p_24p_8bit_420,9,24,98.083863
GlassHalf_1920x1080p_24p_8bit_420,9,27,97.579724
GlassHalf_1920x1080p_24p_8bit_420,9,28,97.358046
GlassHalf_1920x1080p_24p_8bit_420,9,29,97.177586
GlassHalf_1920x1080p_24p_8bit_420,9,30,96.943427
GlassHalf_1920x1080p_24p_8bit_420,9,31,96.658528
GlassHalf_1920x1080p_24p_8bit_420,9,32,96.289449
GlassHalf_1920x1080p_24p_8bit_420,9,33,95.961944
GlassHalf_1920x1080p_24p_8bit_420,9,34,95.634702
GlassHalf_1920x1080p_24p_8bit_420,9,35,95.275099
GlassHalf_1920x1080p_24p_8bit_420,9,36,94.900171
GlassHalf_1920x1080p_24p_8bit_420,9,37,94.478137
GlassHalf_1920x1080p_24p_8bit_420,9,38,93.961751
GlassHalf_1920x1080p_24p_8bit_420,9,39,93.505242
GlassHalf_1920x1080p_24p_8bit_420,9,40,93.032448
GlassHalf_1920x1080p_24p_8bit_420,9,41,92.418003
GlassHalf_1920x1080p_24p_8bit_420,9,42,91.888179
GlassHalf_1920x1080p_24p_8bit_420,9,43,91.260821
GlassHalf_1920x1080p_24p_8bit_420,9,44,90.745715
GlassHalf_1920x1080p_24p_8bit_420,9,45,90.002611
GlassHalf_1920x1080p_24p_8bit_420,9,46,89.257642
GlassHalf_1920x1080p_24p_8bit_420,9,47,88.47514
GlassHalf_1920x1080p_24p_8bit_420,9,48,87.593821
GlassHalf_1920x1080p_24p_8bit_420,9,49,87.259344
GlassHalf_1920x1080p_24p_8bit_420,9,50,86.314417
GlassHalf_1920x1080p_24p_8bit_420,9,51,85.448508
GlassHalf_1920x1080p_24p_8bit_420,9,52,84.500485
GlassHalf_1920x1080p_24p_8bit_420,9,53,83.339125
GlassHalf_1920x1080p_24p_8bit_420,9,54,82.299943
GlassHalf_1920x1080p_24p_8bit_420,9,55,80.914145
GlassHalf_1920x1080p_24p_8bit_420,9,56,79.171378
GlassHalf_1920x1080p_24p_8bit_420,9,58,75.313932
GlassHalf_1920x1080p_24p_8bit_420,9,60,70.435874
GlassHalf_1920x1080p_24p_8bit_420,9,63,49.169529
MINECRAFT_1080p_60_8bit,9,20,99.826093
MINECRAFT_1080p_60_8bit,9,24,99.699813
MINECRAFT_1080p_60_8bit,9,27,99.491597
MINECRAFT_1080p_60_8bit,9,28,99.393494
MINECRAFT_1080p_60_8bit,9,29,99.276701
MINECRAFT_1080p_60_8bit,9,30,99.141364
MINECRAFT_1080p_60_8bit,9,31,98.951859
MINECRAFT_1080p_60_8bit,9,32,98.691478
MINECRAFT_1080p_60_8bit,9,33,98.345741
MINECRAFT_1080p_60_8bit,9,34,97.9134
MINECRAFT_1080p_60_8bit,9,35,97.319662
MINECRAFT_1080p_60_8bit,9,36,96.639903
MINECRAFT_1080p_60_8bit,9,37,95.808194
MINECRAFT_1080p_60_8bit,9,38,94.873826
MINECRAFT_1080p_60_8bit,9,39,93.852952
MINECRAFT_1080p_60_8bit,9,40,92.783373
MINECRAFT_1080p_60_8bit,9,41,91.501015
MINECRAFT_1080p_60_8bit,9,42,90.298692
MINECRAFT_1080p_60_8bit,9,43,88.846794
MINECRAFT_1080p_60_8bit,9,44,87.847392
MINECRAFT_1080p_60_8bit,9,45,86.395097
MINECRAFT_1080p_60_8bit,9,46,84.93404
MINECRAFT_1080p_60_8bit,9,47,83.449007
MINECRAFT_1080p_60_8bit,9,48,81.755705
MINECRAFT_1080p_60_8bit,9,49,80.007224
MINECRAFT_1080p_60_8bit,9,50,78.3112
MINECRAFT_1080p_60_8bit,9,51,76.464043
MINECRAFT_1080p_60_8bit,9,52,74.624148
MINECRAFT_1080p_60_8bit,9,53,72.647623
MINECRAFT_1080p_60_8bit,9,54,70.586815
MINECRAFT_1080p_60_8bit,9,55,68.533849
MINECRAFT_1080p_60_8bit,9,56,65.975316
MINECRAFT_1080p_60_8bit,9,58,60.630666
MINECRAFT_1080p_60_8bit,9,60,54.163551
MINECRAFT_1080p_60_8bit,9,63,37.514793
MeridianTalk_sdr_1920x1080p_5994_10bit,9,20,94.629568
MeridianTalk_sdr_1920x1080p_5994_10bit,9,24,94.164469
MeridianTalk_sdr_1920x1080p_5994_10bit,9,27,93.549619
MeridianTalk_sdr_1920x1080p_5994_10bit,9,28,93.295244
MeridianTalk_sdr_1920x1080p_5994_10bit,9,29,93.068723
MeridianTalk_sdr_1920x1080p_5994_10bit,9,30,92.909279
MeridianTalk_sdr_1920x1080p_5994_10bit,9,31,92.525555
MeridianTalk_sdr_1920x1080p_5994_10bit,9,32,92.173699
MeridianTalk_sdr_1920x1080p_5994_10bit,9,33,91.914834
MeridianTalk_sdr_1920x1080p_5994_10bit,9,34,91.649029
MeridianTalk_sdr_1920x1080p_5994_10bit,9,35,91.238072
MeridianTalk_sdr_1920x1080p_5994_10bit,9,36,90.876626
MeridianTalk_sdr_1920x1080p_5994_10bit,9,37,90.588145
MeridianTalk_sdr_1920x1080p_5994_10bit,9,38,90.165188
MeridianTalk_sdr_1920x1080p_5994_10bit,9,39,89.802757
MeridianTalk_sdr_1920x1080p_5994_10bit,9,40,89.372489
MeridianTalk_sdr_1920x1080p_5994_10bit,9,41,88.841717
MeridianTalk_sdr_1920x1080p_5994_10bit,9,42,88.367527
MeridianTalk_sdr_1920x1080p_5994_10bit,9,43,87.78197
MeridianTalk_sdr_1920x1080p_5994_10bit,9,44,87.457306
MeridianTalk_sdr_1920x1080p_5994_10bit,9,45,86.891574
MeridianTalk_sdr_1920x1080p_5994_10bit,9,46,86.332952
MeridianTalk_sdr_1920x1080p_5994_10bit,9,47,85.692991
MeridianTalk_sdr_1920x1080p_5994_10bit,9,48,85.073139
MeridianTalk_sdr_1920x1080p_5994_10bit,9,49,84.519737
MeridianTalk_sdr_1920x1080p_5994_10bit,9,50,83.919843
MeridianTalk_sdr_1920x1080p_5994_10bit,9,51,83.332471
MeridianTalk_sdr_1920x1080p_5994_10bit,9,52,82.660383
MeridianTalk_sdr_1920x1080p_5994_10bit,9,53,82.114411
MeridianTalk_sdr_1920x1080p_5994_10bit,9,54,81.331106
MeridianTalk_sdr_1920x1080p_5994_10bit,9,55,80.421987
MeridianTalk_sdr_1920x1080p_5994_10bit,9,56,79.508442
MeridianTalk_sdr_1920x1080p_5994_10bit,9,58,77.233726
MeridianTalk_sdr_1920x1080p_5994_10bit,9,60,73.703674
MeridianTalk_sdr_1920x1080p_5994_10bit,9,63,62.427859
Debugging_1920x1080_30fps_8bit_420,9,20,97.43881
Debugging_1920x1080_30fps_8bit_420,9,24,97.341791
Debugging_1920x1080_30fps_8bit_420,9,27,97.23524
Debugging_1920x1080_30fps_8bit_420,9,28,97.237275
Debugging_1920x1080_30fps_8bit_420,9,29,97.165826
Debugging_1920x1080_30fps_8bit_420,9,30,97.1205
Debugging_1920x1080_30fps_8bit_420,9,31,97.01499
Debugging_1920x1080_30fps_8bit_420,9,32,96.947196
Debugging_1920x1080_30fps_8bit_420,9,33,96.856709
Debugging_1920x1080_30fps_8bit_420,9,34,96.82337
Debugging_1920x1080_30fps_8bit_420,9,35,96.697004
Debugging_1920x1080_30fps_8bit_420,9,36,96.534197
Debugging_1920x1080_30fps_8bit_420,9,37,96.475917
Debugging_1920x1080_30fps_8bit_420,9,38,96.313131
Debugging_1920x1080_30fps_8bit_420,9,39,96.269754
Debugging_1920x1080_30fps_8bit_420,9,40,96.197096
Debugging_1920x1080_30fps_8bit_420,9,41,96.089093
Debugging_1920x1080_30fps_8bit_420,9,42,95.917583
Debugging_1920x1080_30fps_8bit_420,9,43,95.830734
Debugging_1920x1080_30fps_8bit_420,9,44,95.701284
Debugging_1920x1080_30fps_8bit_420,9,45,95.549406
Debugging_1920x1080_30fps_8bit_420,9,46,95.347703
Debugging_1920x1080_30fps_8bit_420,9,47,95.247597
Debugging_1920x1080_30fps_8bit_420,9,48,95.060265
Debugging_1920x1080_30fps_8bit_420,9,49,94.87107
Debugging_1920x1080_30fps_8bit_420,9,50,94.604007
Debugging_1920x1080_30fps_8bit_420,9,51,94.360966
Debugging_1920x1080_30fps_8bit_420,9,52,94.134719
Debugging_1920x1080_30fps_8bit_420,9,53,93.768779
Debugging_1920x1080_30fps_8bit_420,9,54,93.370203
Debugging_1920x1080_30fps_8bit_420,9,55,93.041608
Debugging_1920x1080_30fps_8bit_420,9,56,92.55254
Debugging_1920x1080_30fps_8bit_420,9,58,91.386341
Debugging_1920x1080_30fps_8bit_420,9,60,89.321945
Debugging_1920x1080_30fps_8bit_420,9,63,80.593833
DOTA2_1920x1080_60_8bit_420,9,20,95.17668
DOTA2_1920x1080_60_8bit_420,9,24,94.547306
DOTA2_1920x1080_60_8bit_420,9,27,93.764498
DOTA2_1920x1080_60_8bit_420,9,28,93.487592
DOTA2_1920x1080_60_8bit_420,9,29,93.182811
DOTA2_1920x1080_60_8bit_420,9,30,92.794893
DOTA2_1920x1080_60_8bit_420,9,31,92.304167
DOTA2_1920x1080_60_8bit_420,9,32,91.811485
DOTA2_1920x1080_60_8bit_420,9,33,91.335581
DOTA2_1920x1080_60_8bit_420,9,34,90.881561
DOTA2_1920x1080_60_8bit_420,9,35,90.335499
DOTA2_1920x1080_60_8bit_420,9,36,89.795675
DOTA2_1920x1080_60_8bit_420,9,37,89.129035
DOTA2_1920x1080_60_8bit_420,9,38,88.534898
DOTA2_1920x1080_60_8bit_420,9,39,87.900017
DOTA2_1920x1080_60_8bit_420,9,40,87.209178
DOTA2_1920x1080_60_8bit_420,9,41,86.380333
DOTA2_1920x1080_60_8bit_420,9,42,85.598769
DOTA2_1920x1080_60_8bit_420,9,43,84.705444
DOTA2_1920x1080_60_8bit_420,9,44,83.850481
DOTA2_1920x1080_60_8bit_420,9,45,82.954263
DOTA2_1920x1080_60_8bit_420,9,46,81.91481
DOTA2_1920x1080_60_8bit_420,9,47,80.925017
DOTA2_1920x1080_60_8bit_420,9,48,79.75671
DOTA2_1920x1080_60_8bit_420,9,49,78.855922
DOTA2_1920x1080_60_8bit_420,9,50,77.700713
DOTA2_1920x1080_60_8bit_420,9,51,76.416749
DOTA2_1920x1080_60_8bit_420,9,52,75.265845
DOTA2_1920x1080_60_8bit_420,9,53,73.806299
DOTA2_1920x1080_60_8bit_420,9,54,72.438366
DOTA2_1920x1080_60_8bit_420,9,55,70.924823
DOTA2_1920x1080_60_8bit_420,9,56,69.221647
DOTA2_1920x1080_60_8bit_420,9,58,64.652236
DOTA2_1920x1080_60_8bit_420,9,60,59.164319
DOTA2_1920x1080_60_8bit_420,9,63,39.924377
CrowdRun_1920x1080p50,9,20,99.969782
CrowdRun_1920x1080p50,9,24,99.966843
CrowdRun_1920x1080p50,9,27,99.709448
CrowdRun_1920x1080p50,9,28,99.488367
CrowdRun_1920x1080p50,9,29,99.239502
CrowdRun_1920x1080p50,9,30,98.92837
CrowdRun_1920x1080p50,9,31,98.387557
CrowdRun_1920x1080p50,9,32,97.717978
CrowdRun_1920x1080p50,9,33,97.094934
CrowdRun_1920x1080p50,9,34,96.389781
CrowdRun_1920x1080p50,9,35,95.631673
CrowdRun_1920x1080p50,9,36,94.772503
CrowdRun_1920x1080p50,9,37,93.852744
CrowdRun_1920x1080p50,9,38,92.881132
CrowdRun_1920x1080p50,9,39,91.84698
CrowdRun_1920x1080p50,9,40,90.756104
CrowdRun_1920x1080p50,9,41,89.549494
CrowdRun_1920x1080p50,9,42,88.331302
CrowdRun_1920x1080p50,9,43,86.673702
CrowdRun_1920x1080p50,9,44,84.98231
CrowdRun_1920x1080p50,9,45,83.538865
CrowdRun_1920x1080p50,9,46,82.52116
CrowdRun_1920x1080p50,9,47,80.799374
CrowdRun_1920x1080p50,9,48,78.91768
CrowdRun_1920x1080p50,9,49,77.156619
CrowdRun_1920x1080p50,9,50,75.29365
CrowdRun_1920x1080p50,9,51,73.695186
CrowdRun_1920x1080p50,9,52,72.016539
CrowdRun_1920x1080p50,9,53,69.963162
CrowdRun_1920x1080p50,9,54,68.234924
CrowdRun_1920x1080p50,9,55,65.984345
CrowdRun_1920x1080p50,9,56,63.428002
CrowdRun_1920x1080p50,9,58,56.977613
CrowdRun_1920x1080p50,9,60,49.578455
CrowdRun_1920x1080p50,9,63,26.955468
WITCHER3_1920x1080_60_8bit_420,9,20,98.135297
WITCHER3_1920x1080_60_8bit_420,9,24,97.129547
WITCHER3_1920x1080_60_8bit_420,9,27,95.664995
WITCHER3_1920x1080_60_8bit_420,9,28,95.115936
WITCHER3_1920x1080_60_8bit_420,9,29,94.498072
WITCHER3_1920x1080_60_8bit_420,9,30,93.795998
WITCHER3_1920x1080_60_8bit_420,9,31,92.940776
WITCHER3_1920x1080_60_8bit_420,9,32,92.046036
WITCHER3_1920x1080_60_8bit_420,9,33,91.111046
WITCHER3_1920x1080_60_8bit_420,9,34,90.307627
WITCHER3_1920x1080_60_8bit_420,9,35,89.303766
WITCHER3_1920x1080_60_8bit_420,9,36,88.103173
WITCHER3_1920x1080_60_8bit_420,9,37,87.034486
WITCHER3_1920x1080_60_8bit_420,9,38,85.766846
WITCHER3_1920x1080_60_8bit_420,9,39,84.556263
WITCHER3_1920x1080_60_8bit_420,9,40,83.435707
WITCHER3_1920x1080_60_8bit_420,9,41,82.006205
WITCHER3_1920x1080_60_8bit_420,9,42,80.8375
WITCHER3_1920x1080_60_8bit_420,9,43,79.196563
WITCHER3_1920x1080_60_8bit_420,9,44,77.876592
WITCHER3_1920x1080_60_8bit_420,9,45,76.435686
WITCHER3_1920x1080_60_8bit_420,9,46,74.954048
WITCHER3_1920x1080_60_8bit_420,9,47,73.542214
WITCHER3_1920x1080_60_8bit_420,9,48,72.00642
WITCHER3_1920x1080_60_8bit_420,9,49,70.632037
WITCHER3_1920x1080_60_8bit_420,9,50,69.06898
WITCHER3_1920x1080_60_8bit_420,9,51,67.718609
WITCHER3_1920x1080_60_8bit_420,9,52,66.217651
WITCHER3_1920x1080_60_8bit_420,9,53,64.676222
WITCHER3_1920x1080_60_8bit_420,9,54,63.125657
WITCHER3_1920x1080_60_8bit_420,9,55,61.08505
WITCHER3_1920x1080_60_8bit_420,9,56,59.304843
WITCHER3_1920x1080_60_8bit_420,9,58,55.380825
WITCHER3_1920x1080_60_8bit_420,9,60,51.45895
WITCHER3_1920x1080_60_8bit_420,9,63,40.210687
WalkingInStreet_1920x1080_30fps,9,20,99.969779
WalkingInStreet_1920x1080_30fps,9,24,99.967511
WalkingInStreet_1920x1080_30fps,9,27,99.963492
WalkingInStreet_1920x1080_30fps,9,28,99.955446
WalkingInStreet_1920x1080_30fps,9,29,99.935139
WalkingInStreet_1920x1080_30fps,9,30,99.910724
WalkingInStreet_1920x1080_30fps,9,31,99.843223
WalkingInStreet_1920x1080_30fps,9,32,99.723503
WalkingInStreet_1920x1080_30fps,9,33,99.578846
WalkingInStreet_1920x1080_30fps,9,34,99.404334
WalkingInStreet_1920x1080_30fps,9,35,99.195397
WalkingInStreet_1920x1080_30fps,9,36,98.888586
WalkingInStreet_1920x1080_30fps,9,37,98.487636
WalkingInStreet_1920x1080_30fps,9,38,98.03698
WalkingInStreet_1920x1080_30fps,9,39,97.503749
WalkingInStreet_1920x1080_30fps,9,40,96.848872
WalkingInStreet_1920x1080_30fps,9,41,96.07587
WalkingInStreet_1920x1080_30fps,9,42,95.23987
WalkingInStreet_1920x1080_30fps,9,43,94.303411
WalkingInStreet_1920x1080_30fps,9,44,93.321487
WalkingInStreet_1920x1080_30fps,9,45,92.192601
WalkingInStreet_1920x1080_30fps,9,46,91.034969
WalkingInStreet_1920x1080_30fps,9,47,89.772624
WalkingInStreet_1920x1080_30fps,9,48,88.39301
WalkingInStreet_1920x1080_30fps,9,49,87.045174
WalkingInStreet_1920x1080_30fps,9,50,85.576878
WalkingInStreet_1920x1080_30fps,9,51,84.05323
WalkingInStreet_1920x1080_30fps,9,52,82.220281
WalkingInStreet_1920x1080_30fps,9,53,80.389707
WalkingInStreet_1920x1080_30fps,9,54,78.454946
WalkingInStreet_1920x1080_30fps,9,55,76.340237
WalkingInStreet_1920x1080_30fps,9,56,73.998475
WalkingInStreet_1920x1080_30fps,9,58,68.936938
WalkingInStreet_1920x1080_30fps,9,60,62.497619
WalkingInStreet_1920x1080_30fps,9,63,43.083716
ToddlerFountain_1920x1080_2997fps_10bit_420,9,20,99.962471
ToddlerFountain_1920x1080_2997fps_10bit_420,9,24,99.958494
ToddlerFountain_1920x1080_2997fps_10bit_420,9,27,99.951298
ToddlerFountain_1920x1080_2997fps_10bit_420,9,28,99.948728
ToddlerFountain_1920x1080_2997fps_10bit_420,9,29,99.946251
ToddlerFountain_1920x1080_2997fps_10bit_420,9,30,99.935345
ToddlerFountain_1920x1080_2997fps_10bit_420,9,31,99.822193
ToddlerFountain_1920x1080_2997fps_10bit_420,9,32,99.506182
ToddlerFountain_1920x1080_2997fps_10bit_420,9,33,98.906219
ToddlerFountain_1920x1080_2997fps_10bit_420,9,34,98.132524
ToddlerFountain_1920x1080_2997fps_10bit_420,9,35,97.260362
ToddlerFountain_1920x1080_2997fps_10bit_420,9,36,96.348699
ToddlerFountain_1920x1080_2997fps_10bit_420,9,37,94.967891
ToddlerFountain_1920x1080_2997fps_10bit_420,9,38,93.411771
ToddlerFountain_1920x1080_2997fps_10bit_420,9,39,92.110661
ToddlerFountain_1920x1080_2997fps_10bit_420,9,40,90.436043
ToddlerFountain_1920x1080_2997fps_10bit_420,9,41,88.765446
ToddlerFountain_1920x1080_2997fps_10bit_420,9,42,87.148069
ToddlerFountain_1920x1080_2997fps_10bit_420,9,43,85.128144
ToddlerFountain_1920x1080_2997fps_10bit_420,9,44,83.358315
ToddlerFountain_1920x1080_2997fps_10bit_420,9,45,81.381164
ToddlerFountain_1920x1080_2997fps_10bit_420,9,46,79.266788
ToddlerFountain_1920x1080_2997fps_10bit_420,9,47,77.006341
ToddlerFountain_1920x1080_2997fps_10bit_420,9,48,74.486309
ToddlerFountain_1920x1080_2997fps_10bit_420,9,49,72.371173
ToddlerFountain_1920x1080_2997fps_10bit_420,9,50,70.171648
ToddlerFountain_1920x1080_2997fps_10bit_420,9,51,67.497796
ToddlerFountain_1920x1080_2997fps_10bit_420,9,52,65.05475
ToddlerFountain_1920x1080_2997fps_10bit_420,9,53,62.576383
ToddlerFountain_1920x1080_2997fps_10bit_420,9,54,59.805204
ToddlerFountain_1920x1080_2997fps_10bit_420,9,55,57.434189
ToddlerFountain_1920x1080_2997fps_10bit_420,9,56,53.870768
ToddlerFountain_1920x1080_2997fps_10bit_420,9,58,47.253273
ToddlerFountain_1920x1080_2997fps_10bit_420,9,60,40.062399
ToddlerFountain_1920x1080_2997fps_10bit_420,9,63,17.276612
Vertical_bees_1080x1920_2997,9,20,98.341977
Vertical_bees_1080x1920_2997,9,24,97.898717
Vertical_bees_1080x1920_2997,9,27,97.305602
Vertical_bees_1080x1920_2997,9,28,97.112878
Vertical_bees_1080x1920_2997,9,29,96.910959
Vertical_bees_1080x1920_2997,9,30,96.717125
Vertical_bees_1080x1920_2997,9,31,96.43309
Vertical_bees_1080x1920_2997,9,32,96.165188
Vertical_bees_1080x1920_2997,9,33,95.866553
Vertical_bees_1080x1920_2997,9,34,95.59033
Vertical_bees_1080x1920_2997,9,35,95.267651
Vertical_bees_1080x1920_2997,9,36,94.92775
Vertical_bees_1080x1920_2997,9,37,94.586691
Vertical_bees_1080x1920_2997,9,38,94.218132
Vertical_bees_1080x1920_2997,9,39,93.822511
Vertical_bees_1080x1920_2997,9,40,93.482913
Vertical_bees_1080x1920_2997,9,41,93.034013
Vertical_bees_1080x1920_2997,9,42,92.606534
Vertical_bees_1080x1920_2997,9,43,92.137964
Vertical_bees_1080x1920_2997,9,44,91.736537
Vertical_bees_1080x1920_2997,9,45,91.288565
Vertical_bees_1080x1920_2997,9,46,90.759056
Vertical_bees_1080x1920_2997,9,47,90.22522
Vertical_bees_1080x1920_2997,9,48,89.658805
Vertical_bees_1080x1920_2997,9,49,89.069623
Vertical_bees_1080x1920_2997,9,50,88.588015
Vertical_bees_1080x1920_2997,9,51,87.910412
Vertical_bees_1080x1920_2997,9,52,87.146616
Vertical_bees_1080x1920_2997,9,53,86.300262
Vertical_bees_1080x1920_2997,9,54,85.576689
Vertical_bees_1080x1920_2997,9,55,84.456978
Vertical_bees_1080x1920_2997,9,56,83.287518
Vertical_bees_1080x1920_2997,9,58,80.391919
Vertical_bees_1080x1920_2997,9,60,76.316319
Vertical_bees_1080x1920_2997,9,63,60.45019
Wikipedia_1920x1080p30,9,20,98.648697
Wikipedia_1920x1080p30,9,24,98.633404
Wikipedia_1920x1080p30,9,27,98.618262
Wikipedia_1920x1080p30,9,28,98.596408
Wikipedia_1920x1080p30,9,29,98.587589
Wikipedia_1920x1080p30,9,30,98.598472
Wikipedia_1920x1080p30,9,31,98.585168
Wikipedia_1920x1080p30,9,32,98.560348
Wikipedia_1920x1080p30,9,33,98.530702
Wikipedia_1920x1080p30,9,34,98.513706
Wikipedia_1920x1080p30,9,35,98.473842
Wikipedia_1920x1080p30,9,36,98.462872
Wikipedia_1920x1080p30,9,37,98.427779
Wikipedia_1920x1080p30,9,38,98.407659
Wikipedia_1920x1080p30,9,39,98.388468
Wikipedia_1920x1080p30,9,40,98.343202
Wikipedia_1920x1080p30,9,41,98.267659
Wikipedia_1920x1080p30,9,42,98.249805
Wikipedia_1920x1080p30,9,43,98.198048
Wikipedia_1920x1080p30,9,44,98.116586
Wikipedia_1920x1080p30,9,45,98.112619
Wikipedia_1920x1080p30,9,46,98.009199
Wikipedia_1920x1080p30,9,47,97.955156
Wikipedia_1920x1080p30,9,48,97.822987
Wikipedia_1920x1080p30,9,49,97.788309
Wikipedia_1920x1080p30,9,50,97.659013
Wikipedia_1920x1080p30,9,51,97.542083
Wikipedia_1920x1080p30,9,52,97.384727
Wikipedia_1920x1080p30,9,53,97.401105
Wikipedia_1920x1080p30,9,54,97.191554
Wikipedia_1920x1080p30,9,55,96.938648
Wikipedia_1920x1080p30,9,56,96.637962
Wikipedia_1920x1080p30,9,58,95.989551
Wikipedia_1920x1080p30,9,60,94.95567
Wikipedia_1920x1080p30,9,63,87.466974
Spreadsheet_1920x1080_30fps_8bit_420_130f,9,20,97.058924
Spreadsheet_1920x1080_30fps_8bit_420_130f,9,24,96.996927
Spreadsheet_1920x1080_30fps_8bit_420_130f,9,27,96.857793
Spreadsheet_1920x1080_30fps_8bit_420_130f,9,28,96.809355
Spreadsheet_1920x1080_30fps_8bit_420_130f,9,29,96.775917
Spreadsheet_1920x1080_30fps_8bit_420_130f,9,30,96.718898
Spreadsheet_1920x1080_30fps_8bit_420_130f,9,31,96.642584
Spreadsheet_1920x1080_30fps_8bit_420_130f,9,32,96.575903
Spreadsheet_1920x1080_30fps_8bit_420_130f,9,33,96.498855
Spreadsheet_1920x1080_30fps_8bit_420_130f,9,34,96.43357
Spreadsheet_1920x1080_30fps_8bit_420_130f,9,35,96.362212
Spreadsheet_1920x1080_30fps_8bit_420_130f,9,36,96.262158
Spreadsheet_1920x1080_30fps_8bit_420_130f,9,37,96.174308
Spreadsheet_1920x1080_30fps_8bit_420_130f,9,38,96.028003
Spreadsheet_1920x1080_30fps_8bit_420_130f,9,39,95.916752
Spreadsheet_1920x1080_30fps_8bit_420_130f,9,40,95.845262
Spreadsheet_1920x1080_30fps_8bit_420_130f,9,41,95.702265
Spreadsheet_1920x1080_30fps_8bit_420_130f,9,42,95.559337
Spreadsheet_1920x1080_30fps_8bit_420_130f,9,43,95.463335
Spreadsheet_1920x1080_30fps_8bit_420_130f,9,44,95.349182
Spreadsheet_1920x1080_30fps_8bit_420_130f,9,45,95.184881
Spreadsheet_1920x1080_30fps_8bit_420_130f,9,46,95.038088
Spreadsheet_1920x1080_30fps_8bit_420_130f,9,47,94.868999
Spreadsheet_1920x1080_30fps_8bit_420_130f,9,48,94.669158
Spreadsheet_1920x1080_30fps_8bit_420_130f,9,49,94.58205
Spreadsheet_1920x1080_30fps_8bit_420_130f,9,50,94.376032
Spreadsheet_1920x1080_30fps_8bit_420_130f,9,51,94.297889
Spreadsheet_1920x1080_30fps_8bit_420_130f,9,52,94.017007
Spreadsheet_1920x1080_30fps_8bit_420_130f,9,53,93.694855
Spreadsheet_1920x1080_30fps_8bit_420_130f,9,54,93.290549
Spreadsheet_1920x1080_30fps_8bit_420_130f,9,55,92.995004
Spreadsheet_1920x1080_30fps_8bit_420_130f,9,56,92.55068
Spreadsheet_1920x1080_30fps_8bit_420_130f,9,58,91.31163
Spreadsheet_1920x1080_30fps_8bit_420_130f,9,60,89.576363
Spreadsheet_1920x1080_30fps_8bit_420_130f,9,63,80.681001
TreesAndGrass_1920_1080_30fps_8bit,9,20,99.97234
TreesAndGrass_1920_1080_30fps_8bit,9,24,99.97056
TreesAndGrass_1920_1080_30fps_8bit,9,27,99.967631
TreesAndGrass_1920_1080_30fps_8bit,9,28,99.966029
TreesAndGrass_1920_1080_30fps_8bit,9,29,99.95872
TreesAndGrass_1920_1080_30fps_8bit,9,30,99.950569
TreesAndGrass_1920_1080_30fps_8bit,9,31,99.938501
TreesAndGrass_1920_1080_30fps_8bit,9,32,99.918208
TreesAndGrass_1920_1080_30fps_8bit,9,33,99.899618
TreesAndGrass_1920_1080_30fps_8bit,9,34,99.869291
TreesAndGrass_1920_1080_30fps_8bit,9,35,99.822478
TreesAndGrass_1920_1080_30fps_8bit,9,36,99.765591
TreesAndGrass_1920_1080_30fps_8bit,9,37,99.689835
TreesAndGrass_1920_1080_30fps_8bit,9,38,99.592683
TreesAndGrass_1920_1080_30fps_8bit,9,39,99.495677
TreesAndGrass_1920_1080_30fps_8bit,9,40,99.378099
TreesAndGrass_1920_1080_30fps_8bit,9,41,99.246426
TreesAndGrass_1920_1080_30fps_8bit,9,42,98.997103
TreesAndGrass_1920_1080_30fps_8bit,9,43,98.577455
TreesAndGrass_1920_1080_30fps_8bit,9,44,97.982203
TreesAndGrass_1920_1080_30fps_8bit,9,45,97.280403
TreesAndGrass_1920_1080_30fps_8bit,9,46,96.355904
TreesAndGrass_1920_1080_30fps_8bit,9,47,95.319009
TreesAndGrass_1920_1080_30fps_8bit,9,48,94.07061
TreesAndGrass_1920_1080_30fps_8bit,9,49,92.746763
TreesAndGrass_1920_1080_30fps_8bit,9,50,91.295206
TreesAndGrass_1920_1080_30fps_8bit,9,51,89.800784
TreesAndGrass_1920_1080_30fps_8bit,9,52,88.179827
TreesAndGrass_1920_1080_30fps_8bit,9,53,86.28962
TreesAndGrass_1920_1080_30fps_8bit,9,54,84.652973
TreesAndGrass_1920_1080_30fps_8bit,9,55,82.67681
TreesAndGrass_1920_1080_30fps_8bit,9,56,80.351855
TreesAndGrass_1920_1080_30fps_8bit,9,58,74.510032
TreesAndGrass_1920_1080_30fps_8bit,9,60,67.803825
TreesAndGrass_1920_1080_30fps_8bit,9,63,47.271462
Crosswalk_3840x2160_5994fps_10bit_420,9,20,95.889369
Crosswalk_3840x2160_5994fps_10bit_420,9,24,94.793926
Crosswalk_3840x2160_5994fps_10bit_420,9,27,93.625526
Crosswalk_3840x2160_5994fps_10bit_420,9,28,93.215017
Crosswalk_3840x2160_5994fps_10bit_420,9,29,92.805711
Crosswalk_3840x2160_5994fps_10bit_420,9,30,92.356786
Crosswalk_3840x2160_5994fps_10bit_420,9,31,91.749605
Crosswalk_3840x2160_5994fps_10bit_420,9,32,91.20418
Crosswalk_3840x2160_5994fps_10bit_420,9,33,90.664848
Crosswalk_3840x2160_5994fps_10bit_420,9,34,90.136965
Crosswalk_3840x2160_5994fps_10bit_420,9,35,89.477139
Crosswalk_3840x2160_5994fps_10bit_420,9,36,88.850167
Crosswalk_3840x2160_5994fps_10bit_420,9,37,88.123587
Crosswalk_3840x2160_5994fps_10bit_420,9,38,87.38842
Crosswalk_3840x2160_5994fps_10bit_420,9,39,86.648929
Crosswalk_3840x2160_5994fps_10bit_420,9,40,85.833591
Crosswalk_3840x2160_5994fps_10bit_420,9,41,84.994233
Crosswalk_3840x2160_5994fps_10bit_420,9,42,84.111529
Crosswalk_3840x2160_5994fps_10bit_420,9,43,83.152267
Crosswalk_3840x2160_5994fps_10bit_420,9,44,82.394147
Crosswalk_3840x2160_5994fps_10bit_420,9,45,81.405847
Crosswalk_3840x2160_5994fps_10bit_420,9,46,80.377766
Crosswalk_3840x2160_5994fps_10bit_420,9,47,79.350752
Crosswalk_3840x2160_5994fps_10bit_420,9,48,78.194047
Crosswalk_3840x2160_5994fps_10bit_420,9,49,77.076553
Crosswalk_3840x2160_5994fps_10bit_420,9,50,76.035037
Crosswalk_3840x2160_5994fps_10bit_420,9,51,74.794005
Crosswalk_3840x2160_5994fps_10bit_420,9,52,73.601398
Crosswalk_3840x2160_5994fps_10bit_420,9,53,72.436637
Crosswalk_3840x2160_5994fps_10bit_420,9,54,70.969569
Crosswalk_3840x2160_5994fps_10bit_420,9,55,69.447112
Crosswalk_3840x2160_5994fps_10bit_420,9,56,67.626749
Crosswalk_3840x2160_5994fps_10bit_420,9,58,63.448705
Crosswalk_3840x2160_5994fps_10bit_420,9,60,57.454745
Crosswalk_3840x2160_5994fps_10bit_420,9,63,37.24575
NocturneDance_3840x2160p_10bit_60fps,9,20,93.908183
NocturneDance_3840x2160p_10bit_60fps,9,24,92.498874
NocturneDance_3840x2160p_10bit_60fps,9,27,90.512827
NocturneDance_3840x2160p_10bit_60fps,9,28,89.752824
NocturneDance_3840x2160p_10bit_60fps,9,29,88.949322
NocturneDance_3840x2160p_10bit_60fps,9,30,88.160457
NocturneDance_3840x2160p_10bit_60fps,9,31,86.929947
NocturneDance_3840x2160p_10bit_60fps,9,32,85.765537
NocturneDance_3840x2160p_10bit_60fps,9,33,84.583678
NocturneDance_3840x2160p_10bit_60fps,9,34,83.329342
NocturneDance_3840x2160p_10bit_60fps,9,35,82.020816
NocturneDance_3840x2160p_10bit_60fps,9,36,80.553484
NocturneDance_3840x2160p_10bit_60fps,9,37,78.933096
NocturneDance_3840x2160p_10bit_60fps,9,38,77.125597
NocturneDance_3840x2160p_10bit_60fps,9,39,75.256907
NocturneDance_3840x2160p_10bit_60fps,9,40,73.370485
NocturneDance_3840x2160p_10bit_60fps,9,41,71.339386
NocturneDance_3840x2160p_10bit_60fps,9,42,69.245061
NocturneDance_3840x2160p_10bit_60fps,9,43,66.88606
NocturneDance_3840x2160p_10bit_60fps,9,44,64.873219
NocturneDance_3840x2160p_10bit_60fps,9,45,62.466376
NocturneDance_3840x2160p_10bit_60fps,9,46,60.031581
NocturneDance_3840x2160p_10bit_60fps,9,47,57.583896
NocturneDance_3840x2160p_10bit_60fps,9,48,55.143493
NocturneDance_3840x2160p_10bit_60fps,9,49,52.737597
NocturneDance_3840x2160p_10bit_60fps,9,50,50.260356
NocturneDance_3840x2160p_10bit_60fps,9,51,47.768772
NocturneDance_3840x2160p_10bit_60fps,9,52,45.262126
NocturneDance_3840x2160p_10bit_60fps,9,53,42.762884
NocturneDance_3840x2160p_10bit_60fps,9,54,40.078439
NocturneDance_3840x2160p_10bit_60fps,9,55,37.411469
NocturneDance_3840x2160p_10bit_60fps,9,56,34.196086
NocturneDance_3840x2160p_10bit_60fps,9,58,28.08574
NocturneDance_3840x2160p_10bit_60fps,9,60,21.772635
NocturneDance_3840x2160p_10bit_60fps,9,63,9.871411
Neon1224_3840x2160_2997fps,9,20,99.962229
Neon1224_3840x2160_2997fps,9,24,99.95931
Neon1224_3840x2160_2997fps,9,27,99.955287
Neon1224_3840x2160_2997fps,9,28,99.949898
Neon1224_3840x2160_2997fps,9,29,99.940631
Neon1224_3840x2160_2997fps,9,30,99.926036
Neon1224_3840x2160_2997fps,9,31,99.886263
Neon1224_3840x2160_2997fps,9,32,99.812615
Neon1224_3840x2160_2997fps,9,33,99.72812
Neon1224_3840x2160_2997fps,9,34,99.584653
Neon1224_3840x2160_2997fps,9,35,99.391607
Neon1224_3840x2160_2997fps,9,36,99.084269
Neon1224_3840x2160_2997fps,9,37,98.671339
Neon1224_3840x2160_2997fps,9,38,98.184095
Neon1224_3840x2160_2997fps,9,39,97.549967
Neon1224_3840x2160_2997fps,9,40,96.775652
Neon1224_3840x2160_2997fps,9,41,95.727924
Neon1224_3840x2160_2997fps,9,42,94.806211
Neon1224_3840x2160_2997fps,9,43,93.536178
Neon1224_3840x2160_2997fps,9,44,92.431525
Neon1224_3840x2160_2997fps,9,45,91.147413
Neon1224_3840x2160_2997fps,9,46,89.762191
Neon1224_3840x2160_2997fps,9,47,88.149263
Neon1224_3840x2160_2997fps,9,48,86.380875
Neon1224_3840x2160_2997fps,9,49,85.110762
Neon1224_3840x2160_2997fps,9,50,83.446718
Neon1224_3840x2160_2997fps,9,51,81.611654
Neon1224_3840x2160_2997fps,9,52,79.859808
Neon1224_3840x2160_2997fps,9,53,77.927112
Neon1224_3840x2160_2997fps,9,54,75.761865
Neon1224_3840x2160_2997fps,9,55,73.73992
Neon1224_3840x2160_2997fps,9,56,70.701313
Neon1224_3840x2160_2997fps,9,58,64.613816
Neon1224_3840x2160_2997fps,9,60,57.322877
Neon1224_3840x2160_2997fps,9,63,28.77997
PierSeaSide_3840x2160_2997fps_10bit_420_v2,9,20,99.156798
PierSeaSide_3840x2160_2997fps_10bit_420_v2,9,24,98.819452
PierSeaSide_3840x2160_2997fps_10bit_420_v2,9,27,98.354191
PierSeaSide_3840x2160_2997fps_10bit_420_v2,9,28,98.159406
PierSeaSide_3840x2160_2997fps_10bit_420_v2,9,29,97.987483
PierSeaSide_3840x2160_2997fps_10bit_420_v2,9,30,97.811004
PierSeaSide_3840x2160_2997fps_10bit_420_v2,9,31,97.463823
PierSeaSide_3840x2160_2997fps_10bit_420_v2,9,32,97.211397
PierSeaSide_3840x2160_2997fps_10bit_420_v2,9,33,97.061734
PierSeaSide_3840x2160_2997fps_10bit_420_v2,9,34,96.759867
PierSeaSide_3840x2160_2997fps_10bit_420_v2,9,35,96.442374
PierSeaSide_3840x2160_2997fps_10bit_420_v2,9,36,96.115236
PierSeaSide_3840x2160_2997fps_10bit_420_v2,9,37,95.765002
PierSeaSide_3840x2160_2997fps_10bit_420_v2,9,38,95.400534
PierSeaSide_3840x2160_2997fps_10bit_420_v2,9,39,95.049727
PierSeaSide_3840x2160_2997fps_10bit_420_v2,9,40,94.591852
PierSeaSide_3840x2160_2997fps_10bit_420_v2,9,41,94.217903
PierSeaSide_3840x2160_2997fps_10bit_420_v2,9,42,93.7
PierSeaSide_3840x2160_2997fps_10bit_420_v2,9,43,93.052084
PierSeaSide_3840x2160_2997fps_10bit_420_v2,9,44,92.76599
PierSeaSide_3840x2160_2997fps_10bit_420_v2,9,45,92.250229
PierSeaSide_3840x2160_2997fps_10bit_420_v2,9,46,91.594394
PierSeaSide_3840x2160_2997fps_10bit_420_v2,9,47,91.055711
PierSeaSide_3840x2160_2997fps_10bit_420_v2,9,48,90.381352
PierSeaSide_3840x2160_2997fps_10bit_420_v2,9,49,89.712613
PierSeaSide_3840x2160_2997fps_10bit_420_v2,9,50,89.01464
PierSeaSide_3840x2160_2997fps_10bit_420_v2,9,51,88.266983
PierSeaSide_3840x2160_2997fps_10bit_420_v2,9,52,87.505708
PierSeaSide_3840x2160_2997fps_10bit_420_v2,9,53,86.698189
PierSeaSide_3840x2160_2997fps_10bit_420_v2,9,54,85.752247
PierSeaSide_3840x2160_2997fps_10bit_420_v2,9,55,84.845684
PierSeaSide_3840x2160_2997fps_10bit_420_v2,9,56,83.523249
PierSeaSide_3840x2160_2997fps_10bit_420_v2,9,58,80.597486
PierSeaSide_3840x2160_2997fps_10bit_420_v2,9,60,76.722457
PierSeaSide_3840x2160_2997fps_10bit_420_v2,9,63,61.64723
FoodMarket2_3840x2160_5994fps_10bit_420,9,20,99.962396
FoodMarket2_3840x2160_5994fps_10bit_420,9,24,99.958763
FoodMarket2_3840x2160_5994fps_10bit_420,9,27,99.952117
FoodMarket2_3840x2160_5994fps_10bit_420,9,28,99.950922
FoodMarket2_3840x2160_5994fps_10bit_420,9,29,99.949128
FoodMarket2_3840x2160_5994fps_10bit_420,9,30,99.947429
FoodMarket2_3840x2160_5994fps_10bit_420,9,31,99.943607
FoodMarket2_3840x2160_5994fps_10bit_420,9,32,99.941638
FoodMarket2_3840x2160_5994fps_10bit_420,9,33,99.93783
FoodMarket2_3840x2160_5994fps_10bit_420,9,34,99.935471
FoodMarket2_3840x2160_5994fps_10bit_420,9,35,99.926895
FoodMarket2_3840x2160_5994fps_10bit_420,9,36,99.886937
FoodMarket2_3840x2160_5994fps_10bit_420,9,37,99.815649
FoodMarket2_3840x2160_5994fps_10bit_420,9,38,99.694603
FoodMarket2_3840x2160_5994fps_10bit_420,9,39,99.449781
FoodMarket2_3840x2160_5994fps_10bit_420,9,40,99.137302
FoodMarket2_3840x2160_5994fps_10bit_420,9,41,98.712137
FoodMarket2_3840x2160_5994fps_10bit_420,9,42,98.210559
FoodMarket2_3840x2160_5994fps_10bit_420,9,43,97.593871
FoodMarket2_3840x2160_5994fps_10bit_420,9,44,97.115691
FoodMarket2_3840x2160_5994fps_10bit_420,9,45,96.337001
FoodMarket2_3840x2160_5994fps_10bit_420,9,46,95.440255
FoodMarket2_3840x2160_5994fps_10bit_420,9,47,94.555153
FoodMarket2_3840x2160_5994fps_10bit_420,9,48,93.506024
FoodMarket2_3840x2160_5994fps_10bit_420,9,49,92.438143
FoodMarket2_3840x2160_5994fps_10bit_420,9,50,91.374567
FoodMarket2_3840x2160_5994fps_10bit_420,9,51,90.294264
FoodMarket2_3840x2160_5994fps_10bit_420,9,52,89.032427
FoodMarket2_3840x2160_5994fps_10bit_420,9,53,87.811977
FoodMarket2_3840x2160_5994fps_10bit_420,9,54,86.278139
FoodMarket2_3840x2160_5994fps_10bit_420,9,55,84.623285
FoodMarket2_3840x2160_5994fps_10bit_420,9,56,82.707678
FoodMarket2_3840x2160_5994fps_10bit_420,9,58,77.852457
FoodMarket2_3840x2160_5994fps_10bit_420,9,60,71.103758
FoodMarket2_3840x2160_5994fps_10bit_420,9,63,47.94976
BoxingPractice_3840x2160_5994fps_10bit_420,9,20,99.952116
BoxingPractice_3840x2160_5994fps_10bit_420,9,24,99.871156
BoxingPractice_3840x2160_5994fps_10bit_420,9,27,99.662871
BoxingPractice_3840x2160_5994fps_10bit_420,9,28,99.570524
BoxingPractice_3840x2160_5994fps_10bit_420,9,29,99.451347
BoxingPractice_3840x2160_5994fps_10bit_420,9,30,99.299402
BoxingPractice_3840x2160_5994fps_10bit_420,9,31,99.10307
BoxingPractice_3840x2160_5994fps_10bit_420,9,32,98.859165
BoxingPractice_3840x2160_5994fps_10bit_420,9,33,98.612094
BoxingPractice_3840x2160_5994fps_10bit_420,9,34,98.349913
BoxingPractice_3840x2160_5994fps_10bit_420,9,35,98.044146
BoxingPractice_3840x2160_5994fps_10bit_420,9,36,97.716258
BoxingPractice_3840x2160_5994fps_10bit_420,9,37,97.355536
BoxingPractice_3840x2160_5994fps_10bit_420,9,38,96.986749
BoxingPractice_3840x2160_5994fps_10bit_420,9,39,96.567548
BoxingPractice_3840x2160_5994fps_10bit_420,9,40,96.15438
BoxingPractice_3840x2160_5994fps_10bit_420,9,41,95.628623
BoxingPractice_3840x2160_5994fps_10bit_420,9,42,95.120387
BoxingPractice_3840x2160_5994fps_10bit_420,9,43,94.554301
BoxingPractice_3840x2160_5994fps_10bit_420,9,44,94.29212
BoxingPractice_3840x2160_5994fps_10bit_420,9,45,93.702307
BoxingPractice_3840x2160_5994fps_10bit_420,9,46,93.100646
BoxingPractice_3840x2160_5994fps_10bit_420,9,47,92.503975
BoxingPractice_3840x2160_5994fps_10bit_420,9,48,91.754419
BoxingPractice_3840x2160_5994fps_10bit_420,9,49,91.163037
BoxingPractice_3840x2160_5994fps_10bit_420,9,50,90.399482
BoxingPractice_3840x2160_5994fps_10bit_420,9,51,89.625263
BoxingPractice_3840x2160_5994fps_10bit_420,9,52,88.776369
BoxingPractice_3840x2160_5994fps_10bit_420,9,53,87.998954
BoxingPractice_3840x2160_5994fps_10bit_420,9,54,87.023203
BoxingPractice_3840x2160_5994fps_10bit_420,9,55,85.988519
BoxingPractice_3840x2160_5994fps_10bit_420,9,56,84.729099
BoxingPractice_3840x2160_5994fps_10bit_420,9,58,81.602441
BoxingPractice_3840x2160_5994fps_10bit_420,9,60,77.342157
BoxingPractice_3840x2160_5994fps_10bit_420,9,63,59.720039
Tango_3840x2160_5994fps_10bit_420,9,20,98.038379
Tango_3840x2160_5994fps_10bit_420,9,24,97.004289
Tango_3840x2160_5994fps_10bit_420,9,27,95.754087
Tango_3840x2160_5994fps_10bit_420,9,28,95.321254
Tango_3840x2160_5994fps_10bit_420,9,29,94.878905
Tango_3840x2160_5994fps_10bit_420,9,30,94.432814
Tango_3840x2160_5994fps_10bit_420,9,31,93.794529
Tango_3840x2160_5994fps_10bit_420,9,32,93.260696
Tango_3840x2160_5994fps_10bit_420,9,33,92.728135
Tango_3840x2160_5994fps_10bit_420,9,34,92.143223
Tango_3840x2160_5994fps_10bit_420,9,35,91.515809
Tango_3840x2160_5994fps_10bit_420,9,36,90.839307
Tango_3840x2160_5994fps_10bit_420,9,37,90.122114
Tango_3840x2160_5994fps_10bit_420,9,38,89.372049
Tango_3840x2160_5994fps_10bit_420,9,39,88.510704
Tango_3840x2160_5994fps_10bit_420,9,40,87.718498
Tango_3840x2160_5994fps_10bit_420,9,41,86.804938
Tango_3840x2160_5994fps_10bit_420,9,42,85.890425
Tango_3840x2160_5994fps_10bit_420,9,43,84.854094
Tango_3840x2160_5994fps_10bit_420,9,44,84.127965
Tango_3840x2160_5994fps_10bit_420,9,45,83.098938
Tango_3840x2160_5994fps_10bit_420,9,46,82.035654
Tango_3840x2160_5994fps_10bit_420,9,47,80.905401
Tango_3840x2160_5994fps_10bit_420,9,48,79.737176
Tango_3840x2160_5994fps_10bit_420,9,49,78.580601
Tango_3840x2160_5994fps_10bit_420,9,50,77.359757
Tango_3840x2160_5994fps_10bit_420,9,51,76.077404
Tango_3840x2160_5994fps_10bit_420,9,52,74.798187
Tango_3840x2160_5994fps_10bit_420,9,53,73.478441
Tango_3840x2160_5994fps_10bit_420,9,54,72.035431
Tango_3840x2160_5994fps_10bit_420,9,55,70.44519
Tango_3840x2160_5994fps_10bit_420,9,56,68.563401
Tango_3840x2160_5994fps_10bit_420,9,58,64.047322
Tango_3840x2160_5994fps_10bit_420,9,60,58.282054
Tango_3840x2160_5994fps_10bit_420,9,63,39.284695
TimeLapse_3840x2160_5994fps_10bit_420,9,20,95.473337
TimeLapse_3840x2160_5994fps_10bit_420,9,24,94.956565
TimeLapse_3840x2160_5994fps_10bit_420,9,27,94.321573
TimeLapse_3840x2160_5994fps_10bit_420,9,28,94.099033
TimeLapse_3840x2160_5994fps_10bit_420,9,29,93.859034
TimeLapse_3840x2160_5994fps_10bit_420,9,30,93.624776
TimeLapse_3840x2160_5994fps_10bit_420,9,31,93.304442
TimeLapse_3840x2160_5994fps_10bit_420,9,32,92.965026
TimeLapse_3840x2160_5994fps_10bit_420,9,33,92.68608
TimeLapse_3840x2160_5994fps_10bit_420,9,34,92.381522
TimeLapse_3840x2160_5994fps_10bit_420,9,35,92.050803
TimeLapse_3840x2160_5994fps_10bit_420,9,36,91.680825
TimeLapse_3840x2160_5994fps_10bit_420,9,37,91.322479
TimeLapse_3840x2160_5994fps_10bit_420,9,38,90.904192
TimeLapse_3840x2160_5994fps_10bit_420,9,39,90.483118
TimeLapse_3840x2160_5994fps_10bit_420,9,40,90.134731
TimeLapse_3840x2160_5994fps_10bit_420,9,41,89.685832
TimeLapse_3840x2160_5994fps_10bit_420,9,42,89.198349
TimeLapse_3840x2160_5994fps_10bit_420,9,43,88.733526
TimeLapse_3840x2160_5994fps_10bit_420,9,44,88.332409
TimeLapse_3840x2160_5994fps_10bit_420,9,45,87.808572
TimeLapse_3840x2160_5994fps_10bit_420,9,46,87.14079
TimeLapse_3840x2160_5994fps_10bit_420,9,47,86.627404
TimeLapse_3840x2160_5994fps_10bit_420,9,48,86.112142
TimeLapse_3840x2160_5994fps_10bit_420,9,49,85.570924
TimeLapse_3840x2160_5994fps_10bit_420,9,50,84.991502
TimeLapse_3840x2160_5994fps_10bit_420,9,51,84.442444
TimeLapse_3840x2160_5994fps_10bit_420,9,52,84.025788
TimeLapse_3840x2160_5994fps_10bit_420,9,53,83.174346
TimeLapse_3840x2160_5994fps_10bit_420,9,54,82.543263
TimeLapse_3840x2160_5994fps_10bit_420,9,55,81.733653
TimeLapse_3840x2160_5994fps_10bit_420,9,56,80.749317
TimeLapse_3840x2160_5994fps_10bit_420,9,58,78.203467
TimeLapse_3840x2160_5994fps_10bit_420,9,60,74.317848
TimeLapse_3840x2160_5994fps_10bit_420,9,63,62.454109
SparksElevator_480x270p_5994_10bit,8,20,96.997772
SparksElevator_480x270p_5994_10bit,8,24,96.309569
SparksElevator_480x270p_5994_10bit,8,27,95.188934
SparksElevator_480x270p_5994_10bit,8,28,94.911968
SparksElevator_480x270p_5994_10bit,8,29,94.626981
SparksElevator_480x270p_5994_10bit,8,30,94.158813
SparksElevator_480x270p_5994_10bit,8,31,93.721815
SparksElevator_480x270p_5994_10bit,8,32,93.242051
SparksElevator_480x270p_5994_10bit,8,33,92.694765
SparksElevator_480x270p_5994_10bit,8,34,92.251043
SparksElevator_480x270p_5994_10bit,8,35,91.693526
SparksElevator_480x270p_5994_10bit,8,36,91.21764
SparksElevator_480x270p_5994_10bit,8,37,90.711296
SparksElevator_480x270p_5994_10bit,8,38,89.983874
SparksElevator_480x270p_5994_10bit,8,39,89.38961
SparksElevator_480x270p_5994_10bit,8,40,88.801868
SparksElevator_480x270p_5994_10bit,8,41,88.151974
SparksElevator_480x270p_5994_10bit,8,42,87.656719
SparksElevator_480x270p_5994_10bit,8,43,86.990622
SparksElevator_480x270p_5994_10bit,8,44,86.326635
SparksElevator_480x270p_5994_10bit,8,45,85.565783
SparksElevator_480x270p_5994_10bit,8,46,84.827423
SparksElevator_480x270p_5994_10bit,8,47,84.240941
SparksElevator_480x270p_5994_10bit,8,48,83.431747
SparksElevator_480x270p_5994_10bit,8,49,82.571594
SparksElevator_480x270p_5994_10bit,8,50,81.672748
SparksElevator_480x270p_5994_10bit,8,51,80.76786
SparksElevator_480x270p_5994_10bit,8,52,79.915445
SparksElevator_480x270p_5994_10bit,8,53,78.758069
SparksElevator_480x270p_5994_10bit,8,54,77.630481
SparksElevator_480x270p_5994_10bit,8,55,76.540929
SparksElevator_480x270p_5994_10bit,8,56,75.052525
SparksElevator_480x270p_5994_10bit,8,58,71.811002
SparksElevator_480x270p_5994_10bit,8,60,66.927542
SparksElevator_480x270p_5994_10bit,8,63,52.216127
ParkJoy_480x270_50,8,20,99.63155
ParkJoy_480x270_50,8,24,99.291
ParkJoy_480x270_50,8,27,98.738152
ParkJoy_480x270_50,8,28,98.543349
ParkJoy_480x270_50,8,29,98.301886
ParkJoy_480x270_50,8,30,98.036276
ParkJoy_480x270_50,8,31,97.713283
ParkJoy_480x270_50,8,32,97.179048
ParkJoy_480x270_50,8,33,96.76135
ParkJoy_480x270_50,8,34,96.26243
ParkJoy_480x270_50,8,35,95.657711
ParkJoy_480x270_50,8,36,94.953703
ParkJoy_480x270_50,8,37,94.361542
ParkJoy_480x270_50,8,38,93.624691
ParkJoy_480x270_50,8,39,92.725958
ParkJoy_480x270_50,8,40,92.034333
ParkJoy_480x270_50,8,41,91.0862
ParkJoy_480x270_50,8,42,90.372365
ParkJoy_480x270_50,8,43,89.377304
ParkJoy_480x270_50,8,44,88.443439
ParkJoy_480x270_50,8,45,87.662843
ParkJoy_480x270_50,8,46,86.566302
ParkJoy_480x270_50,8,47,85.766467
ParkJoy_480x270_50,8,48,84.804589
ParkJoy_480x270_50,8,49,83.799367
ParkJoy_480x270_50,8,50,82.944137
ParkJoy_480x270_50,8,51,81.777912
ParkJoy_480x270_50,8,52,80.844903
ParkJoy_480x270_50,8,53,79.549515
ParkJoy_480x270_50,8,54,78.203782
ParkJoy_480x270_50,8,55,76.774315
ParkJoy_480x270_50,8,56,74.547245
ParkJoy_480x270_50,8,58,70.044226
ParkJoy_480x270_50,8,60,64.047321
ParkJoy_480x270_50,8,63,43.338739
BlueSky_360p25,8,20,98.614774
BlueSky_360p25,8,24,98.436404
BlueSky_360p25,8,27,98.223915
BlueSky_360p25,8,28,98.146646
BlueSky_360p25,8,29,98.088593
BlueSky_360p25,8,30,97.999875
BlueSky_360p25,8,31,97.911029
BlueSky_360p25,8,32,97.799056
BlueSky_360p25,8,33,97.694353
BlueSky_360p25,8,34,97.625686
BlueSky_360p25,8,35,97.465327
BlueSky_360p25,8,36,97.346353
BlueSky_360p25,8,37,97.265686
BlueSky_360p25,8,38,97.137034
BlueSky_360p25,8,39,96.969605
BlueSky_360p25,8,40,96.846624
BlueSky_360p25,8,41,96.604607
BlueSky_360p25,8,42,96.340043
BlueSky_360p25,8,43,95.985717
BlueSky_360p25,8,44,95.736956
BlueSky_360p25,8,45,95.585319
BlueSky_360p25,8,46,95.285225
BlueSky_360p25,8,47,95.196767
BlueSky_360p25,8,48,94.755555
BlueSky_360p25,8,49,94.259285
BlueSky_360p25,8,50,94.102751
BlueSky_360p25,8,51,94.007482
BlueSky_360p25,8,52,93.667333
BlueSky_360p25,8,53,93.312414
BlueSky_360p25,8,54,92.523301
BlueSky_360p25,8,55,92.273423
BlueSky_360p25,8,56,91.47456
BlueSky_360p25,8,58,89.862678
BlueSky_360p25,8,60,87.685235
BlueSky_360p25,8,63,76.267931
SnowMountain_640x360_2997,8,20,95.924002
SnowMountain_640x360_2997,8,24,95.541959
SnowMountain_640x360_2997,8,27,95.154101
SnowMountain_640x360_2997,8,28,95.073705
SnowMountain_640x360_2997,8,29,95.014741
SnowMountain_640x360_2997,8,30,94.925494
SnowMountain_640x360_2997,8,31,94.798832
SnowMountain_640x360_2997,8,32,94.679686
SnowMountain_640x360_2997,8,33,94.590866
SnowMountain_640x360_2997,8,34,94.465609
SnowMountain_640x360_2997,8,35,94.367498
SnowMountain_640x360_2997,8,36,94.32738
SnowMountain_640x360_2997,8,37,94.183899
SnowMountain_640x360_2997,8,38,94.09645
SnowMountain_640x360_2997,8,39,93.981714
SnowMountain_640x360_2997,8,40,93.89916
SnowMountain_640x360_2997,8,41,93.80374
SnowMountain_640x360_2997,8,42,93.651112
SnowMountain_640x360_2997,8,43,93.538204
SnowMountain_640x360_2997,8,44,93.412203
SnowMountain_640x360_2997,8,45,93.218426
SnowMountain_640x360_2997,8,46,93.150774
SnowMountain_640x360_2997,8,47,92.86172
SnowMountain_640x360_2997,8,48,92.73799
SnowMountain_640x360_2997,8,49,92.549575
SnowMountain_640x360_2997,8,50,92.371736
SnowMountain_640x360_2997,8,51,92.159439
SnowMountain_640x360_2997,8,52,92.087446
SnowMountain_640x360_2997,8,53,91.681099
SnowMountain_640x360_2997,8,54,91.531459
SnowMountain_640x360_2997,8,55,91.336288
SnowMountain_640x360_2997,8,56,90.902512
SnowMountain_640x360_2997,8,58,90.141291
SnowMountain_640x360_2997,8,60,89.024041
SnowMountain_640x360_2997,8,63,84.267953
RedKayak_360_2997,8,20,99.956404
RedKayak_360_2997,8,24,99.953128
RedKayak_360_2997,8,27,99.855694
RedKayak_360_2997,8,28,99.743353
RedKayak_360_2997,8,29,99.621039
RedKayak_360_2997,8,30,99.478686
RedKayak_360_2997,8,31,99.151041
RedKayak_360_2997,8,32,98.470406
RedKayak_360_2997,8,33,97.80911
RedKayak_360_2997,8,34,97.186443
RedKayak_360_2997,8,35,96.016374
RedKayak_360_2997,8,36,94.871394
RedKayak_360_2997,8,37,93.879742
RedKayak_360_2997,8,38,92.328162
RedKayak_360_2997,8,39,90.632549
RedKayak_360_2997,8,40,89.058409
RedKayak_360_2997,8,41,87.087902
RedKayak_360_2997,8,42,85.271957
RedKayak_360_2997,8,43,83.069277
RedKayak_360_2997,8,44,80.877836
RedKayak_360_2997,8,45,78.627739
RedKayak_360_2997,8,46,76.115035
RedKayak_360_2997,8,47,73.792807
RedKayak_360_2997,8,48,70.95267
RedKayak_360_2997,8,49,68.099086
RedKayak_360_2997,8,50,65.33809
RedKayak_360_2997,8,51,62.434033
RedKayak_360_2997,8,52,59.247347
RedKayak_360_2997,8,53,55.979967
RedKayak_360_2997,8,54,52.697816
RedKayak_360_2997,8,55,48.686628
RedKayak_360_2997,8,56,43.646124
RedKayak_360_2997,8,58,35.193934
RedKayak_360_2997,8,60,25.383336
RedKayak_360_2997,8,63,9.18771
TouchdownPass_640x360_2997,8,20,97.459859
TouchdownPass_640x360_2997,8,24,97.005552
TouchdownPass_640x360_2997,8,27,96.415962
TouchdownPass_640x360_2997,8,28,96.176524
TouchdownPass_640x360_2997,8,29,96.049234
TouchdownPass_640x360_2997,8,30,95.750943
TouchdownPass_640x360_2997,8,31,95.581292
TouchdownPass_640x360_2997,8,32,95.213826
TouchdownPass_640x360_2997,8,33,94.946275
TouchdownPass_640x360_2997,8,34,94.67521
TouchdownPass_640x360_2997,8,35,94.276255
TouchdownPass_640x360_2997,8,36,93.911886
TouchdownPass_640x360_2997,8,37,93.558187
TouchdownPass_640x360_2997,8,38,93.131643
TouchdownPass_640x360_2997,8,39,92.702288
TouchdownPass_640x360_2997,8,40,92.460247
TouchdownPass_640x360_2997,8,41,91.95105
TouchdownPass_640x360_2997,8,42,91.485311
TouchdownPass_640x360_2997,8,43,91.044468
TouchdownPass_640x360_2997,8,44,90.498354
TouchdownPass_640x360_2997,8,45,90.134133
TouchdownPass_640x360_2997,8,46,89.567855
TouchdownPass_640x360_2997,8,47,88.994192
TouchdownPass_640x360_2997,8,48,88.441806
TouchdownPass_640x360_2997,8,49,87.654587
TouchdownPass_640x360_2997,8,50,87.26719
TouchdownPass_640x360_2997,8,51,86.546128
TouchdownPass_640x360_2997,8,52,85.724308
TouchdownPass_640x360_2997,8,53,84.858413
TouchdownPass_640x360_2997,8,54,84.225744
TouchdownPass_640x360_2997,8,55,83.210099
TouchdownPass_640x360_2997,8,56,81.676185
TouchdownPass_640x360_2997,8,58,78.733657
TouchdownPass_640x360_2997,8,60,74.064829
TouchdownPass_640x360_2997,8,63,58.262799
Stockholm_640x360_5994,8,20,99.829201
Stockholm_640x360_5994,8,24,99.704926
Stockholm_640x360_5994,8,27,99.591524
Stockholm_640x360_5994,8,28,99.503976
Stockholm_640x360_5994,8,29,99.432723
Stockholm_640x360_5994,8,30,99.364341
Stockholm_640x360_5994,8,31,99.20782
Stockholm_640x360_5994,8,32,99.108626
Stockholm_640x360_5994,8,33,99.003984
Stockholm_640x360_5994,8,34,98.991696
Stockholm_640x360_5994,8,35,98.772425
Stockholm_640x360_5994,8,36,98.669314
Stockholm_640x360_5994,8,37,98.639107
Stockholm_640x360_5994,8,38,98.52112
Stockholm_640x360_5994,8,39,98.33871
Stockholm_640x360_5994,8,40,98.355632
Stockholm_640x360_5994,8,41,98.157203
Stockholm_640x360_5994,8,42,98.127719
Stockholm_640x360_5994,8,43,98.089174
Stockholm_640x360_5994,8,44,97.799875
Stockholm_640x360_5994,8,45,97.895323
Stockholm_640x360_5994,8,46,97.616078
Stockholm_640x360_5994,8,47,97.448857
Stockholm_640x360_5994,8,48,97.414579
Stockholm_640x360_5994,8,49,97.167884
Stockholm_640x360_5994,8,50,96.926069
Stockholm_640x360_5994,8,51,96.731649
Stockholm_640x360_5994,8,52,96.472671
Stockholm_640x360_5994,8,53,96.189192
Stockholm_640x360_5994,8,54,95.719783
Stockholm_640x360_5994,8,55,95.310451
Stockholm_640x360_5994,8,56,94.79161
Stockholm_640x360_5994,8,58,93.499547
Stockholm_640x360_5994,8,60,90.978159
Stockholm_640x360_5994,8,63,81.699045
SpeedBag_640x360_2997,8,20,97.613828
SpeedBag_640x360_2997,8,24,97.276162
SpeedBag_640x360_2997,8,27,96.874609
SpeedBag_640x360_2997,8,28,96.766167
SpeedBag_640x360_2997,8,29,96.664392
SpeedBag_640x360_2997,8,30,96.538226
SpeedBag_640x360_2997,8,31,96.397212
SpeedBag_640x360_2997,8,32,96.144969
SpeedBag_640x360_2997,8,33,95.959304
SpeedBag_640x360_2997,8,34,95.81014
SpeedBag_640x360_2997,8,35,95.575241
SpeedBag_640x360_2997,8,36,95.243585
SpeedBag_640x360_2997,8,37,94.977883
SpeedBag_640x360_2997,8,38,94.827478
SpeedBag_640x360_2997,8,39,94.480907
SpeedBag_640x360_2997,8,40,94.142513
SpeedBag_640x360_2997,8,41,93.907211
SpeedBag_640x360_2997,8,42,93.560966
SpeedBag_640x360_2997,8,43,93.104757
SpeedBag_640x360_2997,8,44,92.765788
SpeedBag_640x360_2997,8,45,92.365489
SpeedBag_640x360_2997,8,46,91.887739
SpeedBag_640x360_2997,8,47,91.507121
SpeedBag_640x360_2997,8,48,90.964491
SpeedBag_640x360_2997,8,49,90.546784
SpeedBag_640x360_2997,8,50,90.018375
SpeedBag_640x360_2997,8,51,89.198775
SpeedBag_640x360_2997,8,52,88.557071
SpeedBag_640x360_2997,8,53,87.93831
SpeedBag_640x360_2997,8,54,87.074802
SpeedBag_640x360_2997,8,55,86.187312
SpeedBag_640x360_2997,8,56,85.102139
SpeedBag_640x360_2997,8,58,82.822823
SpeedBag_640x360_2997,8,60,79.293374
SpeedBag_640x360_2997,8,63,66.022728
KristenAndSara_1280x720_60,8,20,96.566037
KristenAndSara_1280x720_60,8,24,96.416357
KristenAndSara_1280x720_60,8,27,96.186696
KristenAndSara_1280x720_60,8,28,96.103018
KristenAndSara_1280x720_60,8,29,96.011211
KristenAndSara_1280x720_60,8,30,95.943113
KristenAndSara_1280x720_60,8,31,95.900469
KristenAndSara_1280x720_60,8,32,95.748294
KristenAndSara_1280x720_60,8,33,95.654947
KristenAndSara_1280x720_60,8,34,95.518984
KristenAndSara_1280x720_60,8,35,95.415342
KristenAndSara_1280x720_60,8,36,95.264981
KristenAndSara_1280x720_60,8,37,95.124434
KristenAndSara_1280x720_60,8,38,94.98242
KristenAndSara_1280x720_60,8,39,94.831178
KristenAndSara_1280x720_60,8,40,94.781611
KristenAndSara_1280x720_60,8,41,94.609416
KristenAndSara_1280x720_60,8,42,94.462224
KristenAndSara_1280x720_60,8,43,94.255436
KristenAndSara_1280x720_60,8,44,94.098773
KristenAndSara_1280x720_60,8,45,93.904816
KristenAndSara_1280x720_60,8,46,93.720517
KristenAndSara_1280x720_60,8,47,93.557392
KristenAndSara_1280x720_60,8,48,93.379239
KristenAndSara_1280x720_60,8,49,93.21105
KristenAndSara_1280x720_60,8,50,92.877182
KristenAndSara_1280x720_60,8,51,92.700858
KristenAndSara_1280x720_60,8,52,92.473409
KristenAndSara_1280x720_60,8,53,92.111875
KristenAndSara_1280x720_60,8,54,91.784516
KristenAndSara_1280x720_60,8,55,91.257953
KristenAndSara_1280x720_60,8,56,90.969814
KristenAndSara_1280x720_60,8,58,89.865448
KristenAndSara_1280x720_60,8,60,88.280392
KristenAndSara_1280x720_60,8,63,81.596224
RollerCoaster_1280x720p_5994_10bit_420,8,20,99.930821
RollerCoaster_1280x720p_5994_10bit_420,8,24,99.848414
RollerCoaster_1280x720p_5994_10bit_420,8,27,99.611445
RollerCoaster_1280x720p_5994_10bit_420,8,28,99.465877
RollerCoaster_1280x720p_5994_10bit_420,8,29,99.34316
RollerCoaster_1280x720p_5994_10bit_420,8,30,99.202607
RollerCoaster_1280x720p_5994_10bit_420,8,31,98.952262
RollerCoaster_1280x720p_5994_10bit_420,8,32,98.628248
RollerCoaster_1280x720p_5994_10bit_420,8,33,98.267284
RollerCoaster_1280x720p_5994_10bit_420,8,34,97.954029
RollerCoaster_1280x720p_5994_10bit_420,8,35,97.524904
RollerCoaster_1280x720p_5994_10bit_420,8,36,97.016917
RollerCoaster_1280x720p_5994_10bit_420,8,37,96.531352
RollerCoaster_1280x720p_5994_10bit_420,8,38,96.026452
RollerCoaster_1280x720p_5994_10bit_420,8,39,95.458392
RollerCoaster_1280x720p_5994_10bit_420,8,40,95.455143
RollerCoaster_1280x720p_5994_10bit_420,8,41,94.829895
RollerCoaster_1280x720p_5994_10bit_420,8,42,94.279588
RollerCoaster_1280x720p_5994_10bit_420,8,43,93.647006
RollerCoaster_1280x720p_5994_10bit_420,8,44,93.003765
RollerCoaster_1280x720p_5994_10bit_420,8,45,92.150814
RollerCoaster_1280x720p_5994_10bit_420,8,46,91.534988
RollerCoaster_1280x720p_5994_10bit_420,8,47,90.693005
RollerCoaster_1280x720p_5994_10bit_420,8,48,89.85733
RollerCoaster_1280x720p_5994_10bit_420,8,49,89.185873
RollerCoaster_1280x720p_5994_10bit_420,8,50,88.305078
RollerCoaster_1280x720p_5994_10bit_420,8,51,87.420881
RollerCoaster_1280x720p_5994_10bit_420,8,52,86.398374
RollerCoaster_1280x720p_5994_10bit_420,8,53,85.313429
RollerCoaster_1280x720p_5994_10bit_420,8,54,84.088663
RollerCoaster_1280x720p_5994_10bit_420,8,55,82.97414
RollerCoaster_1280x720p_5994_10bit_420,8,56,81.372495
RollerCoaster_1280x720p_5994_10bit_420,8,58,77.438445
RollerCoaster_1280x720p_5994_10bit_420,8,60,72.018257
RollerCoaster_1280x720p_5994_10bit_420,8,63,51.497955
WestWindEasy_1280x720p30_420,8,20,99.96533
WestWindEasy_1280x720p30_420,8,24,99.96165
WestWindEasy_1280x720p30_420,8,27,99.957693
WestWindEasy_1280x720p30_420,8,28,99.956485
WestWindEasy_1280x720p30_420,8,29,99.954129
WestWindEasy_1280x720p30_420,8,30,99.953361
WestWindEasy_1280x720p30_420,8,31,99.951307
WestWindEasy_1280x720p30_420,8,32,99.949115
WestWindEasy_1280x720p30_420,8,33,99.946491
WestWindEasy_1280x720p30_420,8,34,99.944559
WestWindEasy_1280x720p30_420,8,35,99.93566
WestWindEasy_1280x720p30_420,8,36,99.904872
WestWindEasy_1280x720p30_420,8,37,99.866066
WestWindEasy_1280x720p30_420,8,38,99.760422
WestWindEasy_1280x720p30_420,8,39,99.566565
WestWindEasy_1280x720p30_420,8,40,99.322256
WestWindEasy_1280x720p30_420,8,41,98.934878
WestWindEasy_1280x720p30_420,8,42,98.52072
WestWindEasy_1280x720p30_420,8,43,98.010472
WestWindEasy_1280x720p30_420,8,44,97.353728
WestWindEasy_1280x720p30_420,8,45,96.626097
WestWindEasy_1280x720p30_420,8,46,95.761196
WestWindEasy_1280x720p30_420,8,47,94.923407
WestWindEasy_1280x720p30_420,8,48,93.903624
WestWindEasy_1280x720p30_420,8,49,92.824243
WestWindEasy_1280x720p30_420,8,50,91.837554
WestWindEasy_1280x720p30_420,8,51,90.61543
WestWindEasy_1280x720p30_420,8,52,89.366806
WestWindEasy_1280x720p30_420,8,53,87.911031
WestWindEasy_1280x720p30_420,8,54,86.493775
WestWindEasy_1280x720p30_420,8,55,84.94646
WestWindEasy_1280x720p30_420,8,56,82.940984
WestWindEasy_1280x720p30_420,8,58,79.660077
WestWindEasy_1280x720p30_420,8,60,75.568752
WestWindEasy_1280x720p30_420,8,63,65.975509
Vidyo4_1280x720p_60fps,8,20,96.510876
Vidyo4_1280x720p_60fps,8,24,96.130123
Vidyo4_1280x720p_60fps,8,27,95.70585
Vidyo4_1280x720p_60fps,8,28,95.591218
Vidyo4_1280x720p_60fps,8,29,95.51729
Vidyo4_1280x720p_60fps,8,30,95.366477
Vidyo4_1280x720p_60fps,8,31,95.221409
Vidyo4_1280x720p_60fps,8,32,95.050624
Vidyo4_1280x720p_60fps,8,33,94.936359
Vidyo4_1280x720p_60fps,8,34,94.825267
Vidyo4_1280x720p_60fps,8,35,94.652326
Vidyo4_1280x720p_60fps,8,36,94.438481
Vidyo4_1280x720p_60fps,8,37,94.321864
Vidyo4_1280x720p_60fps,8,38,94.073118
Vidyo4_1280x720p_60fps,8,39,93.885258
Vidyo4_1280x720p_60fps,8,40,93.782421
Vidyo4_1280x720p_60fps,8,41,93.652282
Vidyo4_1280x720p_60fps,8,42,93.410385
Vidyo4_1280x720p_60fps,8,43,93.146521
Vidyo4_1280x720p_60fps,8,44,92.948091
Vidyo4_1280x720p_60fps,8,45,92.656295
Vidyo4_1280x720p_60fps,8,46,92.418197
Vidyo4_1280x720p_60fps,8,47,92.066157
Vidyo4_1280x720p_60fps,8,48,91.796169
Vidyo4_1280x720p_60fps,8,49,91.450612
Vidyo4_1280x720p_60fps,8,50,91.209802
Vidyo4_1280x720p_60fps,8,51,90.792888
Vidyo4_1280x720p_60fps,8,52,90.411931
Vidyo4_1280x720p_60fps,8,53,90.076815
Vidyo4_1280x720p_60fps,8,54,89.534283
Vidyo4_1280x720p_60fps,8,55,89.023216
Vidyo4_1280x720p_60fps,8,56,88.2682
Vidyo4_1280x720p_60fps,8,58,86.660811
Vidyo4_1280x720p_60fps,8,60,84.53421
Vidyo4_1280x720p_60fps,8,63,75.854076
Vidyo3_1280x720p_60fps,8,20,95.604099
Vidyo3_1280x720p_60fps,8,24,95.246089
Vidyo3_1280x720p_60fps,8,27,94.813523
Vidyo3_1280x720p_60fps,8,28,94.745781
Vidyo3_1280x720p_60fps,8,29,94.610554
Vidyo3_1280x720p_60fps,8,30,94.492798
Vidyo3_1280x720p_60fps,8,31,94.310656
Vidyo3_1280x720p_60fps,8,32,94.131248
Vidyo3_1280x720p_60fps,8,33,93.99371
Vidyo3_1280x720p_60fps,8,34,93.80688
Vidyo3_1280x720p_60fps,8,35,93.603577
Vidyo3_1280x720p_60fps,8,36,93.324095
Vidyo3_1280x720p_60fps,8,37,93.266558
Vidyo3_1280x720p_60fps,8,38,92.956717
Vidyo3_1280x720p_60fps,8,39,92.787889
Vidyo3_1280x720p_60fps,8,40,92.801543
Vidyo3_1280x720p_60fps,8,41,92.56059
Vidyo3_1280x720p_60fps,8,42,92.337775
Vidyo3_1280x720p_60fps,8,43,92.01888
Vidyo3_1280x720p_60fps,8,44,91.803578
Vidyo3_1280x720p_60fps,8,45,91.55029
Vidyo3_1280x720p_60fps,8,46,91.191354
Vidyo3_1280x720p_60fps,8,47,90.936203
Vidyo3_1280x720p_60fps,8,48,90.542693
Vidyo3_1280x720p_60fps,8,49,90.293196
Vidyo3_1280x720p_60fps,8,50,89.960094
Vidyo3_1280x720p_60fps,8,51,89.644423
Vidyo3_1280x720p_60fps,8,52,89.079772
Vidyo3_1280x720p_60fps,8,53,88.744
Vidyo3_1280x720p_60fps,8,54,88.200706
Vidyo3_1280x720p_60fps,8,55,87.646967
Vidyo3_1280x720p_60fps,8,56,86.967988
Vidyo3_1280x720p_60fps,8,58,85.515671
Vidyo3_1280x720p_60fps,8,60,83.027797
Vidyo3_1280x720p_60fps,8,63,73.217199
ControlledBurn_1280x720p30_420,8,20,97.115169
ControlledBurn_1280x720p30_420,8,24,96.276562
ControlledBurn_1280x720p30_420,8,27,95.161083
ControlledBurn_1280x720p30_420,8,28,94.794372
ControlledBurn_1280x720p30_420,8,29,94.440371
ControlledBurn_1280x720p30_420,8,30,94.030406
ControlledBurn_1280x720p30_420,8,31,93.52975
ControlledBurn_1280x720p30_420,8,32,92.854754
ControlledBurn_1280x720p30_420,8,33,92.335561
ControlledBurn_1280x720p30_420,8,34,91.834718
ControlledBurn_1280x720p30_420,8,35,91.149059
ControlledBurn_1280x720p30_420,8,36,90.487272
ControlledBurn_1280x720p30_420,8,37,89.799557
ControlledBurn_1280x720p30_420,8,38,89.009069
ControlledBurn_1280x720p30_420,8,39,88.146724
ControlledBurn_1280x720p30_420,8,40,87.485598
ControlledBurn_1280x720p30_420,8,41,86.493805
ControlledBurn_1280x720p30_420,8,42,85.659385
ControlledBurn_1280x720p30_420,8,43,84.711936
ControlledBurn_1280x720p30_420,8,44,83.683996
ControlledBurn_1280x720p30_420,8,45,82.569498
ControlledBurn_1280x720p30_420,8,46,81.586012
ControlledBurn_1280x720p30_420,8,47,80.666032
ControlledBurn_1280x720p30_420,8,48,79.429267
ControlledBurn_1280x720p30_420,8,49,78.469101
ControlledBurn_1280x720p30_420,8,50,77.191149
ControlledBurn_1280x720p30_420,8,51,76.073476
ControlledBurn_1280x720p30_420,8,52,74.85688
ControlledBurn_1280x720p30_420,8,53,73.504356
ControlledBurn_1280x720p30_420,8,54,72.146091
ControlledBurn_1280x720p30_420,8,55,70.735037
ControlledBurn_1280x720p30_420,8,56,68.930483
ControlledBurn_1280x720p30_420,8,58,65.378585
ControlledBurn_1280x720p30_420,8,60,61.176122
ControlledBurn_1280x720p30_420,8,63,50.20587
DrivingPOV_1280x720p_5994_10bit_420,8,20,98.65284
DrivingPOV_1280x720p_5994_10bit_420,8,24,98.257589
DrivingPOV_1280x720p_5994_10bit_420,8,27,97.620198
DrivingPOV_1280x720p_5994_10bit_420,8,28,97.440505
DrivingPOV_1280x720p_5994_10bit_420,8,29,97.299244
DrivingPOV_1280x720p_5994_10bit_420,8,30,97.086066
DrivingPOV_1280x720p_5994_10bit_420,8,31,96.876576
DrivingPOV_1280x720p_5994_10bit_420,8,32,96.65907
DrivingPOV_1280x720p_5994_10bit_420,8,33,96.445972
DrivingPOV_1280x720p_5994_10bit_420,8,34,96.24022
DrivingPOV_1280x720p_5994_10bit_420,8,35,95.927656
DrivingPOV_1280x720p_5994_10bit_420,8,36,95.684935
DrivingPOV_1280x720p_5994_10bit_420,8,37,95.387263
DrivingPOV_1280x720p_5994_10bit_420,8,38,95.069088
DrivingPOV_1280x720p_5994_10bit_420,8,39,94.763998
DrivingPOV_1280x720p_5994_10bit_420,8,40,94.964541
DrivingPOV_1280x720p_5994_10bit_420,8,41,94.61018
DrivingPOV_1280x720p_5994_10bit_420,8,42,94.368047
DrivingPOV_1280x720p_5994_10bit_420,8,43,93.985758
DrivingPOV_1280x720p_5994_10bit_420,8,44,93.658499
DrivingPOV_1280x720p_5994_10bit_420,8,45,93.257529
DrivingPOV_1280x720p_5994_10bit_420,8,46,92.915579
DrivingPOV_1280x720p_5994_10bit_420,8,47,92.509714
DrivingPOV_1280x720p_5994_10bit_420,8,48,92.062926
DrivingPOV_1280x720p_5994_10bit_420,8,49,91.66712
DrivingPOV_1280x720p_5994_10bit_420,8,50,91.170175
DrivingPOV_1280x720p_5994_10bit_420,8,51,90.628578
DrivingPOV_1280x720p_5994_10bit_420,8,52,90.163172
DrivingPOV_1280x720p_5994_10bit_420,8,53,89.551691
DrivingPOV_1280x720p_5994_10bit_420,8,54,88.854458
DrivingPOV_1280x720p_5994_10bit_420,8,55,88.027283
DrivingPOV_1280x720p_5994_10bit_420,8,56,87.196415
DrivingPOV_1280x720p_5994_10bit_420,8,58,84.821642
DrivingPOV_1280x720p_5994_10bit_420,8,60,81.051112
DrivingPOV_1280x720p_5994_10bit_420,8,63,66.188433
Johnny_1280x720_60,8,20,96.244162
Johnny_1280x720_60,8,24,96.052568
Johnny_1280x720_60,8,27,95.801744
Johnny_1280x720_60,8,28,95.776492
Johnny_1280x720_60,8,29,95.711946
Johnny_1280x720_60,8,30,95.615463
Johnny_1280x720_60,8,31,95.510439
Johnny_1280x720_60,8,32,95.391297
Johnny_1280x720_60,8,33,95.287041
Johnny_1280x720_60,8,34,95.18412
Johnny_1280x720_60,8,35,95.027693
Johnny_1280x720_60,8,36,94.898642
Johnny_1280x720_60,8,37,94.788677
Johnny_1280x720_60,8,38,94.655826
Johnny_1280x720_60,8,39,94.536609
Johnny_1280x720_60,8,40,94.455671
Johnny_1280x720_60,8,41,94.42838
Johnny_1280x720_60,8,42,94.237989
Johnny_1280x720_60,8,43,94.084014
Johnny_1280x720_60,8,44,93.970135
Johnny_1280x720_60,8,45,93.752175
Johnny_1280x720_60,8,46,93.576257
Johnny_1280x720_60,8,47,93.468615
Johnny_1280x720_60,8,48,93.239836
Johnny_1280x720_60,8,49,92.991191
Johnny_1280x720_60,8,50,92.923579
Johnny_1280x720_60,8,51,92.769044
Johnny_1280x720_60,8,52,92.46378
Johnny_1280x720_60,8,53,92.322038
Johnny_1280x720_60,8,54,92.125646
Johnny_1280x720_60,8,55,91.794104
Johnny_1280x720_60,8,56,91.378488
Johnny_1280x720_60,8,58,90.404343
Johnny_1280x720_60,8,60,89.006455
Johnny_1280x720_60,8,63,82.992371
RushFieldCuts_1920x1080_2997,8,20,99.140463
RushFieldCuts_1920x1080_2997,8,24,98.174285
RushFieldCuts_1920x1080_2997,8,27,96.772855
RushFieldCuts_1920x1080_2997,8,28,96.360665
RushFieldCuts_1920x1080_2997,8,29,95.930845
RushFieldCuts_1920x1080_2997,8,30,95.547455
RushFieldCuts_1920x1080_2997,8,31,95.000157
RushFieldCuts_1920x1080_2997,8,32,94.343587
RushFieldCuts_1920x1080_2997,8,33,93.757503
RushFieldCuts_1920x1080_2997,8,34,93.212821
RushFieldCuts_1920x1080_2997,8,35,92.546243
RushFieldCuts_1920x1080_2997,8,36,91.913482
RushFieldCuts_1920x1080_2997,8,37,91.27327
RushFieldCuts_1920x1080_2997,8,38,90.482112
RushFieldCuts_1920x1080_2997,8,39,89.685264
RushFieldCuts_1920x1080_2997,8,40,88.945741
RushFieldCuts_1920x1080_2997,8,41,87.984402
RushFieldCuts_1920x1080_2997,8,42,87.194948
RushFieldCuts_1920x1080_2997,8,43,86.199375
RushFieldCuts_1920x1080_2997,8,44,85.265802
RushFieldCuts_1920x1080_2997,8,45,84.271
RushFieldCuts_1920x1080_2997,8,46,83.20936
RushFieldCuts_1920x1080_2997,8,47,82.216902
RushFieldCuts_1920x1080_2997,8,48,81.237146
RushFieldCuts_1920x1080_2997,8,49,79.949062
RushFieldCuts_1920x1080_2997,8,50,78.673681
RushFieldCuts_1920x1080_2997,8,51,77.372995
RushFieldCuts_1920x1080_2997,8,52,75.970554
RushFieldCuts_1920x1080_2997,8,53,74.328875
RushFieldCuts_1920x1080_2997,8,54,72.930006
RushFieldCuts_1920x1080_2997,8,55,71.360398
RushFieldCuts_1920x1080_2997,8,56,69.28888
RushFieldCuts_1920x1080_2997,8,58,65.060333
RushFieldCuts_1920x1080_2997,8,60,59.438542
RushFieldCuts_1920x1080_2997,8,63,43.787998
Riverbed_1920x1080p25,8,20,99.959327
Riverbed_1920x1080p25,8,24,99.952742
Riverbed_1920x1080p25,8,27,99.940967
Riverbed_1920x1080p25,8,28,99.936382
Riverbed_1920x1080p25,8,29,99.931941
Riverbed_1920x1080p25,8,30,99.927708
Riverbed_1920x1080p25,8,31,99.919083
Riverbed_1920x1080p25,8,32,99.74884
Riverbed_1920x1080p25,8,33,99.411164
Riverbed_1920x1080p25,8,34,98.890557
Riverbed_1920x1080p25,8,35,98.185847
Riverbed_1920x1080p25,8,36,97.346447
Riverbed_1920x1080p25,8,37,96.539607
Riverbed_1920x1080p25,8,38,95.474191
Riverbed_1920x1080p25,8,39,93.952835
Riverbed_1920x1080p25,8,40,92.542865
Riverbed_1920x1080p25,8,41,90.786728
Riverbed_1920x1080p25,8,42,89.120038
Riverbed_1920x1080p25,8,43,87.223617
Riverbed_1920x1080p25,8,44,85.245066
Riverbed_1920x1080p25,8,45,83.058276
Riverbed_1920x1080p25,8,46,80.823322
Riverbed_1920x1080p25,8,47,78.673424
Riverbed_1920x1080p25,8,48,76.04923
Riverbed_1920x1080p25,8,49,73.358672
Riverbed_1920x1080p25,8,50,70.942336
Riverbed_1920x1080p25,8,51,68.401922
Riverbed_1920x1080p25,8,52,65.816071
Riverbed_1920x1080p25,8,53,62.873288
Riverbed_1920x1080p25,8,54,60.188821
Riverbed_1920x1080p25,8,55,57.266228
Riverbed_1920x1080p25,8,56,53.326754
Riverbed_1920x1080p25,8,58,46.660677
Riverbed_1920x1080p25,8,60,38.927382
Riverbed_1920x1080p25,8,63,20.968012
Slides1_1920x1080_30fps_8bit_420,8,20,97.362493
Slides1_1920x1080_30fps_8bit_420,8,24,97.206745
Slides1_1920x1080_30fps_8bit_420,8,27,96.997098
Slides1_1920x1080_30fps_8bit_420,8,28,96.984865
Slides1_1920x1080_30fps_8bit_420,8,29,96.930114
Slides1_1920x1080_30fps_8bit_420,8,30,96.847781
Slides1_1920x1080_30fps_8bit_420,8,31,96.792921
Slides1_1920x1080_30fps_8bit_420,8,32,96.721666
Slides1_1920x1080_30fps_8bit_420,8,33,96.582717
Slides1_1920x1080_30fps_8bit_420,8,34,96.499005
Slides1_1920x1080_30fps_8bit_420,8,35,96.428198
Slides1_1920x1080_30fps_8bit_420,8,36,96.334383
Slides1_1920x1080_30fps_8bit_420,8,37,96.235685
Slides1_1920x1080_30fps_8bit_420,8,38,96.160931
Slides1_1920x1080_30fps_8bit_420,8,39,96.105714
Slides1_1920x1080_30fps_8bit_420,8,40,96.067117
Slides1_1920x1080_30fps_8bit_420,8,41,95.853547
Slides1_1920x1080_30fps_8bit_420,8,42,95.72084
Slides1_1920x1080_30fps_8bit_420,8,43,95.568562
Slides1_1920x1080_30fps_8bit_420,8,44,95.470022
Slides1_1920x1080_30fps_8bit_420,8,45,95.220469
Slides1_1920x1080_30fps_8bit_420,8,46,95.17011
Slides1_1920x1080_30fps_8bit_420,8,47,94.996519
Slides1_1920x1080_30fps_8bit_420,8,48,94.738506
Slides1_1920x1080_30fps_8bit_420,8,49,94.698969
Slides1_1920x1080_30fps_8bit_420,8,50,94.558869
Slides1_1920x1080_30fps_8bit_420,8,51,94.309029
Slides1_1920x1080_30fps_8bit_420,8,52,94.12603
Slides1_1920x1080_30fps_8bit_420,8,53,93.90429
Slides1_1920x1080_30fps_8bit_420,8,54,93.525678
Slides1_1920x1080_30fps_8bit_420,8,55,93.451514
Slides1_1920x1080_30fps_8bit_420,8,56,92.837586
Slides1_1920x1080_30fps_8bit_420,8,58,91.736405
Slides1_1920x1080_30fps_8bit_420,8,60,90.858947
Slides1_1920x1080_30fps_8bit_420,8,63,82.387788
MissionControlClip3_1920x1080_60_420,8,20,97.575628
MissionControlClip3_1920x1080_60_420,8,24,97.512935
MissionControlClip3_1920x1080_60_420,8,27,97.430052
MissionControlClip3_1920x1080_60_420,8,28,97.404104
MissionControlClip3_1920x1080_60_420,8,29,97.370627
MissionControlClip3_1920x1080_60_420,8,30,97.348312
MissionControlClip3_1920x1080_60_420,8,31,97.29171
MissionControlClip3_1920x1080_60_420,8,32,97.249512
MissionControlClip3_1920x1080_60_420,8,33,97.211446
MissionControlClip3_1920x1080_60_420,8,34,97.184443
MissionControlClip3_1920x1080_60_420,8,35,97.107211
MissionControlClip3_1920x1080_60_420,8,36,97.06103
MissionControlClip3_1920x1080_60_420,8,37,96.990516
MissionControlClip3_1920x1080_60_420,8,38,96.933855
MissionControlClip3_1920x1080_60_420,8,39,96.839442
MissionControlClip3_1920x1080_60_420,8,40,96.805054
MissionControlClip3_1920x1080_60_420,8,41,96.755728
MissionControlClip3_1920x1080_60_420,8,42,96.654065
MissionControlClip3_1920x1080_60_420,8,43,96.561315
MissionControlClip3_1920x1080_60_420,8,44,96.433912
MissionControlClip3_1920x1080_60_420,8,45,96.33473
MissionControlClip3_1920x1080_60_420,8,46,96.260609
MissionControlClip3_1920x1080_60_420,8,47,96.201544
MissionControlClip3_1920x1080_60_420,8,48,96.091418
MissionControlClip3_1920x1080_60_420,8,49,95.96357
MissionControlClip3_1920x1080_60_420,8,50,95.856846
MissionControlClip3_1920x1080_60_420,8,51,95.72268
MissionControlClip3_1920x1080_60_420,8,52,95.553324
MissionControlClip3_1920x1080_60_420,8,53,95.421141
MissionControlClip3_1920x1080_60_420,8,54,95.258956
MissionControlClip3_1920x1080_60_420,8,55,95.06268
MissionControlClip3_1920x1080_60_420,8,56,94.70281
MissionControlClip3_1920x1080_60_420,8,58,93.980201
MissionControlClip3_1920x1080_60_420,8,60,93.097599
MissionControlClip3_1920x1080_60_420,8,63,88.33386
EuroTruckSimulator2_1920x1080p60,8,20,99.965327
EuroTruckSimulator2_1920x1080p60,8,24,99.961655
EuroTruckSimulator2_1920x1080p60,8,27,99.955604
EuroTruckSimulator2_1920x1080p60,8,28,99.953352
EuroTruckSimulator2_1920x1080p60,8,29,99.931669
EuroTruckSimulator2_1920x1080p60,8,30,99.764361
EuroTruckSimulator2_1920x1080p60,8,31,99.318601
EuroTruckSimulator2_1920x1080p60,8,32,98.745038
EuroTruckSimulator2_1920x1080p60,8,33,98.264612
EuroTruckSimulator2_1920x1080p60,8,34,97.716783
EuroTruckSimulator2_1920x1080p60,8,35,96.943775
EuroTruckSimulator2_1920x1080p60,8,36,96.187907
EuroTruckSimulator2_1920x1080p60,8,37,95.414538
EuroTruckSimulator2_1920x1080p60,8,38,94.485407
EuroTruckSimulator2_1920x1080p60,8,39,93.590887
EuroTruckSimulator2_1920x1080p60,8,40,92.797409
EuroTruckSimulator2_1920x1080p60,8,41,91.879321
EuroTruckSimulator2_1920x1080p60,8,42,91.165999
EuroTruckSimulator2_1920x1080p60,8,43,90.286598
EuroTruckSimulator2_1920x1080p60,8,44,89.452814
EuroTruckSimulator2_1920x1080p60,8,45,88.660258
EuroTruckSimulator2_1920x1080p60,8,46,87.89667
EuroTruckSimulator2_1920x1080p60,8,47,87.233528
EuroTruckSimulator2_1920x1080p60,8,48,86.549767
EuroTruckSimulator2_1920x1080p60,8,49,85.834382
EuroTruckSimulator2_1920x1080p60,8,50,85.150899
EuroTruckSimulator2_1920x1080p60,8,51,84.530754
EuroTruckSimulator2_1920x1080p60,8,52,83.8218
EuroTruckSimulator2_1920x1080p60,8,53,82.937169
EuroTruckSimulator2_1920x1080p60,8,54,82.019297
EuroTruckSimulator2_1920x1080p60,8,55,80.918063
EuroTruckSimulator2_1920x1080p60,8,56,79.733699
EuroTruckSimulator2_1920x1080p60,8,58,76.781554
EuroTruckSimulator2_1920x1080p60,8,60,72.760914
EuroTruckSimulator2_1920x1080p60,8,63,58.221245
PedestrianArea_1920x1080p25,8,20,99.44007
PedestrianArea_1920x1080p25,8,24,99.110786
PedestrianArea_1920x1080p25,8,27,98.611721
PedestrianArea_1920x1080p25,8,28,98.441618
PedestrianArea_1920x1080p25,8,29,98.227778
PedestrianArea_1920x1080p25,8,30,98.024881
PedestrianArea_1920x1080p25,8,31,97.695217
PedestrianArea_1920x1080p25,8,32,97.199046
PedestrianArea_1920x1080p25,8,33,96.82051
PedestrianArea_1920x1080p25,8,34,96.440809
PedestrianArea_1920x1080p25,8,35,95.906457
PedestrianArea_1920x1080p25,8,36,95.343147
PedestrianArea_1920x1080p25,8,37,94.724803
PedestrianArea_1920x1080p25,8,38,94.049318
PedestrianArea_1920x1080p25,8,39,93.356601
PedestrianArea_1920x1080p25,8,40,92.797698
PedestrianArea_1920x1080p25,8,41,91.880109
PedestrianArea_1920x1080p25,8,42,91.092952
PedestrianArea_1920x1080p25,8,43,90.144889
PedestrianArea_1920x1080p25,8,44,89.270755
PedestrianArea_1920x1080p25,8,45,88.270525
PedestrianArea_1920x1080p25,8,46,87.260257
PedestrianArea_1920x1080p25,8,47,86.273611
PedestrianArea_1920x1080p25,8,48,85.163469
PedestrianArea_1920x1080p25,8,49,84.200248
PedestrianArea_1920x1080p25,8,50,82.89944
PedestrianArea_1920x1080p25,8,51,81.592032
PedestrianArea_1920x1080p25,8,52,80.264547
PedestrianArea_1920x1080p25,8,53,78.822738
PedestrianArea_1920x1080p25,8,54,77.339735
PedestrianArea_1920x1080p25,8,55,75.634919
PedestrianArea_1920x1080p25,8,56,73.22794
PedestrianArea_1920x1080p25,8,58,68.959776
PedestrianArea_1920x1080p25,8,60,63.12819
PedestrianArea_1920x1080p25,8,63,46.37856
MountainBike_1920x1080_30fps_8bit,8,20,99.893299
MountainBike_1920x1080_30fps_8bit,8,24,99.875837
MountainBike_1920x1080_30fps_8bit,8,27,99.857463
MountainBike_1920x1080_30fps_8bit,8,28,99.850999
MountainBike_1920x1080_30fps_8bit,8,29,99.843327
MountainBike_1920x1080_30fps_8bit,8,30,99.833651
MountainBike_1920x1080_30fps_8bit,8,31,99.824121
MountainBike_1920x1080_30fps_8bit,8,32,99.813517
MountainBike_1920x1080_30fps_8bit,8,33,99.798152
MountainBike_1920x1080_30fps_8bit,8,34,99.786596
MountainBike_1920x1080_30fps_8bit,8,35,99.773491
MountainBike_1920x1080_30fps_8bit,8,36,99.756354
MountainBike_1920x1080_30fps_8bit,8,37,99.740144
MountainBike_1920x1080_30fps_8bit,8,38,99.718787
MountainBike_1920x1080_30fps_8bit,8,39,99.690715
MountainBike_1920x1080_30fps_8bit,8,40,99.607983
MountainBike_1920x1080_30fps_8bit,8,41,99.459041
MountainBike_1920x1080_30fps_8bit,8,42,99.291867
MountainBike_1920x1080_30fps_8bit,8,43,99.02388
MountainBike_1920x1080_30fps_8bit,8,44,98.626019
MountainBike_1920x1080_30fps_8bit,8,45,98.083347
MountainBike_1920x1080_30fps_8bit,8,46,97.253854
MountainBike_1920x1080_30fps_8bit,8,47,96.254759
MountainBike_1920x1080_30fps_8bit,8,48,94.861557
MountainBike_1920x1080_30fps_8bit,8,49,93.531701
MountainBike_1920x1080_30fps_8bit,8,50,92.041834
MountainBike_1920x1080_30fps_8bit,8,51,90.387416
MountainBike_1920x1080_30fps_8bit,8,52,88.441288
MountainBike_1920x1080_30fps_8bit,8,53,86.308752
MountainBike_1920x1080_30fps_8bit,8,54,83.943012
MountainBike_1920x1080_30fps_8bit,8,55,81.415854
MountainBike_1920x1080_30fps_8bit,8,56,78.22391
MountainBike_1920x1080_30fps_8bit,8,58,71.968918
MountainBike_1920x1080_30fps_8bit,8,60,64.95623
MountainBike_1920x1080_30fps_8bit,8,63,47.554035
OldTownCross_1920x1080p50,8,20,95.882536
OldTownCross_1920x1080p50,8,24,94.963614
OldTownCross_1920x1080p50,8,27,94.371441
OldTownCross_1920x1080p50,8,28,94.231796
OldTownCross_1920x1080p50,8,29,94.123506
OldTownCross_1920x1080p50,8,30,93.997146
OldTownCross_1920x1080p50,8,31,93.911778
OldTownCross_1920x1080p50,8,32,93.76232
OldTownCross_1920x1080p50,8,33,93.682739
OldTownCross_1920x1080p50,8,34,93.534044
OldTownCross_1920x1080p50,8,35,93.396036
OldTownCross_1920x1080p50,8,36,93.279978
OldTownCross_1920x1080p50,8,37,93.203316
OldTownCross_1920x1080p50,8,38,93.400043
OldTownCross_1920x1080p50,8,39,93.283031
OldTownCross_1920x1080p50,8,40,93.27147
OldTownCross_1920x1080p50,8,41,93.164606
OldTownCross_1920x1080p50,8,42,93.027689
OldTownCross_1920x1080p50,8,43,92.883853
OldTownCross_1920x1080p50,8,44,92.725782
OldTownCross_1920x1080p50,8,45,92.569765
OldTownCross_1920x1080p50,8,46,92.403979
OldTownCross_1920x1080p50,8,47,92.172947
OldTownCross_1920x1080p50,8,48,91.949954
OldTownCross_1920x1080p50,8,49,91.635236
OldTownCross_1920x1080p50,8,50,91.309673
OldTownCross_1920x1080p50,8,51,90.940116
OldTownCross_1920x1080p50,8,52,90.551751
OldTownCross_1920x1080p50,8,53,90.093907
OldTownCross_1920x1080p50,8,54,89.562227
OldTownCross_1920x1080p50,8,55,88.938877
OldTownCross_1920x1080p50,8,56,88.138064
OldTownCross_1920x1080p50,8,58,86.120662
OldTownCross_1920x1080p50,8,60,83.259571
OldTownCross_1920x1080p50,8,63,69.204221
SolLevanteFace_sdr_1920x1080_24_10bit,8,20,94.991421
SolLevanteFace_sdr_1920x1080_24_10bit,8,24,93.944871
SolLevanteFace_sdr_1920x1080_24_10bit,8,27,92.430244
SolLevanteFace_sdr_1920x1080_24_10bit,8,28,91.877399
SolLevanteFace_sdr_1920x1080_24_10bit,8,29,91.275785
SolLevanteFace_sdr_1920x1080_24_10bit,8,30,90.541158
SolLevanteFace_sdr_1920x1080_24_10bit,8,31,89.584244
SolLevanteFace_sdr_1920x1080_24_10bit,8,32,88.454338
SolLevanteFace_sdr_1920x1080_24_10bit,8,33,87.313795
SolLevanteFace_sdr_1920x1080_24_10bit,8,34,86.259915
SolLevanteFace_sdr_1920x1080_24_10bit,8,35,84.827451
SolLevanteFace_sdr_1920x1080_24_10bit,8,36,83.434086
SolLevanteFace_sdr_1920x1080_24_10bit,8,37,81.936803
SolLevanteFace_sdr_1920x1080_24_10bit,8,38,80.311291
SolLevanteFace_sdr_1920x1080_24_10bit,8,39,78.559625
SolLevanteFace_sdr_1920x1080_24_10bit,8,40,77.189498
SolLevanteFace_sdr_1920x1080_24_10bit,8,41,75.148967
SolLevanteFace_sdr_1920x1080_24_10bit,8,42,73.19688
SolLevanteFace_sdr_1920x1080_24_10bit,8,43,70.87812
SolLevanteFace_sdr_1920x1080_24_10bit,8,44,68.674555
SolLevanteFace_sdr_1920x1080_24_10bit,8,45,66.384874
SolLevanteFace_sdr_1920x1080_24_10bit,8,46,63.642672
SolLevanteFace_sdr_1920x1080_24_10bit,8,47,61.192324
SolLevanteFace_sdr_1920x1080_24_10bit,8,48,58.536044
SolLevanteFace_sdr_1920x1080_24_10bit,8,49,56.201009
SolLevanteFace_sdr_1920x1080_24_10bit,8,50,53.613587
SolLevanteFace_sdr_1920x1080_24_10bit,8,51,51.045003
SolLevanteFace_sdr_1920x1080_24_10bit,8,52,48.418253
SolLevanteFace_sdr_1920x1080_24_10bit,8,53,45.659243
SolLevanteFace_sdr_1920x1080_24_10bit,8,54,43.065299
SolLevanteFace_sdr_1920x1080_24_10bit,8,55,40.019844
SolLevanteFace_sdr_1920x1080_24_10bit,8,56,36.785006
SolLevanteFace_sdr_1920x1080_24_10bit,8,58,30.729296
SolLevanteFace_sdr_1920x1080_24_10bit,8,60,23.928991
SolLevanteFace_sdr_1920x1080_24_10bit,8,63,10.643787
RitualDance_1920x1080_5994_10bit_420,8,20,98.914106
RitualDance_1920x1080_5994_10bit_420,8,24,98.634112
RitualDance_1920x1080_5994_10bit_420,8,27,97.961699
RitualDance_1920x1080_5994_10bit_420,8,28,97.714827
RitualDance_1920x1080_5994_10bit_420,8,29,97.435809
RitualDance_1920x1080_5994_10bit_420,8,30,97.142236
RitualDance_1920x1080_5994_10bit_420,8,31,96.694257
RitualDance_1920x1080_5994_10bit_420,8,32,96.171742
RitualDance_1920x1080_5994_10bit_420,8,33,95.664231
RitualDance_1920x1080_5994_10bit_420,8,34,95.178807
RitualDance_1920x1080_5994_10bit_420,8,35,94.586725
RitualDance_1920x1080_5994_10bit_420,8,36,93.93749
RitualDance_1920x1080_5994_10bit_420,8,37,93.302397
RitualDance_1920x1080_5994_10bit_420,8,38,92.591435
RitualDance_1920x1080_5994_10bit_420,8,39,91.777366
RitualDance_1920x1080_5994_10bit_420,8,40,91.262407
RitualDance_1920x1080_5994_10bit_420,8,41,90.40294
RitualDance_1920x1080_5994_10bit_420,8,42,89.565843
RitualDance_1920x1080_5994_10bit_420,8,43,88.579646
RitualDance_1920x1080_5994_10bit_420,8,44,87.66446
RitualDance_1920x1080_5994_10bit_420,8,45,86.598036
RitualDance_1920x1080_5994_10bit_420,8,46,85.536244
RitualDance_1920x1080_5994_10bit_420,8,47,84.279999
RitualDance_1920x1080_5994_10bit_420,8,48,83.074263
RitualDance_1920x1080_5994_10bit_420,8,49,81.951496
RitualDance_1920x1080_5994_10bit_420,8,50,80.69455
RitualDance_1920x1080_5994_10bit_420,8,51,79.240953
RitualDance_1920x1080_5994_10bit_420,8,52,77.818145
RitualDance_1920x1080_5994_10bit_420,8,53,76.246887
RitualDance_1920x1080_5994_10bit_420,8,54,74.409778
RitualDance_1920x1080_5994_10bit_420,8,55,72.434904
RitualDance_1920x1080_5994_10bit_420,8,56,69.880279
RitualDance_1920x1080_5994_10bit_420,8,58,64.549424
RitualDance_1920x1080_5994_10bit_420,8,60,57.284721
RitualDance_1920x1080_5994_10bit_420,8,63,34.947967
GlassHalf_1920x1080p_24p_8bit_420,8,20,98.803254
GlassHalf_1920x1080p_24p_8bit_420,8,24,98.60245
GlassHalf_1920x1080p_24p_8bit_420,8,27,98.303838
GlassHalf_1920x1080p_24p_8bit_420,8,28,98.186876
GlassHalf_1920x1080p_24p_8bit_420,8,29,98.081044
GlassHalf_1920x1080p_24p_8bit_420,8,30,97.946544
GlassHalf_1920x1080p_24p_8bit_420,8,31,97.769402
GlassHalf_1920x1080p_24p_8bit_420,8,32,97.505133
GlassHalf_1920x1080p_24p_8bit_420,8,33,97.291833
GlassHalf_1920x1080p_24p_8bit_420,8,34,97.060419
GlassHalf_1920x1080p_24p_8bit_420,8,35,96.793286
GlassHalf_1920x1080p_24p_8bit_420,8,36,96.496467
GlassHalf_1920x1080p_24p_8bit_420,8,37,96.270374
GlassHalf_1920x1080p_24p_8bit_420,8,38,95.913939
GlassHalf_1920x1080p_24p_8bit_420,8,39,95.518592
GlassHalf_1920x1080p_24p_8bit_420,8,40,95.267313
GlassHalf_1920x1080p_24p_8bit_420,8,41,94.816164
GlassHalf_1920x1080p_24p_8bit_420,8,42,94.421648
GlassHalf_1920x1080p_24p_8bit_420,8,43,93.911656
GlassHalf_1920x1080p_24p_8bit_420,8,44,93.410904
GlassHalf_1920x1080p_24p_8bit_420,8,45,92.922238
GlassHalf_1920x1080p_24p_8bit_420,8,46,92.300163
GlassHalf_1920x1080p_24p_8bit_420,8,47,91.829556
GlassHalf_1920x1080p_24p_8bit_420,8,48,91.115949
GlassHalf_1920x1080p_24p_8bit_420,8,49,90.679949
GlassHalf_1920x1080p_24p_8bit_420,8,50,89.937416
GlassHalf_1920x1080p_24p_8bit_420,8,51,89.158937
GlassHalf_1920x1080p_24p_8bit_420,8,52,88.388196
GlassHalf_1920x1080p_24p_8bit_420,8,53,87.407893
GlassHalf_1920x1080p_24p_8bit_420,8,54,86.406774
GlassHalf_1920x1080p_24p_8bit_420,8,55,85.214406
GlassHalf_1920x1080p_24p_8bit_420,8,56,83.572851
GlassHalf_1920x1080p_24p_8bit_420,8,58,80.322346
GlassHalf_1920x1080p_24p_8bit_420,8,60,75.155686
GlassHalf_1920x1080p_24p_8bit_420,8,63,57.2706
MINECRAFT_1080p_60_8bit,8,20,99.86572
MINECRAFT_1080p_60_8bit,8,24,99.760835
MINECRAFT_1080p_60_8bit,8,27,99.567986
MINECRAFT_1080p_60_8bit,8,28,99.495857
MINECRAFT_1080p_60_8bit,8,29,99.418751
MINECRAFT_1080p_60_8bit,8,30,99.330566
MINECRAFT_1080p_60_8bit,8,31,99.208
MINECRAFT_1080p_60_8bit,8,32,99.026638
MINECRAFT_1080p_60_8bit,8,33,98.655094
MINECRAFT_1080p_60_8bit,8,34,98.411143
MINECRAFT_1080p_60_8bit,8,35,97.959289
MINECRAFT_1080p_60_8bit,8,36,97.481975
MINECRAFT_1080p_60_8bit,8,37,96.926881
MINECRAFT_1080p_60_8bit,8,38,96.22408
MINECRAFT_1080p_60_8bit,8,39,95.453831
MINECRAFT_1080p_60_8bit,8,40,95.130249
MINECRAFT_1080p_60_8bit,8,41,94.15968
MINECRAFT_1080p_60_8bit,8,42,93.277073
MINECRAFT_1080p_60_8bit,8,43,92.284771
MINECRAFT_1080p_60_8bit,8,44,91.174332
MINECRAFT_1080p_60_8bit,8,45,90.080031
MINECRAFT_1080p_60_8bit,8,46,88.826958
MINECRAFT_1080p_60_8bit,8,47,87.701094
MINECRAFT_1080p_60_8bit,8,48,86.294187
MINECRAFT_1080p_60_8bit,8,49,84.985361
MINECRAFT_1080p_60_8bit,8,50,83.517408
MINECRAFT_1080p_60_8bit,8,51,82.024378
MINECRAFT_1080p_60_8bit,8,52,80.437265
MINECRAFT_1080p_60_8bit,8,53,78.688997
MINECRAFT_1080p_60_8bit,8,54,76.913277
MINECRAFT_1080p_60_8bit,8,55,74.939233
MINECRAFT_1080p_60_8bit,8,56,72.418061
MINECRAFT_1080p_60_8bit,8,58,67.603317
MINECRAFT_1080p_60_8bit,8,60,61.14949
MINECRAFT_1080p_60_8bit,8,63,44.247414
MeridianTalk_sdr_1920x1080p_5994_10bit,8,20,94.80374
MeridianTalk_sdr_1920x1080p_5994_10bit,8,24,94.360891
MeridianTalk_sdr_1920x1080p_5994_10bit,8,27,93.782864
MeridianTalk_sdr_1920x1080p_5994_10bit,8,28,93.621853
MeridianTalk_sdr_1920x1080p_5994_10bit,8,29,93.405178
MeridianTalk_sdr_1920x1080p_5994_10bit,8,30,93.24079
MeridianTalk_sdr_1920x1080p_5994_10bit,8,31,92.990058
MeridianTalk_sdr_1920x1080p_5994_10bit,8,32,92.704832
MeridianTalk_sdr_1920x1080p_5994_10bit,8,33,92.463542
MeridianTalk_sdr_1920x1080p_5994_10bit,8,34,92.235086
MeridianTalk_sdr_1920x1080p_5994_10bit,8,35,91.919628
MeridianTalk_sdr_1920x1080p_5994_10bit,8,36,91.611608
MeridianTalk_sdr_1920x1080p_5994_10bit,8,37,91.296945
MeridianTalk_sdr_1920x1080p_5994_10bit,8,38,91.112472
MeridianTalk_sdr_1920x1080p_5994_10bit,8,39,90.702856
MeridianTalk_sdr_1920x1080p_5994_10bit,8,40,90.583783
MeridianTalk_sdr_1920x1080p_5994_10bit,8,41,90.138098
MeridianTalk_sdr_1920x1080p_5994_10bit,8,42,89.874043
MeridianTalk_sdr_1920x1080p_5994_10bit,8,43,89.483277
MeridianTalk_sdr_1920x1080p_5994_10bit,8,44,89.103728
MeridianTalk_sdr_1920x1080p_5994_10bit,8,45,88.644657
MeridianTalk_sdr_1920x1080p_5994_10bit,8,46,88.142778
MeridianTalk_sdr_1920x1080p_5994_10bit,8,47,87.744334
MeridianTalk_sdr_1920x1080p_5994_10bit,8,48,87.241663
MeridianTalk_sdr_1920x1080p_5994_10bit,8,49,86.806767
MeridianTalk_sdr_1920x1080p_5994_10bit,8,50,86.295901
MeridianTalk_sdr_1920x1080p_5994_10bit,8,51,85.829595
MeridianTalk_sdr_1920x1080p_5994_10bit,8,52,85.366614
MeridianTalk_sdr_1920x1080p_5994_10bit,8,53,84.741497
MeridianTalk_sdr_1920x1080p_5994_10bit,8,54,84.133744
MeridianTalk_sdr_1920x1080p_5994_10bit,8,55,83.56762
MeridianTalk_sdr_1920x1080p_5994_10bit,8,56,82.359816
MeridianTalk_sdr_1920x1080p_5994_10bit,8,58,80.596347
MeridianTalk_sdr_1920x1080p_5994_10bit,8,60,77.760842
MeridianTalk_sdr_1920x1080p_5994_10bit,8,63,67.56446
Debugging_1920x1080_30fps_8bit_420,8,20,97.475124
Debugging_1920x1080_30fps_8bit_420,8,24,97.44268
Debugging_1920x1080_30fps_8bit_420,8,27,97.338047
Debugging_1920x1080_30fps_8bit_420,8,28,97.345864
Debugging_1920x1080_30fps_8bit_420,8,29,97.30268
Debugging_1920x1080_30fps_8bit_420,8,30,97.304119
Debugging_1920x1080_30fps_8bit_420,8,31,97.278367
Debugging_1920x1080_30fps_8bit_420,8,32,97.198745
Debugging_1920x1080_30fps_8bit_420,8,33,97.159332
Debugging_1920x1080_30fps_8bit_420,8,34,97.118213
Debugging_1920x1080_30fps_8bit_420,8,35,97.03942
Debugging_1920x1080_30fps_8bit_420,8,36,97.003357
Debugging_1920x1080_30fps_8bit_420,8,37,96.88393
Debugging_1920x1080_30fps_8bit_420,8,38,96.817087
Debugging_1920x1080_30fps_8bit_420,8,39,96.749611
Debugging_1920x1080_30fps_8bit_420,8,40,96.673213
Debugging_1920x1080_30fps_8bit_420,8,41,96.593093
Debugging_1920x1080_30fps_8bit_420,8,42,96.50054
Debugging_1920x1080_30fps_8bit_420,8,43,96.472495
Debugging_1920x1080_30fps_8bit_420,8,44,96.381374
Debugging_1920x1080_30fps_8bit_420,8,45,96.276981
Debugging_1920x1080_30fps_8bit_420,8,46,96.182439
Debugging_1920x1080_30fps_8bit_420,8,47,96.081864
Debugging_1920x1080_30fps_8bit_420,8,48,95.952562
Debugging_1920x1080_30fps_8bit_420,8,49,95.793293
Debugging_1920x1080_30fps_8bit_420,8,50,95.629696
Debugging_1920x1080_30fps_8bit_420,8,51,95.54567
Debugging_1920x1080_30fps_8bit_420,8,52,95.387494
Debugging_1920x1080_30fps_8bit_420,8,53,95.173041
Debugging_1920x1080_30fps_8bit_420,8,54,95.047189
Debugging_1920x1080_30fps_8bit_420,8,55,94.807164
Debugging_1920x1080_30fps_8bit_420,8,56,94.456646
Debugging_1920x1080_30fps_8bit_420,8,58,93.79263
Debugging_1920x1080_30fps_8bit_420,8,60,92.545782
Debugging_1920x1080_30fps_8bit_420,8,63,86.93837
DOTA2_1920x1080_60_8bit_420,8,20,95.517442
DOTA2_1920x1080_60_8bit_420,8,24,94.914487
DOTA2_1920x1080_60_8bit_420,8,27,94.189864
DOTA2_1920x1080_60_8bit_420,8,28,93.95693
DOTA2_1920x1080_60_8bit_420,8,29,93.7079
DOTA2_1920x1080_60_8bit_420,8,30,93.452748
DOTA2_1920x1080_60_8bit_420,8,31,93.170415
DOTA2_1920x1080_60_8bit_420,8,32,92.792537
DOTA2_1920x1080_60_8bit_420,8,33,92.403519
DOTA2_1920x1080_60_8bit_420,8,34,92.081563
DOTA2_1920x1080_60_8bit_420,8,35,91.620265
DOTA2_1920x1080_60_8bit_420,8,36,91.164008
DOTA2_1920x1080_60_8bit_420,8,37,90.71956
DOTA2_1920x1080_60_8bit_420,8,38,90.172239
DOTA2_1920x1080_60_8bit_420,8,39,89.602591
DOTA2_1920x1080_60_8bit_420,8,40,89.181217
DOTA2_1920x1080_60_8bit_420,8,41,88.56653
DOTA2_1920x1080_60_8bit_420,8,42,88.038834
DOTA2_1920x1080_60_8bit_420,8,43,87.329044
DOTA2_1920x1080_60_8bit_420,8,44,86.641598
DOTA2_1920x1080_60_8bit_420,8,45,85.887026
DOTA2_1920x1080_60_8bit_420,8,46,85.136228
DOTA2_1920x1080_60_8bit_420,8,47,84.366022
DOTA2_1920x1080_60_8bit_420,8,48,83.565293
DOTA2_1920x1080_60_8bit_420,8,49,82.644895
DOTA2_1920x1080_60_8bit_420,8,50,81.766924
DOTA2_1920x1080_60_8bit_420,8,51,80.821097
DOTA2_1920x1080_60_8bit_420,8,52,79.722185
DOTA2_1920x1080_60_8bit_420,8,53,78.40672
DOTA2_1920x1080_60_8bit_420,8,54,77.202603
DOTA2_1920x1080_60_8bit_420,8,55,75.649012
DOTA2_1920x1080_60_8bit_420,8,56,73.919288
DOTA2_1920x1080_60_8bit_420,8,58,69.993388
DOTA2_1920x1080_60_8bit_420,8,60,64.618332
DOTA2_1920x1080_60_8bit_420,8,63,48.172404
CrowdRun_1920x1080p50,8,20,99.969122
CrowdRun_1920x1080p50,8,24,99.963645
CrowdRun_1920x1080p50,8,27,99.64782
CrowdRun_1920x1080p50,8,28,99.435296
CrowdRun_1920x1080p50,8,29,99.208908
CrowdRun_1920x1080p50,8,30,98.980845
CrowdRun_1920x1080p50,8,31,98.650429
CrowdRun_1920x1080p50,8,32,98.129134
CrowdRun_1920x1080p50,8,33,97.671309
CrowdRun_1920x1080p50,8,34,97.141678
CrowdRun_1920x1080p50,8,35,96.445206
CrowdRun_1920x1080p50,8,36,95.677721
CrowdRun_1920x1080p50,8,37,94.975203
CrowdRun_1920x1080p50,8,38,94.058749
CrowdRun_1920x1080p50,8,39,93.091707
CrowdRun_1920x1080p50,8,40,92.279509
CrowdRun_1920x1080p50,8,41,91.212571
CrowdRun_1920x1080p50,8,42,90.251747
CrowdRun_1920x1080p50,8,43,89.144188
CrowdRun_1920x1080p50,8,44,87.949389
CrowdRun_1920x1080p50,8,45,86.883189
CrowdRun_1920x1080p50,8,46,85.407585
CrowdRun_1920x1080p50,8,47,83.996979
CrowdRun_1920x1080p50,8,48,82.650492
CrowdRun_1920x1080p50,8,49,81.428238
CrowdRun_1920x1080p50,8,50,80.095649
CrowdRun_1920x1080p50,8,51,78.539604
CrowdRun_1920x1080p50,8,52,76.932366
CrowdRun_1920x1080p50,8,53,75.081569
CrowdRun_1920x1080p50,8,54,73.261496
CrowdRun_1920x1080p50,8,55,71.260636
CrowdRun_1920x1080p50,8,56,68.710943
CrowdRun_1920x1080p50,8,58,63.199097
CrowdRun_1920x1080p50,8,60,56.063962
CrowdRun_1920x1080p50,8,63,36.033331
WITCHER3_1920x1080_60_8bit_420,8,20,98.130803
WITCHER3_1920x1080_60_8bit_420,8,24,97.074466
WITCHER3_1920x1080_60_8bit_420,8,27,95.414557
WITCHER3_1920x1080_60_8bit_420,8,28,94.816085
WITCHER3_1920x1080_60_8bit_420,8,29,94.237393
WITCHER3_1920x1080_60_8bit_420,8,30,93.773493
WITCHER3_1920x1080_60_8bit_420,8,31,93.050741
WITCHER3_1920x1080_60_8bit_420,8,32,92.101209
WITCHER3_1920x1080_60_8bit_420,8,33,91.263457
WITCHER3_1920x1080_60_8bit_420,8,34,90.495474
WITCHER3_1920x1080_60_8bit_420,8,35,89.605147
WITCHER3_1920x1080_60_8bit_420,8,36,88.667893
WITCHER3_1920x1080_60_8bit_420,8,37,87.691537
WITCHER3_1920x1080_60_8bit_420,8,38,86.502715
WITCHER3_1920x1080_60_8bit_420,8,39,85.389722
WITCHER3_1920x1080_60_8bit_420,8,40,84.424042
WITCHER3_1920x1080_60_8bit_420,8,41,83.119589
WITCHER3_1920x1080_60_8bit_420,8,42,82.049888
WITCHER3_1920x1080_60_8bit_420,8,43,80.818269
WITCHER3_1920x1080_60_8bit_420,8,44,79.5926
WITCHER3_1920x1080_60_8bit_420,8,45,78.274443
WITCHER3_1920x1080_60_8bit_420,8,46,76.884991
WITCHER3_1920x1080_60_8bit_420,8,47,75.825609
WITCHER3_1920x1080_60_8bit_420,8,48,74.394458
WITCHER3_1920x1080_60_8bit_420,8,49,72.987819
WITCHER3_1920x1080_60_8bit_420,8,50,71.609518
WITCHER3_1920x1080_60_8bit_420,8,51,70.253095
WITCHER3_1920x1080_60_8bit_420,8,52,68.897005
WITCHER3_1920x1080_60_8bit_420,8,53,67.391399
WITCHER3_1920x1080_60_8bit_420,8,54,65.901032
WITCHER3_1920x1080_60_8bit_420,8,55,64.003808
WITCHER3_1920x1080_60_8bit_420,8,56,62.113768
WITCHER3_1920x1080_60_8bit_420,8,58,58.450171
WITCHER3_1920x1080_60_8bit_420,8,60,54.227088
WITCHER3_1920x1080_60_8bit_420,8,63,43.705893
WalkingInStreet_1920x1080_30fps,8,20,99.96791
WalkingInStreet_1920x1080_30fps,8,24,99.966218
WalkingInStreet_1920x1080_30fps,8,27,99.962552
WalkingInStreet_1920x1080_30fps,8,28,99.957179
WalkingInStreet_1920x1080_30fps,8,29,99.947094
WalkingInStreet_1920x1080_30fps,8,30,99.927519
WalkingInStreet_1920x1080_30fps,8,31,99.891702
WalkingInStreet_1920x1080_30fps,8,32,99.815392
WalkingInStreet_1920x1080_30fps,8,33,99.726464
WalkingInStreet_1920x1080_30fps,8,34,99.613771
WalkingInStreet_1920x1080_30fps,8,35,99.450813
WalkingInStreet_1920x1080_30fps,8,36,99.275063
WalkingInStreet_1920x1080_30fps,8,37,99.051027
WalkingInStreet_1920x1080_30fps,8,38,98.714663
WalkingInStreet_1920x1080_30fps,8,39,98.358925
WalkingInStreet_1920x1080_30fps,8,40,97.982265
WalkingInStreet_1920x1080_30fps,8,41,97.420136
WalkingInStreet_1920x1080_30fps,8,42,96.88568
WalkingInStreet_1920x1080_30fps,8,43,96.149283
WalkingInStreet_1920x1080_30fps,8,44,95.395718
WalkingInStreet_1920x1080_30fps,8,45,94.569146
WalkingInStreet_1920x1080_30fps,8,46,93.640572
WalkingInStreet_1920x1080_30fps,8,47,92.821179
WalkingInStreet_1920x1080_30fps,8,48,91.780014
WalkingInStreet_1920x1080_30fps,8,49,90.671037
WalkingInStreet_1920x1080_30fps,8,50,89.62998
WalkingInStreet_1920x1080_30fps,8,51,88.462463
WalkingInStreet_1920x1080_30fps,8,52,87.112325
WalkingInStreet_1920x1080_30fps,8,53,85.671557
WalkingInStreet_1920x1080_30fps,8,54,84.261602
WalkingInStreet_1920x1080_30fps,8,55,82.57602
WalkingInStreet_1920x1080_30fps,8,56,80.60732
WalkingInStreet_1920x1080_30fps,8,58,76.350238
WalkingInStreet_1920x1080_30fps,8,60,70.311052
WalkingInStreet_1920x1080_30fps,8,63,52.561163
ToddlerFountain_1920x1080_2997fps_10bit_420,8,20,99.961534
ToddlerFountain_1920x1080_2997fps_10bit_420,8,24,99.958254
ToddlerFountain_1920x1080_2997fps_10bit_420,8,27,99.950708
ToddlerFountain_1920x1080_2997fps_10bit_420,8,28,99.947979
ToddlerFountain_1920x1080_2997fps_10bit_420,8,29,99.944707
ToddlerFountain_1920x1080_2997fps_10bit_420,8,30,99.941676
ToddlerFountain_1920x1080_2997fps_10bit_420,8,31,99.847732
ToddlerFountain_1920x1080_2997fps_10bit_420,8,32,99.543525
ToddlerFountain_1920x1080_2997fps_10bit_420,8,33,98.982288
ToddlerFountain_1920x1080_2997fps_10bit_420,8,34,98.487783
ToddlerFountain_1920x1080_2997fps_10bit_420,8,35,97.668697
ToddlerFountain_1920x1080_2997fps_10bit_420,8,36,96.854245
ToddlerFountain_1920x1080_2997fps_10bit_420,8,37,95.881407
ToddlerFountain_1920x1080_2997fps_10bit_420,8,38,94.565688
ToddlerFountain_1920x1080_2997fps_10bit_420,8,39,93.200752
ToddlerFountain_1920x1080_2997fps_10bit_420,8,40,91.740929
ToddlerFountain_1920x1080_2997fps_10bit_420,8,41,90.01029
ToddlerFountain_1920x1080_2997fps_10bit_420,8,42,88.476156
ToddlerFountain_1920x1080_2997fps_10bit_420,8,43,86.53806
ToddlerFountain_1920x1080_2997fps_10bit_420,8,44,84.656693
ToddlerFountain_1920x1080_2997fps_10bit_420,8,45,82.573478
ToddlerFountain_1920x1080_2997fps_10bit_420,8,46,80.607573
ToddlerFountain_1920x1080_2997fps_10bit_420,8,47,78.410219
ToddlerFountain_1920x1080_2997fps_10bit_420,8,48,76.045996
ToddlerFountain_1920x1080_2997fps_10bit_420,8,49,74.06267
ToddlerFountain_1920x1080_2997fps_10bit_420,8,50,71.754937
ToddlerFountain_1920x1080_2997fps_10bit_420,8,51,69.210627
ToddlerFountain_1920x1080_2997fps_10bit_420,8,52,66.669185
ToddlerFountain_1920x1080_2997fps_10bit_420,8,53,64.175918
ToddlerFountain_1920x1080_2997fps_10bit_420,8,54,61.837197
ToddlerFountain_1920x1080_2997fps_10bit_420,8,55,58.799058
ToddlerFountain_1920x1080_2997fps_10bit_420,8,56,55.080755
ToddlerFountain_1920x1080_2997fps_10bit_420,8,58,48.338065
ToddlerFountain_1920x1080_2997fps_10bit_420,8,60,40.492071
ToddlerFountain_1920x1080_2997fps_10bit_420,8,63,19.211691
Vertical_bees_1080x1920_2997,8,20,98.477119
Vertical_bees_1080x1920_2997,8,24,98.184566
Vertical_bees_1080x1920_2997,8,27,97.744721
Vertical_bees_1080x1920_2997,8,28,97.59095
Vertical_bees_1080x1920_2997,8,29,97.460788
Vertical_bees_1080x1920_2997,8,30,97.303389
Vertical_bees_1080x1920_2997,8,31,97.130545
Vertical_bees_1080x1920_2997,8,32,96.909154
Vertical_bees_1080x1920_2997,8,33,96.706898
Vertical_bees_1080x1920_2997,8,34,96.509148
Vertical_bees_1080x1920_2997,8,35,96.290012
Vertical_bees_1080x1920_2997,8,36,96.048365
Vertical_bees_1080x1920_2997,8,37,95.82011
Vertical_bees_1080x1920_2997,8,38,95.589487
Vertical_bees_1080x1920_2997,8,39,95.330136
Vertical_bees_1080x1920_2997,8,40,95.194612
Vertical_bees_1080x1920_2997,8,41,94.913421
Vertical_bees_1080x1920_2997,8,42,94.68142
Vertical_bees_1080x1920_2997,8,43,94.396483
Vertical_bees_1080x1920_2997,8,44,94.113442
Vertical_bees_1080x1920_2997,8,45,93.801038
Vertical_bees_1080x1920_2997,8,46,93.476723
Vertical_bees_1080x1920_2997,8,47,93.190494
Vertical_bees_1080x1920_2997,8,48,92.831235
Vertical_bees_1080x1920_2997,8,49,92.428677
Vertical_bees_1080x1920_2997,8,50,92.012392
Vertical_bees_1080x1920_2997,8,51,91.569653
Vertical_bees_1080x1920_2997,8,52,91.038681
Vertical_bees_1080x1920_2997,8,53,90.496125
Vertical_bees_1080x1920_2997,8,54,89.883601
Vertical_bees_1080x1920_2997,8,55,89.225188
Vertical_bees_1080x1920_2997,8,56,88.264725
Vertical_bees_1080x1920_2997,8,58,86.128713
Vertical_bees_1080x1920_2997,8,60,82.972951
Vertical_bees_1080x1920_2997,8,63,70.417852
Wikipedia_1920x1080p30,8,20,98.672692
Wikipedia_1920x1080p30,8,24,98.659552
Wikipedia_1920x1080p30,8,27,98.655293
Wikipedia_1920x1080p30,8,28,98.651118
Wikipedia_1920x1080p30,8,29,98.645266
Wikipedia_1920x1080p30,8,30,98.641158
Wikipedia_1920x1080p30,8,31,98.633078
Wikipedia_1920x1080p30,8,32,98.622157
Wikipedia_1920x1080p30,8,33,98.634832
Wikipedia_1920x1080p30,8,34,98.622525
Wikipedia_1920x1080p30,8,35,98.603435
Wikipedia_1920x1080p30,8,36,98.574438
Wikipedia_1920x1080p30,8,37,98.562562
Wikipedia_1920x1080p30,8,38,98.535269
Wikipedia_1920x1080p30,8,39,98.514395
Wikipedia_1920x1080p30,8,40,98.49571
Wikipedia_1920x1080p30,8,41,98.462917
Wikipedia_1920x1080p30,8,42,98.435296
Wikipedia_1920x1080p30,8,43,98.437448
Wikipedia_1920x1080p30,8,44,98.385956
Wikipedia_1920x1080p30,8,45,98.394975
Wikipedia_1920x1080p30,8,46,98.316132
Wikipedia_1920x1080p30,8,47,98.285377
Wikipedia_1920x1080p30,8,48,98.252075
Wikipedia_1920x1080p30,8,49,98.228258
Wikipedia_1920x1080p30,8,50,98.135626
Wikipedia_1920x1080p30,8,51,98.02759
Wikipedia_1920x1080p30,8,52,97.992732
Wikipedia_1920x1080p30,8,53,97.857903
Wikipedia_1920x1080p30,8,54,97.831028
Wikipedia_1920x1080p30,8,55,97.748923
Wikipedia_1920x1080p30,8,56,97.606218
Wikipedia_1920x1080p30,8,58,97.342685
Wikipedia_1920x1080p30,8,60,96.782618
Wikipedia_1920x1080p30,8,63,92.62469
Spreadsheet_1920x1080_30fps_8bit_420_130f,8,20,97.347901
Spreadsheet_1920x1080_30fps_8bit_420_130f,8,24,97.305308
Spreadsheet_1920x1080_30fps_8bit_420_130f,8,27,97.251684
Spreadsheet_1920x1080_30fps_8bit_420_130f,8,28,97.219505
Spreadsheet_1920x1080_30fps_8bit_420_130f,8,29,97.186663
Spreadsheet_1920x1080_30fps_8bit_420_130f,8,30,97.183112
Spreadsheet_1920x1080_30fps_8bit_420_130f,8,31,97.118631
Spreadsheet_1920x1080_30fps_8bit_420_130f,8,32,97.097003
Spreadsheet_1920x1080_30fps_8bit_420_130f,8,33,97.074525
Spreadsheet_1920x1080_30fps_8bit_420_130f,8,34,97.025124
Spreadsheet_1920x1080_30fps_8bit_420_130f,8,35,96.980285
Spreadsheet_1920x1080_30fps_8bit_420_130f,8,36,96.915715
Spreadsheet_1920x1080_30fps_8bit_420_130f,8,37,96.850814
Spreadsheet_1920x1080_30fps_8bit_420_130f,8,38,96.774862
Spreadsheet_1920x1080_30fps_8bit_420_130f,8,39,96.726052
Spreadsheet_1920x1080_30fps_8bit_420_130f,8,40,96.665156
Spreadsheet_1920x1080_30fps_8bit_420_130f,8,41,96.600668
Spreadsheet_1920x1080_30fps_8bit_420_130f,8,42,96.522404
Spreadsheet_1920x1080_30fps_8bit_420_130f,8,43,96.505107
Spreadsheet_1920x1080_30fps_8bit_420_130f,8,44,96.421048
Spreadsheet_1920x1080_30fps_8bit_420_130f,8,45,96.302134
Spreadsheet_1920x1080_30fps_8bit_420_130f,8,46,96.204965
Spreadsheet_1920x1080_30fps_8bit_420_130f,8,47,96.159733
Spreadsheet_1920x1080_30fps_8bit_420_130f,8,48,95.977564
Spreadsheet_1920x1080_30fps_8bit_420_130f,8,49,95.98359
Spreadsheet_1920x1080_30fps_8bit_420_130f,8,50,95.872987
Spreadsheet_1920x1080_30fps_8bit_420_130f,8,51,95.837313
Spreadsheet_1920x1080_30fps_8bit_420_130f,8,52,95.584131
Spreadsheet_1920x1080_30fps_8bit_420_130f,8,53,95.477569
Spreadsheet_1920x1080_30fps_8bit_420_130f,8,54,95.33147
Spreadsheet_1920x1080_30fps_8bit_420_130f,8,55,95.143151
Spreadsheet_1920x1080_30fps_8bit_420_130f,8,56,94.85254
Spreadsheet_1920x1080_30fps_8bit_420_130f,8,58,94.199138
Spreadsheet_1920x1080_30fps_8bit_420_130f,8,60,93.073339
Spreadsheet_1920x1080_30fps_8bit_420_130f,8,63,88.08579
TreesAndGrass_1920_1080_30fps_8bit,8,20,99.971501
TreesAndGrass_1920_1080_30fps_8bit,8,24,99.969203
TreesAndGrass_1920_1080_30fps_8bit,8,27,99.965902
TreesAndGrass_1920_1080_30fps_8bit,8,28,99.963692
TreesAndGrass_1920_1080_30fps_8bit,8,29,99.957031
TreesAndGrass_1920_1080_30fps_8bit,8,30,99.946662
TreesAndGrass_1920_1080_30fps_8bit,8,31,99.937565
TreesAndGrass_1920_1080_30fps_8bit,8,32,99.918544
TreesAndGrass_1920_1080_30fps_8bit,8,33,99.904741
TreesAndGrass_1920_1080_30fps_8bit,8,34,99.88268
TreesAndGrass_1920_1080_30fps_8bit,8,35,99.845109
TreesAndGrass_1920_1080_30fps_8bit,8,36,99.802084
TreesAndGrass_1920_1080_30fps_8bit,8,37,99.757811
TreesAndGrass_1920_1080_30fps_8bit,8,38,99.701984
TreesAndGrass_1920_1080_30fps_8bit,8,39,99.640807
TreesAndGrass_1920_1080_30fps_8bit,8,40,99.569866
TreesAndGrass_1920_1080_30fps_8bit,8,41,99.469983
TreesAndGrass_1920_1080_30fps_8bit,8,42,99.338133
TreesAndGrass_1920_1080_30fps_8bit,8,43,99.023609
TreesAndGrass_1920_1080_30fps_8bit,8,44,98.607408
TreesAndGrass_1920_1080_30fps_8bit,8,45,98.164881
TreesAndGrass_1920_1080_30fps_8bit,8,46,97.635828
TreesAndGrass_1920_1080_30fps_8bit,8,47,97.010762
TreesAndGrass_1920_1080_30fps_8bit,8,48,96.130978
TreesAndGrass_1920_1080_30fps_8bit,8,49,95.19305
TreesAndGrass_1920_1080_30fps_8bit,8,50,94.250511
TreesAndGrass_1920_1080_30fps_8bit,8,51,93.186598
TreesAndGrass_1920_1080_30fps_8bit,8,52,91.852533
TreesAndGrass_1920_1080_30fps_8bit,8,53,90.386658
TreesAndGrass_1920_1080_30fps_8bit,8,54,88.842122
TreesAndGrass_1920_1080_30fps_8bit,8,55,87.216527
TreesAndGrass_1920_1080_30fps_8bit,8,56,84.982488
TreesAndGrass_1920_1080_30fps_8bit,8,58,80.336463
TreesAndGrass_1920_1080_30fps_8bit,8,60,74.333154
TreesAndGrass_1920_1080_30fps_8bit,8,63,55.881726
Crosswalk_3840x2160_5994fps_10bit_420,8,20,95.457409
Crosswalk_3840x2160_5994fps_10bit_420,8,24,94.612134
Crosswalk_3840x2160_5994fps_10bit_420,8,27,93.47816
Crosswalk_3840x2160_5994fps_10bit_420,8,28,93.142428
Crosswalk_3840x2160_5994fps_10bit_420,8,29,92.801243
Crosswalk_3840x2160_5994fps_10bit_420,8,30,92.436812
Crosswalk_3840x2160_5994fps_10bit_420,8,31,91.980092
Crosswalk_3840x2160_5994fps_10bit_420,8,32,91.427972
Crosswalk_3840x2160_5994fps_10bit_420,8,33,90.995795
Crosswalk_3840x2160_5994fps_10bit_420,8,34,90.55295
Crosswalk_3840x2160_5994fps_10bit_420,8,35,90.019309
Crosswalk_3840x2160_5994fps_10bit_420,8,36,89.440469
Crosswalk_3840x2160_5994fps_10bit_420,8,37,88.913047
Crosswalk_3840x2160_5994fps_10bit_420,8,38,88.350872
Crosswalk_3840x2160_5994fps_10bit_420,8,39,87.698895
Crosswalk_3840x2160_5994fps_10bit_420,8,40,87.33957
Crosswalk_3840x2160_5994fps_10bit_420,8,41,86.626785
Crosswalk_3840x2160_5994fps_10bit_420,8,42,85.923361
Crosswalk_3840x2160_5994fps_10bit_420,8,43,85.156593
Crosswalk_3840x2160_5994fps_10bit_420,8,44,84.516144
Crosswalk_3840x2160_5994fps_10bit_420,8,45,83.694263
Crosswalk_3840x2160_5994fps_10bit_420,8,46,82.877595
Crosswalk_3840x2160_5994fps_10bit_420,8,47,82.044605
Crosswalk_3840x2160_5994fps_10bit_420,8,48,81.149392
Crosswalk_3840x2160_5994fps_10bit_420,8,49,80.327061
Crosswalk_3840x2160_5994fps_10bit_420,8,50,79.34999
Crosswalk_3840x2160_5994fps_10bit_420,8,51,78.332879
Crosswalk_3840x2160_5994fps_10bit_420,8,52,77.218451
Crosswalk_3840x2160_5994fps_10bit_420,8,53,76.195393
Crosswalk_3840x2160_5994fps_10bit_420,8,54,74.973444
Crosswalk_3840x2160_5994fps_10bit_420,8,55,73.593255
Crosswalk_3840x2160_5994fps_10bit_420,8,56,71.946943
Crosswalk_3840x2160_5994fps_10bit_420,8,58,68.444453
Crosswalk_3840x2160_5994fps_10bit_420,8,60,63.111322
Crosswalk_3840x2160_5994fps_10bit_420,8,63,46.154263
NocturneDance_3840x2160p_10bit_60fps,8,20,93.744327
NocturneDance_3840x2160p_10bit_60fps,8,24,92.570936
NocturneDance_3840x2160p_10bit_60fps,8,27,90.496152
NocturneDance_3840x2160p_10bit_60fps,8,28,89.879464
NocturneDance_3840x2160p_10bit_60fps,8,29,89.267227
NocturneDance_3840x2160p_10bit_60fps,8,30,88.593121
NocturneDance_3840x2160p_10bit_60fps,8,31,87.585832
NocturneDance_3840x2160p_10bit_60fps,8,32,86.300565
NocturneDance_3840x2160p_10bit_60fps,8,33,85.27733
NocturneDance_3840x2160p_10bit_60fps,8,34,84.242699
NocturneDance_3840x2160p_10bit_60fps,8,35,82.877759
NocturneDance_3840x2160p_10bit_60fps,8,36,81.472498
NocturneDance_3840x2160p_10bit_60fps,8,37,80.036362
NocturneDance_3840x2160p_10bit_60fps,8,38,78.418682
NocturneDance_3840x2160p_10bit_60fps,8,39,76.645056
NocturneDance_3840x2160p_10bit_60fps,8,40,75.235185
NocturneDance_3840x2160p_10bit_60fps,8,41,73.289071
NocturneDance_3840x2160p_10bit_60fps,8,42,71.344621
NocturneDance_3840x2160p_10bit_60fps,8,43,69.195774
NocturneDance_3840x2160p_10bit_60fps,8,44,67.082938
NocturneDance_3840x2160p_10bit_60fps,8,45,64.808211
NocturneDance_3840x2160p_10bit_60fps,8,46,62.429029
NocturneDance_3840x2160p_10bit_60fps,8,47,60.099029
NocturneDance_3840x2160p_10bit_60fps,8,48,57.597808
NocturneDance_3840x2160p_10bit_60fps,8,49,55.318423
NocturneDance_3840x2160p_10bit_60fps,8,50,52.808716
NocturneDance_3840x2160p_10bit_60fps,8,51,50.157276
NocturneDance_3840x2160p_10bit_60fps,8,52,47.482633
NocturneDance_3840x2160p_10bit_60fps,8,53,44.646362
NocturneDance_3840x2160p_10bit_60fps,8,54,41.786269
NocturneDance_3840x2160p_10bit_60fps,8,55,38.922947
NocturneDance_3840x2160p_10bit_60fps,8,56,35.321379
NocturneDance_3840x2160p_10bit_60fps,8,58,29.378481
NocturneDance_3840x2160p_10bit_60fps,8,60,23.100818
NocturneDance_3840x2160p_10bit_60fps,8,63,11.873476
Neon1224_3840x2160_2997fps,8,20,99.961782
Neon1224_3840x2160_2997fps,8,24,99.958434
Neon1224_3840x2160_2997fps,8,27,99.953238
Neon1224_3840x2160_2997fps,8,28,99.948987
Neon1224_3840x2160_2997fps,8,29,99.936575
Neon1224_3840x2160_2997fps,8,30,99.924554
Neon1224_3840x2160_2997fps,8,31,99.89179
Neon1224_3840x2160_2997fps,8,32,99.816159
Neon1224_3840x2160_2997fps,8,33,99.742009
Neon1224_3840x2160_2997fps,8,34,99.654085
Neon1224_3840x2160_2997fps,8,35,99.470002
Neon1224_3840x2160_2997fps,8,36,99.207056
Neon1224_3840x2160_2997fps,8,37,98.903597
Neon1224_3840x2160_2997fps,8,38,98.454453
Neon1224_3840x2160_2997fps,8,39,97.902244
Neon1224_3840x2160_2997fps,8,40,97.368367
Neon1224_3840x2160_2997fps,8,41,96.692785
Neon1224_3840x2160_2997fps,8,42,95.976288
Neon1224_3840x2160_2997fps,8,43,95.047251
Neon1224_3840x2160_2997fps,8,44,94.074141
Neon1224_3840x2160_2997fps,8,45,92.900711
Neon1224_3840x2160_2997fps,8,46,91.689051
Neon1224_3840x2160_2997fps,8,47,90.328697
Neon1224_3840x2160_2997fps,8,48,88.759622
Neon1224_3840x2160_2997fps,8,49,87.471612
Neon1224_3840x2160_2997fps,8,50,85.86062
Neon1224_3840x2160_2997fps,8,51,84.100475
Neon1224_3840x2160_2997fps,8,52,82.380433
Neon1224_3840x2160_2997fps,8,53,80.423718
Neon1224_3840x2160_2997fps,8,54,78.30509
Neon1224_3840x2160_2997fps,8,55,76.071965
Neon1224_3840x2160_2997fps,8,56,72.968212
Neon1224_3840x2160_2997fps,8,58,66.996919
Neon1224_3840x2160_2997fps,8,60,58.932335
Neon1224_3840x2160_2997fps,8,63,33.153445
PierSeaSide_3840x2160_2997fps_10bit_420_v2,8,20,99.293958
PierSeaSide_3840x2160_2997fps_10bit_420_v2,8,24,99.039019
PierSeaSide_3840x2160_2997fps_10bit_420_v2,8,27,98.654174
PierSeaSide_3840x2160_2997fps_10bit_420_v2,8,28,98.557639
PierSeaSide_3840x2160_2997fps_10bit_420_v2,8,29,98.612556
PierSeaSide_3840x2160_2997fps_10bit_420_v2,8,30,98.499714
PierSeaSide_3840x2160_2997fps_10bit_420_v2,8,31,98.321646
PierSeaSide_3840x2160_2997fps_10bit_420_v2,8,32,98.135137
PierSeaSide_3840x2160_2997fps_10bit_420_v2,8,33,97.962982
PierSeaSide_3840x2160_2997fps_10bit_420_v2,8,34,97.796834
PierSeaSide_3840x2160_2997fps_10bit_420_v2,8,35,97.587704
PierSeaSide_3840x2160_2997fps_10bit_420_v2,8,36,97.375049
PierSeaSide_3840x2160_2997fps_10bit_420_v2,8,37,97.154243
PierSeaSide_3840x2160_2997fps_10bit_420_v2,8,38,96.976769
PierSeaSide_3840x2160_2997fps_10bit_420_v2,8,39,96.683807
PierSeaSide_3840x2160_2997fps_10bit_420_v2,8,40,96.587239
PierSeaSide_3840x2160_2997fps_10bit_420_v2,8,41,96.311804
PierSeaSide_3840x2160_2997fps_10bit_420_v2,8,42,95.991911
PierSeaSide_3840x2160_2997fps_10bit_420_v2,8,43,95.639603
PierSeaSide_3840x2160_2997fps_10bit_420_v2,8,44,95.299584
PierSeaSide_3840x2160_2997fps_10bit_420_v2,8,45,94.913103
PierSeaSide_3840x2160_2997fps_10bit_420_v2,8,46,94.533797
PierSeaSide_3840x2160_2997fps_10bit_420_v2,8,47,94.089202
PierSeaSide_3840x2160_2997fps_10bit_420_v2,8,48,93.631661
PierSeaSide_3840x2160_2997fps_10bit_420_v2,8,49,93.217092
PierSeaSide_3840x2160_2997fps_10bit_420_v2,8,50,92.701603
PierSeaSide_3840x2160_2997fps_10bit_420_v2,8,51,92.152533
PierSeaSide_3840x2160_2997fps_10bit_420_v2,8,52,91.595429
PierSeaSide_3840x2160_2997fps_10bit_420_v2,8,53,90.943683
PierSeaSide_3840x2160_2997fps_10bit_420_v2,8,54,90.3164
PierSeaSide_3840x2160_2997fps_10bit_420_v2,8,55,89.521365
PierSeaSide_3840x2160_2997fps_10bit_420_v2,8,56,88.59092
PierSeaSide_3840x2160_2997fps_10bit_420_v2,8,58,86.450723
PierSeaSide_3840x2160_2997fps_10bit_420_v2,8,60,83.365789
PierSeaSide_3840x2160_2997fps_10bit_420_v2,8,63,71.694719
FoodMarket2_3840x2160_5994fps_10bit_420,8,20,99.959515
FoodMarket2_3840x2160_5994fps_10bit_420,8,24,99.955147
FoodMarket2_3840x2160_5994fps_10bit_420,8,27,99.948487
FoodMarket2_3840x2160_5994fps_10bit_420,8,28,99.947441
FoodMarket2_3840x2160_5994fps_10bit_420,8,29,99.944935
FoodMarket2_3840x2160_5994fps_10bit_420,8,30,99.94311
FoodMarket2_3840x2160_5994fps_10bit_420,8,31,99.939773
FoodMarket2_3840x2160_5994fps_10bit_420,8,32,99.937728
FoodMarket2_3840x2160_5994fps_10bit_420,8,33,99.934438
FoodMarket2_3840x2160_5994fps_10bit_420,8,34,99.931428
FoodMarket2_3840x2160_5994fps_10bit_420,8,35,99.928192
FoodMarket2_3840x2160_5994fps_10bit_420,8,36,99.924875
FoodMarket2_3840x2160_5994fps_10bit_420,8,37,99.910907
FoodMarket2_3840x2160_5994fps_10bit_420,8,38,99.883208
FoodMarket2_3840x2160_5994fps_10bit_420,8,39,99.818346
FoodMarket2_3840x2160_5994fps_10bit_420,8,40,99.779341
FoodMarket2_3840x2160_5994fps_10bit_420,8,41,99.68878
FoodMarket2_3840x2160_5994fps_10bit_420,8,42,99.574966
FoodMarket2_3840x2160_5994fps_10bit_420,8,43,99.434407
FoodMarket2_3840x2160_5994fps_10bit_420,8,44,99.236995
FoodMarket2_3840x2160_5994fps_10bit_420,8,45,99.017457
FoodMarket2_3840x2160_5994fps_10bit_420,8,46,98.753441
FoodMarket2_3840x2160_5994fps_10bit_420,8,47,98.589898
FoodMarket2_3840x2160_5994fps_10bit_420,8,48,98.108697
FoodMarket2_3840x2160_5994fps_10bit_420,8,49,97.711896
FoodMarket2_3840x2160_5994fps_10bit_420,8,50,97.152424
FoodMarket2_3840x2160_5994fps_10bit_420,8,51,96.616958
FoodMarket2_3840x2160_5994fps_10bit_420,8,52,95.828231
FoodMarket2_3840x2160_5994fps_10bit_420,8,53,94.939192
FoodMarket2_3840x2160_5994fps_10bit_420,8,54,93.911602
FoodMarket2_3840x2160_5994fps_10bit_420,8,55,92.707299
FoodMarket2_3840x2160_5994fps_10bit_420,8,56,91.157177
FoodMarket2_3840x2160_5994fps_10bit_420,8,58,87.622612
FoodMarket2_3840x2160_5994fps_10bit_420,8,60,82.235904
FoodMarket2_3840x2160_5994fps_10bit_420,8,63,62.755085
BoxingPractice_3840x2160_5994fps_10bit_420,8,20,99.961928
BoxingPractice_3840x2160_5994fps_10bit_420,8,24,99.942169
BoxingPractice_3840x2160_5994fps_10bit_420,8,27,99.836796
BoxingPractice_3840x2160_5994fps_10bit_420,8,28,99.77636
BoxingPractice_3840x2160_5994fps_10bit_420,8,29,99.713279
BoxingPractice_3840x2160_5994fps_10bit_420,8,30,99.645294
BoxingPractice_3840x2160_5994fps_10bit_420,8,31,99.532575
BoxingPractice_3840x2160_5994fps_10bit_420,8,32,99.382945
BoxingPractice_3840x2160_5994fps_10bit_420,8,33,99.203301
BoxingPractice_3840x2160_5994fps_10bit_420,8,34,99.002172
BoxingPractice_3840x2160_5994fps_10bit_420,8,35,98.929491
BoxingPractice_3840x2160_5994fps_10bit_420,8,36,98.691131
BoxingPractice_3840x2160_5994fps_10bit_420,8,37,98.461021
BoxingPractice_3840x2160_5994fps_10bit_420,8,38,98.158201
BoxingPractice_3840x2160_5994fps_10bit_420,8,39,97.832125
BoxingPractice_3840x2160_5994fps_10bit_420,8,40,97.748641
BoxingPractice_3840x2160_5994fps_10bit_420,8,41,97.375346
BoxingPractice_3840x2160_5994fps_10bit_420,8,42,97.008409
BoxingPractice_3840x2160_5994fps_10bit_420,8,43,96.605624
BoxingPractice_3840x2160_5994fps_10bit_420,8,44,96.179004
BoxingPractice_3840x2160_5994fps_10bit_420,8,45,95.734823
BoxingPractice_3840x2160_5994fps_10bit_420,8,46,95.267807
BoxingPractice_3840x2160_5994fps_10bit_420,8,47,94.796371
BoxingPractice_3840x2160_5994fps_10bit_420,8,48,94.327328
BoxingPractice_3840x2160_5994fps_10bit_420,8,49,93.840007
BoxingPractice_3840x2160_5994fps_10bit_420,8,50,93.27445
BoxingPractice_3840x2160_5994fps_10bit_420,8,51,92.707656
BoxingPractice_3840x2160_5994fps_10bit_420,8,52,91.98989
BoxingPractice_3840x2160_5994fps_10bit_420,8,53,91.338734
BoxingPractice_3840x2160_5994fps_10bit_420,8,54,90.520701
BoxingPractice_3840x2160_5994fps_10bit_420,8,55,89.697158
BoxingPractice_3840x2160_5994fps_10bit_420,8,56,88.604495
BoxingPractice_3840x2160_5994fps_10bit_420,8,58,86.356095
BoxingPractice_3840x2160_5994fps_10bit_420,8,60,82.795808
BoxingPractice_3840x2160_5994fps_10bit_420,8,63,69.247044
Tango_3840x2160_5994fps_10bit_420,8,20,97.553388
Tango_3840x2160_5994fps_10bit_420,8,24,96.828098
Tango_3840x2160_5994fps_10bit_420,8,27,95.681435
Tango_3840x2160_5994fps_10bit_420,8,28,95.343335
Tango_3840x2160_5994fps_10bit_420,8,29,95.003642
Tango_3840x2160_5994fps_10bit_420,8,30,94.605924
Tango_3840x2160_5994fps_10bit_420,8,31,94.122028
Tango_3840x2160_5994fps_10bit_420,8,32,93.600235
Tango_3840x2160_5994fps_10bit_420,8,33,93.087709
Tango_3840x2160_5994fps_10bit_420,8,34,92.64795
Tango_3840x2160_5994fps_10bit_420,8,35,92.057612
Tango_3840x2160_5994fps_10bit_420,8,36,91.439126
Tango_3840x2160_5994fps_10bit_420,8,37,90.907961
Tango_3840x2160_5994fps_10bit_420,8,38,90.260891
Tango_3840x2160_5994fps_10bit_420,8,39,89.539542
Tango_3840x2160_5994fps_10bit_420,8,40,89.262841
Tango_3840x2160_5994fps_10bit_420,8,41,88.569263
Tango_3840x2160_5994fps_10bit_420,8,42,87.84791
Tango_3840x2160_5994fps_10bit_420,8,43,87.051644
Tango_3840x2160_5994fps_10bit_420,8,44,86.271629
Tango_3840x2160_5994fps_10bit_420,8,45,85.435116
Tango_3840x2160_5994fps_10bit_420,8,46,84.533304
Tango_3840x2160_5994fps_10bit_420,8,47,83.74125
Tango_3840x2160_5994fps_10bit_420,8,48,82.760369
Tango_3840x2160_5994fps_10bit_420,8,49,81.862358
Tango_3840x2160_5994fps_10bit_420,8,50,80.849652
Tango_3840x2160_5994fps_10bit_420,8,51,79.784117
Tango_3840x2160_5994fps_10bit_420,8,52,78.652519
Tango_3840x2160_5994fps_10bit_420,8,53,77.34791
Tango_3840x2160_5994fps_10bit_420,8,54,76.082702
Tango_3840x2160_5994fps_10bit_420,8,55,74.624218
Tango_3840x2160_5994fps_10bit_420,8,56,72.812455
Tango_3840x2160_5994fps_10bit_420,8,58,69.036802
Tango_3840x2160_5994fps_10bit_420,8,60,63.768186
Tango_3840x2160_5994fps_10bit_420,8,63,47.504006
TimeLapse_3840x2160_5994fps_10bit_420,8,20,95.351103
TimeLapse_3840x2160_5994fps_10bit_420,8,24,94.893463
TimeLapse_3840x2160_5994fps_10bit_420,8,27,94.285727
TimeLapse_3840x2160_5994fps_10bit_420,8,28,94.103943
TimeLapse_3840x2160_5994fps_10bit_420,8,29,93.909045
TimeLapse_3840x2160_5994fps_10bit_420,8,30,93.734116
TimeLapse_3840x2160_5994fps_10bit_420,8,31,93.495448
TimeLapse_3840x2160_5994fps_10bit_420,8,32,93.206138
TimeLapse_3840x2160_5994fps_10bit_420,8,33,92.959242
TimeLapse_3840x2160_5994fps_10bit_420,8,34,92.706484
TimeLapse_3840x2160_5994fps_10bit_420,8,35,92.399608
TimeLapse_3840x2160_5994fps_10bit_420,8,36,92.088291
TimeLapse_3840x2160_5994fps_10bit_420,8,37,91.812916
TimeLapse_3840x2160_5994fps_10bit_420,8,38,91.49022
TimeLapse_3840x2160_5994fps_10bit_420,8,39,91.137954
TimeLapse_3840x2160_5994fps_10bit_420,8,40,90.896616
TimeLapse_3840x2160_5994fps_10bit_420,8,41,90.564129
TimeLapse_3840x2160_5994fps_10bit_420,8,42,90.217485
TimeLapse_3840x2160_5994fps_10bit_420,8,43,89.827212
TimeLapse_3840x2160_5994fps_10bit_420,8,44,89.448988
TimeLapse_3840x2160_5994fps_10bit_420,8,45,89.052565
TimeLapse_3840x2160_5994fps_10bit_420,8,46,88.593506
TimeLapse_3840x2160_5994fps_10bit_420,8,47,88.238402
TimeLapse_3840x2160_5994fps_10bit_420,8,48,87.780755
TimeLapse_3840x2160_5994fps_10bit_420,8,49,87.361615
TimeLapse_3840x2160_5994fps_10bit_420,8,50,86.97447
TimeLapse_3840x2160_5994fps_10bit_420,8,51,86.574082
TimeLapse_3840x2160_5994fps_10bit_420,8,52,86.123196
TimeLapse_3840x2160_5994fps_10bit_420,8,53,85.634104
TimeLapse_3840x2160_5994fps_10bit_420,8,54,85.112074
TimeLapse_3840x2160_5994fps_10bit_420,8,55,84.483598
TimeLapse_3840x2160_5994fps_10bit_420,8,56,83.790482
TimeLapse_3840x2160_5994fps_10bit_420,8,58,82.007383
TimeLapse_3840x2160_5994fps_10bit_420,8,60,79.089106
TimeLapse_3840x2160_5994fps_10bit_420,8,63,69.155835
SparksElevator_480x270p_5994_10bit,7,20,97.098613
SparksElevator_480x270p_5994_10bit,7,24,96.303123
SparksElevator_480x270p_5994_10bit,7,27,95.263805
SparksElevator_480x270p_5994_10bit,7,28,94.926758
SparksElevator_480x270p_5994_10bit,7,29,94.597049
SparksElevator_480x270p_5994_10bit,7,30,94.240126
SparksElevator_480x270p_5994_10bit,7,31,93.709874
SparksElevator_480x270p_5994_10bit,7,32,93.207728
SparksElevator_480x270p_5994_10bit,7,33,92.730749
SparksElevator_480x270p_5994_10bit,7,34,92.226875
SparksElevator_480x270p_5994_10bit,7,35,91.651541
SparksElevator_480x270p_5994_10bit,7,36,91.100102
SparksElevator_480x270p_5994_10bit,7,37,90.40327
SparksElevator_480x270p_5994_10bit,7,38,89.926297
SparksElevator_480x270p_5994_10bit,7,39,89.114711
SparksElevator_480x270p_5994_10bit,7,40,88.458434
SparksElevator_480x270p_5994_10bit,7,41,87.81934
SparksElevator_480x270p_5994_10bit,7,42,87.206231
SparksElevator_480x270p_5994_10bit,7,43,86.510744
SparksElevator_480x270p_5994_10bit,7,44,85.86368
SparksElevator_480x270p_5994_10bit,7,45,84.905967
SparksElevator_480x270p_5994_10bit,7,46,84.310881
SparksElevator_480x270p_5994_10bit,7,47,83.45236
SparksElevator_480x270p_5994_10bit,7,48,82.565809
SparksElevator_480x270p_5994_10bit,7,49,81.842181
SparksElevator_480x270p_5994_10bit,7,50,80.880197
SparksElevator_480x270p_5994_10bit,7,51,79.857656
SparksElevator_480x270p_5994_10bit,7,52,79.323889
SparksElevator_480x270p_5994_10bit,7,53,77.961291
SparksElevator_480x270p_5994_10bit,7,54,76.786584
SparksElevator_480x270p_5994_10bit,7,55,75.684363
SparksElevator_480x270p_5994_10bit,7,56,74.292521
SparksElevator_480x270p_5994_10bit,7,58,71.14362
SparksElevator_480x270p_5994_10bit,7,60,66.791823
SparksElevator_480x270p_5994_10bit,7,63,52.625022
ParkJoy_480x270_50,7,20,99.630858
ParkJoy_480x270_50,7,24,99.304861
ParkJoy_480x270_50,7,27,98.810136
ParkJoy_480x270_50,7,28,98.603515
ParkJoy_480x270_50,7,29,98.354685
ParkJoy_480x270_50,7,30,98.149623
ParkJoy_480x270_50,7,31,97.774135
ParkJoy_480x270_50,7,32,97.3302
ParkJoy_480x270_50,7,33,96.930208
ParkJoy_480x270_50,7,34,96.421714
ParkJoy_480x270_50,7,35,95.8168
ParkJoy_480x270_50,7,36,95.209486
ParkJoy_480x270_50,7,37,94.671916
ParkJoy_480x270_50,7,38,93.869167
ParkJoy_480x270_50,7,39,93.021338
ParkJoy_480x270_50,7,40,92.457672
ParkJoy_480x270_50,7,41,91.44332
ParkJoy_480x270_50,7,42,90.708557
ParkJoy_480x270_50,7,43,89.77407
ParkJoy_480x270_50,7,44,88.908516
ParkJoy_480x270_50,7,45,87.87776
ParkJoy_480x270_50,7,46,87.121765
ParkJoy_480x270_50,7,47,86.077964
ParkJoy_480x270_50,7,48,85.194598
ParkJoy_480x270_50,7,49,84.180264
ParkJoy_480x270_50,7,50,83.227668
ParkJoy_480x270_50,7,51,81.957053
ParkJoy_480x270_50,7,52,80.937419
ParkJoy_480x270_50,7,53,79.451855
ParkJoy_480x270_50,7,54,78.199603
ParkJoy_480x270_50,7,55,76.761938
ParkJoy_480x270_50,7,56,74.803815
ParkJoy_480x270_50,7,58,70.319806
ParkJoy_480x270_50,7,60,64.17378
ParkJoy_480x270_50,7,63,43.907807
BlueSky_360p25,7,20,98.638167
BlueSky_360p25,7,24,98.461671
BlueSky_360p25,7,27,98.259385
BlueSky_360p25,7,28,98.198108
BlueSky_360p25,7,29,98.119587
BlueSky_360p25,7,30,98.050279
BlueSky_360p25,7,31,97.95144
BlueSky_360p25,7,32,97.836127
BlueSky_360p25,7,33,97.7491
BlueSky_360p25,7,34,97.643856
BlueSky_360p25,7,35,97.56866
BlueSky_360p25,7,36,97.440149
BlueSky_360p25,7,37,97.386884
BlueSky_360p25,7,38,97.194845
BlueSky_360p25,7,39,97.099739
BlueSky_360p25,7,40,96.914312
BlueSky_360p25,7,41,96.684076
BlueSky_360p25,7,42,96.391263
BlueSky_360p25,7,43,96.003353
BlueSky_360p25,7,44,95.824858
BlueSky_360p25,7,45,95.432813
BlueSky_360p25,7,46,95.01509
BlueSky_360p25,7,47,94.980147
BlueSky_360p25,7,48,94.57967
BlueSky_360p25,7,49,94.107216
BlueSky_360p25,7,50,93.530607
BlueSky_360p25,7,51,93.264763
BlueSky_360p25,7,52,92.824136
BlueSky_360p25,7,53,92.416717
BlueSky_360p25,7,54,91.957788
BlueSky_360p25,7,55,91.436915
BlueSky_360p25,7,56,90.622473
BlueSky_360p25,7,58,89.201916
BlueSky_360p25,7,60,86.609689
BlueSky_360p25,7,63,74.904355
SnowMountain_640x360_2997,7,20,95.943318
SnowMountain_640x360_2997,7,24,95.558318
SnowMountain_640x360_2997,7,27,95.166273
SnowMountain_640x360_2997,7,28,95.089365
SnowMountain_640x360_2997,7,29,95.022863
SnowMountain_640x360_2997,7,30,94.94986
SnowMountain_640x360_2997,7,31,94.918574
SnowMountain_640x360_2997,7,32,94.838189
SnowMountain_640x360_2997,7,33,94.828124
SnowMountain_640x360_2997,7,34,94.757497
SnowMountain_640x360_2997,7,35,94.655383
SnowMountain_640x360_2997,7,36,94.587776
SnowMountain_640x360_2997,7,37,94.517181
SnowMountain_640x360_2997,7,38,94.408202
SnowMountain_640x360_2997,7,39,94.375504
SnowMountain_640x360_2997,7,40,94.216777
SnowMountain_640x360_2997,7,41,94.180304
SnowMountain_640x360_2997,7,42,94.025645
SnowMountain_640x360_2997,7,43,93.933577
SnowMountain_640x360_2997,7,44,93.878103
SnowMountain_640x360_2997,7,45,93.655555
SnowMountain_640x360_2997,7,46,93.61278
SnowMountain_640x360_2997,7,47,93.530409
SnowMountain_640x360_2997,7,48,93.287714
SnowMountain_640x360_2997,7,49,93.172584
SnowMountain_640x360_2997,7,50,92.967845
SnowMountain_640x360_2997,7,51,92.952777
SnowMountain_640x360_2997,7,52,92.665894
SnowMountain_640x360_2997,7,53,92.406143
SnowMountain_640x360_2997,7,54,92.378452
SnowMountain_640x360_2997,7,55,92.002603
SnowMountain_640x360_2997,7,56,91.465008
SnowMountain_640x360_2997,7,58,90.760427
SnowMountain_640x360_2997,7,60,89.81126
SnowMountain_640x360_2997,7,63,84.759253
RedKayak_360_2997,7,20,99.956941
RedKayak_360_2997,7,24,99.950569
RedKayak_360_2997,7,27,99.87567
RedKayak_360_2997,7,28,99.768033
RedKayak_360_2997,7,29,99.659242
RedKayak_360_2997,7,30,99.523252
RedKayak_360_2997,7,31,99.184799
RedKayak_360_2997,7,32,98.441438
RedKayak_360_2997,7,33,97.683001
RedKayak_360_2997,7,34,96.906026
RedKayak_360_2997,7,35,96.009569
RedKayak_360_2997,7,36,94.821297
RedKayak_360_2997,7,37,93.7808
RedKayak_360_2997,7,38,92.153966
RedKayak_360_2997,7,39,90.566396
RedKayak_360_2997,7,40,88.93466
RedKayak_360_2997,7,41,86.855102
RedKayak_360_2997,7,42,85.070597
RedKayak_360_2997,7,43,82.863798
RedKayak_360_2997,7,44,80.712492
RedKayak_360_2997,7,45,78.53111
RedKayak_360_2997,7,46,76.096692
RedKayak_360_2997,7,47,73.750128
RedKayak_360_2997,7,48,70.909216
RedKayak_360_2997,7,49,68.212009
RedKayak_360_2997,7,50,65.431597
RedKayak_360_2997,7,51,62.677281
RedKayak_360_2997,7,52,59.524767
RedKayak_360_2997,7,53,56.206193
RedKayak_360_2997,7,54,52.931764
RedKayak_360_2997,7,55,49.099259
RedKayak_360_2997,7,56,44.057411
RedKayak_360_2997,7,58,35.794947
RedKayak_360_2997,7,60,25.833345
RedKayak_360_2997,7,63,9.061392
TouchdownPass_640x360_2997,7,20,97.582438
TouchdownPass_640x360_2997,7,24,97.233846
TouchdownPass_640x360_2997,7,27,96.652783
TouchdownPass_640x360_2997,7,28,96.479964
TouchdownPass_640x360_2997,7,29,96.254302
TouchdownPass_640x360_2997,7,30,96.071331
TouchdownPass_640x360_2997,7,31,95.802133
TouchdownPass_640x360_2997,7,32,95.495365
TouchdownPass_640x360_2997,7,33,95.148644
TouchdownPass_640x360_2997,7,34,95.01659
TouchdownPass_640x360_2997,7,35,94.621228
TouchdownPass_640x360_2997,7,36,94.172724
TouchdownPass_640x360_2997,7,37,93.941312
TouchdownPass_640x360_2997,7,38,93.513045
TouchdownPass_640x360_2997,7,39,93.023287
TouchdownPass_640x360_2997,7,40,92.60416
TouchdownPass_640x360_2997,7,41,92.190513
TouchdownPass_640x360_2997,7,42,91.714124
TouchdownPass_640x360_2997,7,43,91.200317
TouchdownPass_640x360_2997,7,44,90.760715
TouchdownPass_640x360_2997,7,45,90.200454
TouchdownPass_640x360_2997,7,46,89.74589
TouchdownPass_640x360_2997,7,47,89.209534
TouchdownPass_640x360_2997,7,48,88.49389
TouchdownPass_640x360_2997,7,49,88.002321
TouchdownPass_640x360_2997,7,50,87.423665
TouchdownPass_640x360_2997,7,51,86.686503
TouchdownPass_640x360_2997,7,52,85.887484
TouchdownPass_640x360_2997,7,53,85.181802
TouchdownPass_640x360_2997,7,54,84.394644
TouchdownPass_640x360_2997,7,55,83.241979
TouchdownPass_640x360_2997,7,56,81.923456
TouchdownPass_640x360_2997,7,58,79.178762
TouchdownPass_640x360_2997,7,60,74.856859
TouchdownPass_640x360_2997,7,63,58.632274
Stockholm_640x360_5994,7,20,99.893804
Stockholm_640x360_5994,7,24,99.822484
Stockholm_640x360_5994,7,27,99.727506
Stockholm_640x360_5994,7,28,99.687932
Stockholm_640x360_5994,7,29,99.615081
Stockholm_640x360_5994,7,30,99.581445
Stockholm_640x360_5994,7,31,99.490462
Stockholm_640x360_5994,7,32,99.42183
Stockholm_640x360_5994,7,33,99.349286
Stockholm_640x360_5994,7,34,99.17037
Stockholm_640x360_5994,7,35,99.096051
Stockholm_640x360_5994,7,36,98.971151
Stockholm_640x360_5994,7,37,98.916265
Stockholm_640x360_5994,7,38,98.745038
Stockholm_640x360_5994,7,39,98.666265
Stockholm_640x360_5994,7,40,98.55338
Stockholm_640x360_5994,7,41,98.441232
Stockholm_640x360_5994,7,42,98.243354
Stockholm_640x360_5994,7,43,98.104018
Stockholm_640x360_5994,7,44,97.983844
Stockholm_640x360_5994,7,45,97.796431
Stockholm_640x360_5994,7,46,97.639948
Stockholm_640x360_5994,7,47,97.449675
Stockholm_640x360_5994,7,48,97.295122
Stockholm_640x360_5994,7,49,97.040557
Stockholm_640x360_5994,7,50,96.839888
Stockholm_640x360_5994,7,51,96.502839
Stockholm_640x360_5994,7,52,96.30235
Stockholm_640x360_5994,7,53,95.882871
Stockholm_640x360_5994,7,54,95.588196
Stockholm_640x360_5994,7,55,95.073907
Stockholm_640x360_5994,7,56,94.588495
Stockholm_640x360_5994,7,58,93.220521
Stockholm_640x360_5994,7,60,91.263339
Stockholm_640x360_5994,7,63,81.788905
SpeedBag_640x360_2997,7,20,97.66706
SpeedBag_640x360_2997,7,24,97.388112
SpeedBag_640x360_2997,7,27,97.094045
SpeedBag_640x360_2997,7,28,96.911333
SpeedBag_640x360_2997,7,29,96.763703
SpeedBag_640x360_2997,7,30,96.63248
SpeedBag_640x360_2997,7,31,96.51091
SpeedBag_640x360_2997,7,32,96.182993
SpeedBag_640x360_2997,7,33,95.993894
SpeedBag_640x360_2997,7,34,95.754444
SpeedBag_640x360_2997,7,35,95.490624
SpeedBag_640x360_2997,7,36,95.308232
SpeedBag_640x360_2997,7,37,94.987155
SpeedBag_640x360_2997,7,38,94.733903
SpeedBag_640x360_2997,7,39,94.413473
SpeedBag_640x360_2997,7,40,94.160605
SpeedBag_640x360_2997,7,41,93.743474
SpeedBag_640x360_2997,7,42,93.4715
SpeedBag_640x360_2997,7,43,93.132244
SpeedBag_640x360_2997,7,44,92.735973
SpeedBag_640x360_2997,7,45,92.234588
SpeedBag_640x360_2997,7,46,91.90789
SpeedBag_640x360_2997,7,47,91.264863
SpeedBag_640x360_2997,7,48,90.832803
SpeedBag_640x360_2997,7,49,90.269567
SpeedBag_640x360_2997,7,50,89.629842
SpeedBag_640x360_2997,7,51,89.195779
SpeedBag_640x360_2997,7,52,88.558728
SpeedBag_640x360_2997,7,53,87.759384
SpeedBag_640x360_2997,7,54,87.136343
SpeedBag_640x360_2997,7,55,86.280644
SpeedBag_640x360_2997,7,56,85.339653
SpeedBag_640x360_2997,7,58,82.951085
SpeedBag_640x360_2997,7,60,79.310092
SpeedBag_640x360_2997,7,63,66.158254
KristenAndSara_1280x720_60,7,20,96.837234
KristenAndSara_1280x720_60,7,24,96.651851
KristenAndSara_1280x720_60,7,27,96.420087
KristenAndSara_1280x720_60,7,28,96.364199
KristenAndSara_1280x720_60,7,29,96.261678
KristenAndSara_1280x720_60,7,30,96.166264
KristenAndSara_1280x720_60,7,31,96.103731
KristenAndSara_1280x720_60,7,32,96.007385
KristenAndSara_1280x720_60,7,33,95.895153
KristenAndSara_1280x720_60,7,34,95.75964
KristenAndSara_1280x720_60,7,35,95.635512
KristenAndSara_1280x720_60,7,36,95.503944
KristenAndSara_1280x720_60,7,37,95.392688
KristenAndSara_1280x720_60,7,38,95.243767
KristenAndSara_1280x720_60,7,39,95.067897
KristenAndSara_1280x720_60,7,40,94.947166
KristenAndSara_1280x720_60,7,41,94.792361
KristenAndSara_1280x720_60,7,42,94.62765
KristenAndSara_1280x720_60,7,43,94.406791
KristenAndSara_1280x720_60,7,44,94.209662
KristenAndSara_1280x720_60,7,45,94.050073
KristenAndSara_1280x720_60,7,46,93.823726
KristenAndSara_1280x720_60,7,47,93.594814
KristenAndSara_1280x720_60,7,48,93.382601
KristenAndSara_1280x720_60,7,49,93.132532
KristenAndSara_1280x720_60,7,50,92.936461
KristenAndSara_1280x720_60,7,51,92.652734
KristenAndSara_1280x720_60,7,52,92.418747
KristenAndSara_1280x720_60,7,53,92.032781
KristenAndSara_1280x720_60,7,54,91.796565
KristenAndSara_1280x720_60,7,55,91.316701
KristenAndSara_1280x720_60,7,56,90.90524
KristenAndSara_1280x720_60,7,58,89.787684
KristenAndSara_1280x720_60,7,60,88.232122
KristenAndSara_1280x720_60,7,63,81.81804
RollerCoaster_1280x720p_5994_10bit_420,7,20,99.952353
RollerCoaster_1280x720p_5994_10bit_420,7,24,99.937665
RollerCoaster_1280x720p_5994_10bit_420,7,27,99.853892
RollerCoaster_1280x720p_5994_10bit_420,7,28,99.776663
RollerCoaster_1280x720p_5994_10bit_420,7,29,99.685735
RollerCoaster_1280x720p_5994_10bit_420,7,30,99.571032
RollerCoaster_1280x720p_5994_10bit_420,7,31,99.424245
RollerCoaster_1280x720p_5994_10bit_420,7,32,99.214838
RollerCoaster_1280x720p_5994_10bit_420,7,33,98.990136
RollerCoaster_1280x720p_5994_10bit_420,7,34,98.733721
RollerCoaster_1280x720p_5994_10bit_420,7,35,98.398804
RollerCoaster_1280x720p_5994_10bit_420,7,36,98.035193
RollerCoaster_1280x720p_5994_10bit_420,7,37,97.599339
RollerCoaster_1280x720p_5994_10bit_420,7,38,97.092842
RollerCoaster_1280x720p_5994_10bit_420,7,39,96.610036
RollerCoaster_1280x720p_5994_10bit_420,7,40,96.140415
RollerCoaster_1280x720p_5994_10bit_420,7,41,95.49048
RollerCoaster_1280x720p_5994_10bit_420,7,42,94.833665
RollerCoaster_1280x720p_5994_10bit_420,7,43,94.181216
RollerCoaster_1280x720p_5994_10bit_420,7,44,93.569874
RollerCoaster_1280x720p_5994_10bit_420,7,45,92.886688
RollerCoaster_1280x720p_5994_10bit_420,7,46,92.114034
RollerCoaster_1280x720p_5994_10bit_420,7,47,91.270323
RollerCoaster_1280x720p_5994_10bit_420,7,48,90.507645
RollerCoaster_1280x720p_5994_10bit_420,7,49,89.740858
RollerCoaster_1280x720p_5994_10bit_420,7,50,88.87283
RollerCoaster_1280x720p_5994_10bit_420,7,51,87.927172
RollerCoaster_1280x720p_5994_10bit_420,7,52,86.921949
RollerCoaster_1280x720p_5994_10bit_420,7,53,85.84799
RollerCoaster_1280x720p_5994_10bit_420,7,54,84.759737
RollerCoaster_1280x720p_5994_10bit_420,7,55,83.498496
RollerCoaster_1280x720p_5994_10bit_420,7,56,81.751941
RollerCoaster_1280x720p_5994_10bit_420,7,58,78.367269
RollerCoaster_1280x720p_5994_10bit_420,7,60,73.110632
RollerCoaster_1280x720p_5994_10bit_420,7,63,53.170573
WestWindEasy_1280x720p30_420,7,20,99.966403
WestWindEasy_1280x720p30_420,7,24,99.963204
WestWindEasy_1280x720p30_420,7,27,99.959196
WestWindEasy_1280x720p30_420,7,28,99.957078
WestWindEasy_1280x720p30_420,7,29,99.956016
WestWindEasy_1280x720p30_420,7,30,99.954281
WestWindEasy_1280x720p30_420,7,31,99.952616
WestWindEasy_1280x720p30_420,7,32,99.949858
WestWindEasy_1280x720p30_420,7,33,99.948342
WestWindEasy_1280x720p30_420,7,34,99.945034
WestWindEasy_1280x720p30_420,7,35,99.934772
WestWindEasy_1280x720p30_420,7,36,99.903485
WestWindEasy_1280x720p30_420,7,37,99.849326
WestWindEasy_1280x720p30_420,7,38,99.755997
WestWindEasy_1280x720p30_420,7,39,99.565866
WestWindEasy_1280x720p30_420,7,40,99.325861
WestWindEasy_1280x720p30_420,7,41,98.897786
WestWindEasy_1280x720p30_420,7,42,98.462993
WestWindEasy_1280x720p30_420,7,43,97.817586
WestWindEasy_1280x720p30_420,7,44,97.270686
WestWindEasy_1280x720p30_420,7,45,96.36832
WestWindEasy_1280x720p30_420,7,46,95.485607
WestWindEasy_1280x720p30_420,7,47,94.522737
WestWindEasy_1280x720p30_420,7,48,93.63547
WestWindEasy_1280x720p30_420,7,49,92.319794
WestWindEasy_1280x720p30_420,7,50,91.285781
WestWindEasy_1280x720p30_420,7,51,89.948647
WestWindEasy_1280x720p30_420,7,52,88.810188
WestWindEasy_1280x720p30_420,7,53,87.412125
WestWindEasy_1280x720p30_420,7,54,85.985904
WestWindEasy_1280x720p30_420,7,55,84.464563
WestWindEasy_1280x720p30_420,7,56,82.533826
WestWindEasy_1280x720p30_420,7,58,79.033173
WestWindEasy_1280x720p30_420,7,60,75.015339
WestWindEasy_1280x720p30_420,7,63,65.459706
Vidyo4_1280x720p_60fps,7,20,96.730184
Vidyo4_1280x720p_60fps,7,24,96.48908
Vidyo4_1280x720p_60fps,7,27,96.110428
Vidyo4_1280x720p_60fps,7,28,95.998958
Vidyo4_1280x720p_60fps,7,29,95.88322
Vidyo4_1280x720p_60fps,7,30,95.774404
Vidyo4_1280x720p_60fps,7,31,95.607991
Vidyo4_1280x720p_60fps,7,32,95.456153
Vidyo4_1280x720p_60fps,7,33,95.336469
Vidyo4_1280x720p_60fps,7,34,95.170502
Vidyo4_1280x720p_60fps,7,35,94.987278
Vidyo4_1280x720p_60fps,7,36,94.858902
Vidyo4_1280x720p_60fps,7,37,94.680756
Vidyo4_1280x720p_60fps,7,38,94.474467
Vidyo4_1280x720p_60fps,7,39,94.258
Vidyo4_1280x720p_60fps,7,40,94.071096
Vidyo4_1280x720p_60fps,7,41,93.759872
Vidyo4_1280x720p_60fps,7,42,93.612165
Vidyo4_1280x720p_60fps,7,43,93.371541
Vidyo4_1280x720p_60fps,7,44,93.099785
Vidyo4_1280x720p_60fps,7,45,92.872814
Vidyo4_1280x720p_60fps,7,46,92.59235
Vidyo4_1280x720p_60fps,7,47,92.346528
Vidyo4_1280x720p_60fps,7,48,92.032892
Vidyo4_1280x720p_60fps,7,49,91.765934
Vidyo4_1280x720p_60fps,7,50,91.410574
Vidyo4_1280x720p_60fps,7,51,91.0426
Vidyo4_1280x720p_60fps,7,52,90.581014
Vidyo4_1280x720p_60fps,7,53,90.186078
Vidyo4_1280x720p_60fps,7,54,89.836613
Vidyo4_1280x720p_60fps,7,55,89.182139
Vidyo4_1280x720p_60fps,7,56,88.561039
Vidyo4_1280x720p_60fps,7,58,87.042725
Vidyo4_1280x720p_60fps,7,60,84.762692
Vidyo4_1280x720p_60fps,7,63,76.313467
Vidyo3_1280x720p_60fps,7,20,95.994291
Vidyo3_1280x720p_60fps,7,24,95.781479
Vidyo3_1280x720p_60fps,7,27,95.42983
Vidyo3_1280x720p_60fps,7,28,95.325651
Vidyo3_1280x720p_60fps,7,29,95.154146
Vidyo3_1280x720p_60fps,7,30,95.115346
Vidyo3_1280x720p_60fps,7,31,94.93836
Vidyo3_1280x720p_60fps,7,32,94.757706
Vidyo3_1280x720p_60fps,7,33,94.602281
Vidyo3_1280x720p_60fps,7,34,94.464984
Vidyo3_1280x720p_60fps,7,35,94.243414
Vidyo3_1280x720p_60fps,7,36,94.058103
Vidyo3_1280x720p_60fps,7,37,93.87917
Vidyo3_1280x720p_60fps,7,38,93.663962
Vidyo3_1280x720p_60fps,7,39,93.484541
Vidyo3_1280x720p_60fps,7,40,93.231292
Vidyo3_1280x720p_60fps,7,41,92.987571
Vidyo3_1280x720p_60fps,7,42,92.744699
Vidyo3_1280x720p_60fps,7,43,92.466142
Vidyo3_1280x720p_60fps,7,44,92.309671
Vidyo3_1280x720p_60fps,7,45,91.804039
Vidyo3_1280x720p_60fps,7,46,91.740546
Vidyo3_1280x720p_60fps,7,47,91.467296
Vidyo3_1280x720p_60fps,7,48,91.143768
Vidyo3_1280x720p_60fps,7,49,90.778961
Vidyo3_1280x720p_60fps,7,50,90.48033
Vidyo3_1280x720p_60fps,7,51,90.1758
Vidyo3_1280x720p_60fps,7,52,89.788904
Vidyo3_1280x720p_60fps,7,53,89.352535
Vidyo3_1280x720p_60fps,7,54,88.960009
Vidyo3_1280x720p_60fps,7,55,88.444621
Vidyo3_1280x720p_60fps,7,56,87.845901
Vidyo3_1280x720p_60fps,7,58,86.267248
Vidyo3_1280x720p_60fps,7,60,83.919964
Vidyo3_1280x720p_60fps,7,63,74.123629
ControlledBurn_1280x720p30_420,7,20,97.156921
ControlledBurn_1280x720p30_420,7,24,96.424902
ControlledBurn_1280x720p30_420,7,27,95.36232
ControlledBurn_1280x720p30_420,7,28,94.944645
ControlledBurn_1280x720p30_420,7,29,94.573176
ControlledBurn_1280x720p30_420,7,30,94.262416
ControlledBurn_1280x720p30_420,7,31,93.760054
ControlledBurn_1280x720p30_420,7,32,93.152108
ControlledBurn_1280x720p30_420,7,33,92.631881
ControlledBurn_1280x720p30_420,7,34,92.113669
ControlledBurn_1280x720p30_420,7,35,91.446458
ControlledBurn_1280x720p30_420,7,36,90.746965
ControlledBurn_1280x720p30_420,7,37,90.084381
ControlledBurn_1280x720p30_420,7,38,89.276903
ControlledBurn_1280x720p30_420,7,39,88.51253
ControlledBurn_1280x720p30_420,7,40,87.636048
ControlledBurn_1280x720p30_420,7,41,86.779616
ControlledBurn_1280x720p30_420,7,42,85.940244
ControlledBurn_1280x720p30_420,7,43,84.997112
ControlledBurn_1280x720p30_420,7,44,84.076237
ControlledBurn_1280x720p30_420,7,45,83.046386
ControlledBurn_1280x720p30_420,7,46,82.119572
ControlledBurn_1280x720p30_420,7,47,81.128449
ControlledBurn_1280x720p30_420,7,48,79.945079
ControlledBurn_1280x720p30_420,7,49,78.876319
ControlledBurn_1280x720p30_420,7,50,77.733433
ControlledBurn_1280x720p30_420,7,51,76.669035
ControlledBurn_1280x720p30_420,7,52,75.326448
ControlledBurn_1280x720p30_420,7,53,74.046225
ControlledBurn_1280x720p30_420,7,54,72.904578
ControlledBurn_1280x720p30_420,7,55,71.370206
ControlledBurn_1280x720p30_420,7,56,69.473475
ControlledBurn_1280x720p30_420,7,58,66.103686
ControlledBurn_1280x720p30_420,7,60,62.116463
ControlledBurn_1280x720p30_420,7,63,51.527399
DrivingPOV_1280x720p_5994_10bit_420,7,20,98.907458
DrivingPOV_1280x720p_5994_10bit_420,7,24,98.495047
DrivingPOV_1280x720p_5994_10bit_420,7,27,98.011574
DrivingPOV_1280x720p_5994_10bit_420,7,28,97.914731
DrivingPOV_1280x720p_5994_10bit_420,7,29,97.881358
DrivingPOV_1280x720p_5994_10bit_420,7,30,97.886779
DrivingPOV_1280x720p_5994_10bit_420,7,31,97.719053
DrivingPOV_1280x720p_5994_10bit_420,7,32,97.626554
DrivingPOV_1280x720p_5994_10bit_420,7,33,97.417809
DrivingPOV_1280x720p_5994_10bit_420,7,34,97.214829
DrivingPOV_1280x720p_5994_10bit_420,7,35,96.978087
DrivingPOV_1280x720p_5994_10bit_420,7,36,96.697643
DrivingPOV_1280x720p_5994_10bit_420,7,37,96.464079
DrivingPOV_1280x720p_5994_10bit_420,7,38,96.125981
DrivingPOV_1280x720p_5994_10bit_420,7,39,95.760176
DrivingPOV_1280x720p_5994_10bit_420,7,40,95.510657
DrivingPOV_1280x720p_5994_10bit_420,7,41,95.151114
DrivingPOV_1280x720p_5994_10bit_420,7,42,94.768267
DrivingPOV_1280x720p_5994_10bit_420,7,43,94.289302
DrivingPOV_1280x720p_5994_10bit_420,7,44,93.899304
DrivingPOV_1280x720p_5994_10bit_420,7,45,93.568053
DrivingPOV_1280x720p_5994_10bit_420,7,46,93.128676
DrivingPOV_1280x720p_5994_10bit_420,7,47,92.7154
DrivingPOV_1280x720p_5994_10bit_420,7,48,92.198813
DrivingPOV_1280x720p_5994_10bit_420,7,49,91.728404
DrivingPOV_1280x720p_5994_10bit_420,7,50,91.221035
DrivingPOV_1280x720p_5994_10bit_420,7,51,90.733706
DrivingPOV_1280x720p_5994_10bit_420,7,52,90.159856
DrivingPOV_1280x720p_5994_10bit_420,7,53,89.564916
DrivingPOV_1280x720p_5994_10bit_420,7,54,88.996333
DrivingPOV_1280x720p_5994_10bit_420,7,55,88.105563
DrivingPOV_1280x720p_5994_10bit_420,7,56,87.197577
DrivingPOV_1280x720p_5994_10bit_420,7,58,84.994617
DrivingPOV_1280x720p_5994_10bit_420,7,60,81.433389
DrivingPOV_1280x720p_5994_10bit_420,7,63,67.300899
Johnny_1280x720_60,7,20,96.350403
Johnny_1280x720_60,7,24,96.135394
Johnny_1280x720_60,7,27,95.923962
Johnny_1280x720_60,7,28,95.852688
Johnny_1280x720_60,7,29,95.804927
Johnny_1280x720_60,7,30,95.787517
Johnny_1280x720_60,7,31,95.661181
Johnny_1280x720_60,7,32,95.596462
Johnny_1280x720_60,7,33,95.492529
Johnny_1280x720_60,7,34,95.356645
Johnny_1280x720_60,7,35,95.272118
Johnny_1280x720_60,7,36,95.208266
Johnny_1280x720_60,7,37,95.13603
Johnny_1280x720_60,7,38,94.986745
Johnny_1280x720_60,7,39,94.830154
Johnny_1280x720_60,7,40,94.734441
Johnny_1280x720_60,7,41,94.607629
Johnny_1280x720_60,7,42,94.462369
Johnny_1280x720_60,7,43,94.393164
Johnny_1280x720_60,7,44,94.22824
Johnny_1280x720_60,7,45,93.988792
Johnny_1280x720_60,7,46,93.814515
Johnny_1280x720_60,7,47,93.743412
Johnny_1280x720_60,7,48,93.513232
Johnny_1280x720_60,7,49,93.345421
Johnny_1280x720_60,7,50,93.19593
Johnny_1280x720_60,7,51,92.95364
Johnny_1280x720_60,7,52,92.714265
Johnny_1280x720_60,7,53,92.416695
Johnny_1280x720_60,7,54,92.185138
Johnny_1280x720_60,7,55,91.807067
Johnny_1280x720_60,7,56,91.361355
Johnny_1280x720_60,7,58,90.355509
Johnny_1280x720_60,7,60,88.758037
Johnny_1280x720_60,7,63,82.771979
RushFieldCuts_1920x1080_2997,7,20,99.004104
RushFieldCuts_1920x1080_2997,7,24,98.109759
RushFieldCuts_1920x1080_2997,7,27,96.708456
RushFieldCuts_1920x1080_2997,7,28,96.305853
RushFieldCuts_1920x1080_2997,7,29,95.882688
RushFieldCuts_1920x1080_2997,7,30,95.502207
RushFieldCuts_1920x1080_2997,7,31,94.97988
RushFieldCuts_1920x1080_2997,7,32,94.372112
RushFieldCuts_1920x1080_2997,7,33,93.816276
RushFieldCuts_1920x1080_2997,7,34,93.344841
RushFieldCuts_1920x1080_2997,7,35,92.708895
RushFieldCuts_1920x1080_2997,7,36,92.056162
RushFieldCuts_1920x1080_2997,7,37,91.408462
RushFieldCuts_1920x1080_2997,7,38,90.604571
RushFieldCuts_1920x1080_2997,7,39,89.89353
RushFieldCuts_1920x1080_2997,7,40,89.188157
RushFieldCuts_1920x1080_2997,7,41,88.238235
RushFieldCuts_1920x1080_2997,7,42,87.480202
RushFieldCuts_1920x1080_2997,7,43,86.512309
RushFieldCuts_1920x1080_2997,7,44,85.591426
RushFieldCuts_1920x1080_2997,7,45,84.637351
RushFieldCuts_1920x1080_2997,7,46,83.574399
RushFieldCuts_1920x1080_2997,7,47,82.650355
RushFieldCuts_1920x1080_2997,7,48,81.623095
RushFieldCuts_1920x1080_2997,7,49,80.423067
RushFieldCuts_1920x1080_2997,7,50,79.2537
RushFieldCuts_1920x1080_2997,7,51,77.941229
RushFieldCuts_1920x1080_2997,7,52,76.706877
RushFieldCuts_1920x1080_2997,7,53,75.174782
RushFieldCuts_1920x1080_2997,7,54,73.544238
RushFieldCuts_1920x1080_2997,7,55,71.868949
RushFieldCuts_1920x1080_2997,7,56,69.925032
RushFieldCuts_1920x1080_2997,7,58,65.66304
RushFieldCuts_1920x1080_2997,7,60,60.048443
RushFieldCuts_1920x1080_2997,7,63,44.599071
Riverbed_1920x1080p25,7,20,99.951865
Riverbed_1920x1080p25,7,24,99.944554
Riverbed_1920x1080p25,7,27,99.929327
Riverbed_1920x1080p25,7,28,99.924829
Riverbed_1920x1080p25,7,29,99.920442
Riverbed_1920x1080p25,7,30,99.916337
Riverbed_1920x1080p25,7,31,99.908611
Riverbed_1920x1080p25,7,32,99.868854
Riverbed_1920x1080p25,7,33,99.617998
Riverbed_1920x1080p25,7,34,99.146939
Riverbed_1920x1080p25,7,35,98.505271
Riverbed_1920x1080p25,7,36,97.735628
Riverbed_1920x1080p25,7,37,97.023664
Riverbed_1920x1080p25,7,38,95.863223
Riverbed_1920x1080p25,7,39,94.422586
Riverbed_1920x1080p25,7,40,92.986297
Riverbed_1920x1080p25,7,41,91.239927
Riverbed_1920x1080p25,7,42,89.547472
Riverbed_1920x1080p25,7,43,87.522435
Riverbed_1920x1080p25,7,44,85.33422
Riverbed_1920x1080p25,7,45,82.977449
Riverbed_1920x1080p25,7,46,80.830644
Riverbed_1920x1080p25,7,47,78.723996
Riverbed_1920x1080p25,7,48,76.169484
Riverbed_1920x1080p25,7,49,73.776831
Riverbed_1920x1080p25,7,50,71.276941
Riverbed_1920x1080p25,7,51,68.708864
Riverbed_1920x1080p25,7,52,66.132479
Riverbed_1920x1080p25,7,53,63.229499
Riverbed_1920x1080p25,7,54,60.407008
Riverbed_1920x1080p25,7,55,57.450857
Riverbed_1920x1080p25,7,56,53.409631
Riverbed_1920x1080p25,7,58,46.793119
Riverbed_1920x1080p25,7,60,39.155353
Riverbed_1920x1080p25,7,63,21.048031
Slides1_1920x1080_30fps_8bit_420,7,20,97.442787
Slides1_1920x1080_30fps_8bit_420,7,24,97.306945
Slides1_1920x1080_30fps_8bit_420,7,27,97.105009
Slides1_1920x1080_30fps_8bit_420,7,28,97.038626
Slides1_1920x1080_30fps_8bit_420,7,29,96.985131
Slides1_1920x1080_30fps_8bit_420,7,30,96.929031
Slides1_1920x1080_30fps_8bit_420,7,31,96.892077
Slides1_1920x1080_30fps_8bit_420,7,32,96.838192
Slides1_1920x1080_30fps_8bit_420,7,33,96.777599
Slides1_1920x1080_30fps_8bit_420,7,34,96.65023
Slides1_1920x1080_30fps_8bit_420,7,35,96.501443
Slides1_1920x1080_30fps_8bit_420,7,36,96.495972
Slides1_1920x1080_30fps_8bit_420,7,37,96.352851
Slides1_1920x1080_30fps_8bit_420,7,38,96.238717
Slides1_1920x1080_30fps_8bit_420,7,39,96.134741
Slides1_1920x1080_30fps_8bit_420,7,40,96.069593
Slides1_1920x1080_30fps_8bit_420,7,41,95.940009
Slides1_1920x1080_30fps_8bit_420,7,42,95.795272
Slides1_1920x1080_30fps_8bit_420,7,43,95.671108
Slides1_1920x1080_30fps_8bit_420,7,44,95.603336
Slides1_1920x1080_30fps_8bit_420,7,45,95.462334
Slides1_1920x1080_30fps_8bit_420,7,46,95.279822
Slides1_1920x1080_30fps_8bit_420,7,47,95.082456
Slides1_1920x1080_30fps_8bit_420,7,48,95.012575
Slides1_1920x1080_30fps_8bit_420,7,49,94.757419
Slides1_1920x1080_30fps_8bit_420,7,50,94.714278
Slides1_1920x1080_30fps_8bit_420,7,51,94.457978
Slides1_1920x1080_30fps_8bit_420,7,52,94.324793
Slides1_1920x1080_30fps_8bit_420,7,53,93.825724
Slides1_1920x1080_30fps_8bit_420,7,54,93.78933
Slides1_1920x1080_30fps_8bit_420,7,55,93.193471
Slides1_1920x1080_30fps_8bit_420,7,56,93.091766
Slides1_1920x1080_30fps_8bit_420,7,58,91.8583
Slides1_1920x1080_30fps_8bit_420,7,60,90.996553
Slides1_1920x1080_30fps_8bit_420,7,63,84.906734
MissionControlClip3_1920x1080_60_420,7,20,97.591934
MissionControlClip3_1920x1080_60_420,7,24,97.555097
MissionControlClip3_1920x1080_60_420,7,27,97.456611
MissionControlClip3_1920x1080_60_420,7,28,97.433909
MissionControlClip3_1920x1080_60_420,7,29,97.399697
MissionControlClip3_1920x1080_60_420,7,30,97.402564
MissionControlClip3_1920x1080_60_420,7,31,97.352824
MissionControlClip3_1920x1080_60_420,7,32,97.313811
MissionControlClip3_1920x1080_60_420,7,33,97.302121
MissionControlClip3_1920x1080_60_420,7,34,97.261035
MissionControlClip3_1920x1080_60_420,7,35,97.207377
MissionControlClip3_1920x1080_60_420,7,36,97.167935
MissionControlClip3_1920x1080_60_420,7,37,97.132087
MissionControlClip3_1920x1080_60_420,7,38,97.06922
MissionControlClip3_1920x1080_60_420,7,39,97.002594
MissionControlClip3_1920x1080_60_420,7,40,96.947894
MissionControlClip3_1920x1080_60_420,7,41,96.893892
MissionControlClip3_1920x1080_60_420,7,42,96.811595
MissionControlClip3_1920x1080_60_420,7,43,96.736928
MissionControlClip3_1920x1080_60_420,7,44,96.663042
MissionControlClip3_1920x1080_60_420,7,45,96.606244
MissionControlClip3_1920x1080_60_420,7,46,96.501643
MissionControlClip3_1920x1080_60_420,7,47,96.416729
MissionControlClip3_1920x1080_60_420,7,48,96.333835
MissionControlClip3_1920x1080_60_420,7,49,96.256472
MissionControlClip3_1920x1080_60_420,7,50,96.108407
MissionControlClip3_1920x1080_60_420,7,51,95.974202
MissionControlClip3_1920x1080_60_420,7,52,95.892683
MissionControlClip3_1920x1080_60_420,7,53,95.741516
MissionControlClip3_1920x1080_60_420,7,54,95.633014
MissionControlClip3_1920x1080_60_420,7,55,95.444607
MissionControlClip3_1920x1080_60_420,7,56,95.244836
MissionControlClip3_1920x1080_60_420,7,58,94.6674
MissionControlClip3_1920x1080_60_420,7,60,93.982149
MissionControlClip3_1920x1080_60_420,7,63,90.504217
EuroTruckSimulator2_1920x1080p60,7,20,99.959874
EuroTruckSimulator2_1920x1080p60,7,24,99.95492
EuroTruckSimulator2_1920x1080p60,7,27,99.947352
EuroTruckSimulator2_1920x1080p60,7,28,99.944728
EuroTruckSimulator2_1920x1080p60,7,29,99.918749
EuroTruckSimulator2_1920x1080p60,7,30,99.743213
EuroTruckSimulator2_1920x1080p60,7,31,99.300061
EuroTruckSimulator2_1920x1080p60,7,32,98.742634
EuroTruckSimulator2_1920x1080p60,7,33,98.249668
EuroTruckSimulator2_1920x1080p60,7,34,97.724625
EuroTruckSimulator2_1920x1080p60,7,35,96.974458
EuroTruckSimulator2_1920x1080p60,7,36,96.193986
EuroTruckSimulator2_1920x1080p60,7,37,95.442669
EuroTruckSimulator2_1920x1080p60,7,38,94.513533
EuroTruckSimulator2_1920x1080p60,7,39,93.625483
EuroTruckSimulator2_1920x1080p60,7,40,92.838606
EuroTruckSimulator2_1920x1080p60,7,41,91.9079
EuroTruckSimulator2_1920x1080p60,7,42,91.183846
EuroTruckSimulator2_1920x1080p60,7,43,90.319304
EuroTruckSimulator2_1920x1080p60,7,44,89.594205
EuroTruckSimulator2_1920x1080p60,7,45,88.848755
EuroTruckSimulator2_1920x1080p60,7,46,88.186503
EuroTruckSimulator2_1920x1080p60,7,47,87.552468
EuroTruckSimulator2_1920x1080p60,7,48,86.881239
EuroTruckSimulator2_1920x1080p60,7,49,86.197322
EuroTruckSimulator2_1920x1080p60,7,50,85.595272
EuroTruckSimulator2_1920x1080p60,7,51,84.954211
EuroTruckSimulator2_1920x1080p60,7,52,84.128056
EuroTruckSimulator2_1920x1080p60,7,53,83.398511
EuroTruckSimulator2_1920x1080p60,7,54,82.47805
EuroTruckSimulator2_1920x1080p60,7,55,81.408909
EuroTruckSimulator2_1920x1080p60,7,56,80.188127
EuroTruckSimulator2_1920x1080p60,7,58,77.297858
EuroTruckSimulator2_1920x1080p60,7,60,73.377228
EuroTruckSimulator2_1920x1080p60,7,63,58.879355
PedestrianArea_1920x1080p25,7,20,99.452707
PedestrianArea_1920x1080p25,7,24,99.163017
PedestrianArea_1920x1080p25,7,27,98.684493
PedestrianArea_1920x1080p25,7,28,98.515472
PedestrianArea_1920x1080p25,7,29,98.347136
PedestrianArea_1920x1080p25,7,30,98.137253
PedestrianArea_1920x1080p25,7,31,97.823847
PedestrianArea_1920x1080p25,7,32,97.42995
PedestrianArea_1920x1080p25,7,33,97.035736
PedestrianArea_1920x1080p25,7,34,96.672153
PedestrianArea_1920x1080p25,7,35,96.140366
PedestrianArea_1920x1080p25,7,36,95.639566
PedestrianArea_1920x1080p25,7,37,95.06735
PedestrianArea_1920x1080p25,7,38,94.430235
PedestrianArea_1920x1080p25,7,39,93.751903
PedestrianArea_1920x1080p25,7,40,93.115318
PedestrianArea_1920x1080p25,7,41,92.292631
PedestrianArea_1920x1080p25,7,42,91.595937
PedestrianArea_1920x1080p25,7,43,90.68223
PedestrianArea_1920x1080p25,7,44,89.876867
PedestrianArea_1920x1080p25,7,45,89.072817
PedestrianArea_1920x1080p25,7,46,88.074802
PedestrianArea_1920x1080p25,7,47,87.22878
PedestrianArea_1920x1080p25,7,48,86.167418
PedestrianArea_1920x1080p25,7,49,85.117074
PedestrianArea_1920x1080p25,7,50,83.89236
PedestrianArea_1920x1080p25,7,51,82.748189
PedestrianArea_1920x1080p25,7,52,81.577496
PedestrianArea_1920x1080p25,7,53,80.091854
PedestrianArea_1920x1080p25,7,54,78.71582
PedestrianArea_1920x1080p25,7,55,77.096458
PedestrianArea_1920x1080p25,7,56,74.900283
PedestrianArea_1920x1080p25,7,58,70.835363
PedestrianArea_1920x1080p25,7,60,65.047552
PedestrianArea_1920x1080p25,7,63,48.519925
MountainBike_1920x1080_30fps_8bit,7,20,99.888029
MountainBike_1920x1080_30fps_8bit,7,24,99.871957
MountainBike_1920x1080_30fps_8bit,7,27,99.848546
MountainBike_1920x1080_30fps_8bit,7,28,99.84423
MountainBike_1920x1080_30fps_8bit,7,29,99.836732
MountainBike_1920x1080_30fps_8bit,7,30,99.827344
MountainBike_1920x1080_30fps_8bit,7,31,99.820193
MountainBike_1920x1080_30fps_8bit,7,32,99.802722
MountainBike_1920x1080_30fps_8bit,7,33,99.788243
MountainBike_1920x1080_30fps_8bit,7,34,99.778533
MountainBike_1920x1080_30fps_8bit,7,35,99.761136
MountainBike_1920x1080_30fps_8bit,7,36,99.743824
MountainBike_1920x1080_30fps_8bit,7,37,99.728551
MountainBike_1920x1080_30fps_8bit,7,38,99.703819
MountainBike_1920x1080_30fps_8bit,7,39,99.671558
MountainBike_1920x1080_30fps_8bit,7,40,99.587717
MountainBike_1920x1080_30fps_8bit,7,41,99.449396
MountainBike_1920x1080_30fps_8bit,7,42,99.272994
MountainBike_1920x1080_30fps_8bit,7,43,98.994779
MountainBike_1920x1080_30fps_8bit,7,44,98.59822
MountainBike_1920x1080_30fps_8bit,7,45,98.098508
MountainBike_1920x1080_30fps_8bit,7,46,97.26987
MountainBike_1920x1080_30fps_8bit,7,47,96.286357
MountainBike_1920x1080_30fps_8bit,7,48,94.840114
MountainBike_1920x1080_30fps_8bit,7,49,93.546905
MountainBike_1920x1080_30fps_8bit,7,50,92.06534
MountainBike_1920x1080_30fps_8bit,7,51,90.38949
MountainBike_1920x1080_30fps_8bit,7,52,88.463522
MountainBike_1920x1080_30fps_8bit,7,53,86.31238
MountainBike_1920x1080_30fps_8bit,7,54,84.006685
MountainBike_1920x1080_30fps_8bit,7,55,81.403979
MountainBike_1920x1080_30fps_8bit,7,56,78.208513
MountainBike_1920x1080_30fps_8bit,7,58,72.016848
MountainBike_1920x1080_30fps_8bit,7,60,64.783141
MountainBike_1920x1080_30fps_8bit,7,63,47.214609
OldTownCross_1920x1080p50,7,20,95.745605
OldTownCross_1920x1080p50,7,24,94.910751
OldTownCross_1920x1080p50,7,27,94.349959
OldTownCross_1920x1080p50,7,28,94.233788
OldTownCross_1920x1080p50,7,29,94.240154
OldTownCross_1920x1080p50,7,30,94.134688
OldTownCross_1920x1080p50,7,31,93.980498
OldTownCross_1920x1080p50,7,32,93.90565
OldTownCross_1920x1080p50,7,33,93.789292
OldTownCross_1920x1080p50,7,34,93.682017
OldTownCross_1920x1080p50,7,35,93.654256
OldTownCross_1920x1080p50,7,36,93.523809
OldTownCross_1920x1080p50,7,37,93.635159
OldTownCross_1920x1080p50,7,38,93.652656
OldTownCross_1920x1080p50,7,39,93.558194
OldTownCross_1920x1080p50,7,40,93.424656
OldTownCross_1920x1080p50,7,41,93.286824
OldTownCross_1920x1080p50,7,42,93.097016
OldTownCross_1920x1080p50,7,43,92.910375
OldTownCross_1920x1080p50,7,44,92.662745
OldTownCross_1920x1080p50,7,45,92.430906
OldTownCross_1920x1080p50,7,46,92.198842
OldTownCross_1920x1080p50,7,47,92.050732
OldTownCross_1920x1080p50,7,48,91.790876
OldTownCross_1920x1080p50,7,49,91.493187
OldTownCross_1920x1080p50,7,50,91.251764
OldTownCross_1920x1080p50,7,51,90.851411
OldTownCross_1920x1080p50,7,52,90.443087
OldTownCross_1920x1080p50,7,53,90.107635
OldTownCross_1920x1080p50,7,54,89.581907
OldTownCross_1920x1080p50,7,55,89.001534
OldTownCross_1920x1080p50,7,56,88.315824
OldTownCross_1920x1080p50,7,58,86.557446
OldTownCross_1920x1080p50,7,60,83.967249
OldTownCross_1920x1080p50,7,63,71.27008
SolLevanteFace_sdr_1920x1080_24_10bit,7,20,96.312047
SolLevanteFace_sdr_1920x1080_24_10bit,7,24,94.964891
SolLevanteFace_sdr_1920x1080_24_10bit,7,27,93.163554
SolLevanteFace_sdr_1920x1080_24_10bit,7,28,92.560571
SolLevanteFace_sdr_1920x1080_24_10bit,7,29,91.929125
SolLevanteFace_sdr_1920x1080_24_10bit,7,30,91.231125
SolLevanteFace_sdr_1920x1080_24_10bit,7,31,90.244742
SolLevanteFace_sdr_1920x1080_24_10bit,7,32,89.031612
SolLevanteFace_sdr_1920x1080_24_10bit,7,33,87.947955
SolLevanteFace_sdr_1920x1080_24_10bit,7,34,86.911753
SolLevanteFace_sdr_1920x1080_24_10bit,7,35,85.552697
SolLevanteFace_sdr_1920x1080_24_10bit,7,36,84.175596
SolLevanteFace_sdr_1920x1080_24_10bit,7,37,82.711612
SolLevanteFace_sdr_1920x1080_24_10bit,7,38,81.028213
SolLevanteFace_sdr_1920x1080_24_10bit,7,39,79.261601
SolLevanteFace_sdr_1920x1080_24_10bit,7,40,77.62548
SolLevanteFace_sdr_1920x1080_24_10bit,7,41,75.535958
SolLevanteFace_sdr_1920x1080_24_10bit,7,42,73.514637
SolLevanteFace_sdr_1920x1080_24_10bit,7,43,71.335573
SolLevanteFace_sdr_1920x1080_24_10bit,7,44,69.208474
SolLevanteFace_sdr_1920x1080_24_10bit,7,45,66.980796
SolLevanteFace_sdr_1920x1080_24_10bit,7,46,64.539602
SolLevanteFace_sdr_1920x1080_24_10bit,7,47,62.168507
SolLevanteFace_sdr_1920x1080_24_10bit,7,48,59.607122
SolLevanteFace_sdr_1920x1080_24_10bit,7,49,57.358376
SolLevanteFace_sdr_1920x1080_24_10bit,7,50,54.802258
SolLevanteFace_sdr_1920x1080_24_10bit,7,51,52.267029
SolLevanteFace_sdr_1920x1080_24_10bit,7,52,49.830437
SolLevanteFace_sdr_1920x1080_24_10bit,7,53,47.1452
SolLevanteFace_sdr_1920x1080_24_10bit,7,54,44.535587
SolLevanteFace_sdr_1920x1080_24_10bit,7,55,41.49003
SolLevanteFace_sdr_1920x1080_24_10bit,7,56,38.313041
SolLevanteFace_sdr_1920x1080_24_10bit,7,58,32.386114
SolLevanteFace_sdr_1920x1080_24_10bit,7,60,25.307652
SolLevanteFace_sdr_1920x1080_24_10bit,7,63,11.263971
RitualDance_1920x1080_5994_10bit_420,7,20,99.476808
RitualDance_1920x1080_5994_10bit_420,7,24,99.114098
RitualDance_1920x1080_5994_10bit_420,7,27,98.408251
RitualDance_1920x1080_5994_10bit_420,7,28,98.118051
RitualDance_1920x1080_5994_10bit_420,7,29,97.849743
RitualDance_1920x1080_5994_10bit_420,7,30,97.571046
RitualDance_1920x1080_5994_10bit_420,7,31,97.090043
RitualDance_1920x1080_5994_10bit_420,7,32,96.56446
RitualDance_1920x1080_5994_10bit_420,7,33,96.093521
RitualDance_1920x1080_5994_10bit_420,7,34,95.594481
RitualDance_1920x1080_5994_10bit_420,7,35,95.010712
RitualDance_1920x1080_5994_10bit_420,7,36,94.346836
RitualDance_1920x1080_5994_10bit_420,7,37,93.727107
RitualDance_1920x1080_5994_10bit_420,7,38,92.995527
RitualDance_1920x1080_5994_10bit_420,7,39,92.206824
RitualDance_1920x1080_5994_10bit_420,7,40,91.523038
RitualDance_1920x1080_5994_10bit_420,7,41,90.594976
RitualDance_1920x1080_5994_10bit_420,7,42,89.725236
RitualDance_1920x1080_5994_10bit_420,7,43,88.673371
RitualDance_1920x1080_5994_10bit_420,7,44,87.841868
RitualDance_1920x1080_5994_10bit_420,7,45,86.711153
RitualDance_1920x1080_5994_10bit_420,7,46,85.661903
RitualDance_1920x1080_5994_10bit_420,7,47,84.476043
RitualDance_1920x1080_5994_10bit_420,7,48,83.187227
RitualDance_1920x1080_5994_10bit_420,7,49,82.097834
RitualDance_1920x1080_5994_10bit_420,7,50,80.667091
RitualDance_1920x1080_5994_10bit_420,7,51,79.382293
RitualDance_1920x1080_5994_10bit_420,7,52,77.945907
RitualDance_1920x1080_5994_10bit_420,7,53,76.462465
RitualDance_1920x1080_5994_10bit_420,7,54,74.795096
RitualDance_1920x1080_5994_10bit_420,7,55,72.88597
RitualDance_1920x1080_5994_10bit_420,7,56,70.382989
RitualDance_1920x1080_5994_10bit_420,7,58,65.40794
RitualDance_1920x1080_5994_10bit_420,7,60,58.305061
RitualDance_1920x1080_5994_10bit_420,7,63,36.89523
GlassHalf_1920x1080p_24p_8bit_420,7,20,98.8366
GlassHalf_1920x1080p_24p_8bit_420,7,24,98.664014
GlassHalf_1920x1080p_24p_8bit_420,7,27,98.369785
GlassHalf_1920x1080p_24p_8bit_420,7,28,98.251827
GlassHalf_1920x1080p_24p_8bit_420,7,29,98.177457
GlassHalf_1920x1080p_24p_8bit_420,7,30,98.022315
GlassHalf_1920x1080p_24p_8bit_420,7,31,97.845011
GlassHalf_1920x1080p_24p_8bit_420,7,32,97.570035
GlassHalf_1920x1080p_24p_8bit_420,7,33,97.375683
GlassHalf_1920x1080p_24p_8bit_420,7,34,97.191936
GlassHalf_1920x1080p_24p_8bit_420,7,35,96.895267
GlassHalf_1920x1080p_24p_8bit_420,7,36,96.636676
GlassHalf_1920x1080p_24p_8bit_420,7,37,96.364492
GlassHalf_1920x1080p_24p_8bit_420,7,38,96.047719
GlassHalf_1920x1080p_24p_8bit_420,7,39,95.675038
GlassHalf_1920x1080p_24p_8bit_420,7,40,95.342721
GlassHalf_1920x1080p_24p_8bit_420,7,41,94.929735
GlassHalf_1920x1080p_24p_8bit_420,7,42,94.527039
GlassHalf_1920x1080p_24p_8bit_420,7,43,94.055262
GlassHalf_1920x1080p_24p_8bit_420,7,44,93.712706
GlassHalf_1920x1080p_24p_8bit_420,7,45,93.211346
GlassHalf_1920x1080p_24p_8bit_420,7,46,92.657772
GlassHalf_1920x1080p_24p_8bit_420,7,47,92.174551
GlassHalf_1920x1080p_24p_8bit_420,7,48,91.53271
GlassHalf_1920x1080p_24p_8bit_420,7,49,90.995984
GlassHalf_1920x1080p_24p_8bit_420,7,50,90.27055
GlassHalf_1920x1080p_24p_8bit_420,7,51,89.537897
GlassHalf_1920x1080p_24p_8bit_420,7,52,88.781835
GlassHalf_1920x1080p_24p_8bit_420,7,53,87.811406
GlassHalf_1920x1080p_24p_8bit_420,7,54,86.841232
GlassHalf_1920x1080p_24p_8bit_420,7,55,85.665464
GlassHalf_1920x1080p_24p_8bit_420,7,56,84.036689
GlassHalf_1920x1080p_24p_8bit_420,7,58,81.137846
GlassHalf_1920x1080p_24p_8bit_420,7,60,76.308199
GlassHalf_1920x1080p_24p_8bit_420,7,63,58.167294
MINECRAFT_1080p_60_8bit,7,20,99.843901
MINECRAFT_1080p_60_8bit,7,24,99.745172
MINECRAFT_1080p_60_8bit,7,27,99.5635
MINECRAFT_1080p_60_8bit,7,28,99.487942
MINECRAFT_1080p_60_8bit,7,29,99.42207
MINECRAFT_1080p_60_8bit,7,30,99.33179
MINECRAFT_1080p_60_8bit,7,31,99.187064
MINECRAFT_1080p_60_8bit,7,32,98.956343
MINECRAFT_1080p_60_8bit,7,33,98.730072
MINECRAFT_1080p_60_8bit,7,34,98.440082
MINECRAFT_1080p_60_8bit,7,35,98.112043
MINECRAFT_1080p_60_8bit,7,36,97.708398
MINECRAFT_1080p_60_8bit,7,37,97.240743
MINECRAFT_1080p_60_8bit,7,38,96.630856
MINECRAFT_1080p_60_8bit,7,39,95.932408
MINECRAFT_1080p_60_8bit,7,40,95.259271
MINECRAFT_1080p_60_8bit,7,41,94.304558
MINECRAFT_1080p_60_8bit,7,42,93.467556
MINECRAFT_1080p_60_8bit,7,43,92.44721
MINECRAFT_1080p_60_8bit,7,44,91.401905
MINECRAFT_1080p_60_8bit,7,45,90.331402
MINECRAFT_1080p_60_8bit,7,46,89.082206
MINECRAFT_1080p_60_8bit,7,47,88.033281
MINECRAFT_1080p_60_8bit,7,48,86.62433
MINECRAFT_1080p_60_8bit,7,49,85.450821
MINECRAFT_1080p_60_8bit,7,50,84.006709
MINECRAFT_1080p_60_8bit,7,51,82.554267
MINECRAFT_1080p_60_8bit,7,52,81.016871
MINECRAFT_1080p_60_8bit,7,53,79.180102
MINECRAFT_1080p_60_8bit,7,54,77.643384
MINECRAFT_1080p_60_8bit,7,55,75.608391
MINECRAFT_1080p_60_8bit,7,56,73.188341
MINECRAFT_1080p_60_8bit,7,58,68.800157
MINECRAFT_1080p_60_8bit,7,60,62.498608
MINECRAFT_1080p_60_8bit,7,63,45.747376
MeridianTalk_sdr_1920x1080p_5994_10bit,7,20,94.977481
MeridianTalk_sdr_1920x1080p_5994_10bit,7,24,94.495124
MeridianTalk_sdr_1920x1080p_5994_10bit,7,27,93.848159
MeridianTalk_sdr_1920x1080p_5994_10bit,7,28,93.668854
MeridianTalk_sdr_1920x1080p_5994_10bit,7,29,93.488814
MeridianTalk_sdr_1920x1080p_5994_10bit,7,30,93.274913
MeridianTalk_sdr_1920x1080p_5994_10bit,7,31,93.071767
MeridianTalk_sdr_1920x1080p_5994_10bit,7,32,92.812309
MeridianTalk_sdr_1920x1080p_5994_10bit,7,33,92.534375
MeridianTalk_sdr_1920x1080p_5994_10bit,7,34,92.289846
MeridianTalk_sdr_1920x1080p_5994_10bit,7,35,91.951738
MeridianTalk_sdr_1920x1080p_5994_10bit,7,36,91.645582
MeridianTalk_sdr_1920x1080p_5994_10bit,7,37,91.385682
MeridianTalk_sdr_1920x1080p_5994_10bit,7,38,91.072503
MeridianTalk_sdr_1920x1080p_5994_10bit,7,39,90.766839
MeridianTalk_sdr_1920x1080p_5994_10bit,7,40,90.362706
MeridianTalk_sdr_1920x1080p_5994_10bit,7,41,89.972978
MeridianTalk_sdr_1920x1080p_5994_10bit,7,42,89.626922
MeridianTalk_sdr_1920x1080p_5994_10bit,7,43,89.244608
MeridianTalk_sdr_1920x1080p_5994_10bit,7,44,88.826827
MeridianTalk_sdr_1920x1080p_5994_10bit,7,45,88.455521
MeridianTalk_sdr_1920x1080p_5994_10bit,7,46,87.912014
MeridianTalk_sdr_1920x1080p_5994_10bit,7,47,87.574619
MeridianTalk_sdr_1920x1080p_5994_10bit,7,48,87.156023
MeridianTalk_sdr_1920x1080p_5994_10bit,7,49,86.687512
MeridianTalk_sdr_1920x1080p_5994_10bit,7,50,86.236837
MeridianTalk_sdr_1920x1080p_5994_10bit,7,51,85.691846
MeridianTalk_sdr_1920x1080p_5994_10bit,7,52,85.182218
MeridianTalk_sdr_1920x1080p_5994_10bit,7,53,84.717351
MeridianTalk_sdr_1920x1080p_5994_10bit,7,54,84.035039
MeridianTalk_sdr_1920x1080p_5994_10bit,7,55,83.357596
MeridianTalk_sdr_1920x1080p_5994_10bit,7,56,82.657646
MeridianTalk_sdr_1920x1080p_5994_10bit,7,58,80.720147
MeridianTalk_sdr_1920x1080p_5994_10bit,7,60,78.196513
MeridianTalk_sdr_1920x1080p_5994_10bit,7,63,68.519089
Debugging_1920x1080_30fps_8bit_420,7,20,97.558122
Debugging_1920x1080_30fps_8bit_420,7,24,97.57642
Debugging_1920x1080_30fps_8bit_420,7,27,97.484273
Debugging_1920x1080_30fps_8bit_420,7,28,97.459394
Debugging_1920x1080_30fps_8bit_420,7,29,97.427006
Debugging_1920x1080_30fps_8bit_420,7,30,97.417734
Debugging_1920x1080_30fps_8bit_420,7,31,97.41546
Debugging_1920x1080_30fps_8bit_420,7,32,97.37029
Debugging_1920x1080_30fps_8bit_420,7,33,97.402649
Debugging_1920x1080_30fps_8bit_420,7,34,97.339306
Debugging_1920x1080_30fps_8bit_420,7,35,97.270564
Debugging_1920x1080_30fps_8bit_420,7,36,97.268493
Debugging_1920x1080_30fps_8bit_420,7,37,97.203821
Debugging_1920x1080_30fps_8bit_420,7,38,97.159397
Debugging_1920x1080_30fps_8bit_420,7,39,97.145765
Debugging_1920x1080_30fps_8bit_420,7,40,97.045607
Debugging_1920x1080_30fps_8bit_420,7,41,96.989669
Debugging_1920x1080_30fps_8bit_420,7,42,96.917624
Debugging_1920x1080_30fps_8bit_420,7,43,96.840884
Debugging_1920x1080_30fps_8bit_420,7,44,96.765542
Debugging_1920x1080_30fps_8bit_420,7,45,96.707094
Debugging_1920x1080_30fps_8bit_420,7,46,96.647988
Debugging_1920x1080_30fps_8bit_420,7,47,96.558037
Debugging_1920x1080_30fps_8bit_420,7,48,96.454361
Debugging_1920x1080_30fps_8bit_420,7,49,96.401846
Debugging_1920x1080_30fps_8bit_420,7,50,96.327475
Debugging_1920x1080_30fps_8bit_420,7,51,96.25269
Debugging_1920x1080_30fps_8bit_420,7,52,96.109932
Debugging_1920x1080_30fps_8bit_420,7,53,95.95391
Debugging_1920x1080_30fps_8bit_420,7,54,95.834284
Debugging_1920x1080_30fps_8bit_420,7,55,95.587315
Debugging_1920x1080_30fps_8bit_420,7,56,95.501589
Debugging_1920x1080_30fps_8bit_420,7,58,94.928474
Debugging_1920x1080_30fps_8bit_420,7,60,94.116566
Debugging_1920x1080_30fps_8bit_420,7,63,90.149279
DOTA2_1920x1080_60_8bit_420,7,20,95.479831
DOTA2_1920x1080_60_8bit_420,7,24,94.891565
DOTA2_1920x1080_60_8bit_420,7,27,94.131928
DOTA2_1920x1080_60_8bit_420,7,28,93.903522
DOTA2_1920x1080_60_8bit_420,7,29,93.636256
DOTA2_1920x1080_60_8bit_420,7,30,93.382657
DOTA2_1920x1080_60_8bit_420,7,31,93.062279
DOTA2_1920x1080_60_8bit_420,7,32,92.676399
DOTA2_1920x1080_60_8bit_420,7,33,92.358643
DOTA2_1920x1080_60_8bit_420,7,34,92.03087
DOTA2_1920x1080_60_8bit_420,7,35,91.630779
DOTA2_1920x1080_60_8bit_420,7,36,91.196234
DOTA2_1920x1080_60_8bit_420,7,37,90.74616
DOTA2_1920x1080_60_8bit_420,7,38,90.175569
DOTA2_1920x1080_60_8bit_420,7,39,89.660648
DOTA2_1920x1080_60_8bit_420,7,40,89.192968
DOTA2_1920x1080_60_8bit_420,7,41,88.518787
DOTA2_1920x1080_60_8bit_420,7,42,88.022988
DOTA2_1920x1080_60_8bit_420,7,43,87.340179
DOTA2_1920x1080_60_8bit_420,7,44,86.727711
DOTA2_1920x1080_60_8bit_420,7,45,86.009824
DOTA2_1920x1080_60_8bit_420,7,46,85.263512
DOTA2_1920x1080_60_8bit_420,7,47,84.553477
DOTA2_1920x1080_60_8bit_420,7,48,83.714791
DOTA2_1920x1080_60_8bit_420,7,49,82.795534
DOTA2_1920x1080_60_8bit_420,7,50,81.857343
DOTA2_1920x1080_60_8bit_420,7,51,80.772632
DOTA2_1920x1080_60_8bit_420,7,52,79.720501
DOTA2_1920x1080_60_8bit_420,7,53,78.518621
DOTA2_1920x1080_60_8bit_420,7,54,77.307662
DOTA2_1920x1080_60_8bit_420,7,55,75.829715
DOTA2_1920x1080_60_8bit_420,7,56,74.228061
DOTA2_1920x1080_60_8bit_420,7,58,70.462551
DOTA2_1920x1080_60_8bit_420,7,60,65.270097
DOTA2_1920x1080_60_8bit_420,7,63,49.24431
CrowdRun_1920x1080p50,7,20,99.963526
CrowdRun_1920x1080p50,7,24,99.956455
CrowdRun_1920x1080p50,7,27,99.623457
CrowdRun_1920x1080p50,7,28,99.432022
CrowdRun_1920x1080p50,7,29,99.190032
CrowdRun_1920x1080p50,7,30,98.971621
CrowdRun_1920x1080p50,7,31,98.611257
CrowdRun_1920x1080p50,7,32,98.19423
CrowdRun_1920x1080p50,7,33,97.729341
CrowdRun_1920x1080p50,7,34,97.242766
CrowdRun_1920x1080p50,7,35,96.465817
CrowdRun_1920x1080p50,7,36,95.685323
CrowdRun_1920x1080p50,7,37,95.056094
CrowdRun_1920x1080p50,7,38,94.095543
CrowdRun_1920x1080p50,7,39,93.17767
CrowdRun_1920x1080p50,7,40,92.347908
CrowdRun_1920x1080p50,7,41,91.153092
CrowdRun_1920x1080p50,7,42,90.248991
CrowdRun_1920x1080p50,7,43,89.134239
CrowdRun_1920x1080p50,7,44,88.077763
CrowdRun_1920x1080p50,7,45,86.874502
CrowdRun_1920x1080p50,7,46,85.647017
CrowdRun_1920x1080p50,7,47,84.499594
CrowdRun_1920x1080p50,7,48,83.145836
CrowdRun_1920x1080p50,7,49,81.694754
CrowdRun_1920x1080p50,7,50,80.195896
CrowdRun_1920x1080p50,7,51,78.750038
CrowdRun_1920x1080p50,7,52,77.053857
CrowdRun_1920x1080p50,7,53,75.294577
CrowdRun_1920x1080p50,7,54,73.40347
CrowdRun_1920x1080p50,7,55,71.325359
CrowdRun_1920x1080p50,7,56,68.722866
CrowdRun_1920x1080p50,7,58,63.299705
CrowdRun_1920x1080p50,7,60,56.180257
CrowdRun_1920x1080p50,7,63,36.086254
WITCHER3_1920x1080_60_8bit_420,7,20,98.00488
WITCHER3_1920x1080_60_8bit_420,7,24,97.009796
WITCHER3_1920x1080_60_8bit_420,7,27,95.508645
WITCHER3_1920x1080_60_8bit_420,7,28,95.009223
WITCHER3_1920x1080_60_8bit_420,7,29,94.504014
WITCHER3_1920x1080_60_8bit_420,7,30,93.970688
WITCHER3_1920x1080_60_8bit_420,7,31,93.222202
WITCHER3_1920x1080_60_8bit_420,7,32,92.358956
WITCHER3_1920x1080_60_8bit_420,7,33,91.550585
WITCHER3_1920x1080_60_8bit_420,7,34,90.808733
WITCHER3_1920x1080_60_8bit_420,7,35,89.889472
WITCHER3_1920x1080_60_8bit_420,7,36,88.974029
WITCHER3_1920x1080_60_8bit_420,7,37,87.994395
WITCHER3_1920x1080_60_8bit_420,7,38,86.868086
WITCHER3_1920x1080_60_8bit_420,7,39,85.800305
WITCHER3_1920x1080_60_8bit_420,7,40,84.738351
WITCHER3_1920x1080_60_8bit_420,7,41,83.419134
WITCHER3_1920x1080_60_8bit_420,7,42,82.322263
WITCHER3_1920x1080_60_8bit_420,7,43,81.093617
WITCHER3_1920x1080_60_8bit_420,7,44,79.886042
WITCHER3_1920x1080_60_8bit_420,7,45,78.563223
WITCHER3_1920x1080_60_8bit_420,7,46,77.168283
WITCHER3_1920x1080_60_8bit_420,7,47,76.163643
WITCHER3_1920x1080_60_8bit_420,7,48,74.677471
WITCHER3_1920x1080_60_8bit_420,7,49,73.265128
WITCHER3_1920x1080_60_8bit_420,7,50,71.943204
WITCHER3_1920x1080_60_8bit_420,7,51,70.536717
WITCHER3_1920x1080_60_8bit_420,7,52,69.155603
WITCHER3_1920x1080_60_8bit_420,7,53,67.628013
WITCHER3_1920x1080_60_8bit_420,7,54,66.27221
WITCHER3_1920x1080_60_8bit_420,7,55,64.608662
WITCHER3_1920x1080_60_8bit_420,7,56,62.646886
WITCHER3_1920x1080_60_8bit_420,7,58,59.078049
WITCHER3_1920x1080_60_8bit_420,7,60,54.875066
WITCHER3_1920x1080_60_8bit_420,7,63,44.418928
WalkingInStreet_1920x1080_30fps,7,20,99.966068
WalkingInStreet_1920x1080_30fps,7,24,99.963043
WalkingInStreet_1920x1080_30fps,7,27,99.958082
WalkingInStreet_1920x1080_30fps,7,28,99.953087
WalkingInStreet_1920x1080_30fps,7,29,99.943778
WalkingInStreet_1920x1080_30fps,7,30,99.920226
WalkingInStreet_1920x1080_30fps,7,31,99.882427
WalkingInStreet_1920x1080_30fps,7,32,99.813005
WalkingInStreet_1920x1080_30fps,7,33,99.724161
WalkingInStreet_1920x1080_30fps,7,34,99.610476
WalkingInStreet_1920x1080_30fps,7,35,99.455132
WalkingInStreet_1920x1080_30fps,7,36,99.274253
WalkingInStreet_1920x1080_30fps,7,37,99.022914
WalkingInStreet_1920x1080_30fps,7,38,98.682887
WalkingInStreet_1920x1080_30fps,7,39,98.342
WalkingInStreet_1920x1080_30fps,7,40,97.941753
WalkingInStreet_1920x1080_30fps,7,41,97.380302
WalkingInStreet_1920x1080_30fps,7,42,96.836308
WalkingInStreet_1920x1080_30fps,7,43,96.056301
WalkingInStreet_1920x1080_30fps,7,44,95.275094
WalkingInStreet_1920x1080_30fps,7,45,94.384681
WalkingInStreet_1920x1080_30fps,7,46,93.446832
WalkingInStreet_1920x1080_30fps,7,47,92.530909
WalkingInStreet_1920x1080_30fps,7,48,91.253641
WalkingInStreet_1920x1080_30fps,7,49,90.219666
WalkingInStreet_1920x1080_30fps,7,50,89.031744
WalkingInStreet_1920x1080_30fps,7,51,87.725971
WalkingInStreet_1920x1080_30fps,7,52,86.398562
WalkingInStreet_1920x1080_30fps,7,53,84.944841
WalkingInStreet_1920x1080_30fps,7,54,83.388237
WalkingInStreet_1920x1080_30fps,7,55,81.656095
WalkingInStreet_1920x1080_30fps,7,56,79.489919
WalkingInStreet_1920x1080_30fps,7,58,74.994198
WalkingInStreet_1920x1080_30fps,7,60,68.663263
WalkingInStreet_1920x1080_30fps,7,63,50.776209
ToddlerFountain_1920x1080_2997fps_10bit_420,7,20,99.958157
ToddlerFountain_1920x1080_2997fps_10bit_420,7,24,99.951994
ToddlerFountain_1920x1080_2997fps_10bit_420,7,27,99.943106
ToddlerFountain_1920x1080_2997fps_10bit_420,7,28,99.939486
ToddlerFountain_1920x1080_2997fps_10bit_420,7,29,99.937336
ToddlerFountain_1920x1080_2997fps_10bit_420,7,30,99.932586
ToddlerFountain_1920x1080_2997fps_10bit_420,7,31,99.854613
ToddlerFountain_1920x1080_2997fps_10bit_420,7,32,99.623048
ToddlerFountain_1920x1080_2997fps_10bit_420,7,33,99.161007
ToddlerFountain_1920x1080_2997fps_10bit_420,7,34,98.597947
ToddlerFountain_1920x1080_2997fps_10bit_420,7,35,97.818014
ToddlerFountain_1920x1080_2997fps_10bit_420,7,36,96.977526
ToddlerFountain_1920x1080_2997fps_10bit_420,7,37,96.038513
ToddlerFountain_1920x1080_2997fps_10bit_420,7,38,94.715292
ToddlerFountain_1920x1080_2997fps_10bit_420,7,39,93.332395
ToddlerFountain_1920x1080_2997fps_10bit_420,7,40,91.840677
ToddlerFountain_1920x1080_2997fps_10bit_420,7,41,90.093547
ToddlerFountain_1920x1080_2997fps_10bit_420,7,42,88.485409
ToddlerFountain_1920x1080_2997fps_10bit_420,7,43,86.582915
ToddlerFountain_1920x1080_2997fps_10bit_420,7,44,84.779305
ToddlerFountain_1920x1080_2997fps_10bit_420,7,45,82.779683
ToddlerFountain_1920x1080_2997fps_10bit_420,7,46,80.503275
ToddlerFountain_1920x1080_2997fps_10bit_420,7,47,78.239842
ToddlerFountain_1920x1080_2997fps_10bit_420,7,48,75.515725
ToddlerFountain_1920x1080_2997fps_10bit_420,7,49,73.458476
ToddlerFountain_1920x1080_2997fps_10bit_420,7,50,71.004899
ToddlerFountain_1920x1080_2997fps_10bit_420,7,51,68.650493
ToddlerFountain_1920x1080_2997fps_10bit_420,7,52,66.393142
ToddlerFountain_1920x1080_2997fps_10bit_420,7,53,63.686568
ToddlerFountain_1920x1080_2997fps_10bit_420,7,54,60.809794
ToddlerFountain_1920x1080_2997fps_10bit_420,7,55,58.003981
ToddlerFountain_1920x1080_2997fps_10bit_420,7,56,54.029754
ToddlerFountain_1920x1080_2997fps_10bit_420,7,58,47.044888
ToddlerFountain_1920x1080_2997fps_10bit_420,7,60,39.013516
ToddlerFountain_1920x1080_2997fps_10bit_420,7,63,18.647813
Vertical_bees_1080x1920_2997,7,20,98.542924
Vertical_bees_1080x1920_2997,7,24,98.248599
Vertical_bees_1080x1920_2997,7,27,97.81844
Vertical_bees_1080x1920_2997,7,28,97.700245
Vertical_bees_1080x1920_2997,7,29,97.55437
Vertical_bees_1080x1920_2997,7,30,97.419295
Vertical_bees_1080x1920_2997,7,31,97.203646
Vertical_bees_1080x1920_2997,7,32,96.970149
Vertical_bees_1080x1920_2997,7,33,96.757177
Vertical_bees_1080x1920_2997,7,34,96.559722
Vertical_bees_1080x1920_2997,7,35,96.269868
Vertical_bees_1080x1920_2997,7,36,95.99692
Vertical_bees_1080x1920_2997,7,37,95.72129
Vertical_bees_1080x1920_2997,7,38,95.484352
Vertical_bees_1080x1920_2997,7,39,95.158369
Vertical_bees_1080x1920_2997,7,40,94.860328
Vertical_bees_1080x1920_2997,7,41,94.535306
Vertical_bees_1080x1920_2997,7,42,94.294187
Vertical_bees_1080x1920_2997,7,43,93.934916
Vertical_bees_1080x1920_2997,7,44,93.587999
Vertical_bees_1080x1920_2997,7,45,93.276331
Vertical_bees_1080x1920_2997,7,46,92.975342
Vertical_bees_1080x1920_2997,7,47,92.64729
Vertical_bees_1080x1920_2997,7,48,92.247882
Vertical_bees_1080x1920_2997,7,49,91.898539
Vertical_bees_1080x1920_2997,7,50,91.472023
Vertical_bees_1080x1920_2997,7,51,91.042448
Vertical_bees_1080x1920_2997,7,52,90.591651
Vertical_bees_1080x1920_2997,7,53,90.106336
Vertical_bees_1080x1920_2997,7,54,89.548211
Vertical_bees_1080x1920_2997,7,55,88.887496
Vertical_bees_1080x1920_2997,7,56,88.00387
Vertical_bees_1080x1920_2997,7,58,86.074379
Vertical_bees_1080x1920_2997,7,60,83.24175
Vertical_bees_1080x1920_2997,7,63,72.163872
Wikipedia_1920x1080p30,7,20,98.668133
Wikipedia_1920x1080p30,7,24,98.676454
Wikipedia_1920x1080p30,7,27,98.67108
Wikipedia_1920x1080p30,7,28,98.667652
Wikipedia_1920x1080p30,7,29,98.663731
Wikipedia_1920x1080p30,7,30,98.657578
Wikipedia_1920x1080p30,7,31,98.662968
Wikipedia_1920x1080p30,7,32,98.666281
Wikipedia_1920x1080p30,7,33,98.651879
Wikipedia_1920x1080p30,7,34,98.646052
Wikipedia_1920x1080p30,7,35,98.64077
Wikipedia_1920x1080p30,7,36,98.624473
Wikipedia_1920x1080p30,7,37,98.621292
Wikipedia_1920x1080p30,7,38,98.587279
Wikipedia_1920x1080p30,7,39,98.573049
Wikipedia_1920x1080p30,7,40,98.570914
Wikipedia_1920x1080p30,7,41,98.555194
Wikipedia_1920x1080p30,7,42,98.527931
Wikipedia_1920x1080p30,7,43,98.493114
Wikipedia_1920x1080p30,7,44,98.508029
Wikipedia_1920x1080p30,7,45,98.485271
Wikipedia_1920x1080p30,7,46,98.434271
Wikipedia_1920x1080p30,7,47,98.433981
Wikipedia_1920x1080p30,7,48,98.393528
Wikipedia_1920x1080p30,7,49,98.345234
Wikipedia_1920x1080p30,7,50,98.294328
Wikipedia_1920x1080p30,7,51,98.261562
Wikipedia_1920x1080p30,7,52,98.17362
Wikipedia_1920x1080p30,7,53,98.11715
Wikipedia_1920x1080p30,7,54,98.077183
Wikipedia_1920x1080p30,7,55,97.957765
Wikipedia_1920x1080p30,7,56,97.847472
Wikipedia_1920x1080p30,7,58,97.682229
Wikipedia_1920x1080p30,7,60,97.30691
Wikipedia_1920x1080p30,7,63,94.112174
Spreadsheet_1920x1080_30fps_8bit_420_130f,7,20,97.364542
Spreadsheet_1920x1080_30fps_8bit_420_130f,7,24,97.316285
Spreadsheet_1920x1080_30fps_8bit_420_130f,7,27,97.225444
Spreadsheet_1920x1080_30fps_8bit_420_130f,7,28,97.216136
Spreadsheet_1920x1080_30fps_8bit_420_130f,7,29,97.172476
Spreadsheet_1920x1080_30fps_8bit_420_130f,7,30,97.138505
Spreadsheet_1920x1080_30fps_8bit_420_130f,7,31,97.113289
Spreadsheet_1920x1080_30fps_8bit_420_130f,7,32,97.078465
Spreadsheet_1920x1080_30fps_8bit_420_130f,7,33,97.036186
Spreadsheet_1920x1080_30fps_8bit_420_130f,7,34,97.012145
Spreadsheet_1920x1080_30fps_8bit_420_130f,7,35,96.965509
Spreadsheet_1920x1080_30fps_8bit_420_130f,7,36,96.916833
Spreadsheet_1920x1080_30fps_8bit_420_130f,7,37,96.854165
Spreadsheet_1920x1080_30fps_8bit_420_130f,7,38,96.780955
Spreadsheet_1920x1080_30fps_8bit_420_130f,7,39,96.748866
Spreadsheet_1920x1080_30fps_8bit_420_130f,7,40,96.681793
Spreadsheet_1920x1080_30fps_8bit_420_130f,7,41,96.577273
Spreadsheet_1920x1080_30fps_8bit_420_130f,7,42,96.518962
Spreadsheet_1920x1080_30fps_8bit_420_130f,7,43,96.474921
Spreadsheet_1920x1080_30fps_8bit_420_130f,7,44,96.415255
Spreadsheet_1920x1080_30fps_8bit_420_130f,7,45,96.318765
Spreadsheet_1920x1080_30fps_8bit_420_130f,7,46,96.236589
Spreadsheet_1920x1080_30fps_8bit_420_130f,7,47,96.1879
Spreadsheet_1920x1080_30fps_8bit_420_130f,7,48,96.019762
Spreadsheet_1920x1080_30fps_8bit_420_130f,7,49,95.939939
Spreadsheet_1920x1080_30fps_8bit_420_130f,7,50,95.826616
Spreadsheet_1920x1080_30fps_8bit_420_130f,7,51,95.698098
Spreadsheet_1920x1080_30fps_8bit_420_130f,7,52,95.551374
Spreadsheet_1920x1080_30fps_8bit_420_130f,7,53,95.36624
Spreadsheet_1920x1080_30fps_8bit_420_130f,7,54,95.206955
Spreadsheet_1920x1080_30fps_8bit_420_130f,7,55,94.980141
Spreadsheet_1920x1080_30fps_8bit_420_130f,7,56,94.795873
Spreadsheet_1920x1080_30fps_8bit_420_130f,7,58,94.126611
Spreadsheet_1920x1080_30fps_8bit_420_130f,7,60,93.112646
Spreadsheet_1920x1080_30fps_8bit_420_130f,7,63,88.412727
TreesAndGrass_1920_1080_30fps_8bit,7,20,99.969172
TreesAndGrass_1920_1080_30fps_8bit,7,24,99.966554
TreesAndGrass_1920_1080_30fps_8bit,7,27,99.961603
TreesAndGrass_1920_1080_30fps_8bit,7,28,99.959349
TreesAndGrass_1920_1080_30fps_8bit,7,29,99.952552
TreesAndGrass_1920_1080_30fps_8bit,7,30,99.943819
TreesAndGrass_1920_1080_30fps_8bit,7,31,99.930782
TreesAndGrass_1920_1080_30fps_8bit,7,32,99.912807
TreesAndGrass_1920_1080_30fps_8bit,7,33,99.899465
TreesAndGrass_1920_1080_30fps_8bit,7,34,99.878127
TreesAndGrass_1920_1080_30fps_8bit,7,35,99.841922
TreesAndGrass_1920_1080_30fps_8bit,7,36,99.804314
TreesAndGrass_1920_1080_30fps_8bit,7,37,99.752554
TreesAndGrass_1920_1080_30fps_8bit,7,38,99.696967
TreesAndGrass_1920_1080_30fps_8bit,7,39,99.644238
TreesAndGrass_1920_1080_30fps_8bit,7,40,99.579966
TreesAndGrass_1920_1080_30fps_8bit,7,41,99.488437
TreesAndGrass_1920_1080_30fps_8bit,7,42,99.397175
TreesAndGrass_1920_1080_30fps_8bit,7,43,99.279782
TreesAndGrass_1920_1080_30fps_8bit,7,44,99.106416
TreesAndGrass_1920_1080_30fps_8bit,7,45,98.819946
TreesAndGrass_1920_1080_30fps_8bit,7,46,98.439178
TreesAndGrass_1920_1080_30fps_8bit,7,47,98.076301
TreesAndGrass_1920_1080_30fps_8bit,7,48,97.480111
TreesAndGrass_1920_1080_30fps_8bit,7,49,96.829038
TreesAndGrass_1920_1080_30fps_8bit,7,50,96.024929
TreesAndGrass_1920_1080_30fps_8bit,7,51,95.177003
TreesAndGrass_1920_1080_30fps_8bit,7,52,94.177407
TreesAndGrass_1920_1080_30fps_8bit,7,53,93.048264
TreesAndGrass_1920_1080_30fps_8bit,7,54,91.737909
TreesAndGrass_1920_1080_30fps_8bit,7,55,90.091118
TreesAndGrass_1920_1080_30fps_8bit,7,56,88.427815
TreesAndGrass_1920_1080_30fps_8bit,7,58,84.004367
TreesAndGrass_1920_1080_30fps_8bit,7,60,77.784874
TreesAndGrass_1920_1080_30fps_8bit,7,63,59.09594
Crosswalk_3840x2160_5994fps_10bit_420,7,20,96.373141
Crosswalk_3840x2160_5994fps_10bit_420,7,24,95.316588
Crosswalk_3840x2160_5994fps_10bit_420,7,27,94.063007
Crosswalk_3840x2160_5994fps_10bit_420,7,28,93.702651
Crosswalk_3840x2160_5994fps_10bit_420,7,29,93.318789
Crosswalk_3840x2160_5994fps_10bit_420,7,30,92.893119
Crosswalk_3840x2160_5994fps_10bit_420,7,31,92.352811
Crosswalk_3840x2160_5994fps_10bit_420,7,32,91.825279
Crosswalk_3840x2160_5994fps_10bit_420,7,33,91.294774
Crosswalk_3840x2160_5994fps_10bit_420,7,34,90.772226
Crosswalk_3840x2160_5994fps_10bit_420,7,35,90.161126
Crosswalk_3840x2160_5994fps_10bit_420,7,36,89.531466
Crosswalk_3840x2160_5994fps_10bit_420,7,37,88.966812
Crosswalk_3840x2160_5994fps_10bit_420,7,38,88.435274
Crosswalk_3840x2160_5994fps_10bit_420,7,39,87.726044
Crosswalk_3840x2160_5994fps_10bit_420,7,40,87.059793
Crosswalk_3840x2160_5994fps_10bit_420,7,41,86.282909
Crosswalk_3840x2160_5994fps_10bit_420,7,42,85.551166
Crosswalk_3840x2160_5994fps_10bit_420,7,43,84.78559
Crosswalk_3840x2160_5994fps_10bit_420,7,44,84.032134
Crosswalk_3840x2160_5994fps_10bit_420,7,45,83.272162
Crosswalk_3840x2160_5994fps_10bit_420,7,46,82.453072
Crosswalk_3840x2160_5994fps_10bit_420,7,47,81.660813
Crosswalk_3840x2160_5994fps_10bit_420,7,48,80.811703
Crosswalk_3840x2160_5994fps_10bit_420,7,49,79.927141
Crosswalk_3840x2160_5994fps_10bit_420,7,50,78.944327
Crosswalk_3840x2160_5994fps_10bit_420,7,51,77.84903
Crosswalk_3840x2160_5994fps_10bit_420,7,52,76.759097
Crosswalk_3840x2160_5994fps_10bit_420,7,53,75.730772
Crosswalk_3840x2160_5994fps_10bit_420,7,54,74.555234
Crosswalk_3840x2160_5994fps_10bit_420,7,55,73.136025
Crosswalk_3840x2160_5994fps_10bit_420,7,56,71.543097
Crosswalk_3840x2160_5994fps_10bit_420,7,58,68.003815
Crosswalk_3840x2160_5994fps_10bit_420,7,60,62.891334
Crosswalk_3840x2160_5994fps_10bit_420,7,63,46.504947
NocturneDance_3840x2160p_10bit_60fps,7,20,95.608576
NocturneDance_3840x2160p_10bit_60fps,7,24,94.095172
NocturneDance_3840x2160p_10bit_60fps,7,27,91.850242
NocturneDance_3840x2160p_10bit_60fps,7,28,91.243261
NocturneDance_3840x2160p_10bit_60fps,7,29,90.531187
NocturneDance_3840x2160p_10bit_60fps,7,30,89.77685
NocturneDance_3840x2160p_10bit_60fps,7,31,88.727174
NocturneDance_3840x2160p_10bit_60fps,7,32,87.544503
NocturneDance_3840x2160p_10bit_60fps,7,33,86.480786
NocturneDance_3840x2160p_10bit_60fps,7,34,85.47124
NocturneDance_3840x2160p_10bit_60fps,7,35,84.1362
NocturneDance_3840x2160p_10bit_60fps,7,36,82.744304
NocturneDance_3840x2160p_10bit_60fps,7,37,81.392782
NocturneDance_3840x2160p_10bit_60fps,7,38,79.891485
NocturneDance_3840x2160p_10bit_60fps,7,39,78.201905
NocturneDance_3840x2160p_10bit_60fps,7,40,76.693191
NocturneDance_3840x2160p_10bit_60fps,7,41,74.829148
NocturneDance_3840x2160p_10bit_60fps,7,42,72.978082
NocturneDance_3840x2160p_10bit_60fps,7,43,70.876793
NocturneDance_3840x2160p_10bit_60fps,7,44,68.955038
NocturneDance_3840x2160p_10bit_60fps,7,45,66.764999
NocturneDance_3840x2160p_10bit_60fps,7,46,64.303064
NocturneDance_3840x2160p_10bit_60fps,7,47,62.129545
NocturneDance_3840x2160p_10bit_60fps,7,48,59.574493
NocturneDance_3840x2160p_10bit_60fps,7,49,57.316132
NocturneDance_3840x2160p_10bit_60fps,7,50,54.759493
NocturneDance_3840x2160p_10bit_60fps,7,51,52.255396
NocturneDance_3840x2160p_10bit_60fps,7,52,49.685731
NocturneDance_3840x2160p_10bit_60fps,7,53,46.966147
NocturneDance_3840x2160p_10bit_60fps,7,54,44.074567
NocturneDance_3840x2160p_10bit_60fps,7,55,41.066301
NocturneDance_3840x2160p_10bit_60fps,7,56,37.566635
NocturneDance_3840x2160p_10bit_60fps,7,58,31.515657
NocturneDance_3840x2160p_10bit_60fps,7,60,24.487342
NocturneDance_3840x2160p_10bit_60fps,7,63,12.53519
Neon1224_3840x2160_2997fps,7,20,99.952986
Neon1224_3840x2160_2997fps,7,24,99.948232
Neon1224_3840x2160_2997fps,7,27,99.942177
Neon1224_3840x2160_2997fps,7,28,99.940118
Neon1224_3840x2160_2997fps,7,29,99.936165
Neon1224_3840x2160_2997fps,7,30,99.924068
Neon1224_3840x2160_2997fps,7,31,99.886228
Neon1224_3840x2160_2997fps,7,32,99.781395
Neon1224_3840x2160_2997fps,7,33,99.670233
Neon1224_3840x2160_2997fps,7,34,99.544952
Neon1224_3840x2160_2997fps,7,35,99.32556
Neon1224_3840x2160_2997fps,7,36,99.060402
Neon1224_3840x2160_2997fps,7,37,98.743278
Neon1224_3840x2160_2997fps,7,38,98.247257
Neon1224_3840x2160_2997fps,7,39,97.766625
Neon1224_3840x2160_2997fps,7,40,97.177056
Neon1224_3840x2160_2997fps,7,41,96.464868
Neon1224_3840x2160_2997fps,7,42,95.781711
Neon1224_3840x2160_2997fps,7,43,94.882802
Neon1224_3840x2160_2997fps,7,44,93.985238
Neon1224_3840x2160_2997fps,7,45,92.840873
Neon1224_3840x2160_2997fps,7,46,91.659287
Neon1224_3840x2160_2997fps,7,47,90.322488
Neon1224_3840x2160_2997fps,7,48,88.645372
Neon1224_3840x2160_2997fps,7,49,87.242633
Neon1224_3840x2160_2997fps,7,50,85.523955
Neon1224_3840x2160_2997fps,7,51,83.806741
Neon1224_3840x2160_2997fps,7,52,82.148288
Neon1224_3840x2160_2997fps,7,53,80.182576
Neon1224_3840x2160_2997fps,7,54,77.966106
Neon1224_3840x2160_2997fps,7,55,75.873755
Neon1224_3840x2160_2997fps,7,56,72.87922
Neon1224_3840x2160_2997fps,7,58,66.759909
Neon1224_3840x2160_2997fps,7,60,58.803651
Neon1224_3840x2160_2997fps,7,63,33.279843
PierSeaSide_3840x2160_2997fps_10bit_420_v2,7,20,99.44857
PierSeaSide_3840x2160_2997fps_10bit_420_v2,7,24,99.209739
PierSeaSide_3840x2160_2997fps_10bit_420_v2,7,27,98.879409
PierSeaSide_3840x2160_2997fps_10bit_420_v2,7,28,98.782447
PierSeaSide_3840x2160_2997fps_10bit_420_v2,7,29,98.673346
PierSeaSide_3840x2160_2997fps_10bit_420_v2,7,30,98.532763
PierSeaSide_3840x2160_2997fps_10bit_420_v2,7,31,98.454891
PierSeaSide_3840x2160_2997fps_10bit_420_v2,7,32,98.28415
PierSeaSide_3840x2160_2997fps_10bit_420_v2,7,33,98.13062
PierSeaSide_3840x2160_2997fps_10bit_420_v2,7,34,97.967852
PierSeaSide_3840x2160_2997fps_10bit_420_v2,7,35,97.774083
PierSeaSide_3840x2160_2997fps_10bit_420_v2,7,36,97.566277
PierSeaSide_3840x2160_2997fps_10bit_420_v2,7,37,97.34171
PierSeaSide_3840x2160_2997fps_10bit_420_v2,7,38,97.116543
PierSeaSide_3840x2160_2997fps_10bit_420_v2,7,39,96.853854
PierSeaSide_3840x2160_2997fps_10bit_420_v2,7,40,96.585329
PierSeaSide_3840x2160_2997fps_10bit_420_v2,7,41,96.273468
PierSeaSide_3840x2160_2997fps_10bit_420_v2,7,42,95.937263
PierSeaSide_3840x2160_2997fps_10bit_420_v2,7,43,95.560487
PierSeaSide_3840x2160_2997fps_10bit_420_v2,7,44,95.209404
PierSeaSide_3840x2160_2997fps_10bit_420_v2,7,45,94.844228
PierSeaSide_3840x2160_2997fps_10bit_420_v2,7,46,94.458835
PierSeaSide_3840x2160_2997fps_10bit_420_v2,7,47,94.154522
PierSeaSide_3840x2160_2997fps_10bit_420_v2,7,48,93.760574
PierSeaSide_3840x2160_2997fps_10bit_420_v2,7,49,93.3818
PierSeaSide_3840x2160_2997fps_10bit_420_v2,7,50,92.950466
PierSeaSide_3840x2160_2997fps_10bit_420_v2,7,51,92.529673
PierSeaSide_3840x2160_2997fps_10bit_420_v2,7,52,92.001819
PierSeaSide_3840x2160_2997fps_10bit_420_v2,7,53,91.562307
PierSeaSide_3840x2160_2997fps_10bit_420_v2,7,54,91.049322
PierSeaSide_3840x2160_2997fps_10bit_420_v2,7,55,90.367837
PierSeaSide_3840x2160_2997fps_10bit_420_v2,7,56,89.594768
PierSeaSide_3840x2160_2997fps_10bit_420_v2,7,58,87.84526
PierSeaSide_3840x2160_2997fps_10bit_420_v2,7,60,85.237444
PierSeaSide_3840x2160_2997fps_10bit_420_v2,7,63,76.132703
FoodMarket2_3840x2160_5994fps_10bit_420,7,20,99.957814
FoodMarket2_3840x2160_5994fps_10bit_420,7,24,99.953701
FoodMarket2_3840x2160_5994fps_10bit_420,7,27,99.948025
FoodMarket2_3840x2160_5994fps_10bit_420,7,28,99.945973
FoodMarket2_3840x2160_5994fps_10bit_420,7,29,99.944404
FoodMarket2_3840x2160_5994fps_10bit_420,7,30,99.941839
FoodMarket2_3840x2160_5994fps_10bit_420,7,31,99.939011
FoodMarket2_3840x2160_5994fps_10bit_420,7,32,99.935834
FoodMarket2_3840x2160_5994fps_10bit_420,7,33,99.934716
FoodMarket2_3840x2160_5994fps_10bit_420,7,34,99.932053
FoodMarket2_3840x2160_5994fps_10bit_420,7,35,99.928581
FoodMarket2_3840x2160_5994fps_10bit_420,7,36,99.925354
FoodMarket2_3840x2160_5994fps_10bit_420,7,37,99.921877
FoodMarket2_3840x2160_5994fps_10bit_420,7,38,99.915712
FoodMarket2_3840x2160_5994fps_10bit_420,7,39,99.888686
FoodMarket2_3840x2160_5994fps_10bit_420,7,40,99.845843
FoodMarket2_3840x2160_5994fps_10bit_420,7,41,99.772098
FoodMarket2_3840x2160_5994fps_10bit_420,7,42,99.684213
FoodMarket2_3840x2160_5994fps_10bit_420,7,43,99.531243
FoodMarket2_3840x2160_5994fps_10bit_420,7,44,99.369064
FoodMarket2_3840x2160_5994fps_10bit_420,7,45,99.155547
FoodMarket2_3840x2160_5994fps_10bit_420,7,46,98.84343
FoodMarket2_3840x2160_5994fps_10bit_420,7,47,98.507466
FoodMarket2_3840x2160_5994fps_10bit_420,7,48,98.044006
FoodMarket2_3840x2160_5994fps_10bit_420,7,49,97.511
FoodMarket2_3840x2160_5994fps_10bit_420,7,50,96.851861
FoodMarket2_3840x2160_5994fps_10bit_420,7,51,96.155648
FoodMarket2_3840x2160_5994fps_10bit_420,7,52,95.385775
FoodMarket2_3840x2160_5994fps_10bit_420,7,53,94.44448
FoodMarket2_3840x2160_5994fps_10bit_420,7,54,93.459544
FoodMarket2_3840x2160_5994fps_10bit_420,7,55,92.237186
FoodMarket2_3840x2160_5994fps_10bit_420,7,56,90.713162
FoodMarket2_3840x2160_5994fps_10bit_420,7,58,87.366796
FoodMarket2_3840x2160_5994fps_10bit_420,7,60,82.486765
FoodMarket2_3840x2160_5994fps_10bit_420,7,63,64.560354
BoxingPractice_3840x2160_5994fps_10bit_420,7,20,99.962086
BoxingPractice_3840x2160_5994fps_10bit_420,7,24,99.958066
BoxingPractice_3840x2160_5994fps_10bit_420,7,27,99.927304
BoxingPractice_3840x2160_5994fps_10bit_420,7,28,99.90062
BoxingPractice_3840x2160_5994fps_10bit_420,7,29,99.866152
BoxingPractice_3840x2160_5994fps_10bit_420,7,30,99.812142
BoxingPractice_3840x2160_5994fps_10bit_420,7,31,99.789903
BoxingPractice_3840x2160_5994fps_10bit_420,7,32,99.696322
BoxingPractice_3840x2160_5994fps_10bit_420,7,33,99.588152
BoxingPractice_3840x2160_5994fps_10bit_420,7,34,99.44462
BoxingPractice_3840x2160_5994fps_10bit_420,7,35,99.249387
BoxingPractice_3840x2160_5994fps_10bit_420,7,36,99.037522
BoxingPractice_3840x2160_5994fps_10bit_420,7,37,98.809469
BoxingPractice_3840x2160_5994fps_10bit_420,7,38,98.573355
BoxingPractice_3840x2160_5994fps_10bit_420,7,39,98.240464
BoxingPractice_3840x2160_5994fps_10bit_420,7,40,97.964051
BoxingPractice_3840x2160_5994fps_10bit_420,7,41,97.602796
BoxingPractice_3840x2160_5994fps_10bit_420,7,42,97.258616
BoxingPractice_3840x2160_5994fps_10bit_420,7,43,96.878181
BoxingPractice_3840x2160_5994fps_10bit_420,7,44,96.536398
BoxingPractice_3840x2160_5994fps_10bit_420,7,45,96.127635
BoxingPractice_3840x2160_5994fps_10bit_420,7,46,95.704537
BoxingPractice_3840x2160_5994fps_10bit_420,7,47,95.32269
BoxingPractice_3840x2160_5994fps_10bit_420,7,48,94.82919
BoxingPractice_3840x2160_5994fps_10bit_420,7,49,94.338527
BoxingPractice_3840x2160_5994fps_10bit_420,7,50,93.829723
BoxingPractice_3840x2160_5994fps_10bit_420,7,51,93.314522
BoxingPractice_3840x2160_5994fps_10bit_420,7,52,92.69773
BoxingPractice_3840x2160_5994fps_10bit_420,7,53,92.135103
BoxingPractice_3840x2160_5994fps_10bit_420,7,54,91.366813
BoxingPractice_3840x2160_5994fps_10bit_420,7,55,90.586988
BoxingPractice_3840x2160_5994fps_10bit_420,7,56,89.615241
BoxingPractice_3840x2160_5994fps_10bit_420,7,58,87.363716
BoxingPractice_3840x2160_5994fps_10bit_420,7,60,83.988593
BoxingPractice_3840x2160_5994fps_10bit_420,7,63,70.962376
Tango_3840x2160_5994fps_10bit_420,7,20,98.388338
Tango_3840x2160_5994fps_10bit_420,7,24,97.289423
Tango_3840x2160_5994fps_10bit_420,7,27,96.146943
Tango_3840x2160_5994fps_10bit_420,7,28,95.771827
Tango_3840x2160_5994fps_10bit_420,7,29,95.383232
Tango_3840x2160_5994fps_10bit_420,7,30,94.989719
Tango_3840x2160_5994fps_10bit_420,7,31,94.510309
Tango_3840x2160_5994fps_10bit_420,7,32,93.988526
Tango_3840x2160_5994fps_10bit_420,7,33,93.515998
Tango_3840x2160_5994fps_10bit_420,7,34,93.044315
Tango_3840x2160_5994fps_10bit_420,7,35,92.472757
Tango_3840x2160_5994fps_10bit_420,7,36,91.802358
Tango_3840x2160_5994fps_10bit_420,7,37,91.243396
Tango_3840x2160_5994fps_10bit_420,7,38,90.608472
Tango_3840x2160_5994fps_10bit_420,7,39,89.876794
Tango_3840x2160_5994fps_10bit_420,7,40,89.245843
Tango_3840x2160_5994fps_10bit_420,7,41,88.49216
Tango_3840x2160_5994fps_10bit_420,7,42,87.735838
Tango_3840x2160_5994fps_10bit_420,7,43,86.968779
Tango_3840x2160_5994fps_10bit_420,7,44,86.206069
Tango_3840x2160_5994fps_10bit_420,7,45,85.359088
Tango_3840x2160_5994fps_10bit_420,7,46,84.490611
Tango_3840x2160_5994fps_10bit_420,7,47,83.63207
Tango_3840x2160_5994fps_10bit_420,7,48,82.73331
Tango_3840x2160_5994fps_10bit_420,7,49,81.831403
Tango_3840x2160_5994fps_10bit_420,7,50,80.861678
Tango_3840x2160_5994fps_10bit_420,7,51,79.786296
Tango_3840x2160_5994fps_10bit_420,7,52,78.6034
Tango_3840x2160_5994fps_10bit_420,7,53,77.458969
Tango_3840x2160_5994fps_10bit_420,7,54,76.208431
Tango_3840x2160_5994fps_10bit_420,7,55,74.697102
Tango_3840x2160_5994fps_10bit_420,7,56,72.904902
Tango_3840x2160_5994fps_10bit_420,7,58,69.128222
Tango_3840x2160_5994fps_10bit_420,7,60,63.976374
Tango_3840x2160_5994fps_10bit_420,7,63,47.711585
TimeLapse_3840x2160_5994fps_10bit_420,7,20,95.626565
TimeLapse_3840x2160_5994fps_10bit_420,7,24,95.119074
TimeLapse_3840x2160_5994fps_10bit_420,7,27,94.476589
TimeLapse_3840x2160_5994fps_10bit_420,7,28,94.279085
TimeLapse_3840x2160_5994fps_10bit_420,7,29,94.092593
TimeLapse_3840x2160_5994fps_10bit_420,7,30,93.893921
TimeLapse_3840x2160_5994fps_10bit_420,7,31,93.638911
TimeLapse_3840x2160_5994fps_10bit_420,7,32,93.360792
TimeLapse_3840x2160_5994fps_10bit_420,7,33,93.109515
TimeLapse_3840x2160_5994fps_10bit_420,7,34,92.85202
TimeLapse_3840x2160_5994fps_10bit_420,7,35,92.551379
TimeLapse_3840x2160_5994fps_10bit_420,7,36,92.227814
TimeLapse_3840x2160_5994fps_10bit_420,7,37,91.945187
TimeLapse_3840x2160_5994fps_10bit_420,7,38,91.641436
TimeLapse_3840x2160_5994fps_10bit_420,7,39,91.271688
TimeLapse_3840x2160_5994fps_10bit_420,7,40,90.967389
TimeLapse_3840x2160_5994fps_10bit_420,7,41,90.651192
TimeLapse_3840x2160_5994fps_10bit_420,7,42,90.307136
TimeLapse_3840x2160_5994fps_10bit_420,7,43,89.929848
TimeLapse_3840x2160_5994fps_10bit_420,7,44,89.608882
TimeLapse_3840x2160_5994fps_10bit_420,7,45,89.18764
TimeLapse_3840x2160_5994fps_10bit_420,7,46,88.845792
TimeLapse_3840x2160_5994fps_10bit_420,7,47,88.416607
TimeLapse_3840x2160_5994fps_10bit_420,7,48,88.018902
TimeLapse_3840x2160_5994fps_10bit_420,7,49,87.647825
TimeLapse_3840x2160_5994fps_10bit_420,7,50,87.174821
TimeLapse_3840x2160_5994fps_10bit_420,7,51,86.783901
TimeLapse_3840x2160_5994fps_10bit_420,7,52,86.285571
TimeLapse_3840x2160_5994fps_10bit_420,7,53,85.800817
TimeLapse_3840x2160_5994fps_10bit_420,7,54,85.28494
TimeLapse_3840x2160_5994fps_10bit_420,7,55,84.616752
TimeLapse_3840x2160_5994fps_10bit_420,7,56,83.93041
TimeLapse_3840x2160_5994fps_10bit_420,7,58,82.2099
TimeLapse_3840x2160_5994fps_10bit_420,7,60,79.773665
TimeLapse_3840x2160_5994fps_10bit_420,7,63,70.121186
SparksElevator_480x270p_5994_10bit,6,20,97.15996
SparksElevator_480x270p_5994_10bit,6,24,96.371238
SparksElevator_480x270p_5994_10bit,6,27,95.374415
SparksElevator_480x270p_5994_10bit,6,28,95.061406
SparksElevator_480x270p_5994_10bit,6,29,94.742826
SparksElevator_480x270p_5994_10bit,6,30,94.353253
SparksElevator_480x270p_5994_10bit,6,31,93.885999
SparksElevator_480x270p_5994_10bit,6,32,93.331913
SparksElevator_480x270p_5994_10bit,6,33,92.759871
SparksElevator_480x270p_5994_10bit,6,34,92.279783
SparksElevator_480x270p_5994_10bit,6,35,91.579299
SparksElevator_480x270p_5994_10bit,6,36,91.152248
SparksElevator_480x270p_5994_10bit,6,37,90.554398
SparksElevator_480x270p_5994_10bit,6,38,89.971959
SparksElevator_480x270p_5994_10bit,6,39,89.235739
SparksElevator_480x270p_5994_10bit,6,40,88.746116
SparksElevator_480x270p_5994_10bit,6,41,88.021265
SparksElevator_480x270p_5994_10bit,6,42,87.361526
SparksElevator_480x270p_5994_10bit,6,43,86.585244
SparksElevator_480x270p_5994_10bit,6,44,85.956896
SparksElevator_480x270p_5994_10bit,6,45,85.302799
SparksElevator_480x270p_5994_10bit,6,46,84.648864
SparksElevator_480x270p_5994_10bit,6,47,83.580319
SparksElevator_480x270p_5994_10bit,6,48,82.830422
SparksElevator_480x270p_5994_10bit,6,49,82.053156
SparksElevator_480x270p_5994_10bit,6,50,81.371847
SparksElevator_480x270p_5994_10bit,6,51,80.398156
SparksElevator_480x270p_5994_10bit,6,52,79.687526
SparksElevator_480x270p_5994_10bit,6,53,78.660919
SparksElevator_480x270p_5994_10bit,6,54,77.290051
SparksElevator_480x270p_5994_10bit,6,55,76.280678
SparksElevator_480x270p_5994_10bit,6,56,74.754628
SparksElevator_480x270p_5994_10bit,6,58,71.691991
SparksElevator_480x270p_5994_10bit,6,60,67.812729
SparksElevator_480x270p_5994_10bit,6,63,53.413655
ParkJoy_480x270_50,6,20,99.647176
ParkJoy_480x270_50,6,24,99.325958
ParkJoy_480x270_50,6,27,98.86147
ParkJoy_480x270_50,6,28,98.637359
ParkJoy_480x270_50,6,29,98.473119
ParkJoy_480x270_50,6,30,98.247292
ParkJoy_480x270_50,6,31,97.906432
ParkJoy_480x270_50,6,32,97.411628
ParkJoy_480x270_50,6,33,96.991476
ParkJoy_480x270_50,6,34,96.582879
ParkJoy_480x270_50,6,35,95.984671
ParkJoy_480x270_50,6,36,95.314586
ParkJoy_480x270_50,6,37,94.735029
ParkJoy_480x270_50,6,38,93.963356
ParkJoy_480x270_50,6,39,93.132731
ParkJoy_480x270_50,6,40,92.601068
ParkJoy_480x270_50,6,41,91.600316
ParkJoy_480x270_50,6,42,90.845981
ParkJoy_480x270_50,6,43,89.900689
ParkJoy_480x270_50,6,44,88.995477
ParkJoy_480x270_50,6,45,88.101215
ParkJoy_480x270_50,6,46,87.294095
ParkJoy_480x270_50,6,47,86.439959
ParkJoy_480x270_50,6,48,85.418014
ParkJoy_480x270_50,6,49,84.344738
ParkJoy_480x270_50,6,50,83.429035
ParkJoy_480x270_50,6,51,82.140926
ParkJoy_480x270_50,6,52,81.125363
ParkJoy_480x270_50,6,53,79.90843
ParkJoy_480x270_50,6,54,78.546635
ParkJoy_480x270_50,6,55,76.97934
ParkJoy_480x270_50,6,56,75.135651
ParkJoy_480x270_50,6,58,70.534372
ParkJoy_480x270_50,6,60,64.837396
ParkJoy_480x270_50,6,63,44.883954
BlueSky_360p25,6,20,98.622537
BlueSky_360p25,6,24,98.463788
BlueSky_360p25,6,27,98.251423
BlueSky_360p25,6,28,98.178992
BlueSky_360p25,6,29,98.10176
BlueSky_360p25,6,30,98.02362
BlueSky_360p25,6,31,97.929018
BlueSky_360p25,6,32,97.853271
BlueSky_360p25,6,33,97.759632
BlueSky_360p25,6,34,97.656252
BlueSky_360p25,6,35,97.553442
BlueSky_360p25,6,36,97.475151
BlueSky_360p25,6,37,97.368504
BlueSky_360p25,6,38,97.254586
BlueSky_360p25,6,39,97.062209
BlueSky_360p25,6,40,96.875321
BlueSky_360p25,6,41,96.555573
BlueSky_360p25,6,42,96.491372
BlueSky_360p25,6,43,96.173374
BlueSky_360p25,6,44,95.759718
BlueSky_360p25,6,45,95.474738
BlueSky_360p25,6,46,95.054384
BlueSky_360p25,6,47,94.900705
BlueSky_360p25,6,48,94.656695
BlueSky_360p25,6,49,94.009644
BlueSky_360p25,6,50,93.853596
BlueSky_360p25,6,51,93.309351
BlueSky_360p25,6,52,92.98022
BlueSky_360p25,6,53,92.461409
BlueSky_360p25,6,54,92.118669
BlueSky_360p25,6,55,91.502539
BlueSky_360p25,6,56,90.854065
BlueSky_360p25,6,58,89.220275
BlueSky_360p25,6,60,86.989901
BlueSky_360p25,6,63,75.06693
SnowMountain_640x360_2997,6,20,95.960976
SnowMountain_640x360_2997,6,24,95.534534
SnowMountain_640x360_2997,6,27,95.149912
SnowMountain_640x360_2997,6,28,95.092333
SnowMountain_640x360_2997,6,29,95.030307
SnowMountain_640x360_2997,6,30,94.937993
SnowMountain_640x360_2997,6,31,94.927451
SnowMountain_640x360_2997,6,32,94.896424
SnowMountain_640x360_2997,6,33,94.817731
SnowMountain_640x360_2997,6,34,94.796424
SnowMountain_640x360_2997,6,35,94.723484
SnowMountain_640x360_2997,6,36,94.64289
SnowMountain_640x360_2997,6,37,94.555034
SnowMountain_640x360_2997,6,38,94.488977
SnowMountain_640x360_2997,6,39,94.448445
SnowMountain_640x360_2997,6,40,94.317119
SnowMountain_640x360_2997,6,41,94.17599
SnowMountain_640x360_2997,6,42,94.071091
SnowMountain_640x360_2997,6,43,93.923556
SnowMountain_640x360_2997,6,44,93.823677
SnowMountain_640x360_2997,6,45,93.780169
SnowMountain_640x360_2997,6,46,93.602044
SnowMountain_640x360_2997,6,47,93.532975
SnowMountain_640x360_2997,6,48,93.202665
SnowMountain_640x360_2997,6,49,93.063121
SnowMountain_640x360_2997,6,50,92.92951
SnowMountain_640x360_2997,6,51,92.814798
SnowMountain_640x360_2997,6,52,92.68252
SnowMountain_640x360_2997,6,53,92.402672
SnowMountain_640x360_2997,6,54,92.481755
SnowMountain_640x360_2997,6,55,92.094617
SnowMountain_640x360_2997,6,56,91.634687
SnowMountain_640x360_2997,6,58,90.759598
SnowMountain_640x360_2997,6,60,89.824222
SnowMountain_640x360_2997,6,63,84.578689
RedKayak_360_2997,6,20,99.957622
RedKayak_360_2997,6,24,99.952252
RedKayak_360_2997,6,27,99.868372
RedKayak_360_2997,6,28,99.780409
RedKayak_360_2997,6,29,99.671397
RedKayak_360_2997,6,30,99.516779
RedKayak_360_2997,6,31,99.23562
RedKayak_360_2997,6,32,98.573702
RedKayak_360_2997,6,33,97.778847
RedKayak_360_2997,6,34,96.987664
RedKayak_360_2997,6,35,96.063644
RedKayak_360_2997,6,36,94.931898
RedKayak_360_2997,6,37,93.952428
RedKayak_360_2997,6,38,92.368716
RedKayak_360_2997,6,39,90.649991
RedKayak_360_2997,6,40,89.074186
RedKayak_360_2997,6,41,86.97379
RedKayak_360_2997,6,42,85.288457
RedKayak_360_2997,6,43,83.002054
RedKayak_360_2997,6,44,80.904153
RedKayak_360_2997,6,45,78.672295
RedKayak_360_2997,6,46,76.289803
RedKayak_360_2997,6,47,73.938744
RedKayak_360_2997,6,48,71.111845
RedKayak_360_2997,6,49,68.522246
RedKayak_360_2997,6,50,65.8523
RedKayak_360_2997,6,51,63.084526
RedKayak_360_2997,6,52,59.973282
RedKayak_360_2997,6,53,56.729988
RedKayak_360_2997,6,54,53.497276
RedKayak_360_2997,6,55,49.751897
RedKayak_360_2997,6,56,44.835126
RedKayak_360_2997,6,58,36.345818
RedKayak_360_2997,6,60,26.71824
RedKayak_360_2997,6,63,9.489238
TouchdownPass_640x360_2997,6,20,97.639592
TouchdownPass_640x360_2997,6,24,97.307111
TouchdownPass_640x360_2997,6,27,96.706916
TouchdownPass_640x360_2997,6,28,96.570231
TouchdownPass_640x360_2997,6,29,96.313866
TouchdownPass_640x360_2997,6,30,96.14787
TouchdownPass_640x360_2997,6,31,95.865936
TouchdownPass_640x360_2997,6,32,95.630574
TouchdownPass_640x360_2997,6,33,95.361282
TouchdownPass_640x360_2997,6,34,95.108177
TouchdownPass_640x360_2997,6,35,94.810331
TouchdownPass_640x360_2997,6,36,94.483423
TouchdownPass_640x360_2997,6,37,94.082691
TouchdownPass_640x360_2997,6,38,93.708028
TouchdownPass_640x360_2997,6,39,93.375044
TouchdownPass_640x360_2997,6,40,92.950471
TouchdownPass_640x360_2997,6,41,92.495384
TouchdownPass_640x360_2997,6,42,92.036537
TouchdownPass_640x360_2997,6,43,91.508499
TouchdownPass_640x360_2997,6,44,91.150059
TouchdownPass_640x360_2997,6,45,90.511102
TouchdownPass_640x360_2997,6,46,90.121755
TouchdownPass_640x360_2997,6,47,89.655306
TouchdownPass_640x360_2997,6,48,88.937429
TouchdownPass_640x360_2997,6,49,88.3828
TouchdownPass_640x360_2997,6,50,87.622844
TouchdownPass_640x360_2997,6,51,87.071276
TouchdownPass_640x360_2997,6,52,86.328173
TouchdownPass_640x360_2997,6,53,85.727398
TouchdownPass_640x360_2997,6,54,84.867606
TouchdownPass_640x360_2997,6,55,83.748955
TouchdownPass_640x360_2997,6,56,82.25689
TouchdownPass_640x360_2997,6,58,79.71997
TouchdownPass_640x360_2997,6,60,75.289644
TouchdownPass_640x360_2997,6,63,58.661378
Stockholm_640x360_5994,6,20,99.912646
Stockholm_640x360_5994,6,24,99.845291
Stockholm_640x360_5994,6,27,99.72545
Stockholm_640x360_5994,6,28,99.712718
Stockholm_640x360_5994,6,29,99.679187
Stockholm_640x360_5994,6,30,99.651205
Stockholm_640x360_5994,6,31,99.608356
Stockholm_640x360_5994,6,32,99.505788
Stockholm_640x360_5994,6,33,99.486265
Stockholm_640x360_5994,6,34,99.348737
Stockholm_640x360_5994,6,35,99.372482
Stockholm_640x360_5994,6,36,99.202152
Stockholm_640x360_5994,6,37,99.116753
Stockholm_640x360_5994,6,38,99.022235
Stockholm_640x360_5994,6,39,98.867995
Stockholm_640x360_5994,6,40,98.768672
Stockholm_640x360_5994,6,41,98.582224
Stockholm_640x360_5994,6,42,98.532691
Stockholm_640x360_5994,6,43,98.36393
Stockholm_640x360_5994,6,44,98.1694
Stockholm_640x360_5994,6,45,98.078504
Stockholm_640x360_5994,6,46,97.854261
Stockholm_640x360_5994,6,47,97.752198
Stockholm_640x360_5994,6,48,97.501985
Stockholm_640x360_5994,6,49,97.297603
Stockholm_640x360_5994,6,50,96.989025
Stockholm_640x360_5994,6,51,96.788559
Stockholm_640x360_5994,6,52,96.514094
Stockholm_640x360_5994,6,53,96.20102
Stockholm_640x360_5994,6,54,95.85857
Stockholm_640x360_5994,6,55,95.443264
Stockholm_640x360_5994,6,56,94.825773
Stockholm_640x360_5994,6,58,93.522927
Stockholm_640x360_5994,6,60,91.315952
Stockholm_640x360_5994,6,63,82.276645
SpeedBag_640x360_2997,6,20,97.791637
SpeedBag_640x360_2997,6,24,97.499252
SpeedBag_640x360_2997,6,27,97.091789
SpeedBag_640x360_2997,6,28,97.00678
SpeedBag_640x360_2997,6,29,96.856402
SpeedBag_640x360_2997,6,30,96.735112
SpeedBag_640x360_2997,6,31,96.519784
SpeedBag_640x360_2997,6,32,96.183245
SpeedBag_640x360_2997,6,33,96.115534
SpeedBag_640x360_2997,6,34,95.866705
SpeedBag_640x360_2997,6,35,95.636352
SpeedBag_640x360_2997,6,36,95.317579
SpeedBag_640x360_2997,6,37,95.127714
SpeedBag_640x360_2997,6,38,94.866722
SpeedBag_640x360_2997,6,39,94.617807
SpeedBag_640x360_2997,6,40,94.345707
SpeedBag_640x360_2997,6,41,94.110591
SpeedBag_640x360_2997,6,42,93.638199
SpeedBag_640x360_2997,6,43,93.284084
SpeedBag_640x360_2997,6,44,92.938907
SpeedBag_640x360_2997,6,45,92.543838
SpeedBag_640x360_2997,6,46,92.088497
SpeedBag_640x360_2997,6,47,91.593037
SpeedBag_640x360_2997,6,48,91.020173
SpeedBag_640x360_2997,6,49,90.681754
SpeedBag_640x360_2997,6,50,90.134227
SpeedBag_640x360_2997,6,51,89.605466
SpeedBag_640x360_2997,6,52,88.993503
SpeedBag_640x360_2997,6,53,88.432544
SpeedBag_640x360_2997,6,54,87.599838
SpeedBag_640x360_2997,6,55,86.57958
SpeedBag_640x360_2997,6,56,85.765424
SpeedBag_640x360_2997,6,58,83.283874
SpeedBag_640x360_2997,6,60,79.636817
SpeedBag_640x360_2997,6,63,66.249247
KristenAndSara_1280x720_60,6,20,97.066577
KristenAndSara_1280x720_60,6,24,96.890146
KristenAndSara_1280x720_60,6,27,96.663819
KristenAndSara_1280x720_60,6,28,96.592608
KristenAndSara_1280x720_60,6,29,96.529458
KristenAndSara_1280x720_60,6,30,96.458793
KristenAndSara_1280x720_60,6,31,96.360751
KristenAndSara_1280x720_60,6,32,96.27669
KristenAndSara_1280x720_60,6,33,96.167653
KristenAndSara_1280x720_60,6,34,96.05192
KristenAndSara_1280x720_60,6,35,95.931902
KristenAndSara_1280x720_60,6,36,95.829593
KristenAndSara_1280x720_60,6,37,95.667219
KristenAndSara_1280x720_60,6,38,95.556738
KristenAndSara_1280x720_60,6,39,95.40282
KristenAndSara_1280x720_60,6,40,95.26098
KristenAndSara_1280x720_60,6,41,95.119221
KristenAndSara_1280x720_60,6,42,94.952427
KristenAndSara_1280x720_60,6,43,94.728784
KristenAndSara_1280x720_60,6,44,94.616857
KristenAndSara_1280x720_60,6,45,94.4006
KristenAndSara_1280x720_60,6,46,94.183689
KristenAndSara_1280x720_60,6,47,94.037456
KristenAndSara_1280x720_60,6,48,93.877056
KristenAndSara_1280x720_60,6,49,93.661647
KristenAndSara_1280x720_60,6,50,93.417565
KristenAndSara_1280x720_60,6,51,93.138434
KristenAndSara_1280x720_60,6,52,92.826086
KristenAndSara_1280x720_60,6,53,92.608492
KristenAndSara_1280x720_60,6,54,92.28291
KristenAndSara_1280x720_60,6,55,91.872636
KristenAndSara_1280x720_60,6,56,91.469947
KristenAndSara_1280x720_60,6,58,90.32844
KristenAndSara_1280x720_60,6,60,88.843466
KristenAndSara_1280x720_60,6,63,82.507077
RollerCoaster_1280x720p_5994_10bit_420,6,20,99.958529
RollerCoaster_1280x720p_5994_10bit_420,6,24,99.949036
RollerCoaster_1280x720p_5994_10bit_420,6,27,99.915638
RollerCoaster_1280x720p_5994_10bit_420,6,28,99.892557
RollerCoaster_1280x720p_5994_10bit_420,6,29,99.850675
RollerCoaster_1280x720p_5994_10bit_420,6,30,99.782284
RollerCoaster_1280x720p_5994_10bit_420,6,31,99.648141
RollerCoaster_1280x720p_5994_10bit_420,6,32,99.490705
RollerCoaster_1280x720p_5994_10bit_420,6,33,99.328418
RollerCoaster_1280x720p_5994_10bit_420,6,34,99.130611
RollerCoaster_1280x720p_5994_10bit_420,6,35,98.879703
RollerCoaster_1280x720p_5994_10bit_420,6,36,98.560585
RollerCoaster_1280x720p_5994_10bit_420,6,37,98.2272
RollerCoaster_1280x720p_5994_10bit_420,6,38,97.796297
RollerCoaster_1280x720p_5994_10bit_420,6,39,97.332237
RollerCoaster_1280x720p_5994_10bit_420,6,40,96.94366
RollerCoaster_1280x720p_5994_10bit_420,6,41,96.334765
RollerCoaster_1280x720p_5994_10bit_420,6,42,95.823849
RollerCoaster_1280x720p_5994_10bit_420,6,43,95.146645
RollerCoaster_1280x720p_5994_10bit_420,6,44,94.648515
RollerCoaster_1280x720p_5994_10bit_420,6,45,94.046529
RollerCoaster_1280x720p_5994_10bit_420,6,46,93.397543
RollerCoaster_1280x720p_5994_10bit_420,6,47,92.746779
RollerCoaster_1280x720p_5994_10bit_420,6,48,91.71978
RollerCoaster_1280x720p_5994_10bit_420,6,49,91.425046
RollerCoaster_1280x720p_5994_10bit_420,6,50,90.685138
RollerCoaster_1280x720p_5994_10bit_420,6,51,89.525057
RollerCoaster_1280x720p_5994_10bit_420,6,52,88.528055
RollerCoaster_1280x720p_5994_10bit_420,6,53,87.725128
RollerCoaster_1280x720p_5994_10bit_420,6,54,86.739202
RollerCoaster_1280x720p_5994_10bit_420,6,55,85.436125
RollerCoaster_1280x720p_5994_10bit_420,6,56,84.170806
RollerCoaster_1280x720p_5994_10bit_420,6,58,80.698172
RollerCoaster_1280x720p_5994_10bit_420,6,60,75.79013
RollerCoaster_1280x720p_5994_10bit_420,6,63,55.79065
WestWindEasy_1280x720p30_420,6,20,99.966294
WestWindEasy_1280x720p30_420,6,24,99.96346
WestWindEasy_1280x720p30_420,6,27,99.959175
WestWindEasy_1280x720p30_420,6,28,99.957216
WestWindEasy_1280x720p30_420,6,29,99.955825
WestWindEasy_1280x720p30_420,6,30,99.954161
WestWindEasy_1280x720p30_420,6,31,99.95262
WestWindEasy_1280x720p30_420,6,32,99.950091
WestWindEasy_1280x720p30_420,6,33,99.948567
WestWindEasy_1280x720p30_420,6,34,99.945266
WestWindEasy_1280x720p30_420,6,35,99.9428
WestWindEasy_1280x720p30_420,6,36,99.940139
WestWindEasy_1280x720p30_420,6,37,99.936995
WestWindEasy_1280x720p30_420,6,38,99.931665
WestWindEasy_1280x720p30_420,6,39,99.890966
WestWindEasy_1280x720p30_420,6,40,99.790483
WestWindEasy_1280x720p30_420,6,41,99.588273
WestWindEasy_1280x720p30_420,6,42,99.239798
WestWindEasy_1280x720p30_420,6,43,98.781395
WestWindEasy_1280x720p30_420,6,44,98.242044
WestWindEasy_1280x720p30_420,6,45,97.648405
WestWindEasy_1280x720p30_420,6,46,96.85911
WestWindEasy_1280x720p30_420,6,47,96.012319
WestWindEasy_1280x720p30_420,6,48,95.11925
WestWindEasy_1280x720p30_420,6,49,94.137398
WestWindEasy_1280x720p30_420,6,50,93.138577
WestWindEasy_1280x720p30_420,6,51,91.989278
WestWindEasy_1280x720p30_420,6,52,90.913106
WestWindEasy_1280x720p30_420,6,53,89.613597
WestWindEasy_1280x720p30_420,6,54,88.383097
WestWindEasy_1280x720p30_420,6,55,86.809014
WestWindEasy_1280x720p30_420,6,56,85.116868
WestWindEasy_1280x720p30_420,6,58,81.186665
WestWindEasy_1280x720p30_420,6,60,77.302124
WestWindEasy_1280x720p30_420,6,63,66.836602
Vidyo4_1280x720p_60fps,6,20,97.043131
Vidyo4_1280x720p_60fps,6,24,96.715903
Vidyo4_1280x720p_60fps,6,27,96.351851
Vidyo4_1280x720p_60fps,6,28,96.214003
Vidyo4_1280x720p_60fps,6,29,96.10241
Vidyo4_1280x720p_60fps,6,30,95.997725
Vidyo4_1280x720p_60fps,6,31,95.868489
Vidyo4_1280x720p_60fps,6,32,95.73783
Vidyo4_1280x720p_60fps,6,33,95.625315
Vidyo4_1280x720p_60fps,6,34,95.478828
Vidyo4_1280x720p_60fps,6,35,95.292004
Vidyo4_1280x720p_60fps,6,36,95.120359
Vidyo4_1280x720p_60fps,6,37,94.976971
Vidyo4_1280x720p_60fps,6,38,94.765345
Vidyo4_1280x720p_60fps,6,39,94.568962
Vidyo4_1280x720p_60fps,6,40,94.453511
Vidyo4_1280x720p_60fps,6,41,94.195348
Vidyo4_1280x720p_60fps,6,42,94.063392
Vidyo4_1280x720p_60fps,6,43,93.677551
Vidyo4_1280x720p_60fps,6,44,93.603737
Vidyo4_1280x720p_60fps,6,45,93.314483
Vidyo4_1280x720p_60fps,6,46,93.132223
Vidyo4_1280x720p_60fps,6,47,92.80247
Vidyo4_1280x720p_60fps,6,48,92.552204
Vidyo4_1280x720p_60fps,6,49,92.168426
Vidyo4_1280x720p_60fps,6,50,91.889569
Vidyo4_1280x720p_60fps,6,51,91.567076
Vidyo4_1280x720p_60fps,6,52,91.183539
Vidyo4_1280x720p_60fps,6,53,90.780405
Vidyo4_1280x720p_60fps,6,54,90.316569
Vidyo4_1280x720p_60fps,6,55,89.772753
Vidyo4_1280x720p_60fps,6,56,89.148009
Vidyo4_1280x720p_60fps,6,58,87.759028
Vidyo4_1280x720p_60fps,6,60,85.455762
Vidyo4_1280x720p_60fps,6,63,76.908846
Vidyo3_1280x720p_60fps,6,20,96.452944
Vidyo3_1280x720p_60fps,6,24,96.108425
Vidyo3_1280x720p_60fps,6,27,95.728676
Vidyo3_1280x720p_60fps,6,28,95.607016
Vidyo3_1280x720p_60fps,6,29,95.487268
Vidyo3_1280x720p_60fps,6,30,95.341886
Vidyo3_1280x720p_60fps,6,31,95.256584
Vidyo3_1280x720p_60fps,6,32,95.075877
Vidyo3_1280x720p_60fps,6,33,94.887899
Vidyo3_1280x720p_60fps,6,34,94.669202
Vidyo3_1280x720p_60fps,6,35,94.51661
Vidyo3_1280x720p_60fps,6,36,94.326444
Vidyo3_1280x720p_60fps,6,37,94.189601
Vidyo3_1280x720p_60fps,6,38,93.964055
Vidyo3_1280x720p_60fps,6,39,93.76323
Vidyo3_1280x720p_60fps,6,40,93.521588
Vidyo3_1280x720p_60fps,6,41,93.16531
Vidyo3_1280x720p_60fps,6,42,93.062383
Vidyo3_1280x720p_60fps,6,43,92.804212
Vidyo3_1280x720p_60fps,6,44,92.52446
Vidyo3_1280x720p_60fps,6,45,92.252339
Vidyo3_1280x720p_60fps,6,46,92.024102
Vidyo3_1280x720p_60fps,6,47,91.797583
Vidyo3_1280x720p_60fps,6,48,91.502356
Vidyo3_1280x720p_60fps,6,49,91.202866
Vidyo3_1280x720p_60fps,6,50,90.963082
Vidyo3_1280x720p_60fps,6,51,90.503206
Vidyo3_1280x720p_60fps,6,52,90.220762
Vidyo3_1280x720p_60fps,6,53,89.913087
Vidyo3_1280x720p_60fps,6,54,89.439527
Vidyo3_1280x720p_60fps,6,55,88.999042
Vidyo3_1280x720p_60fps,6,56,88.358173
Vidyo3_1280x720p_60fps,6,58,86.731943
Vidyo3_1280x720p_60fps,6,60,84.434558
Vidyo3_1280x720p_60fps,6,63,74.515268
ControlledBurn_1280x720p30_420,6,20,97.328518
ControlledBurn_1280x720p30_420,6,24,96.638555
ControlledBurn_1280x720p30_420,6,27,95.585476
ControlledBurn_1280x720p30_420,6,28,95.230644
ControlledBurn_1280x720p30_420,6,29,94.864944
ControlledBurn_1280x720p30_420,6,30,94.510246
ControlledBurn_1280x720p30_420,6,31,94.041325
ControlledBurn_1280x720p30_420,6,32,93.380752
ControlledBurn_1280x720p30_420,6,33,92.874645
ControlledBurn_1280x720p30_420,6,34,92.321805
ControlledBurn_1280x720p30_420,6,35,91.727708
ControlledBurn_1280x720p30_420,6,36,91.070628
ControlledBurn_1280x720p30_420,6,37,90.381153
ControlledBurn_1280x720p30_420,6,38,89.666657
ControlledBurn_1280x720p30_420,6,39,88.876579
ControlledBurn_1280x720p30_420,6,40,88.142416
ControlledBurn_1280x720p30_420,6,41,87.359035
ControlledBurn_1280x720p30_420,6,42,86.555279
ControlledBurn_1280x720p30_420,6,43,85.64866
ControlledBurn_1280x720p30_420,6,44,84.74469
ControlledBurn_1280x720p30_420,6,45,83.685622
ControlledBurn_1280x720p30_420,6,46,82.780115
ControlledBurn_1280x720p30_420,6,47,81.890457
ControlledBurn_1280x720p30_420,6,48,80.667083
ControlledBurn_1280x720p30_420,6,49,79.653953
ControlledBurn_1280x720p30_420,6,50,78.765493
ControlledBurn_1280x720p30_420,6,51,77.692328
ControlledBurn_1280x720p30_420,6,52,76.463572
ControlledBurn_1280x720p30_420,6,53,75.275531
ControlledBurn_1280x720p30_420,6,54,73.963215
ControlledBurn_1280x720p30_420,6,55,72.594051
ControlledBurn_1280x720p30_420,6,56,70.751491
ControlledBurn_1280x720p30_420,6,58,67.593546
ControlledBurn_1280x720p30_420,6,60,63.578951
ControlledBurn_1280x720p30_420,6,63,51.963893
DrivingPOV_1280x720p_5994_10bit_420,6,20,99.675061
DrivingPOV_1280x720p_5994_10bit_420,6,24,99.440108
DrivingPOV_1280x720p_5994_10bit_420,6,27,98.994008
DrivingPOV_1280x720p_5994_10bit_420,6,28,98.882425
DrivingPOV_1280x720p_5994_10bit_420,6,29,98.747997
DrivingPOV_1280x720p_5994_10bit_420,6,30,98.616908
DrivingPOV_1280x720p_5994_10bit_420,6,31,98.42984
DrivingPOV_1280x720p_5994_10bit_420,6,32,98.273896
DrivingPOV_1280x720p_5994_10bit_420,6,33,98.020465
DrivingPOV_1280x720p_5994_10bit_420,6,34,97.81254
DrivingPOV_1280x720p_5994_10bit_420,6,35,97.582357
DrivingPOV_1280x720p_5994_10bit_420,6,36,97.335722
DrivingPOV_1280x720p_5994_10bit_420,6,37,97.112731
DrivingPOV_1280x720p_5994_10bit_420,6,38,96.81154
DrivingPOV_1280x720p_5994_10bit_420,6,39,96.52863
DrivingPOV_1280x720p_5994_10bit_420,6,40,96.259693
DrivingPOV_1280x720p_5994_10bit_420,6,41,95.922385
DrivingPOV_1280x720p_5994_10bit_420,6,42,95.5729
DrivingPOV_1280x720p_5994_10bit_420,6,43,95.172266
DrivingPOV_1280x720p_5994_10bit_420,6,44,94.902091
DrivingPOV_1280x720p_5994_10bit_420,6,45,94.523735
DrivingPOV_1280x720p_5994_10bit_420,6,46,94.244231
DrivingPOV_1280x720p_5994_10bit_420,6,47,93.809178
DrivingPOV_1280x720p_5994_10bit_420,6,48,93.423588
DrivingPOV_1280x720p_5994_10bit_420,6,49,92.999943
DrivingPOV_1280x720p_5994_10bit_420,6,50,92.573321
DrivingPOV_1280x720p_5994_10bit_420,6,51,92.253807
DrivingPOV_1280x720p_5994_10bit_420,6,52,91.640178
DrivingPOV_1280x720p_5994_10bit_420,6,53,91.151897
DrivingPOV_1280x720p_5994_10bit_420,6,54,90.590121
DrivingPOV_1280x720p_5994_10bit_420,6,55,89.88974
DrivingPOV_1280x720p_5994_10bit_420,6,56,88.971774
DrivingPOV_1280x720p_5994_10bit_420,6,58,86.841574
DrivingPOV_1280x720p_5994_10bit_420,6,60,83.73714
DrivingPOV_1280x720p_5994_10bit_420,6,63,69.308406
Johnny_1280x720_60,6,20,96.633108
Johnny_1280x720_60,6,24,96.442855
Johnny_1280x720_60,6,27,96.205088
Johnny_1280x720_60,6,28,96.181694
Johnny_1280x720_60,6,29,96.094749
Johnny_1280x720_60,6,30,96.036656
Johnny_1280x720_60,6,31,95.984325
Johnny_1280x720_60,6,32,95.890442
Johnny_1280x720_60,6,33,95.803632
Johnny_1280x720_60,6,34,95.726474
Johnny_1280x720_60,6,35,95.654158
Johnny_1280x720_60,6,36,95.51255
Johnny_1280x720_60,6,37,95.423124
Johnny_1280x720_60,6,38,95.320425
Johnny_1280x720_60,6,39,95.212032
Johnny_1280x720_60,6,40,95.134115
Johnny_1280x720_60,6,41,94.98528
Johnny_1280x720_60,6,42,94.89119
Johnny_1280x720_60,6,43,94.748484
Johnny_1280x720_60,6,44,94.642664
Johnny_1280x720_60,6,45,94.425852
Johnny_1280x720_60,6,46,94.315042
Johnny_1280x720_60,6,47,94.114206
Johnny_1280x720_60,6,48,93.929894
Johnny_1280x720_60,6,49,93.830979
Johnny_1280x720_60,6,50,93.658058
Johnny_1280x720_60,6,51,93.555042
Johnny_1280x720_60,6,52,93.241963
Johnny_1280x720_60,6,53,92.928981
Johnny_1280x720_60,6,54,92.503425
Johnny_1280x720_60,6,55,92.155957
Johnny_1280x720_60,6,56,91.868923
Johnny_1280x720_60,6,58,90.779713
Johnny_1280x720_60,6,60,89.373488
Johnny_1280x720_60,6,63,83.579957
RushFieldCuts_1920x1080_2997,6,20,99.289748
RushFieldCuts_1920x1080_2997,6,24,98.553839
RushFieldCuts_1920x1080_2997,6,27,97.152493
RushFieldCuts_1920x1080_2997,6,28,96.729102
RushFieldCuts_1920x1080_2997,6,29,96.255114
RushFieldCuts_1920x1080_2997,6,30,95.832118
RushFieldCuts_1920x1080_2997,6,31,95.276237
RushFieldCuts_1920x1080_2997,6,32,94.66972
RushFieldCuts_1920x1080_2997,6,33,94.078149
RushFieldCuts_1920x1080_2997,6,34,93.563344
RushFieldCuts_1920x1080_2997,6,35,92.900713
RushFieldCuts_1920x1080_2997,6,36,92.268066
RushFieldCuts_1920x1080_2997,6,37,91.598217
RushFieldCuts_1920x1080_2997,6,38,90.838714
RushFieldCuts_1920x1080_2997,6,39,90.126175
RushFieldCuts_1920x1080_2997,6,40,89.426061
RushFieldCuts_1920x1080_2997,6,41,88.529781
RushFieldCuts_1920x1080_2997,6,42,87.768325
RushFieldCuts_1920x1080_2997,6,43,86.848014
RushFieldCuts_1920x1080_2997,6,44,86.003874
RushFieldCuts_1920x1080_2997,6,45,85.149422
RushFieldCuts_1920x1080_2997,6,46,84.153905
RushFieldCuts_1920x1080_2997,6,47,83.254296
RushFieldCuts_1920x1080_2997,6,48,82.23203
RushFieldCuts_1920x1080_2997,6,49,81.191792
RushFieldCuts_1920x1080_2997,6,50,80.08528
RushFieldCuts_1920x1080_2997,6,51,78.973043
RushFieldCuts_1920x1080_2997,6,52,77.686243
RushFieldCuts_1920x1080_2997,6,53,76.366863
RushFieldCuts_1920x1080_2997,6,54,74.927445
RushFieldCuts_1920x1080_2997,6,55,73.350477
RushFieldCuts_1920x1080_2997,6,56,71.470852
RushFieldCuts_1920x1080_2997,6,58,67.428579
RushFieldCuts_1920x1080_2997,6,60,62.332481
RushFieldCuts_1920x1080_2997,6,63,46.321499
Riverbed_1920x1080p25,6,20,99.951911
Riverbed_1920x1080p25,6,24,99.943921
Riverbed_1920x1080p25,6,27,99.929813
Riverbed_1920x1080p25,6,28,99.925608
Riverbed_1920x1080p25,6,29,99.921595
Riverbed_1920x1080p25,6,30,99.917419
Riverbed_1920x1080p25,6,31,99.910199
Riverbed_1920x1080p25,6,32,99.874391
Riverbed_1920x1080p25,6,33,99.667333
Riverbed_1920x1080p25,6,34,99.219179
Riverbed_1920x1080p25,6,35,98.581606
Riverbed_1920x1080p25,6,36,97.810899
Riverbed_1920x1080p25,6,37,97.091581
Riverbed_1920x1080p25,6,38,96.021905
Riverbed_1920x1080p25,6,39,94.563621
Riverbed_1920x1080p25,6,40,93.475882
Riverbed_1920x1080p25,6,41,91.754836
Riverbed_1920x1080p25,6,42,90.081926
Riverbed_1920x1080p25,6,43,88.133757
Riverbed_1920x1080p25,6,44,86.149961
Riverbed_1920x1080p25,6,45,83.841464
Riverbed_1920x1080p25,6,46,81.543085
Riverbed_1920x1080p25,6,47,79.366105
Riverbed_1920x1080p25,6,48,76.971777
Riverbed_1920x1080p25,6,49,74.721058
Riverbed_1920x1080p25,6,50,72.229659
Riverbed_1920x1080p25,6,51,69.798207
Riverbed_1920x1080p25,6,52,67.291748
Riverbed_1920x1080p25,6,53,64.502003
Riverbed_1920x1080p25,6,54,61.803505
Riverbed_1920x1080p25,6,55,58.94496
Riverbed_1920x1080p25,6,56,55.047819
Riverbed_1920x1080p25,6,58,48.609231
Riverbed_1920x1080p25,6,60,40.819215
Riverbed_1920x1080p25,6,63,22.220685
Slides1_1920x1080_30fps_8bit_420,6,20,97.849934
Slides1_1920x1080_30fps_8bit_420,6,24,97.750014
Slides1_1920x1080_30fps_8bit_420,6,27,97.551471
Slides1_1920x1080_30fps_8bit_420,6,28,97.517761
Slides1_1920x1080_30fps_8bit_420,6,29,97.424343
Slides1_1920x1080_30fps_8bit_420,6,30,97.398982
Slides1_1920x1080_30fps_8bit_420,6,31,97.326463
Slides1_1920x1080_30fps_8bit_420,6,32,97.202118
Slides1_1920x1080_30fps_8bit_420,6,33,97.141723
Slides1_1920x1080_30fps_8bit_420,6,34,97.09565
Slides1_1920x1080_30fps_8bit_420,6,35,96.972845
Slides1_1920x1080_30fps_8bit_420,6,36,96.890462
Slides1_1920x1080_30fps_8bit_420,6,37,96.745942
Slides1_1920x1080_30fps_8bit_420,6,38,96.660876
Slides1_1920x1080_30fps_8bit_420,6,39,96.540003
Slides1_1920x1080_30fps_8bit_420,6,40,96.470027
Slides1_1920x1080_30fps_8bit_420,6,41,96.320768
Slides1_1920x1080_30fps_8bit_420,6,42,96.187102
Slides1_1920x1080_30fps_8bit_420,6,43,96.073704
Slides1_1920x1080_30fps_8bit_420,6,44,95.89245
Slides1_1920x1080_30fps_8bit_420,6,45,95.781012
Slides1_1920x1080_30fps_8bit_420,6,46,95.692142
Slides1_1920x1080_30fps_8bit_420,6,47,95.614057
Slides1_1920x1080_30fps_8bit_420,6,48,95.521666
Slides1_1920x1080_30fps_8bit_420,6,49,95.399823
Slides1_1920x1080_30fps_8bit_420,6,50,95.085514
Slides1_1920x1080_30fps_8bit_420,6,51,95.038464
Slides1_1920x1080_30fps_8bit_420,6,52,94.795017
Slides1_1920x1080_30fps_8bit_420,6,53,94.550863
Slides1_1920x1080_30fps_8bit_420,6,54,94.400785
Slides1_1920x1080_30fps_8bit_420,6,55,94.199649
Slides1_1920x1080_30fps_8bit_420,6,56,93.347808
Slides1_1920x1080_30fps_8bit_420,6,58,92.458538
Slides1_1920x1080_30fps_8bit_420,6,60,91.176669
Slides1_1920x1080_30fps_8bit_420,6,63,85.59687
MissionControlClip3_1920x1080_60_420,6,20,97.604544
MissionControlClip3_1920x1080_60_420,6,24,97.577308
MissionControlClip3_1920x1080_60_420,6,27,97.484894
MissionControlClip3_1920x1080_60_420,6,28,97.448982
MissionControlClip3_1920x1080_60_420,6,29,97.436429
MissionControlClip3_1920x1080_60_420,6,30,97.404811
MissionControlClip3_1920x1080_60_420,6,31,97.38411
MissionControlClip3_1920x1080_60_420,6,32,97.341145
MissionControlClip3_1920x1080_60_420,6,33,97.30257
MissionControlClip3_1920x1080_60_420,6,34,97.291333
MissionControlClip3_1920x1080_60_420,6,35,97.246967
MissionControlClip3_1920x1080_60_420,6,36,97.219182
MissionControlClip3_1920x1080_60_420,6,37,97.167145
MissionControlClip3_1920x1080_60_420,6,38,97.116922
MissionControlClip3_1920x1080_60_420,6,39,97.050041
MissionControlClip3_1920x1080_60_420,6,40,97.00509
MissionControlClip3_1920x1080_60_420,6,41,96.949773
MissionControlClip3_1920x1080_60_420,6,42,96.904119
MissionControlClip3_1920x1080_60_420,6,43,96.821935
MissionControlClip3_1920x1080_60_420,6,44,96.75168
MissionControlClip3_1920x1080_60_420,6,45,96.698017
MissionControlClip3_1920x1080_60_420,6,46,96.610285
MissionControlClip3_1920x1080_60_420,6,47,96.551337
MissionControlClip3_1920x1080_60_420,6,48,96.44821
MissionControlClip3_1920x1080_60_420,6,49,96.324666
MissionControlClip3_1920x1080_60_420,6,50,96.254521
MissionControlClip3_1920x1080_60_420,6,51,96.139443
MissionControlClip3_1920x1080_60_420,6,52,96.000929
MissionControlClip3_1920x1080_60_420,6,53,95.879077
MissionControlClip3_1920x1080_60_420,6,54,95.733536
MissionControlClip3_1920x1080_60_420,6,55,95.601384
MissionControlClip3_1920x1080_60_420,6,56,95.393214
MissionControlClip3_1920x1080_60_420,6,58,94.879527
MissionControlClip3_1920x1080_60_420,6,60,94.158063
MissionControlClip3_1920x1080_60_420,6,63,90.666978
EuroTruckSimulator2_1920x1080p60,6,20,99.960244
EuroTruckSimulator2_1920x1080p60,6,24,99.955073
EuroTruckSimulator2_1920x1080p60,6,27,99.947409
EuroTruckSimulator2_1920x1080p60,6,28,99.944392
EuroTruckSimulator2_1920x1080p60,6,29,99.936706
EuroTruckSimulator2_1920x1080p60,6,30,99.80619
EuroTruckSimulator2_1920x1080p60,6,31,99.374364
EuroTruckSimulator2_1920x1080p60,6,32,98.816919
EuroTruckSimulator2_1920x1080p60,6,33,98.318371
EuroTruckSimulator2_1920x1080p60,6,34,97.79607
EuroTruckSimulator2_1920x1080p60,6,35,97.09748
EuroTruckSimulator2_1920x1080p60,6,36,96.330727
EuroTruckSimulator2_1920x1080p60,6,37,95.566908
EuroTruckSimulator2_1920x1080p60,6,38,94.700845
EuroTruckSimulator2_1920x1080p60,6,39,93.863726
EuroTruckSimulator2_1920x1080p60,6,40,93.070987
EuroTruckSimulator2_1920x1080p60,6,41,92.217728
EuroTruckSimulator2_1920x1080p60,6,42,91.558229
EuroTruckSimulator2_1920x1080p60,6,43,90.796421
EuroTruckSimulator2_1920x1080p60,6,44,90.009764
EuroTruckSimulator2_1920x1080p60,6,45,89.388163
EuroTruckSimulator2_1920x1080p60,6,46,88.786208
EuroTruckSimulator2_1920x1080p60,6,47,88.256753
EuroTruckSimulator2_1920x1080p60,6,48,87.577036
EuroTruckSimulator2_1920x1080p60,6,49,87.08187
EuroTruckSimulator2_1920x1080p60,6,50,86.515166
EuroTruckSimulator2_1920x1080p60,6,51,85.907961
EuroTruckSimulator2_1920x1080p60,6,52,85.216166
EuroTruckSimulator2_1920x1080p60,6,53,84.510412
EuroTruckSimulator2_1920x1080p60,6,54,83.784977
EuroTruckSimulator2_1920x1080p60,6,55,82.582598
EuroTruckSimulator2_1920x1080p60,6,56,81.438014
EuroTruckSimulator2_1920x1080p60,6,58,78.797145
EuroTruckSimulator2_1920x1080p60,6,60,75.009439
EuroTruckSimulator2_1920x1080p60,6,63,60.854253
PedestrianArea_1920x1080p25,6,20,99.689146
PedestrianArea_1920x1080p25,6,24,99.451031
PedestrianArea_1920x1080p25,6,27,99.079172
PedestrianArea_1920x1080p25,6,28,98.926714
PedestrianArea_1920x1080p25,6,29,98.771016
PedestrianArea_1920x1080p25,6,30,98.605882
PedestrianArea_1920x1080p25,6,31,98.327156
PedestrianArea_1920x1080p25,6,32,97.944713
PedestrianArea_1920x1080p25,6,33,97.59813
PedestrianArea_1920x1080p25,6,34,97.235694
PedestrianArea_1920x1080p25,6,35,96.807073
PedestrianArea_1920x1080p25,6,36,96.310101
PedestrianArea_1920x1080p25,6,37,95.789393
PedestrianArea_1920x1080p25,6,38,95.142103
PedestrianArea_1920x1080p25,6,39,94.427965
PedestrianArea_1920x1080p25,6,40,93.884183
PedestrianArea_1920x1080p25,6,41,92.956853
PedestrianArea_1920x1080p25,6,42,92.269867
PedestrianArea_1920x1080p25,6,43,91.443306
PedestrianArea_1920x1080p25,6,44,90.602598
PedestrianArea_1920x1080p25,6,45,89.792996
PedestrianArea_1920x1080p25,6,46,88.987702
PedestrianArea_1920x1080p25,6,47,88.187599
PedestrianArea_1920x1080p25,6,48,87.194948
PedestrianArea_1920x1080p25,6,49,86.334714
PedestrianArea_1920x1080p25,6,50,85.294796
PedestrianArea_1920x1080p25,6,51,84.278937
PedestrianArea_1920x1080p25,6,52,83.233427
PedestrianArea_1920x1080p25,6,53,81.955861
PedestrianArea_1920x1080p25,6,54,80.696162
PedestrianArea_1920x1080p25,6,55,79.168989
PedestrianArea_1920x1080p25,6,56,77.236904
PedestrianArea_1920x1080p25,6,58,73.046573
PedestrianArea_1920x1080p25,6,60,68.311482
PedestrianArea_1920x1080p25,6,63,50.840998
MountainBike_1920x1080_30fps_8bit,6,20,99.887751
MountainBike_1920x1080_30fps_8bit,6,24,99.872272
MountainBike_1920x1080_30fps_8bit,6,27,99.848121
MountainBike_1920x1080_30fps_8bit,6,28,99.843719
MountainBike_1920x1080_30fps_8bit,6,29,99.835398
MountainBike_1920x1080_30fps_8bit,6,30,99.828571
MountainBike_1920x1080_30fps_8bit,6,31,99.817338
MountainBike_1920x1080_30fps_8bit,6,32,99.807613
MountainBike_1920x1080_30fps_8bit,6,33,99.790427
MountainBike_1920x1080_30fps_8bit,6,34,99.781932
MountainBike_1920x1080_30fps_8bit,6,35,99.766687
MountainBike_1920x1080_30fps_8bit,6,36,99.751736
MountainBike_1920x1080_30fps_8bit,6,37,99.731781
MountainBike_1920x1080_30fps_8bit,6,38,99.70644
MountainBike_1920x1080_30fps_8bit,6,39,99.680217
MountainBike_1920x1080_30fps_8bit,6,40,99.614147
MountainBike_1920x1080_30fps_8bit,6,41,99.485637
MountainBike_1920x1080_30fps_8bit,6,42,99.330695
MountainBike_1920x1080_30fps_8bit,6,43,99.046239
MountainBike_1920x1080_30fps_8bit,6,44,98.692791
MountainBike_1920x1080_30fps_8bit,6,45,98.239177
MountainBike_1920x1080_30fps_8bit,6,46,97.487534
MountainBike_1920x1080_30fps_8bit,6,47,96.587269
MountainBike_1920x1080_30fps_8bit,6,48,95.223725
MountainBike_1920x1080_30fps_8bit,6,49,93.986816
MountainBike_1920x1080_30fps_8bit,6,50,92.610664
MountainBike_1920x1080_30fps_8bit,6,51,91.075699
MountainBike_1920x1080_30fps_8bit,6,52,89.264244
MountainBike_1920x1080_30fps_8bit,6,53,87.10903
MountainBike_1920x1080_30fps_8bit,6,54,84.973926
MountainBike_1920x1080_30fps_8bit,6,55,82.454986
MountainBike_1920x1080_30fps_8bit,6,56,79.393945
MountainBike_1920x1080_30fps_8bit,6,58,73.292918
MountainBike_1920x1080_30fps_8bit,6,60,66.150485
MountainBike_1920x1080_30fps_8bit,6,63,48.823509
OldTownCross_1920x1080p50,6,20,96.543108
OldTownCross_1920x1080p50,6,24,95.709204
OldTownCross_1920x1080p50,6,27,95.088101
OldTownCross_1920x1080p50,6,28,94.97259
OldTownCross_1920x1080p50,6,29,94.929518
OldTownCross_1920x1080p50,6,30,94.901699
OldTownCross_1920x1080p50,6,31,94.826437
OldTownCross_1920x1080p50,6,32,94.818463
OldTownCross_1920x1080p50,6,33,94.703064
OldTownCross_1920x1080p50,6,34,94.627072
OldTownCross_1920x1080p50,6,35,94.558103
OldTownCross_1920x1080p50,6,36,94.437403
OldTownCross_1920x1080p50,6,37,94.370054
OldTownCross_1920x1080p50,6,38,94.281911
OldTownCross_1920x1080p50,6,39,94.149597
OldTownCross_1920x1080p50,6,40,94.059563
OldTownCross_1920x1080p50,6,41,93.927827
OldTownCross_1920x1080p50,6,42,93.796497
OldTownCross_1920x1080p50,6,43,93.573719
OldTownCross_1920x1080p50,6,44,93.473574
OldTownCross_1920x1080p50,6,45,93.282065
OldTownCross_1920x1080p50,6,46,93.147158
OldTownCross_1920x1080p50,6,47,93.033775
OldTownCross_1920x1080p50,6,48,92.878049
OldTownCross_1920x1080p50,6,49,92.599872
OldTownCross_1920x1080p50,6,50,92.414507
OldTownCross_1920x1080p50,6,51,92.186891
OldTownCross_1920x1080p50,6,52,91.686972
OldTownCross_1920x1080p50,6,53,91.304154
OldTownCross_1920x1080p50,6,54,90.847959
OldTownCross_1920x1080p50,6,55,90.273546
OldTownCross_1920x1080p50,6,56,89.815126
OldTownCross_1920x1080p50,6,58,88.01123
OldTownCross_1920x1080p50,6,60,85.714797
OldTownCross_1920x1080p50,6,63,72.320971
SolLevanteFace_sdr_1920x1080_24_10bit,6,20,96.431766
SolLevanteFace_sdr_1920x1080_24_10bit,6,24,95.181739
SolLevanteFace_sdr_1920x1080_24_10bit,6,27,93.429353
SolLevanteFace_sdr_1920x1080_24_10bit,6,28,92.811854
SolLevanteFace_sdr_1920x1080_24_10bit,6,29,92.220217
SolLevanteFace_sdr_1920x1080_24_10bit,6,30,91.505616
SolLevanteFace_sdr_1920x1080_24_10bit,6,31,90.560621
SolLevanteFace_sdr_1920x1080_24_10bit,6,32,89.391713
SolLevanteFace_sdr_1920x1080_24_10bit,6,33,88.362045
SolLevanteFace_sdr_1920x1080_24_10bit,6,34,87.303676
SolLevanteFace_sdr_1920x1080_24_10bit,6,35,85.963028
SolLevanteFace_sdr_1920x1080_24_10bit,6,36,84.598523
SolLevanteFace_sdr_1920x1080_24_10bit,6,37,83.12528
SolLevanteFace_sdr_1920x1080_24_10bit,6,38,81.475633
SolLevanteFace_sdr_1920x1080_24_10bit,6,39,79.761616
SolLevanteFace_sdr_1920x1080_24_10bit,6,40,78.264022
SolLevanteFace_sdr_1920x1080_24_10bit,6,41,76.248666
SolLevanteFace_sdr_1920x1080_24_10bit,6,42,74.344871
SolLevanteFace_sdr_1920x1080_24_10bit,6,43,72.210673
SolLevanteFace_sdr_1920x1080_24_10bit,6,44,70.132276
SolLevanteFace_sdr_1920x1080_24_10bit,6,45,67.849493
SolLevanteFace_sdr_1920x1080_24_10bit,6,46,65.891704
SolLevanteFace_sdr_1920x1080_24_10bit,6,47,63.715075
SolLevanteFace_sdr_1920x1080_24_10bit,6,48,61.374274
SolLevanteFace_sdr_1920x1080_24_10bit,6,49,59.510668
SolLevanteFace_sdr_1920x1080_24_10bit,6,50,57.127169
SolLevanteFace_sdr_1920x1080_24_10bit,6,51,54.805459
SolLevanteFace_sdr_1920x1080_24_10bit,6,52,52.470453
SolLevanteFace_sdr_1920x1080_24_10bit,6,53,49.945536
SolLevanteFace_sdr_1920x1080_24_10bit,6,54,47.374721
SolLevanteFace_sdr_1920x1080_24_10bit,6,55,44.682896
SolLevanteFace_sdr_1920x1080_24_10bit,6,56,41.296414
SolLevanteFace_sdr_1920x1080_24_10bit,6,58,35.026597
SolLevanteFace_sdr_1920x1080_24_10bit,6,60,27.994137
SolLevanteFace_sdr_1920x1080_24_10bit,6,63,12.590553
RitualDance_1920x1080_5994_10bit_420,6,20,99.62372
RitualDance_1920x1080_5994_10bit_420,6,24,99.358872
RitualDance_1920x1080_5994_10bit_420,6,27,98.741904
RitualDance_1920x1080_5994_10bit_420,6,28,98.506474
RitualDance_1920x1080_5994_10bit_420,6,29,98.267675
RitualDance_1920x1080_5994_10bit_420,6,30,98.003073
RitualDance_1920x1080_5994_10bit_420,6,31,97.598301
RitualDance_1920x1080_5994_10bit_420,6,32,97.101079
RitualDance_1920x1080_5994_10bit_420,6,33,96.629901
RitualDance_1920x1080_5994_10bit_420,6,34,96.195202
RitualDance_1920x1080_5994_10bit_420,6,35,95.577028
RitualDance_1920x1080_5994_10bit_420,6,36,94.962054
RitualDance_1920x1080_5994_10bit_420,6,37,94.388673
RitualDance_1920x1080_5994_10bit_420,6,38,93.662638
RitualDance_1920x1080_5994_10bit_420,6,39,92.821218
RitualDance_1920x1080_5994_10bit_420,6,40,92.301874
RitualDance_1920x1080_5994_10bit_420,6,41,91.451666
RitualDance_1920x1080_5994_10bit_420,6,42,90.467724
RitualDance_1920x1080_5994_10bit_420,6,43,89.464366
RitualDance_1920x1080_5994_10bit_420,6,44,88.612428
RitualDance_1920x1080_5994_10bit_420,6,45,87.544751
RitualDance_1920x1080_5994_10bit_420,6,46,86.623815
RitualDance_1920x1080_5994_10bit_420,6,47,85.512864
RitualDance_1920x1080_5994_10bit_420,6,48,84.264084
RitualDance_1920x1080_5994_10bit_420,6,49,83.291975
RitualDance_1920x1080_5994_10bit_420,6,50,81.980924
RitualDance_1920x1080_5994_10bit_420,6,51,80.930029
RitualDance_1920x1080_5994_10bit_420,6,52,79.531667
RitualDance_1920x1080_5994_10bit_420,6,53,78.122367
RitualDance_1920x1080_5994_10bit_420,6,54,76.549529
RitualDance_1920x1080_5994_10bit_420,6,55,74.820075
RitualDance_1920x1080_5994_10bit_420,6,56,72.493575
RitualDance_1920x1080_5994_10bit_420,6,58,67.528099
RitualDance_1920x1080_5994_10bit_420,6,60,61.262633
RitualDance_1920x1080_5994_10bit_420,6,63,39.437732
GlassHalf_1920x1080p_24p_8bit_420,6,20,99.027516
GlassHalf_1920x1080p_24p_8bit_420,6,24,98.849184
GlassHalf_1920x1080p_24p_8bit_420,6,27,98.55959
GlassHalf_1920x1080p_24p_8bit_420,6,28,98.45044
GlassHalf_1920x1080p_24p_8bit_420,6,29,98.342021
GlassHalf_1920x1080p_24p_8bit_420,6,30,98.224525
GlassHalf_1920x1080p_24p_8bit_420,6,31,98.064511
GlassHalf_1920x1080p_24p_8bit_420,6,32,97.803098
GlassHalf_1920x1080p_24p_8bit_420,6,33,97.603831
GlassHalf_1920x1080p_24p_8bit_420,6,34,97.459943
GlassHalf_1920x1080p_24p_8bit_420,6,35,97.185879
GlassHalf_1920x1080p_24p_8bit_420,6,36,96.951868
GlassHalf_1920x1080p_24p_8bit_420,6,37,96.712995
GlassHalf_1920x1080p_24p_8bit_420,6,38,96.353591
GlassHalf_1920x1080p_24p_8bit_420,6,39,96.061087
GlassHalf_1920x1080p_24p_8bit_420,6,40,95.809264
GlassHalf_1920x1080p_24p_8bit_420,6,41,95.416959
GlassHalf_1920x1080p_24p_8bit_420,6,42,95.046706
GlassHalf_1920x1080p_24p_8bit_420,6,43,94.610169
GlassHalf_1920x1080p_24p_8bit_420,6,44,94.185828
GlassHalf_1920x1080p_24p_8bit_420,6,45,93.77292
GlassHalf_1920x1080p_24p_8bit_420,6,46,93.30403
GlassHalf_1920x1080p_24p_8bit_420,6,47,92.851183
GlassHalf_1920x1080p_24p_8bit_420,6,48,92.314335
GlassHalf_1920x1080p_24p_8bit_420,6,49,91.818101
GlassHalf_1920x1080p_24p_8bit_420,6,50,91.284665
GlassHalf_1920x1080p_24p_8bit_420,6,51,90.591835
GlassHalf_1920x1080p_24p_8bit_420,6,52,89.890207
GlassHalf_1920x1080p_24p_8bit_420,6,53,89.098078
GlassHalf_1920x1080p_24p_8bit_420,6,54,88.214228
GlassHalf_1920x1080p_24p_8bit_420,6,55,87.18972
GlassHalf_1920x1080p_24p_8bit_420,6,56,85.807952
GlassHalf_1920x1080p_24p_8bit_420,6,58,82.811892
GlassHalf_1920x1080p_24p_8bit_420,6,60,78.292232
GlassHalf_1920x1080p_24p_8bit_420,6,63,61.075618
MINECRAFT_1080p_60_8bit,6,20,99.869167
MINECRAFT_1080p_60_8bit,6,24,99.765276
MINECRAFT_1080p_60_8bit,6,27,99.597909
MINECRAFT_1080p_60_8bit,6,28,99.540805
MINECRAFT_1080p_60_8bit,6,29,99.453267
MINECRAFT_1080p_60_8bit,6,30,99.384277
MINECRAFT_1080p_60_8bit,6,31,99.236086
MINECRAFT_1080p_60_8bit,6,32,99.052512
MINECRAFT_1080p_60_8bit,6,33,98.850415
MINECRAFT_1080p_60_8bit,6,34,98.638588
MINECRAFT_1080p_60_8bit,6,35,98.310631
MINECRAFT_1080p_60_8bit,6,36,97.913139
MINECRAFT_1080p_60_8bit,6,37,97.482739
MINECRAFT_1080p_60_8bit,6,38,96.913487
MINECRAFT_1080p_60_8bit,6,39,96.27921
MINECRAFT_1080p_60_8bit,6,40,95.702341
MINECRAFT_1080p_60_8bit,6,41,94.790198
MINECRAFT_1080p_60_8bit,6,42,93.989954
MINECRAFT_1080p_60_8bit,6,43,92.981648
MINECRAFT_1080p_60_8bit,6,44,92.058351
MINECRAFT_1080p_60_8bit,6,45,90.976906
MINECRAFT_1080p_60_8bit,6,46,89.905006
MINECRAFT_1080p_60_8bit,6,47,88.902964
MINECRAFT_1080p_60_8bit,6,48,87.558166
MINECRAFT_1080p_60_8bit,6,49,86.342021
MINECRAFT_1080p_60_8bit,6,50,85.0688
MINECRAFT_1080p_60_8bit,6,51,83.628346
MINECRAFT_1080p_60_8bit,6,52,82.156667
MINECRAFT_1080p_60_8bit,6,53,80.508755
MINECRAFT_1080p_60_8bit,6,54,78.807774
MINECRAFT_1080p_60_8bit,6,55,76.906388
MINECRAFT_1080p_60_8bit,6,56,74.491258
MINECRAFT_1080p_60_8bit,6,58,69.966025
MINECRAFT_1080p_60_8bit,6,60,63.700294
MINECRAFT_1080p_60_8bit,6,63,46.935599
MeridianTalk_sdr_1920x1080p_5994_10bit,6,20,95.148573
MeridianTalk_sdr_1920x1080p_5994_10bit,6,24,94.687348
MeridianTalk_sdr_1920x1080p_5994_10bit,6,27,94.163189
MeridianTalk_sdr_1920x1080p_5994_10bit,6,28,93.999796
MeridianTalk_sdr_1920x1080p_5994_10bit,6,29,93.880432
MeridianTalk_sdr_1920x1080p_5994_10bit,6,30,93.698094
MeridianTalk_sdr_1920x1080p_5994_10bit,6,31,93.499878
MeridianTalk_sdr_1920x1080p_5994_10bit,6,32,93.271553
MeridianTalk_sdr_1920x1080p_5994_10bit,6,33,93.046742
MeridianTalk_sdr_1920x1080p_5994_10bit,6,34,92.804474
MeridianTalk_sdr_1920x1080p_5994_10bit,6,35,92.536031
MeridianTalk_sdr_1920x1080p_5994_10bit,6,36,92.260029
MeridianTalk_sdr_1920x1080p_5994_10bit,6,37,92.010548
MeridianTalk_sdr_1920x1080p_5994_10bit,6,38,91.737509
MeridianTalk_sdr_1920x1080p_5994_10bit,6,39,91.429814
MeridianTalk_sdr_1920x1080p_5994_10bit,6,40,91.141025
MeridianTalk_sdr_1920x1080p_5994_10bit,6,41,90.757834
MeridianTalk_sdr_1920x1080p_5994_10bit,6,42,90.421327
MeridianTalk_sdr_1920x1080p_5994_10bit,6,43,90.023576
MeridianTalk_sdr_1920x1080p_5994_10bit,6,44,89.753809
MeridianTalk_sdr_1920x1080p_5994_10bit,6,45,89.361276
MeridianTalk_sdr_1920x1080p_5994_10bit,6,46,88.909103
MeridianTalk_sdr_1920x1080p_5994_10bit,6,47,88.538152
MeridianTalk_sdr_1920x1080p_5994_10bit,6,48,88.0762
MeridianTalk_sdr_1920x1080p_5994_10bit,6,49,87.760476
MeridianTalk_sdr_1920x1080p_5994_10bit,6,50,87.157695
MeridianTalk_sdr_1920x1080p_5994_10bit,6,51,86.608421
MeridianTalk_sdr_1920x1080p_5994_10bit,6,52,86.028223
MeridianTalk_sdr_1920x1080p_5994_10bit,6,53,85.347542
MeridianTalk_sdr_1920x1080p_5994_10bit,6,54,84.84399
MeridianTalk_sdr_1920x1080p_5994_10bit,6,55,84.103319
MeridianTalk_sdr_1920x1080p_5994_10bit,6,56,83.355262
MeridianTalk_sdr_1920x1080p_5994_10bit,6,58,81.460166
MeridianTalk_sdr_1920x1080p_5994_10bit,6,60,78.900693
MeridianTalk_sdr_1920x1080p_5994_10bit,6,63,70.179876
Debugging_1920x1080_30fps_8bit_420,6,20,97.565097
Debugging_1920x1080_30fps_8bit_420,6,24,97.587683
Debugging_1920x1080_30fps_8bit_420,6,27,97.484678
Debugging_1920x1080_30fps_8bit_420,6,28,97.48288
Debugging_1920x1080_30fps_8bit_420,6,29,97.445381
Debugging_1920x1080_30fps_8bit_420,6,30,97.440582
Debugging_1920x1080_30fps_8bit_420,6,31,97.429044
Debugging_1920x1080_30fps_8bit_420,6,32,97.374915
Debugging_1920x1080_30fps_8bit_420,6,33,97.414806
Debugging_1920x1080_30fps_8bit_420,6,34,97.354903
Debugging_1920x1080_30fps_8bit_420,6,35,97.28151
Debugging_1920x1080_30fps_8bit_420,6,36,97.275048
Debugging_1920x1080_30fps_8bit_420,6,37,97.231105
Debugging_1920x1080_30fps_8bit_420,6,38,97.173464
Debugging_1920x1080_30fps_8bit_420,6,39,97.132983
Debugging_1920x1080_30fps_8bit_420,6,40,97.044115
Debugging_1920x1080_30fps_8bit_420,6,41,96.99008
Debugging_1920x1080_30fps_8bit_420,6,42,96.943366
Debugging_1920x1080_30fps_8bit_420,6,43,96.859877
Debugging_1920x1080_30fps_8bit_420,6,44,96.801761
Debugging_1920x1080_30fps_8bit_420,6,45,96.739465
Debugging_1920x1080_30fps_8bit_420,6,46,96.713592
Debugging_1920x1080_30fps_8bit_420,6,47,96.62067
Debugging_1920x1080_30fps_8bit_420,6,48,96.527666
Debugging_1920x1080_30fps_8bit_420,6,49,96.446109
Debugging_1920x1080_30fps_8bit_420,6,50,96.406865
Debugging_1920x1080_30fps_8bit_420,6,51,96.312236
Debugging_1920x1080_30fps_8bit_420,6,52,96.154176
Debugging_1920x1080_30fps_8bit_420,6,53,95.979008
Debugging_1920x1080_30fps_8bit_420,6,54,95.871628
Debugging_1920x1080_30fps_8bit_420,6,55,95.77805
Debugging_1920x1080_30fps_8bit_420,6,56,95.595359
Debugging_1920x1080_30fps_8bit_420,6,58,95.093382
Debugging_1920x1080_30fps_8bit_420,6,60,94.283712
Debugging_1920x1080_30fps_8bit_420,6,63,90.68482
DOTA2_1920x1080_60_8bit_420,6,20,95.520562
DOTA2_1920x1080_60_8bit_420,6,24,94.929482
DOTA2_1920x1080_60_8bit_420,6,27,94.175948
DOTA2_1920x1080_60_8bit_420,6,28,93.952521
DOTA2_1920x1080_60_8bit_420,6,29,93.699774
DOTA2_1920x1080_60_8bit_420,6,30,93.47397
DOTA2_1920x1080_60_8bit_420,6,31,93.153768
DOTA2_1920x1080_60_8bit_420,6,32,92.78897
DOTA2_1920x1080_60_8bit_420,6,33,92.450602
DOTA2_1920x1080_60_8bit_420,6,34,92.132158
DOTA2_1920x1080_60_8bit_420,6,35,91.781125
DOTA2_1920x1080_60_8bit_420,6,36,91.39746
DOTA2_1920x1080_60_8bit_420,6,37,90.938999
DOTA2_1920x1080_60_8bit_420,6,38,90.362324
DOTA2_1920x1080_60_8bit_420,6,39,89.886848
DOTA2_1920x1080_60_8bit_420,6,40,89.448431
DOTA2_1920x1080_60_8bit_420,6,41,88.847962
DOTA2_1920x1080_60_8bit_420,6,42,88.317311
DOTA2_1920x1080_60_8bit_420,6,43,87.672514
DOTA2_1920x1080_60_8bit_420,6,44,86.988712
DOTA2_1920x1080_60_8bit_420,6,45,86.344836
DOTA2_1920x1080_60_8bit_420,6,46,85.701082
DOTA2_1920x1080_60_8bit_420,6,47,85.07126
DOTA2_1920x1080_60_8bit_420,6,48,84.195797
DOTA2_1920x1080_60_8bit_420,6,49,83.362181
DOTA2_1920x1080_60_8bit_420,6,50,82.409084
DOTA2_1920x1080_60_8bit_420,6,51,81.545936
DOTA2_1920x1080_60_8bit_420,6,52,80.543098
DOTA2_1920x1080_60_8bit_420,6,53,79.340327
DOTA2_1920x1080_60_8bit_420,6,54,78.164278
DOTA2_1920x1080_60_8bit_420,6,55,76.84226
DOTA2_1920x1080_60_8bit_420,6,56,75.287775
DOTA2_1920x1080_60_8bit_420,6,58,71.595613
DOTA2_1920x1080_60_8bit_420,6,60,66.696736
DOTA2_1920x1080_60_8bit_420,6,63,50.504937
CrowdRun_1920x1080p50,6,20,99.963804
CrowdRun_1920x1080p50,6,24,99.959513
CrowdRun_1920x1080p50,6,27,99.820489
CrowdRun_1920x1080p50,6,28,99.666387
CrowdRun_1920x1080p50,6,29,99.475605
CrowdRun_1920x1080p50,6,30,99.25912
CrowdRun_1920x1080p50,6,31,98.93791
CrowdRun_1920x1080p50,6,32,98.516198
CrowdRun_1920x1080p50,6,33,98.094592
CrowdRun_1920x1080p50,6,34,97.625595
CrowdRun_1920x1080p50,6,35,96.935281
CrowdRun_1920x1080p50,6,36,96.117067
CrowdRun_1920x1080p50,6,37,95.406597
CrowdRun_1920x1080p50,6,38,94.519145
CrowdRun_1920x1080p50,6,39,93.648908
CrowdRun_1920x1080p50,6,40,92.797521
CrowdRun_1920x1080p50,6,41,91.686239
CrowdRun_1920x1080p50,6,42,90.725899
CrowdRun_1920x1080p50,6,43,89.595232
CrowdRun_1920x1080p50,6,44,88.503783
CrowdRun_1920x1080p50,6,45,87.365207
CrowdRun_1920x1080p50,6,46,86.169908
CrowdRun_1920x1080p50,6,47,85.062815
CrowdRun_1920x1080p50,6,48,83.72367
CrowdRun_1920x1080p50,6,49,82.376906
CrowdRun_1920x1080p50,6,50,81.013105
CrowdRun_1920x1080p50,6,51,79.564667
CrowdRun_1920x1080p50,6,52,78.020279
CrowdRun_1920x1080p50,6,53,76.25245
CrowdRun_1920x1080p50,6,54,74.546074
CrowdRun_1920x1080p50,6,55,72.633648
CrowdRun_1920x1080p50,6,56,70.021718
CrowdRun_1920x1080p50,6,58,64.641948
CrowdRun_1920x1080p50,6,60,57.742535
CrowdRun_1920x1080p50,6,63,37.237248
WITCHER3_1920x1080_60_8bit_420,6,20,98.165679
WITCHER3_1920x1080_60_8bit_420,6,24,97.188312
WITCHER3_1920x1080_60_8bit_420,6,27,95.682131
WITCHER3_1920x1080_60_8bit_420,6,28,95.127571
WITCHER3_1920x1080_60_8bit_420,6,29,94.648986
WITCHER3_1920x1080_60_8bit_420,6,30,94.124956
WITCHER3_1920x1080_60_8bit_420,6,31,93.420361
WITCHER3_1920x1080_60_8bit_420,6,32,92.496652
WITCHER3_1920x1080_60_8bit_420,6,33,91.691595
WITCHER3_1920x1080_60_8bit_420,6,34,90.989406
WITCHER3_1920x1080_60_8bit_420,6,35,90.057861
WITCHER3_1920x1080_60_8bit_420,6,36,89.143263
WITCHER3_1920x1080_60_8bit_420,6,37,88.23084
WITCHER3_1920x1080_60_8bit_420,6,38,87.064617
WITCHER3_1920x1080_60_8bit_420,6,39,86.1142
WITCHER3_1920x1080_60_8bit_420,6,40,85.141917
WITCHER3_1920x1080_60_8bit_420,6,41,83.861434
WITCHER3_1920x1080_60_8bit_420,6,42,82.79617
WITCHER3_1920x1080_60_8bit_420,6,43,81.525673
WITCHER3_1920x1080_60_8bit_420,6,44,80.415566
WITCHER3_1920x1080_60_8bit_420,6,45,79.211231
WITCHER3_1920x1080_60_8bit_420,6,46,77.96419
WITCHER3_1920x1080_60_8bit_420,6,47,76.904874
WITCHER3_1920x1080_60_8bit_420,6,48,75.611602
WITCHER3_1920x1080_60_8bit_420,6,49,74.492061
WITCHER3_1920x1080_60_8bit_420,6,50,73.089481
WITCHER3_1920x1080_60_8bit_420,6,51,71.907602
WITCHER3_1920x1080_60_8bit_420,6,52,70.462299
WITCHER3_1920x1080_60_8bit_420,6,53,68.976324
WITCHER3_1920x1080_60_8bit_420,6,54,67.528615
WITCHER3_1920x1080_60_8bit_420,6,55,65.958255
WITCHER3_1920x1080_60_8bit_420,6,56,64.181911
WITCHER3_1920x1080_60_8bit_420,6,58,60.391868
WITCHER3_1920x1080_60_8bit_420,6,60,55.981733
WITCHER3_1920x1080_60_8bit_420,6,63,44.892498
WalkingInStreet_1920x1080_30fps,6,20,99.965684
WalkingInStreet_1920x1080_30fps,6,24,99.963539
WalkingInStreet_1920x1080_30fps,6,27,99.959167
WalkingInStreet_1920x1080_30fps,6,28,99.95526
WalkingInStreet_1920x1080_30fps,6,29,99.94976
WalkingInStreet_1920x1080_30fps,6,30,99.932044
WalkingInStreet_1920x1080_30fps,6,31,99.901833
WalkingInStreet_1920x1080_30fps,6,32,99.839253
WalkingInStreet_1920x1080_30fps,6,33,99.752652
WalkingInStreet_1920x1080_30fps,6,34,99.648571
WalkingInStreet_1920x1080_30fps,6,35,99.505419
WalkingInStreet_1920x1080_30fps,6,36,99.340989
WalkingInStreet_1920x1080_30fps,6,37,99.123231
WalkingInStreet_1920x1080_30fps,6,38,98.802611
WalkingInStreet_1920x1080_30fps,6,39,98.48064
WalkingInStreet_1920x1080_30fps,6,40,98.168205
WalkingInStreet_1920x1080_30fps,6,41,97.712306
WalkingInStreet_1920x1080_30fps,6,42,97.212262
WalkingInStreet_1920x1080_30fps,6,43,96.562143
WalkingInStreet_1920x1080_30fps,6,44,95.822306
WalkingInStreet_1920x1080_30fps,6,45,95.079049
WalkingInStreet_1920x1080_30fps,6,46,94.207401
WalkingInStreet_1920x1080_30fps,6,47,93.423358
WalkingInStreet_1920x1080_30fps,6,48,92.301657
WalkingInStreet_1920x1080_30fps,6,49,91.301409
WalkingInStreet_1920x1080_30fps,6,50,90.262308
WalkingInStreet_1920x1080_30fps,6,51,88.919562
WalkingInStreet_1920x1080_30fps,6,52,87.674623
WalkingInStreet_1920x1080_30fps,6,53,86.249924
WalkingInStreet_1920x1080_30fps,6,54,84.857673
WalkingInStreet_1920x1080_30fps,6,55,83.237243
WalkingInStreet_1920x1080_30fps,6,56,81.387839
WalkingInStreet_1920x1080_30fps,6,58,77.182255
WalkingInStreet_1920x1080_30fps,6,60,71.552843
WalkingInStreet_1920x1080_30fps,6,63,53.486397
ToddlerFountain_1920x1080_2997fps_10bit_420,6,20,99.959374
ToddlerFountain_1920x1080_2997fps_10bit_420,6,24,99.951719
ToddlerFountain_1920x1080_2997fps_10bit_420,6,27,99.942881
ToddlerFountain_1920x1080_2997fps_10bit_420,6,28,99.938825
ToddlerFountain_1920x1080_2997fps_10bit_420,6,29,99.93706
ToddlerFountain_1920x1080_2997fps_10bit_420,6,30,99.933468
ToddlerFountain_1920x1080_2997fps_10bit_420,6,31,99.870224
ToddlerFountain_1920x1080_2997fps_10bit_420,6,32,99.66693
ToddlerFountain_1920x1080_2997fps_10bit_420,6,33,99.212835
ToddlerFountain_1920x1080_2997fps_10bit_420,6,34,98.674878
ToddlerFountain_1920x1080_2997fps_10bit_420,6,35,97.884651
ToddlerFountain_1920x1080_2997fps_10bit_420,6,36,97.135744
ToddlerFountain_1920x1080_2997fps_10bit_420,6,37,96.192668
ToddlerFountain_1920x1080_2997fps_10bit_420,6,38,94.939603
ToddlerFountain_1920x1080_2997fps_10bit_420,6,39,93.557838
ToddlerFountain_1920x1080_2997fps_10bit_420,6,40,92.138233
ToddlerFountain_1920x1080_2997fps_10bit_420,6,41,90.441937
ToddlerFountain_1920x1080_2997fps_10bit_420,6,42,88.983716
ToddlerFountain_1920x1080_2997fps_10bit_420,6,43,87.056475
ToddlerFountain_1920x1080_2997fps_10bit_420,6,44,85.23144
ToddlerFountain_1920x1080_2997fps_10bit_420,6,45,83.138622
ToddlerFountain_1920x1080_2997fps_10bit_420,6,46,81.137842
ToddlerFountain_1920x1080_2997fps_10bit_420,6,47,79.027569
ToddlerFountain_1920x1080_2997fps_10bit_420,6,48,76.421139
ToddlerFountain_1920x1080_2997fps_10bit_420,6,49,74.345054
ToddlerFountain_1920x1080_2997fps_10bit_420,6,50,71.879737
ToddlerFountain_1920x1080_2997fps_10bit_420,6,51,69.540095
ToddlerFountain_1920x1080_2997fps_10bit_420,6,52,67.420098
ToddlerFountain_1920x1080_2997fps_10bit_420,6,53,64.808449
ToddlerFountain_1920x1080_2997fps_10bit_420,6,54,62.003282
ToddlerFountain_1920x1080_2997fps_10bit_420,6,55,59.349606
ToddlerFountain_1920x1080_2997fps_10bit_420,6,56,55.579936
ToddlerFountain_1920x1080_2997fps_10bit_420,6,58,48.521596
ToddlerFountain_1920x1080_2997fps_10bit_420,6,60,40.726801
ToddlerFountain_1920x1080_2997fps_10bit_420,6,63,20.373749
Vertical_bees_1080x1920_2997,6,20,98.860894
Vertical_bees_1080x1920_2997,6,24,98.545098
Vertical_bees_1080x1920_2997,6,27,98.124535
Vertical_bees_1080x1920_2997,6,28,97.972279
Vertical_bees_1080x1920_2997,6,29,97.84451
Vertical_bees_1080x1920_2997,6,30,97.674042
Vertical_bees_1080x1920_2997,6,31,97.488602
Vertical_bees_1080x1920_2997,6,32,97.235515
Vertical_bees_1080x1920_2997,6,33,97.030873
Vertical_bees_1080x1920_2997,6,34,96.86376
Vertical_bees_1080x1920_2997,6,35,96.603265
Vertical_bees_1080x1920_2997,6,36,96.336174
Vertical_bees_1080x1920_2997,6,37,96.123296
Vertical_bees_1080x1920_2997,6,38,95.909724
Vertical_bees_1080x1920_2997,6,39,95.482909
Vertical_bees_1080x1920_2997,6,40,95.354694
Vertical_bees_1080x1920_2997,6,41,94.958517
Vertical_bees_1080x1920_2997,6,42,94.655273
Vertical_bees_1080x1920_2997,6,43,94.339221
Vertical_bees_1080x1920_2997,6,44,94.040616
Vertical_bees_1080x1920_2997,6,45,93.738629
Vertical_bees_1080x1920_2997,6,46,93.420661
Vertical_bees_1080x1920_2997,6,47,93.177137
Vertical_bees_1080x1920_2997,6,48,92.847021
Vertical_bees_1080x1920_2997,6,49,92.508851
Vertical_bees_1080x1920_2997,6,50,92.216149
Vertical_bees_1080x1920_2997,6,51,91.824951
Vertical_bees_1080x1920_2997,6,52,91.385217
Vertical_bees_1080x1920_2997,6,53,91.006967
Vertical_bees_1080x1920_2997,6,54,90.476499
Vertical_bees_1080x1920_2997,6,55,89.82224
Vertical_bees_1080x1920_2997,6,56,89.15023
Vertical_bees_1080x1920_2997,6,58,87.343839
Vertical_bees_1080x1920_2997,6,60,84.761661
Vertical_bees_1080x1920_2997,6,63,73.182311
Wikipedia_1920x1080p30,6,20,98.675956
Wikipedia_1920x1080p30,6,24,98.676414
Wikipedia_1920x1080p30,6,27,98.679921
Wikipedia_1920x1080p30,6,28,98.676904
Wikipedia_1920x1080p30,6,29,98.671087
Wikipedia_1920x1080p30,6,30,98.665556
Wikipedia_1920x1080p30,6,31,98.6694
Wikipedia_1920x1080p30,6,32,98.682031
Wikipedia_1920x1080p30,6,33,98.659654
Wikipedia_1920x1080p30,6,34,98.66922
Wikipedia_1920x1080p30,6,35,98.642656
Wikipedia_1920x1080p30,6,36,98.639385
Wikipedia_1920x1080p30,6,37,98.631556
Wikipedia_1920x1080p30,6,38,98.602893
Wikipedia_1920x1080p30,6,39,98.597846
Wikipedia_1920x1080p30,6,40,98.582863
Wikipedia_1920x1080p30,6,41,98.561757
Wikipedia_1920x1080p30,6,42,98.566056
Wikipedia_1920x1080p30,6,43,98.545698
Wikipedia_1920x1080p30,6,44,98.527995
Wikipedia_1920x1080p30,6,45,98.507777
Wikipedia_1920x1080p30,6,46,98.490989
Wikipedia_1920x1080p30,6,47,98.449857
Wikipedia_1920x1080p30,6,48,98.430731
Wikipedia_1920x1080p30,6,49,98.368166
Wikipedia_1920x1080p30,6,50,98.353848
Wikipedia_1920x1080p30,6,51,98.297341
Wikipedia_1920x1080p30,6,52,98.235343
Wikipedia_1920x1080p30,6,53,98.210399
Wikipedia_1920x1080p30,6,54,98.105287
Wikipedia_1920x1080p30,6,55,98.040003
Wikipedia_1920x1080p30,6,56,97.897146
Wikipedia_1920x1080p30,6,58,97.72472
Wikipedia_1920x1080p30,6,60,97.402969
Wikipedia_1920x1080p30,6,63,94.767386
Spreadsheet_1920x1080_30fps_8bit_420_130f,6,20,97.386396
Spreadsheet_1920x1080_30fps_8bit_420_130f,6,24,97.332534
Spreadsheet_1920x1080_30fps_8bit_420_130f,6,27,97.262757
Spreadsheet_1920x1080_30fps_8bit_420_130f,6,28,97.244839
Spreadsheet_1920x1080_30fps_8bit_420_130f,6,29,97.213223
Spreadsheet_1920x1080_30fps_8bit_420_130f,6,30,97.189747
Spreadsheet_1920x1080_30fps_8bit_420_130f,6,31,97.159919
Spreadsheet_1920x1080_30fps_8bit_420_130f,6,32,97.115
Spreadsheet_1920x1080_30fps_8bit_420_130f,6,33,97.073232
Spreadsheet_1920x1080_30fps_8bit_420_130f,6,34,97.064464
Spreadsheet_1920x1080_30fps_8bit_420_130f,6,35,97.010698
Spreadsheet_1920x1080_30fps_8bit_420_130f,6,36,96.964965
Spreadsheet_1920x1080_30fps_8bit_420_130f,6,37,96.91584
Spreadsheet_1920x1080_30fps_8bit_420_130f,6,38,96.840564
Spreadsheet_1920x1080_30fps_8bit_420_130f,6,39,96.790895
Spreadsheet_1920x1080_30fps_8bit_420_130f,6,40,96.728006
Spreadsheet_1920x1080_30fps_8bit_420_130f,6,41,96.653278
Spreadsheet_1920x1080_30fps_8bit_420_130f,6,42,96.562085
Spreadsheet_1920x1080_30fps_8bit_420_130f,6,43,96.561427
Spreadsheet_1920x1080_30fps_8bit_420_130f,6,44,96.439144
Spreadsheet_1920x1080_30fps_8bit_420_130f,6,45,96.382515
Spreadsheet_1920x1080_30fps_8bit_420_130f,6,46,96.287462
Spreadsheet_1920x1080_30fps_8bit_420_130f,6,47,96.240987
Spreadsheet_1920x1080_30fps_8bit_420_130f,6,48,96.097264
Spreadsheet_1920x1080_30fps_8bit_420_130f,6,49,96.025821
Spreadsheet_1920x1080_30fps_8bit_420_130f,6,50,95.910575
Spreadsheet_1920x1080_30fps_8bit_420_130f,6,51,95.801883
Spreadsheet_1920x1080_30fps_8bit_420_130f,6,52,95.62792
Spreadsheet_1920x1080_30fps_8bit_420_130f,6,53,95.485615
Spreadsheet_1920x1080_30fps_8bit_420_130f,6,54,95.285159
Spreadsheet_1920x1080_30fps_8bit_420_130f,6,55,95.140395
Spreadsheet_1920x1080_30fps_8bit_420_130f,6,56,94.841263
Spreadsheet_1920x1080_30fps_8bit_420_130f,6,58,94.254038
Spreadsheet_1920x1080_30fps_8bit_420_130f,6,60,93.339844
Spreadsheet_1920x1080_30fps_8bit_420_130f,6,63,88.819282
TreesAndGrass_1920_1080_30fps_8bit,6,20,99.96934
TreesAndGrass_1920_1080_30fps_8bit,6,24,99.966389
TreesAndGrass_1920_1080_30fps_8bit,6,27,99.961513
TreesAndGrass_1920_1080_30fps_8bit,6,28,99.959285
TreesAndGrass_1920_1080_30fps_8bit,6,29,99.955813
TreesAndGrass_1920_1080_30fps_8bit,6,30,99.946441
TreesAndGrass_1920_1080_30fps_8bit,6,31,99.938218
TreesAndGrass_1920_1080_30fps_8bit,6,32,99.927417
TreesAndGrass_1920_1080_30fps_8bit,6,33,99.914718
TreesAndGrass_1920_1080_30fps_8bit,6,34,99.904314
TreesAndGrass_1920_1080_30fps_8bit,6,35,99.886177
TreesAndGrass_1920_1080_30fps_8bit,6,36,99.855497
TreesAndGrass_1920_1080_30fps_8bit,6,37,99.824803
TreesAndGrass_1920_1080_30fps_8bit,6,38,99.772356
TreesAndGrass_1920_1080_30fps_8bit,6,39,99.729505
TreesAndGrass_1920_1080_30fps_8bit,6,40,99.688953
TreesAndGrass_1920_1080_30fps_8bit,6,41,99.623674
TreesAndGrass_1920_1080_30fps_8bit,6,42,99.56432
TreesAndGrass_1920_1080_30fps_8bit,6,43,99.485361
TreesAndGrass_1920_1080_30fps_8bit,6,44,99.407014
TreesAndGrass_1920_1080_30fps_8bit,6,45,99.285102
TreesAndGrass_1920_1080_30fps_8bit,6,46,99.11401
TreesAndGrass_1920_1080_30fps_8bit,6,47,98.909161
TreesAndGrass_1920_1080_30fps_8bit,6,48,98.530627
TreesAndGrass_1920_1080_30fps_8bit,6,49,98.109418
TreesAndGrass_1920_1080_30fps_8bit,6,50,97.577026
TreesAndGrass_1920_1080_30fps_8bit,6,51,96.908556
TreesAndGrass_1920_1080_30fps_8bit,6,52,96.124223
TreesAndGrass_1920_1080_30fps_8bit,6,53,95.198323
TreesAndGrass_1920_1080_30fps_8bit,6,54,94.085432
TreesAndGrass_1920_1080_30fps_8bit,6,55,92.703609
TreesAndGrass_1920_1080_30fps_8bit,6,56,91.418154
TreesAndGrass_1920_1080_30fps_8bit,6,58,87.226773
TreesAndGrass_1920_1080_30fps_8bit,6,60,81.252522
TreesAndGrass_1920_1080_30fps_8bit,6,63,62.49536
Crosswalk_3840x2160_5994fps_10bit_420,6,20,96.257732
Crosswalk_3840x2160_5994fps_10bit_420,6,24,95.289454
Crosswalk_3840x2160_5994fps_10bit_420,6,27,94.216948
Crosswalk_3840x2160_5994fps_10bit_420,6,28,93.875579
Crosswalk_3840x2160_5994fps_10bit_420,6,29,93.576231
Crosswalk_3840x2160_5994fps_10bit_420,6,30,93.173552
Crosswalk_3840x2160_5994fps_10bit_420,6,31,92.737628
Crosswalk_3840x2160_5994fps_10bit_420,6,32,92.224377
Crosswalk_3840x2160_5994fps_10bit_420,6,33,91.757277
Crosswalk_3840x2160_5994fps_10bit_420,6,34,91.285469
Crosswalk_3840x2160_5994fps_10bit_420,6,35,90.676677
Crosswalk_3840x2160_5994fps_10bit_420,6,36,90.1151
Crosswalk_3840x2160_5994fps_10bit_420,6,37,89.546794
Crosswalk_3840x2160_5994fps_10bit_420,6,38,88.959875
Crosswalk_3840x2160_5994fps_10bit_420,6,39,88.367264
Crosswalk_3840x2160_5994fps_10bit_420,6,40,87.768184
Crosswalk_3840x2160_5994fps_10bit_420,6,41,86.979543
Crosswalk_3840x2160_5994fps_10bit_420,6,42,86.245059
Crosswalk_3840x2160_5994fps_10bit_420,6,43,85.491042
Crosswalk_3840x2160_5994fps_10bit_420,6,44,84.738445
Crosswalk_3840x2160_5994fps_10bit_420,6,45,83.959378
Crosswalk_3840x2160_5994fps_10bit_420,6,46,83.343902
Crosswalk_3840x2160_5994fps_10bit_420,6,47,82.571547
Crosswalk_3840x2160_5994fps_10bit_420,6,48,81.771048
Crosswalk_3840x2160_5994fps_10bit_420,6,49,80.975409
Crosswalk_3840x2160_5994fps_10bit_420,6,50,80.032786
Crosswalk_3840x2160_5994fps_10bit_420,6,51,79.086233
Crosswalk_3840x2160_5994fps_10bit_420,6,52,78.024585
Crosswalk_3840x2160_5994fps_10bit_420,6,53,76.970963
Crosswalk_3840x2160_5994fps_10bit_420,6,54,75.855843
Crosswalk_3840x2160_5994fps_10bit_420,6,55,74.470838
Crosswalk_3840x2160_5994fps_10bit_420,6,56,72.869426
Crosswalk_3840x2160_5994fps_10bit_420,6,58,69.442451
Crosswalk_3840x2160_5994fps_10bit_420,6,60,64.391838
Crosswalk_3840x2160_5994fps_10bit_420,6,63,47.884329
NocturneDance_3840x2160p_10bit_60fps,6,20,95.575218
NocturneDance_3840x2160p_10bit_60fps,6,24,94.160478
NocturneDance_3840x2160p_10bit_60fps,6,27,92.180872
NocturneDance_3840x2160p_10bit_60fps,6,28,91.69229
NocturneDance_3840x2160p_10bit_60fps,6,29,91.039853
NocturneDance_3840x2160p_10bit_60fps,6,30,90.307696
NocturneDance_3840x2160p_10bit_60fps,6,31,89.309433
NocturneDance_3840x2160p_10bit_60fps,6,32,88.16951
NocturneDance_3840x2160p_10bit_60fps,6,33,87.125112
NocturneDance_3840x2160p_10bit_60fps,6,34,86.117789
NocturneDance_3840x2160p_10bit_60fps,6,35,84.755631
NocturneDance_3840x2160p_10bit_60fps,6,36,83.372621
NocturneDance_3840x2160p_10bit_60fps,6,37,81.973105
NocturneDance_3840x2160p_10bit_60fps,6,38,80.527257
NocturneDance_3840x2160p_10bit_60fps,6,39,78.903341
NocturneDance_3840x2160p_10bit_60fps,6,40,77.454443
NocturneDance_3840x2160p_10bit_60fps,6,41,75.601492
NocturneDance_3840x2160p_10bit_60fps,6,42,73.843228
NocturneDance_3840x2160p_10bit_60fps,6,43,71.806002
NocturneDance_3840x2160p_10bit_60fps,6,44,69.899401
NocturneDance_3840x2160p_10bit_60fps,6,45,67.934466
NocturneDance_3840x2160p_10bit_60fps,6,46,66.009355
NocturneDance_3840x2160p_10bit_60fps,6,47,63.701886
NocturneDance_3840x2160p_10bit_60fps,6,48,61.741262
NocturneDance_3840x2160p_10bit_60fps,6,49,59.714466
NocturneDance_3840x2160p_10bit_60fps,6,50,57.43474
NocturneDance_3840x2160p_10bit_60fps,6,51,54.976509
NocturneDance_3840x2160p_10bit_60fps,6,52,52.633248
NocturneDance_3840x2160p_10bit_60fps,6,53,50.005227
NocturneDance_3840x2160p_10bit_60fps,6,54,47.422971
NocturneDance_3840x2160p_10bit_60fps,6,55,44.506535
NocturneDance_3840x2160p_10bit_60fps,6,56,40.868365
NocturneDance_3840x2160p_10bit_60fps,6,58,34.342938
NocturneDance_3840x2160p_10bit_60fps,6,60,27.030535
NocturneDance_3840x2160p_10bit_60fps,6,63,13.409171
Neon1224_3840x2160_2997fps,6,20,99.953019
Neon1224_3840x2160_2997fps,6,24,99.947839
Neon1224_3840x2160_2997fps,6,27,99.942234
Neon1224_3840x2160_2997fps,6,28,99.939948
Neon1224_3840x2160_2997fps,6,29,99.936888
Neon1224_3840x2160_2997fps,6,30,99.928356
Neon1224_3840x2160_2997fps,6,31,99.90219
Neon1224_3840x2160_2997fps,6,32,99.826168
Neon1224_3840x2160_2997fps,6,33,99.720513
Neon1224_3840x2160_2997fps,6,34,99.569401
Neon1224_3840x2160_2997fps,6,35,99.361236
Neon1224_3840x2160_2997fps,6,36,99.128036
Neon1224_3840x2160_2997fps,6,37,98.836634
Neon1224_3840x2160_2997fps,6,38,98.353463
Neon1224_3840x2160_2997fps,6,39,97.875449
Neon1224_3840x2160_2997fps,6,40,97.340468
Neon1224_3840x2160_2997fps,6,41,96.657785
Neon1224_3840x2160_2997fps,6,42,95.993884
Neon1224_3840x2160_2997fps,6,43,95.14044
Neon1224_3840x2160_2997fps,6,44,94.232565
Neon1224_3840x2160_2997fps,6,45,93.13163
Neon1224_3840x2160_2997fps,6,46,92.09236
Neon1224_3840x2160_2997fps,6,47,90.892722
Neon1224_3840x2160_2997fps,6,48,89.352244
Neon1224_3840x2160_2997fps,6,49,88.147642
Neon1224_3840x2160_2997fps,6,50,86.620138
Neon1224_3840x2160_2997fps,6,51,84.930477
Neon1224_3840x2160_2997fps,6,52,83.380129
Neon1224_3840x2160_2997fps,6,53,81.420957
Neon1224_3840x2160_2997fps,6,54,79.293333
Neon1224_3840x2160_2997fps,6,55,77.39426
Neon1224_3840x2160_2997fps,6,56,74.423836
Neon1224_3840x2160_2997fps,6,58,68.459222
Neon1224_3840x2160_2997fps,6,60,60.939034
Neon1224_3840x2160_2997fps,6,63,35.587585
PierSeaSide_3840x2160_2997fps_10bit_420_v2,6,20,99.689756
PierSeaSide_3840x2160_2997fps_10bit_420_v2,6,24,99.499845
PierSeaSide_3840x2160_2997fps_10bit_420_v2,6,27,99.242678
PierSeaSide_3840x2160_2997fps_10bit_420_v2,6,28,99.164195
PierSeaSide_3840x2160_2997fps_10bit_420_v2,6,29,99.081474
PierSeaSide_3840x2160_2997fps_10bit_420_v2,6,30,98.978181
PierSeaSide_3840x2160_2997fps_10bit_420_v2,6,31,98.866009
PierSeaSide_3840x2160_2997fps_10bit_420_v2,6,32,98.607367
PierSeaSide_3840x2160_2997fps_10bit_420_v2,6,33,98.466797
PierSeaSide_3840x2160_2997fps_10bit_420_v2,6,34,98.306731
PierSeaSide_3840x2160_2997fps_10bit_420_v2,6,35,98.283748
PierSeaSide_3840x2160_2997fps_10bit_420_v2,6,36,97.929107
PierSeaSide_3840x2160_2997fps_10bit_420_v2,6,37,97.724557
PierSeaSide_3840x2160_2997fps_10bit_420_v2,6,38,97.50566
PierSeaSide_3840x2160_2997fps_10bit_420_v2,6,39,97.249372
PierSeaSide_3840x2160_2997fps_10bit_420_v2,6,40,97.03399
PierSeaSide_3840x2160_2997fps_10bit_420_v2,6,41,96.738215
PierSeaSide_3840x2160_2997fps_10bit_420_v2,6,42,96.433348
PierSeaSide_3840x2160_2997fps_10bit_420_v2,6,43,96.127075
PierSeaSide_3840x2160_2997fps_10bit_420_v2,6,44,95.792366
PierSeaSide_3840x2160_2997fps_10bit_420_v2,6,45,95.39738
PierSeaSide_3840x2160_2997fps_10bit_420_v2,6,46,95.074345
PierSeaSide_3840x2160_2997fps_10bit_420_v2,6,47,94.786144
PierSeaSide_3840x2160_2997fps_10bit_420_v2,6,48,94.40226
PierSeaSide_3840x2160_2997fps_10bit_420_v2,6,49,94.046953
PierSeaSide_3840x2160_2997fps_10bit_420_v2,6,50,93.627415
PierSeaSide_3840x2160_2997fps_10bit_420_v2,6,51,93.256029
PierSeaSide_3840x2160_2997fps_10bit_420_v2,6,52,92.847259
PierSeaSide_3840x2160_2997fps_10bit_420_v2,6,53,92.411872
PierSeaSide_3840x2160_2997fps_10bit_420_v2,6,54,91.916046
PierSeaSide_3840x2160_2997fps_10bit_420_v2,6,55,91.271438
PierSeaSide_3840x2160_2997fps_10bit_420_v2,6,56,90.618542
PierSeaSide_3840x2160_2997fps_10bit_420_v2,6,58,88.980805
PierSeaSide_3840x2160_2997fps_10bit_420_v2,6,60,86.979344
PierSeaSide_3840x2160_2997fps_10bit_420_v2,6,63,77.108403
FoodMarket2_3840x2160_5994fps_10bit_420,6,20,99.957687
FoodMarket2_3840x2160_5994fps_10bit_420,6,24,99.953911
FoodMarket2_3840x2160_5994fps_10bit_420,6,27,99.947477
FoodMarket2_3840x2160_5994fps_10bit_420,6,28,99.946708
FoodMarket2_3840x2160_5994fps_10bit_420,6,29,99.944751
FoodMarket2_3840x2160_5994fps_10bit_420,6,30,99.943102
FoodMarket2_3840x2160_5994fps_10bit_420,6,31,99.939812
FoodMarket2_3840x2160_5994fps_10bit_420,6,32,99.936748
FoodMarket2_3840x2160_5994fps_10bit_420,6,33,99.934282
FoodMarket2_3840x2160_5994fps_10bit_420,6,34,99.9309
FoodMarket2_3840x2160_5994fps_10bit_420,6,35,99.929128
FoodMarket2_3840x2160_5994fps_10bit_420,6,36,99.926244
FoodMarket2_3840x2160_5994fps_10bit_420,6,37,99.922261
FoodMarket2_3840x2160_5994fps_10bit_420,6,38,99.918871
FoodMarket2_3840x2160_5994fps_10bit_420,6,39,99.915978
FoodMarket2_3840x2160_5994fps_10bit_420,6,40,99.911027
FoodMarket2_3840x2160_5994fps_10bit_420,6,41,99.859573
FoodMarket2_3840x2160_5994fps_10bit_420,6,42,99.790718
FoodMarket2_3840x2160_5994fps_10bit_420,6,43,99.709983
FoodMarket2_3840x2160_5994fps_10bit_420,6,44,99.580084
FoodMarket2_3840x2160_5994fps_10bit_420,6,45,99.413581
FoodMarket2_3840x2160_5994fps_10bit_420,6,46,99.198116
FoodMarket2_3840x2160_5994fps_10bit_420,6,47,98.947323
FoodMarket2_3840x2160_5994fps_10bit_420,6,48,98.586301
FoodMarket2_3840x2160_5994fps_10bit_420,6,49,98.186866
FoodMarket2_3840x2160_5994fps_10bit_420,6,50,97.701449
FoodMarket2_3840x2160_5994fps_10bit_420,6,51,97.099445
FoodMarket2_3840x2160_5994fps_10bit_420,6,52,96.37908
FoodMarket2_3840x2160_5994fps_10bit_420,6,53,95.570316
FoodMarket2_3840x2160_5994fps_10bit_420,6,54,94.65557
FoodMarket2_3840x2160_5994fps_10bit_420,6,55,93.501972
FoodMarket2_3840x2160_5994fps_10bit_420,6,56,92.051258
FoodMarket2_3840x2160_5994fps_10bit_420,6,58,88.733999
FoodMarket2_3840x2160_5994fps_10bit_420,6,60,83.822319
FoodMarket2_3840x2160_5994fps_10bit_420,6,63,65.573669
BoxingPractice_3840x2160_5994fps_10bit_420,6,20,99.962419
BoxingPractice_3840x2160_5994fps_10bit_420,6,24,99.960027
BoxingPractice_3840x2160_5994fps_10bit_420,6,27,99.956414
BoxingPractice_3840x2160_5994fps_10bit_420,6,28,99.95481
BoxingPractice_3840x2160_5994fps_10bit_420,6,29,99.95093
BoxingPractice_3840x2160_5994fps_10bit_420,6,30,99.943314
BoxingPractice_3840x2160_5994fps_10bit_420,6,31,99.927436
BoxingPractice_3840x2160_5994fps_10bit_420,6,32,99.880867
BoxingPractice_3840x2160_5994fps_10bit_420,6,33,99.820792
BoxingPractice_3840x2160_5994fps_10bit_420,6,34,99.726281
BoxingPractice_3840x2160_5994fps_10bit_420,6,35,99.582964
BoxingPractice_3840x2160_5994fps_10bit_420,6,36,99.426738
BoxingPractice_3840x2160_5994fps_10bit_420,6,37,99.218877
BoxingPractice_3840x2160_5994fps_10bit_420,6,38,98.990846
BoxingPractice_3840x2160_5994fps_10bit_420,6,39,98.743725
BoxingPractice_3840x2160_5994fps_10bit_420,6,40,98.493609
BoxingPractice_3840x2160_5994fps_10bit_420,6,41,98.127881
BoxingPractice_3840x2160_5994fps_10bit_420,6,42,97.806985
BoxingPractice_3840x2160_5994fps_10bit_420,6,43,97.457709
BoxingPractice_3840x2160_5994fps_10bit_420,6,44,97.092186
BoxingPractice_3840x2160_5994fps_10bit_420,6,45,96.718608
BoxingPractice_3840x2160_5994fps_10bit_420,6,46,96.329007
BoxingPractice_3840x2160_5994fps_10bit_420,6,47,95.977185
BoxingPractice_3840x2160_5994fps_10bit_420,6,48,95.52004
BoxingPractice_3840x2160_5994fps_10bit_420,6,49,95.088427
BoxingPractice_3840x2160_5994fps_10bit_420,6,50,94.577898
BoxingPractice_3840x2160_5994fps_10bit_420,6,51,94.120814
BoxingPractice_3840x2160_5994fps_10bit_420,6,52,93.547152
BoxingPractice_3840x2160_5994fps_10bit_420,6,53,93.00477
BoxingPractice_3840x2160_5994fps_10bit_420,6,54,92.297515
BoxingPractice_3840x2160_5994fps_10bit_420,6,55,91.522813
BoxingPractice_3840x2160_5994fps_10bit_420,6,56,90.585299
BoxingPractice_3840x2160_5994fps_10bit_420,6,58,88.433088
BoxingPractice_3840x2160_5994fps_10bit_420,6,60,84.959964
BoxingPractice_3840x2160_5994fps_10bit_420,6,63,72.127719
Tango_3840x2160_5994fps_10bit_420,6,20,98.260361
Tango_3840x2160_5994fps_10bit_420,6,24,97.224894
Tango_3840x2160_5994fps_10bit_420,6,27,96.124805
Tango_3840x2160_5994fps_10bit_420,6,28,95.786761
Tango_3840x2160_5994fps_10bit_420,6,29,95.466905
Tango_3840x2160_5994fps_10bit_420,6,30,95.139763
Tango_3840x2160_5994fps_10bit_420,6,31,94.752448
Tango_3840x2160_5994fps_10bit_420,6,32,94.278417
Tango_3840x2160_5994fps_10bit_420,6,33,93.880413
Tango_3840x2160_5994fps_10bit_420,6,34,93.455468
Tango_3840x2160_5994fps_10bit_420,6,35,92.921004
Tango_3840x2160_5994fps_10bit_420,6,36,92.345276
Tango_3840x2160_5994fps_10bit_420,6,37,91.821759
Tango_3840x2160_5994fps_10bit_420,6,38,91.203461
Tango_3840x2160_5994fps_10bit_420,6,39,90.580031
Tango_3840x2160_5994fps_10bit_420,6,40,90.021984
Tango_3840x2160_5994fps_10bit_420,6,41,89.2657
Tango_3840x2160_5994fps_10bit_420,6,42,88.561623
Tango_3840x2160_5994fps_10bit_420,6,43,87.760334
Tango_3840x2160_5994fps_10bit_420,6,44,87.01183
Tango_3840x2160_5994fps_10bit_420,6,45,86.30991
Tango_3840x2160_5994fps_10bit_420,6,46,85.559244
Tango_3840x2160_5994fps_10bit_420,6,47,84.788454
Tango_3840x2160_5994fps_10bit_420,6,48,83.921276
Tango_3840x2160_5994fps_10bit_420,6,49,83.185554
Tango_3840x2160_5994fps_10bit_420,6,50,82.246682
Tango_3840x2160_5994fps_10bit_420,6,51,81.273225
Tango_3840x2160_5994fps_10bit_420,6,52,80.209073
Tango_3840x2160_5994fps_10bit_420,6,53,79.121179
Tango_3840x2160_5994fps_10bit_420,6,54,77.874769
Tango_3840x2160_5994fps_10bit_420,6,55,76.500379
Tango_3840x2160_5994fps_10bit_420,6,56,74.708027
Tango_3840x2160_5994fps_10bit_420,6,58,70.909394
Tango_3840x2160_5994fps_10bit_420,6,60,65.992199
Tango_3840x2160_5994fps_10bit_420,6,63,49.353474
TimeLapse_3840x2160_5994fps_10bit_420,6,20,95.57906
TimeLapse_3840x2160_5994fps_10bit_420,6,24,95.117508
TimeLapse_3840x2160_5994fps_10bit_420,6,27,94.56814
TimeLapse_3840x2160_5994fps_10bit_420,6,28,94.388477
TimeLapse_3840x2160_5994fps_10bit_420,6,29,94.218552
TimeLapse_3840x2160_5994fps_10bit_420,6,30,94.029445
TimeLapse_3840x2160_5994fps_10bit_420,6,31,93.791597
TimeLapse_3840x2160_5994fps_10bit_420,6,32,93.557775
TimeLapse_3840x2160_5994fps_10bit_420,6,33,93.336643
TimeLapse_3840x2160_5994fps_10bit_420,6,34,93.106467
TimeLapse_3840x2160_5994fps_10bit_420,6,35,92.835402
TimeLapse_3840x2160_5994fps_10bit_420,6,36,92.547276
TimeLapse_3840x2160_5994fps_10bit_420,6,37,92.247765
TimeLapse_3840x2160_5994fps_10bit_420,6,38,91.963246
TimeLapse_3840x2160_5994fps_10bit_420,6,39,91.636501
TimeLapse_3840x2160_5994fps_10bit_420,6,40,91.374734
TimeLapse_3840x2160_5994fps_10bit_420,6,41,91.024752
TimeLapse_3840x2160_5994fps_10bit_420,6,42,90.685987
TimeLapse_3840x2160_5994fps_10bit_420,6,43,90.356343
TimeLapse_3840x2160_5994fps_10bit_420,6,44,90.049382
TimeLapse_3840x2160_5994fps_10bit_420,6,45,89.640466
TimeLapse_3840x2160_5994fps_10bit_420,6,46,89.324352
TimeLapse_3840x2160_5994fps_10bit_420,6,47,88.972499
TimeLapse_3840x2160_5994fps_10bit_420,6,48,88.586729
TimeLapse_3840x2160_5994fps_10bit_420,6,49,88.23621
TimeLapse_3840x2160_5994fps_10bit_420,6,50,87.794879
TimeLapse_3840x2160_5994fps_10bit_420,6,51,87.424655
TimeLapse_3840x2160_5994fps_10bit_420,6,52,86.956232
TimeLapse_3840x2160_5994fps_10bit_420,6,53,86.4975
TimeLapse_3840x2160_5994fps_10bit_420,6,54,85.983595
TimeLapse_3840x2160_5994fps_10bit_420,6,55,85.369037
TimeLapse_3840x2160_5994fps_10bit_420,6,56,84.61385
TimeLapse_3840x2160_5994fps_10bit_420,6,58,82.859876
TimeLapse_3840x2160_5994fps_10bit_420,6,60,80.420324
TimeLapse_3840x2160_5994fps_10bit_420,6,63,70.388549
SparksElevator_480x270p_5994_10bit,5,20,96.843618
SparksElevator_480x270p_5994_10bit,5,24,96.061721
SparksElevator_480x270p_5994_10bit,5,27,95.042487
SparksElevator_480x270p_5994_10bit,5,28,94.639089
SparksElevator_480x270p_5994_10bit,5,29,94.310801
SparksElevator_480x270p_5994_10bit,5,30,93.932515
SparksElevator_480x270p_5994_10bit,5,31,93.329402
SparksElevator_480x270p_5994_10bit,5,32,92.885918
SparksElevator_480x270p_5994_10bit,5,33,92.413617
SparksElevator_480x270p_5994_10bit,5,34,91.862416
SparksElevator_480x270p_5994_10bit,5,35,91.345165
SparksElevator_480x270p_5994_10bit,5,36,90.692424
SparksElevator_480x270p_5994_10bit,5,37,90.164585
SparksElevator_480x270p_5994_10bit,5,38,89.525223
SparksElevator_480x270p_5994_10bit,5,39,88.964455
SparksElevator_480x270p_5994_10bit,5,40,88.435408
SparksElevator_480x270p_5994_10bit,5,41,87.629773
SparksElevator_480x270p_5994_10bit,5,42,87.18505
SparksElevator_480x270p_5994_10bit,5,43,86.357826
SparksElevator_480x270p_5994_10bit,5,44,85.770982
SparksElevator_480x270p_5994_10bit,5,45,85.114059
SparksElevator_480x270p_5994_10bit,5,46,84.39461
SparksElevator_480x270p_5994_10bit,5,47,83.825087
SparksElevator_480x270p_5994_10bit,5,48,82.994762
SparksElevator_480x270p_5994_10bit,5,49,82.261973
SparksElevator_480x270p_5994_10bit,5,50,81.499296
SparksElevator_480x270p_5994_10bit,5,51,81.045092
SparksElevator_480x270p_5994_10bit,5,52,80.225737
SparksElevator_480x270p_5994_10bit,5,53,79.26505
SparksElevator_480x270p_5994_10bit,5,54,78.137521
SparksElevator_480x270p_5994_10bit,5,55,77.039307
SparksElevator_480x270p_5994_10bit,5,56,75.948965
SparksElevator_480x270p_5994_10bit,5,58,72.736278
SparksElevator_480x270p_5994_10bit,5,60,69.338669
SparksElevator_480x270p_5994_10bit,5,63,56.388744
ParkJoy_480x270_50,5,20,99.534529
ParkJoy_480x270_50,5,24,99.169837
ParkJoy_480x270_50,5,27,98.542269
ParkJoy_480x270_50,5,28,98.331982
ParkJoy_480x270_50,5,29,98.008759
ParkJoy_480x270_50,5,30,97.732582
ParkJoy_480x270_50,5,31,97.297749
ParkJoy_480x270_50,5,32,96.698213
ParkJoy_480x270_50,5,33,96.270723
ParkJoy_480x270_50,5,34,95.725848
ParkJoy_480x270_50,5,35,95.017221
ParkJoy_480x270_50,5,36,94.39682
ParkJoy_480x270_50,5,37,93.745375
ParkJoy_480x270_50,5,38,92.968443
ParkJoy_480x270_50,5,39,92.23484
ParkJoy_480x270_50,5,40,91.484693
ParkJoy_480x270_50,5,41,90.569243
ParkJoy_480x270_50,5,42,89.934467
ParkJoy_480x270_50,5,43,89.17048
ParkJoy_480x270_50,5,44,88.352671
ParkJoy_480x270_50,5,45,87.499581
ParkJoy_480x270_50,5,46,86.96607
ParkJoy_480x270_50,5,47,86.109536
ParkJoy_480x270_50,5,48,85.17147
ParkJoy_480x270_50,5,49,84.21196
ParkJoy_480x270_50,5,50,83.525699
ParkJoy_480x270_50,5,51,82.645225
ParkJoy_480x270_50,5,52,81.686199
ParkJoy_480x270_50,5,53,80.79618
ParkJoy_480x270_50,5,54,79.387292
ParkJoy_480x270_50,5,55,77.973306
ParkJoy_480x270_50,5,56,76.559639
ParkJoy_480x270_50,5,58,72.326993
ParkJoy_480x270_50,5,60,67.081332
ParkJoy_480x270_50,5,63,48.014345
BlueSky_360p25,5,20,98.677603
BlueSky_360p25,5,24,98.518853
BlueSky_360p25,5,27,98.279215
BlueSky_360p25,5,28,98.234708
BlueSky_360p25,5,29,98.122112
BlueSky_360p25,5,30,98.075963
BlueSky_360p25,5,31,97.948222
BlueSky_360p25,5,32,97.824035
BlueSky_360p25,5,33,97.732639
BlueSky_360p25,5,34,97.640435
BlueSky_360p25,5,35,97.511518
BlueSky_360p25,5,36,97.404442
BlueSky_360p25,5,37,97.296955
BlueSky_360p25,5,38,97.072068
BlueSky_360p25,5,39,96.874249
BlueSky_360p25,5,40,96.707823
BlueSky_360p25,5,41,96.458443
BlueSky_360p25,5,42,96.247008
BlueSky_360p25,5,43,95.999131
BlueSky_360p25,5,44,95.735212
BlueSky_360p25,5,45,95.43963
BlueSky_360p25,5,46,95.058123
BlueSky_360p25,5,47,94.880851
BlueSky_360p25,5,48,94.562314
BlueSky_360p25,5,49,94.108575
BlueSky_360p25,5,50,93.878881
BlueSky_360p25,5,51,93.660585
BlueSky_360p25,5,52,93.306473
BlueSky_360p25,5,53,92.954368
BlueSky_360p25,5,54,92.544176
BlueSky_360p25,5,55,92.169725
BlueSky_360p25,5,56,91.705877
BlueSky_360p25,5,58,90.310924
BlueSky_360p25,5,60,88.132976
BlueSky_360p25,5,63,77.782777
SnowMountain_640x360_2997,5,20,95.686641
SnowMountain_640x360_2997,5,24,95.393419
SnowMountain_640x360_2997,5,27,95.136283
SnowMountain_640x360_2997,5,28,95.128751
SnowMountain_640x360_2997,5,29,95.069146
SnowMountain_640x360_2997,5,30,94.998764
SnowMountain_640x360_2997,5,31,94.931893
SnowMountain_640x360_2997,5,32,94.90078
SnowMountain_640x360_2997,5,33,94.850208
SnowMountain_640x360_2997,5,34,94.806139
SnowMountain_640x360_2997,5,35,94.77492
SnowMountain_640x360_2997,5,36,94.755405
SnowMountain_640x360_2997,5,37,94.65089
SnowMountain_640x360_2997,5,38,94.59683
SnowMountain_640x360_2997,5,39,94.505212
SnowMountain_640x360_2997,5,40,94.447764
SnowMountain_640x360_2997,5,41,94.35389
SnowMountain_640x360_2997,5,42,94.261691
SnowMountain_640x360_2997,5,43,94.122802
SnowMountain_640x360_2997,5,44,94.016244
SnowMountain_640x360_2997,5,45,93.96318
SnowMountain_640x360_2997,5,46,93.844945
SnowMountain_640x360_2997,5,47,93.776466
SnowMountain_640x360_2997,5,48,93.596343
SnowMountain_640x360_2997,5,49,93.56555
SnowMountain_640x360_2997,5,50,93.285986
SnowMountain_640x360_2997,5,51,93.134139
SnowMountain_640x360_2997,5,52,93.040752
SnowMountain_640x360_2997,5,53,92.928882
SnowMountain_640x360_2997,5,54,92.620332
SnowMountain_640x360_2997,5,55,92.409101
SnowMountain_640x360_2997,5,56,91.958568
SnowMountain_640x360_2997,5,58,91.556079
SnowMountain_640x360_2997,5,60,90.644688
SnowMountain_640x360_2997,5,63,85.924203
RedKayak_360_2997,5,20,99.950725
RedKayak_360_2997,5,24,99.942253
RedKayak_360_2997,5,27,99.847669
RedKayak_360_2997,5,28,99.710094
RedKayak_360_2997,5,29,99.548343
RedKayak_360_2997,5,30,99.3396
RedKayak_360_2997,5,31,98.893765
RedKayak_360_2997,5,32,98.031066
RedKayak_360_2997,5,33,97.245841
RedKayak_360_2997,5,34,96.335878
RedKayak_360_2997,5,35,94.927734
RedKayak_360_2997,5,36,93.250602
RedKayak_360_2997,5,37,91.837817
RedKayak_360_2997,5,38,90.023765
RedKayak_360_2997,5,39,88.151437
RedKayak_360_2997,5,40,86.332405
RedKayak_360_2997,5,41,84.249845
RedKayak_360_2997,5,42,82.236449
RedKayak_360_2997,5,43,79.868876
RedKayak_360_2997,5,44,77.532212
RedKayak_360_2997,5,45,75.141713
RedKayak_360_2997,5,46,72.551781
RedKayak_360_2997,5,47,70.160733
RedKayak_360_2997,5,48,67.189546
RedKayak_360_2997,5,49,64.519664
RedKayak_360_2997,5,50,61.743382
RedKayak_360_2997,5,51,58.791354
RedKayak_360_2997,5,52,55.747534
RedKayak_360_2997,5,53,52.209238
RedKayak_360_2997,5,54,48.986792
RedKayak_360_2997,5,55,45.362625
RedKayak_360_2997,5,56,40.300301
RedKayak_360_2997,5,58,33.389356
RedKayak_360_2997,5,60,24.965216
RedKayak_360_2997,5,63,8.474229
TouchdownPass_640x360_2997,5,20,97.544504
TouchdownPass_640x360_2997,5,24,97.174756
TouchdownPass_640x360_2997,5,27,96.613822
TouchdownPass_640x360_2997,5,28,96.437606
TouchdownPass_640x360_2997,5,29,96.246263
TouchdownPass_640x360_2997,5,30,96.06161
TouchdownPass_640x360_2997,5,31,95.83879
TouchdownPass_640x360_2997,5,32,95.532857
TouchdownPass_640x360_2997,5,33,95.313292
TouchdownPass_640x360_2997,5,34,94.962467
TouchdownPass_640x360_2997,5,35,94.654765
TouchdownPass_640x360_2997,5,36,94.3868
TouchdownPass_640x360_2997,5,37,93.982641
TouchdownPass_640x360_2997,5,38,93.622671
TouchdownPass_640x360_2997,5,39,93.264925
TouchdownPass_640x360_2997,5,40,92.93519
TouchdownPass_640x360_2997,5,41,92.545912
TouchdownPass_640x360_2997,5,42,92.163539
TouchdownPass_640x360_2997,5,43,91.657867
TouchdownPass_640x360_2997,5,44,91.194875
TouchdownPass_640x360_2997,5,45,90.779431
TouchdownPass_640x360_2997,5,46,90.334245
TouchdownPass_640x360_2997,5,47,89.850055
TouchdownPass_640x360_2997,5,48,89.455905
TouchdownPass_640x360_2997,5,49,88.826076
TouchdownPass_640x360_2997,5,50,88.141655
TouchdownPass_640x360_2997,5,51,87.667756
TouchdownPass_640x360_2997,5,52,87.053084
TouchdownPass_640x360_2997,5,53,86.307984
TouchdownPass_640x360_2997,5,54,85.55607
TouchdownPass_640x360_2997,5,55,84.710205
TouchdownPass_640x360_2997,5,56,83.633735
TouchdownPass_640x360_2997,5,58,81.6297
TouchdownPass_640x360_2997,5,60,77.726158
TouchdownPass_640x360_2997,5,63,63.146607
Stockholm_640x360_5994,5,20,99.850464
Stockholm_640x360_5994,5,24,99.804363
Stockholm_640x360_5994,5,27,99.68044
Stockholm_640x360_5994,5,28,99.64386
Stockholm_640x360_5994,5,29,99.580247
Stockholm_640x360_5994,5,30,99.589732
Stockholm_640x360_5994,5,31,99.5046
Stockholm_640x360_5994,5,32,99.451515
Stockholm_640x360_5994,5,33,99.387172
Stockholm_640x360_5994,5,34,99.343283
Stockholm_640x360_5994,5,35,99.210939
Stockholm_640x360_5994,5,36,99.226654
Stockholm_640x360_5994,5,37,99.1759
Stockholm_640x360_5994,5,38,99.055462
Stockholm_640x360_5994,5,39,98.912582
Stockholm_640x360_5994,5,40,98.8114
Stockholm_640x360_5994,5,41,98.697104
Stockholm_640x360_5994,5,42,98.629084
Stockholm_640x360_5994,5,43,98.620599
Stockholm_640x360_5994,5,44,98.420019
Stockholm_640x360_5994,5,45,98.272118
Stockholm_640x360_5994,5,46,98.175306
Stockholm_640x360_5994,5,47,98.031732
Stockholm_640x360_5994,5,48,97.909143
Stockholm_640x360_5994,5,49,97.641797
Stockholm_640x360_5994,5,50,97.55691
Stockholm_640x360_5994,5,51,97.446626
Stockholm_640x360_5994,5,52,97.127566
Stockholm_640x360_5994,5,53,96.888139
Stockholm_640x360_5994,5,54,96.601511
Stockholm_640x360_5994,5,55,96.236963
Stockholm_640x360_5994,5,56,95.764468
Stockholm_640x360_5994,5,58,94.642083
Stockholm_640x360_5994,5,60,93.270302
Stockholm_640x360_5994,5,63,85.20885
SpeedBag_640x360_2997,5,20,97.680417
SpeedBag_640x360_2997,5,24,97.469463
SpeedBag_640x360_2997,5,27,97.081026
SpeedBag_640x360_2997,5,28,97.019027
SpeedBag_640x360_2997,5,29,96.875194
SpeedBag_640x360_2997,5,30,96.731389
SpeedBag_640x360_2997,5,31,96.6492
SpeedBag_640x360_2997,5,32,96.294615
SpeedBag_640x360_2997,5,33,96.221369
SpeedBag_640x360_2997,5,34,95.964529
SpeedBag_640x360_2997,5,35,95.752636
SpeedBag_640x360_2997,5,36,95.510754
SpeedBag_640x360_2997,5,37,95.271614
SpeedBag_640x360_2997,5,38,95.073993
SpeedBag_640x360_2997,5,39,94.796698
SpeedBag_640x360_2997,5,40,94.450897
SpeedBag_640x360_2997,5,41,94.28879
SpeedBag_640x360_2997,5,42,94.083595
SpeedBag_640x360_2997,5,43,93.593869
SpeedBag_640x360_2997,5,44,93.34755
SpeedBag_640x360_2997,5,45,93.050894
SpeedBag_640x360_2997,5,46,92.640512
SpeedBag_640x360_2997,5,47,92.165556
SpeedBag_640x360_2997,5,48,91.883011
SpeedBag_640x360_2997,5,49,91.344735
SpeedBag_640x360_2997,5,50,90.947752
SpeedBag_640x360_2997,5,51,90.442434
SpeedBag_640x360_2997,5,52,89.914621
SpeedBag_640x360_2997,5,53,89.247817
SpeedBag_640x360_2997,5,54,88.715289
SpeedBag_640x360_2997,5,55,88.005709
SpeedBag_640x360_2997,5,56,87.017817
SpeedBag_640x360_2997,5,58,85.207028
SpeedBag_640x360_2997,5,60,82.160729
SpeedBag_640x360_2997,5,63,70.413428
KristenAndSara_1280x720_60,5,20,96.936849
KristenAndSara_1280x720_60,5,24,96.780383
KristenAndSara_1280x720_60,5,27,96.609299
KristenAndSara_1280x720_60,5,28,96.537455
KristenAndSara_1280x720_60,5,29,96.426207
KristenAndSara_1280x720_60,5,30,96.388556
KristenAndSara_1280x720_60,5,31,96.306937
KristenAndSara_1280x720_60,5,32,96.200298
KristenAndSara_1280x720_60,5,33,96.126406
KristenAndSara_1280x720_60,5,34,96.010708
KristenAndSara_1280x720_60,5,35,95.938686
KristenAndSara_1280x720_60,5,36,95.787902
KristenAndSara_1280x720_60,5,37,95.7162
KristenAndSara_1280x720_60,5,38,95.645695
KristenAndSara_1280x720_60,5,39,95.428084
KristenAndSara_1280x720_60,5,40,95.329909
KristenAndSara_1280x720_60,5,41,95.196105
KristenAndSara_1280x720_60,5,42,95.062003
KristenAndSara_1280x720_60,5,43,94.87116
KristenAndSara_1280x720_60,5,44,94.719034
KristenAndSara_1280x720_60,5,45,94.612138
KristenAndSara_1280x720_60,5,46,94.482604
KristenAndSara_1280x720_60,5,47,94.312993
KristenAndSara_1280x720_60,5,48,94.250585
KristenAndSara_1280x720_60,5,49,94.000741
KristenAndSara_1280x720_60,5,50,93.765822
KristenAndSara_1280x720_60,5,51,93.562695
KristenAndSara_1280x720_60,5,52,93.263075
KristenAndSara_1280x720_60,5,53,93.055734
KristenAndSara_1280x720_60,5,54,92.827947
KristenAndSara_1280x720_60,5,55,92.459758
KristenAndSara_1280x720_60,5,56,92.057017
KristenAndSara_1280x720_60,5,58,91.292149
KristenAndSara_1280x720_60,5,60,89.791267
KristenAndSara_1280x720_60,5,63,84.45288
RollerCoaster_1280x720p_5994_10bit_420,5,20,99.957825
RollerCoaster_1280x720p_5994_10bit_420,5,24,99.950782
RollerCoaster_1280x720p_5994_10bit_420,5,27,99.917776
RollerCoaster_1280x720p_5994_10bit_420,5,28,99.888562
RollerCoaster_1280x720p_5994_10bit_420,5,29,99.833447
RollerCoaster_1280x720p_5994_10bit_420,5,30,99.765495
RollerCoaster_1280x720p_5994_10bit_420,5,31,99.613889
RollerCoaster_1280x720p_5994_10bit_420,5,32,99.447474
RollerCoaster_1280x720p_5994_10bit_420,5,33,99.244843
RollerCoaster_1280x720p_5994_10bit_420,5,34,99.049241
RollerCoaster_1280x720p_5994_10bit_420,5,35,98.779496
RollerCoaster_1280x720p_5994_10bit_420,5,36,98.45108
RollerCoaster_1280x720p_5994_10bit_420,5,37,98.114703
RollerCoaster_1280x720p_5994_10bit_420,5,38,97.722627
RollerCoaster_1280x720p_5994_10bit_420,5,39,97.303361
RollerCoaster_1280x720p_5994_10bit_420,5,40,96.920855
RollerCoaster_1280x720p_5994_10bit_420,5,41,96.356259
RollerCoaster_1280x720p_5994_10bit_420,5,42,95.886261
RollerCoaster_1280x720p_5994_10bit_420,5,43,95.32712
RollerCoaster_1280x720p_5994_10bit_420,5,44,94.873977
RollerCoaster_1280x720p_5994_10bit_420,5,45,94.279094
RollerCoaster_1280x720p_5994_10bit_420,5,46,93.433973
RollerCoaster_1280x720p_5994_10bit_420,5,47,92.890441
RollerCoaster_1280x720p_5994_10bit_420,5,48,92.525626
RollerCoaster_1280x720p_5994_10bit_420,5,49,91.95943
RollerCoaster_1280x720p_5994_10bit_420,5,50,91.000566
RollerCoaster_1280x720p_5994_10bit_420,5,51,90.393316
RollerCoaster_1280x720p_5994_10bit_420,5,52,89.543598
RollerCoaster_1280x720p_5994_10bit_420,5,53,88.721621
RollerCoaster_1280x720p_5994_10bit_420,5,54,87.799068
RollerCoaster_1280x720p_5994_10bit_420,5,55,86.719611
RollerCoaster_1280x720p_5994_10bit_420,5,56,85.607734
RollerCoaster_1280x720p_5994_10bit_420,5,58,83.131686
RollerCoaster_1280x720p_5994_10bit_420,5,60,78.626956
RollerCoaster_1280x720p_5994_10bit_420,5,63,60.767103
WestWindEasy_1280x720p30_420,5,20,99.965254
WestWindEasy_1280x720p30_420,5,24,99.962122
WestWindEasy_1280x720p30_420,5,27,99.956475
WestWindEasy_1280x720p30_420,5,28,99.954718
WestWindEasy_1280x720p30_420,5,29,99.952504
WestWindEasy_1280x720p30_420,5,30,99.950611
WestWindEasy_1280x720p30_420,5,31,99.94861
WestWindEasy_1280x720p30_420,5,32,99.945893
WestWindEasy_1280x720p30_420,5,33,99.944147
WestWindEasy_1280x720p30_420,5,34,99.941249
WestWindEasy_1280x720p30_420,5,35,99.939105
WestWindEasy_1280x720p30_420,5,36,99.93544
WestWindEasy_1280x720p30_420,5,37,99.932874
WestWindEasy_1280x720p30_420,5,38,99.927991
WestWindEasy_1280x720p30_420,5,39,99.883227
WestWindEasy_1280x720p30_420,5,40,99.7677
WestWindEasy_1280x720p30_420,5,41,99.547917
WestWindEasy_1280x720p30_420,5,42,99.223712
WestWindEasy_1280x720p30_420,5,43,98.638098
WestWindEasy_1280x720p30_420,5,44,97.937486
WestWindEasy_1280x720p30_420,5,45,97.161461
WestWindEasy_1280x720p30_420,5,46,96.19177
WestWindEasy_1280x720p30_420,5,47,95.335393
WestWindEasy_1280x720p30_420,5,48,94.413664
WestWindEasy_1280x720p30_420,5,49,93.537882
WestWindEasy_1280x720p30_420,5,50,92.504129
WestWindEasy_1280x720p30_420,5,51,91.374215
WestWindEasy_1280x720p30_420,5,52,90.181675
WestWindEasy_1280x720p30_420,5,53,89.129379
WestWindEasy_1280x720p30_420,5,54,87.724592
WestWindEasy_1280x720p30_420,5,55,86.171203
WestWindEasy_1280x720p30_420,5,56,84.31459
WestWindEasy_1280x720p30_420,5,58,81.380143
WestWindEasy_1280x720p30_420,5,60,77.643067
WestWindEasy_1280x720p30_420,5,63,67.423266
Vidyo4_1280x720p_60fps,5,20,96.965992
Vidyo4_1280x720p_60fps,5,24,96.674105
Vidyo4_1280x720p_60fps,5,27,96.260004
Vidyo4_1280x720p_60fps,5,28,96.13395
Vidyo4_1280x720p_60fps,5,29,96.042251
Vidyo4_1280x720p_60fps,5,30,95.93689
Vidyo4_1280x720p_60fps,5,31,95.851044
Vidyo4_1280x720p_60fps,5,32,95.705108
Vidyo4_1280x720p_60fps,5,33,95.548698
Vidyo4_1280x720p_60fps,5,34,95.401666
Vidyo4_1280x720p_60fps,5,35,95.295076
Vidyo4_1280x720p_60fps,5,36,95.066858
Vidyo4_1280x720p_60fps,5,37,94.963494
Vidyo4_1280x720p_60fps,5,38,94.743176
Vidyo4_1280x720p_60fps,5,39,94.662927
Vidyo4_1280x720p_60fps,5,40,94.495365
Vidyo4_1280x720p_60fps,5,41,94.274245
Vidyo4_1280x720p_60fps,5,42,94.134993
Vidyo4_1280x720p_60fps,5,43,93.935891
Vidyo4_1280x720p_60fps,5,44,93.71182
Vidyo4_1280x720p_60fps,5,45,93.495819
Vidyo4_1280x720p_60fps,5,46,93.245691
Vidyo4_1280x720p_60fps,5,47,93.102239
Vidyo4_1280x720p_60fps,5,48,92.814516
Vidyo4_1280x720p_60fps,5,49,92.646982
Vidyo4_1280x720p_60fps,5,50,92.289299
Vidyo4_1280x720p_60fps,5,51,91.980096
Vidyo4_1280x720p_60fps,5,52,91.701416
Vidyo4_1280x720p_60fps,5,53,91.349428
Vidyo4_1280x720p_60fps,5,54,90.908092
Vidyo4_1280x720p_60fps,5,55,90.528177
Vidyo4_1280x720p_60fps,5,56,89.912392
Vidyo4_1280x720p_60fps,5,58,88.892973
Vidyo4_1280x720p_60fps,5,60,86.938673
Vidyo4_1280x720p_60fps,5,63,79.207962
Vidyo3_1280x720p_60fps,5,20,96.424524
Vidyo3_1280x720p_60fps,5,24,96.034623
Vidyo3_1280x720p_60fps,5,27,95.64261
Vidyo3_1280x720p_60fps,5,28,95.471724
Vidyo3_1280x720p_60fps,5,29,95.382142
Vidyo3_1280x720p_60fps,5,30,95.270793
Vidyo3_1280x720p_60fps,5,31,95.09505
Vidyo3_1280x720p_60fps,5,32,94.976662
Vidyo3_1280x720p_60fps,5,33,94.783003
Vidyo3_1280x720p_60fps,5,34,94.648346
Vidyo3_1280x720p_60fps,5,35,94.44458
Vidyo3_1280x720p_60fps,5,36,94.211358
Vidyo3_1280x720p_60fps,5,37,94.101621
Vidyo3_1280x720p_60fps,5,38,93.882011
Vidyo3_1280x720p_60fps,5,39,93.62998
Vidyo3_1280x720p_60fps,5,40,93.422495
Vidyo3_1280x720p_60fps,5,41,93.201337
Vidyo3_1280x720p_60fps,5,42,93.05037
Vidyo3_1280x720p_60fps,5,43,92.77404
Vidyo3_1280x720p_60fps,5,44,92.55618
Vidyo3_1280x720p_60fps,5,45,92.464998
Vidyo3_1280x720p_60fps,5,46,92.149688
Vidyo3_1280x720p_60fps,5,47,91.921086
Vidyo3_1280x720p_60fps,5,48,91.624115
Vidyo3_1280x720p_60fps,5,49,91.541485
Vidyo3_1280x720p_60fps,5,50,91.22974
Vidyo3_1280x720p_60fps,5,51,90.976536
Vidyo3_1280x720p_60fps,5,52,90.720759
Vidyo3_1280x720p_60fps,5,53,90.336607
Vidyo3_1280x720p_60fps,5,54,90.024474
Vidyo3_1280x720p_60fps,5,55,89.807026
Vidyo3_1280x720p_60fps,5,56,89.054873
Vidyo3_1280x720p_60fps,5,58,87.99861
Vidyo3_1280x720p_60fps,5,60,86.021818
Vidyo3_1280x720p_60fps,5,63,77.594642
ControlledBurn_1280x720p30_420,5,20,97.146683
ControlledBurn_1280x720p30_420,5,24,96.375814
ControlledBurn_1280x720p30_420,5,27,95.304186
ControlledBurn_1280x720p30_420,5,28,94.934323
ControlledBurn_1280x720p30_420,5,29,94.527644
ControlledBurn_1280x720p30_420,5,30,94.156982
ControlledBurn_1280x720p30_420,5,31,93.669565
ControlledBurn_1280x720p30_420,5,32,93.017964
ControlledBurn_1280x720p30_420,5,33,92.508632
ControlledBurn_1280x720p30_420,5,34,91.939417
ControlledBurn_1280x720p30_420,5,35,91.283858
ControlledBurn_1280x720p30_420,5,36,90.543895
ControlledBurn_1280x720p30_420,5,37,89.91242
ControlledBurn_1280x720p30_420,5,38,89.115926
ControlledBurn_1280x720p30_420,5,39,88.397396
ControlledBurn_1280x720p30_420,5,40,87.64157
ControlledBurn_1280x720p30_420,5,41,86.862804
ControlledBurn_1280x720p30_420,5,42,86.046637
ControlledBurn_1280x720p30_420,5,43,85.110196
ControlledBurn_1280x720p30_420,5,44,84.176521
ControlledBurn_1280x720p30_420,5,45,83.262205
ControlledBurn_1280x720p30_420,5,46,82.318934
ControlledBurn_1280x720p30_420,5,47,81.405365
ControlledBurn_1280x720p30_420,5,48,80.379171
ControlledBurn_1280x720p30_420,5,49,79.354733
ControlledBurn_1280x720p30_420,5,50,78.254261
ControlledBurn_1280x720p30_420,5,51,77.165973
ControlledBurn_1280x720p30_420,5,52,76.141778
ControlledBurn_1280x720p30_420,5,53,74.942904
ControlledBurn_1280x720p30_420,5,54,73.900045
ControlledBurn_1280x720p30_420,5,55,72.386364
ControlledBurn_1280x720p30_420,5,56,70.803755
ControlledBurn_1280x720p30_420,5,58,68.194484
ControlledBurn_1280x720p30_420,5,60,64.574757
ControlledBurn_1280x720p30_420,5,63,53.44808
DrivingPOV_1280x720p_5994_10bit_420,5,20,99.629089
DrivingPOV_1280x720p_5994_10bit_420,5,24,99.34034
DrivingPOV_1280x720p_5994_10bit_420,5,27,98.911009
DrivingPOV_1280x720p_5994_10bit_420,5,28,98.788508
DrivingPOV_1280x720p_5994_10bit_420,5,29,98.617913
DrivingPOV_1280x720p_5994_10bit_420,5,30,98.495033
DrivingPOV_1280x720p_5994_10bit_420,5,31,98.312198
DrivingPOV_1280x720p_5994_10bit_420,5,32,98.077271
DrivingPOV_1280x720p_5994_10bit_420,5,33,97.908628
DrivingPOV_1280x720p_5994_10bit_420,5,34,97.662542
DrivingPOV_1280x720p_5994_10bit_420,5,35,97.437886
DrivingPOV_1280x720p_5994_10bit_420,5,36,97.220517
DrivingPOV_1280x720p_5994_10bit_420,5,37,96.954436
DrivingPOV_1280x720p_5994_10bit_420,5,38,96.733381
DrivingPOV_1280x720p_5994_10bit_420,5,39,96.442551
DrivingPOV_1280x720p_5994_10bit_420,5,40,96.197489
DrivingPOV_1280x720p_5994_10bit_420,5,41,95.929294
DrivingPOV_1280x720p_5994_10bit_420,5,42,95.611771
DrivingPOV_1280x720p_5994_10bit_420,5,43,95.299443
DrivingPOV_1280x720p_5994_10bit_420,5,44,95.053303
DrivingPOV_1280x720p_5994_10bit_420,5,45,94.75253
DrivingPOV_1280x720p_5994_10bit_420,5,46,94.447139
DrivingPOV_1280x720p_5994_10bit_420,5,47,94.117538
DrivingPOV_1280x720p_5994_10bit_420,5,48,93.811609
DrivingPOV_1280x720p_5994_10bit_420,5,49,93.483211
DrivingPOV_1280x720p_5994_10bit_420,5,50,93.143337
DrivingPOV_1280x720p_5994_10bit_420,5,51,92.799005
DrivingPOV_1280x720p_5994_10bit_420,5,52,92.369357
DrivingPOV_1280x720p_5994_10bit_420,5,53,91.913106
DrivingPOV_1280x720p_5994_10bit_420,5,54,91.432106
DrivingPOV_1280x720p_5994_10bit_420,5,55,90.787604
DrivingPOV_1280x720p_5994_10bit_420,5,56,90.063784
DrivingPOV_1280x720p_5994_10bit_420,5,58,88.576845
DrivingPOV_1280x720p_5994_10bit_420,5,60,85.886893
DrivingPOV_1280x720p_5994_10bit_420,5,63,73.850178
Johnny_1280x720_60,5,20,96.526956
Johnny_1280x720_60,5,24,96.360111
Johnny_1280x720_60,5,27,96.145724
Johnny_1280x720_60,5,28,96.089742
Johnny_1280x720_60,5,29,96.010098
Johnny_1280x720_60,5,30,95.971905
Johnny_1280x720_60,5,31,95.91474
Johnny_1280x720_60,5,32,95.836828
Johnny_1280x720_60,5,33,95.736959
Johnny_1280x720_60,5,34,95.704945
Johnny_1280x720_60,5,35,95.586139
Johnny_1280x720_60,5,36,95.530888
Johnny_1280x720_60,5,37,95.463464
Johnny_1280x720_60,5,38,95.379204
Johnny_1280x720_60,5,39,95.278152
Johnny_1280x720_60,5,40,95.181071
Johnny_1280x720_60,5,41,95.142537
Johnny_1280x720_60,5,42,94.961374
Johnny_1280x720_60,5,43,94.952951
Johnny_1280x720_60,5,44,94.731321
Johnny_1280x720_60,5,45,94.627341
Johnny_1280x720_60,5,46,94.555913
Johnny_1280x720_60,5,47,94.39265
Johnny_1280x720_60,5,48,94.298921
Johnny_1280x720_60,5,49,94.118738
Johnny_1280x720_60,5,50,94.085199
Johnny_1280x720_60,5,51,93.807814
Johnny_1280x720_60,5,52,93.461216
Johnny_1280x720_60,5,53,93.267837
Johnny_1280x720_60,5,54,93.038862
Johnny_1280x720_60,5,55,92.885816
Johnny_1280x720_60,5,56,92.370103
Johnny_1280x720_60,5,58,91.636811
Johnny_1280x720_60,5,60,90.354632
Johnny_1280x720_60,5,63,85.455029
RushFieldCuts_1920x1080_2997,5,20,99.122263
RushFieldCuts_1920x1080_2997,5,24,98.160687
RushFieldCuts_1920x1080_2997,5,27,96.623629
RushFieldCuts_1920x1080_2997,5,28,96.043317
RushFieldCuts_1920x1080_2997,5,29,95.529258
RushFieldCuts_1920x1080_2997,5,30,95.021818
RushFieldCuts_1920x1080_2997,5,31,94.42443
RushFieldCuts_1920x1080_2997,5,32,93.764542
RushFieldCuts_1920x1080_2997,5,33,93.182988
RushFieldCuts_1920x1080_2997,5,34,92.672458
RushFieldCuts_1920x1080_2997,5,35,92.048124
RushFieldCuts_1920x1080_2997,5,36,91.390921
RushFieldCuts_1920x1080_2997,5,37,90.765867
RushFieldCuts_1920x1080_2997,5,38,90.034938
RushFieldCuts_1920x1080_2997,5,39,89.327973
RushFieldCuts_1920x1080_2997,5,40,88.610249
RushFieldCuts_1920x1080_2997,5,41,87.837165
RushFieldCuts_1920x1080_2997,5,42,87.082404
RushFieldCuts_1920x1080_2997,5,43,86.286059
RushFieldCuts_1920x1080_2997,5,44,85.508185
RushFieldCuts_1920x1080_2997,5,45,84.660095
RushFieldCuts_1920x1080_2997,5,46,83.745048
RushFieldCuts_1920x1080_2997,5,47,82.876699
RushFieldCuts_1920x1080_2997,5,48,81.924465
RushFieldCuts_1920x1080_2997,5,49,81.052529
RushFieldCuts_1920x1080_2997,5,50,80.127437
RushFieldCuts_1920x1080_2997,5,51,79.181044
RushFieldCuts_1920x1080_2997,5,52,78.077616
RushFieldCuts_1920x1080_2997,5,53,76.822854
RushFieldCuts_1920x1080_2997,5,54,75.43396
RushFieldCuts_1920x1080_2997,5,55,73.984226
RushFieldCuts_1920x1080_2997,5,56,72.329508
RushFieldCuts_1920x1080_2997,5,58,70.24583
RushFieldCuts_1920x1080_2997,5,60,64.996728
RushFieldCuts_1920x1080_2997,5,63,49.187827
Riverbed_1920x1080p25,5,20,99.946063
Riverbed_1920x1080p25,5,24,99.934993
Riverbed_1920x1080p25,5,27,99.920634
Riverbed_1920x1080p25,5,28,99.915616
Riverbed_1920x1080p25,5,29,99.909932
Riverbed_1920x1080p25,5,30,99.904851
Riverbed_1920x1080p25,5,31,99.89765
Riverbed_1920x1080p25,5,32,99.86724
Riverbed_1920x1080p25,5,33,99.641557
Riverbed_1920x1080p25,5,34,99.184396
Riverbed_1920x1080p25,5,35,98.321528
Riverbed_1920x1080p25,5,36,97.097638
Riverbed_1920x1080p25,5,37,95.760823
Riverbed_1920x1080p25,5,38,94.125722
Riverbed_1920x1080p25,5,39,92.230268
Riverbed_1920x1080p25,5,40,91.001535
Riverbed_1920x1080p25,5,41,88.931497
Riverbed_1920x1080p25,5,42,87.077805
Riverbed_1920x1080p25,5,43,85.100518
Riverbed_1920x1080p25,5,44,82.99105
Riverbed_1920x1080p25,5,45,80.854156
Riverbed_1920x1080p25,5,46,78.660062
Riverbed_1920x1080p25,5,47,76.411708
Riverbed_1920x1080p25,5,48,73.947395
Riverbed_1920x1080p25,5,49,71.625949
Riverbed_1920x1080p25,5,50,69.286501
Riverbed_1920x1080p25,5,51,66.819839
Riverbed_1920x1080p25,5,52,64.155747
Riverbed_1920x1080p25,5,53,61.433175
Riverbed_1920x1080p25,5,54,58.785896
Riverbed_1920x1080p25,5,55,56.118584
Riverbed_1920x1080p25,5,56,52.337135
Riverbed_1920x1080p25,5,58,46.737417
Riverbed_1920x1080p25,5,60,40.140128
Riverbed_1920x1080p25,5,63,21.570755
Slides1_1920x1080_30fps_8bit_420,5,20,98.017721
Slides1_1920x1080_30fps_8bit_420,5,24,97.960148
Slides1_1920x1080_30fps_8bit_420,5,27,97.765019
Slides1_1920x1080_30fps_8bit_420,5,28,97.709482
Slides1_1920x1080_30fps_8bit_420,5,29,97.684717
Slides1_1920x1080_30fps_8bit_420,5,30,97.596736
Slides1_1920x1080_30fps_8bit_420,5,31,97.579505
Slides1_1920x1080_30fps_8bit_420,5,32,97.528655
Slides1_1920x1080_30fps_8bit_420,5,33,97.445416
Slides1_1920x1080_30fps_8bit_420,5,34,97.35695
Slides1_1920x1080_30fps_8bit_420,5,35,97.263912
Slides1_1920x1080_30fps_8bit_420,5,36,97.221792
Slides1_1920x1080_30fps_8bit_420,5,37,97.127483
Slides1_1920x1080_30fps_8bit_420,5,38,97.002471
Slides1_1920x1080_30fps_8bit_420,5,39,96.932691
Slides1_1920x1080_30fps_8bit_420,5,40,96.829697
Slides1_1920x1080_30fps_8bit_420,5,41,96.6846
Slides1_1920x1080_30fps_8bit_420,5,42,96.517836
Slides1_1920x1080_30fps_8bit_420,5,43,96.461162
Slides1_1920x1080_30fps_8bit_420,5,44,96.466975
Slides1_1920x1080_30fps_8bit_420,5,45,96.315808
Slides1_1920x1080_30fps_8bit_420,5,46,96.141886
Slides1_1920x1080_30fps_8bit_420,5,47,95.970463
Slides1_1920x1080_30fps_8bit_420,5,48,95.89872
Slides1_1920x1080_30fps_8bit_420,5,49,95.764298
Slides1_1920x1080_30fps_8bit_420,5,50,95.742246
Slides1_1920x1080_30fps_8bit_420,5,51,95.53902
Slides1_1920x1080_30fps_8bit_420,5,52,95.254488
Slides1_1920x1080_30fps_8bit_420,5,53,95.200845
Slides1_1920x1080_30fps_8bit_420,5,54,94.811306
Slides1_1920x1080_30fps_8bit_420,5,55,94.643078
Slides1_1920x1080_30fps_8bit_420,5,56,94.107343
Slides1_1920x1080_30fps_8bit_420,5,58,93.90562
Slides1_1920x1080_30fps_8bit_420,5,60,93.098653
Slides1_1920x1080_30fps_8bit_420,5,63,87.379815
MissionControlClip3_1920x1080_60_420,5,20,97.637107
MissionControlClip3_1920x1080_60_420,5,24,97.605221
MissionControlClip3_1920x1080_60_420,5,27,97.522217
MissionControlClip3_1920x1080_60_420,5,28,97.513118
MissionControlClip3_1920x1080_60_420,5,29,97.483584
MissionControlClip3_1920x1080_60_420,5,30,97.466416
MissionControlClip3_1920x1080_60_420,5,31,97.440484
MissionControlClip3_1920x1080_60_420,5,32,97.40695
MissionControlClip3_1920x1080_60_420,5,33,97.379973
MissionControlClip3_1920x1080_60_420,5,34,97.347964
MissionControlClip3_1920x1080_60_420,5,35,97.321384
MissionControlClip3_1920x1080_60_420,5,36,97.280058
MissionControlClip3_1920x1080_60_420,5,37,97.25016
MissionControlClip3_1920x1080_60_420,5,38,97.211769
MissionControlClip3_1920x1080_60_420,5,39,97.184944
MissionControlClip3_1920x1080_60_420,5,40,97.122433
MissionControlClip3_1920x1080_60_420,5,41,97.08846
MissionControlClip3_1920x1080_60_420,5,42,97.037061
MissionControlClip3_1920x1080_60_420,5,43,96.978513
MissionControlClip3_1920x1080_60_420,5,44,96.94622
MissionControlClip3_1920x1080_60_420,5,45,96.879986
MissionControlClip3_1920x1080_60_420,5,46,96.823417
MissionControlClip3_1920x1080_60_420,5,47,96.724225
MissionControlClip3_1920x1080_60_420,5,48,96.698916
MissionControlClip3_1920x1080_60_420,5,49,96.628611
MissionControlClip3_1920x1080_60_420,5,50,96.543102
MissionControlClip3_1920x1080_60_420,5,51,96.481454
MissionControlClip3_1920x1080_60_420,5,52,96.386308
MissionControlClip3_1920x1080_60_420,5,53,96.243931
MissionControlClip3_1920x1080_60_420,5,54,96.167433
MissionControlClip3_1920x1080_60_420,5,55,96.059146
MissionControlClip3_1920x1080_60_420,5,56,95.841151
MissionControlClip3_1920x1080_60_420,5,58,95.535772
MissionControlClip3_1920x1080_60_420,5,60,94.968147
MissionControlClip3_1920x1080_60_420,5,63,92.301618
EuroTruckSimulator2_1920x1080p60,5,20,99.957157
EuroTruckSimulator2_1920x1080p60,5,24,99.951692
EuroTruckSimulator2_1920x1080p60,5,27,99.944003
EuroTruckSimulator2_1920x1080p60,5,28,99.941833
EuroTruckSimulator2_1920x1080p60,5,29,99.935339
EuroTruckSimulator2_1920x1080p60,5,30,99.822305
EuroTruckSimulator2_1920x1080p60,5,31,99.435345
EuroTruckSimulator2_1920x1080p60,5,32,98.821058
EuroTruckSimulator2_1920x1080p60,5,33,98.189941
EuroTruckSimulator2_1920x1080p60,5,34,97.52356
EuroTruckSimulator2_1920x1080p60,5,35,96.672011
EuroTruckSimulator2_1920x1080p60,5,36,95.672878
EuroTruckSimulator2_1920x1080p60,5,37,94.816246
EuroTruckSimulator2_1920x1080p60,5,38,93.919647
EuroTruckSimulator2_1920x1080p60,5,39,93.031216
EuroTruckSimulator2_1920x1080p60,5,40,92.300071
EuroTruckSimulator2_1920x1080p60,5,41,91.474307
EuroTruckSimulator2_1920x1080p60,5,42,90.837432
EuroTruckSimulator2_1920x1080p60,5,43,90.18634
EuroTruckSimulator2_1920x1080p60,5,44,89.596458
EuroTruckSimulator2_1920x1080p60,5,45,89.133555
EuroTruckSimulator2_1920x1080p60,5,46,88.536599
EuroTruckSimulator2_1920x1080p60,5,47,88.166606
EuroTruckSimulator2_1920x1080p60,5,48,87.664835
EuroTruckSimulator2_1920x1080p60,5,49,87.285349
EuroTruckSimulator2_1920x1080p60,5,50,86.577594
EuroTruckSimulator2_1920x1080p60,5,51,86.105465
EuroTruckSimulator2_1920x1080p60,5,52,85.755941
EuroTruckSimulator2_1920x1080p60,5,53,85.000996
EuroTruckSimulator2_1920x1080p60,5,54,84.274382
EuroTruckSimulator2_1920x1080p60,5,55,83.471852
EuroTruckSimulator2_1920x1080p60,5,56,82.54466
EuroTruckSimulator2_1920x1080p60,5,58,80.995658
EuroTruckSimulator2_1920x1080p60,5,60,77.337044
EuroTruckSimulator2_1920x1080p60,5,63,64.241911
PedestrianArea_1920x1080p25,5,20,99.613762
PedestrianArea_1920x1080p25,5,24,99.402303
PedestrianArea_1920x1080p25,5,27,98.978617
PedestrianArea_1920x1080p25,5,28,98.824374
PedestrianArea_1920x1080p25,5,29,98.642537
PedestrianArea_1920x1080p25,5,30,98.431613
PedestrianArea_1920x1080p25,5,31,98.138204
PedestrianArea_1920x1080p25,5,32,97.780667
PedestrianArea_1920x1080p25,5,33,97.429719
PedestrianArea_1920x1080p25,5,34,97.044329
PedestrianArea_1920x1080p25,5,35,96.507635
PedestrianArea_1920x1080p25,5,36,95.971606
PedestrianArea_1920x1080p25,5,37,95.433239
PedestrianArea_1920x1080p25,5,38,94.736646
PedestrianArea_1920x1080p25,5,39,94.107896
PedestrianArea_1920x1080p25,5,40,93.512249
PedestrianArea_1920x1080p25,5,41,92.729641
PedestrianArea_1920x1080p25,5,42,91.980045
PedestrianArea_1920x1080p25,5,43,91.288927
PedestrianArea_1920x1080p25,5,44,90.525377
PedestrianArea_1920x1080p25,5,45,89.712136
PedestrianArea_1920x1080p25,5,46,88.899286
PedestrianArea_1920x1080p25,5,47,88.135868
PedestrianArea_1920x1080p25,5,48,87.222141
PedestrianArea_1920x1080p25,5,49,86.469989
PedestrianArea_1920x1080p25,5,50,85.639215
PedestrianArea_1920x1080p25,5,51,84.535194
PedestrianArea_1920x1080p25,5,52,83.605461
PedestrianArea_1920x1080p25,5,53,82.399407
PedestrianArea_1920x1080p25,5,54,81.136146
PedestrianArea_1920x1080p25,5,55,79.8519
PedestrianArea_1920x1080p25,5,56,77.892034
PedestrianArea_1920x1080p25,5,58,75.290694
PedestrianArea_1920x1080p25,5,60,70.874286
PedestrianArea_1920x1080p25,5,63,54.321946
MountainBike_1920x1080_30fps_8bit,5,20,99.891389
MountainBike_1920x1080_30fps_8bit,5,24,99.872355
MountainBike_1920x1080_30fps_8bit,5,27,99.853421
MountainBike_1920x1080_30fps_8bit,5,28,99.844484
MountainBike_1920x1080_30fps_8bit,5,29,99.839181
MountainBike_1920x1080_30fps_8bit,5,30,99.830868
MountainBike_1920x1080_30fps_8bit,5,31,99.823186
MountainBike_1920x1080_30fps_8bit,5,32,99.813038
MountainBike_1920x1080_30fps_8bit,5,33,99.801019
MountainBike_1920x1080_30fps_8bit,5,34,99.79012
MountainBike_1920x1080_30fps_8bit,5,35,99.774542
MountainBike_1920x1080_30fps_8bit,5,36,99.758173
MountainBike_1920x1080_30fps_8bit,5,37,99.744181
MountainBike_1920x1080_30fps_8bit,5,38,99.719044
MountainBike_1920x1080_30fps_8bit,5,39,99.695699
MountainBike_1920x1080_30fps_8bit,5,40,99.642133
MountainBike_1920x1080_30fps_8bit,5,41,99.514489
MountainBike_1920x1080_30fps_8bit,5,42,99.328491
MountainBike_1920x1080_30fps_8bit,5,43,99.039707
MountainBike_1920x1080_30fps_8bit,5,44,98.592211
MountainBike_1920x1080_30fps_8bit,5,45,97.981126
MountainBike_1920x1080_30fps_8bit,5,46,97.024737
MountainBike_1920x1080_30fps_8bit,5,47,95.915168
MountainBike_1920x1080_30fps_8bit,5,48,94.339348
MountainBike_1920x1080_30fps_8bit,5,49,92.872578
MountainBike_1920x1080_30fps_8bit,5,50,91.145281
MountainBike_1920x1080_30fps_8bit,5,51,89.305209
MountainBike_1920x1080_30fps_8bit,5,52,87.266922
MountainBike_1920x1080_30fps_8bit,5,53,85.139735
MountainBike_1920x1080_30fps_8bit,5,54,82.918113
MountainBike_1920x1080_30fps_8bit,5,55,80.466726
MountainBike_1920x1080_30fps_8bit,5,56,77.37237
MountainBike_1920x1080_30fps_8bit,5,58,72.737477
MountainBike_1920x1080_30fps_8bit,5,60,66.205348
MountainBike_1920x1080_30fps_8bit,5,63,49.135227
OldTownCross_1920x1080p50,5,20,96.072499
OldTownCross_1920x1080p50,5,24,95.254468
OldTownCross_1920x1080p50,5,27,94.999244
OldTownCross_1920x1080p50,5,28,94.967455
OldTownCross_1920x1080p50,5,29,94.916484
OldTownCross_1920x1080p50,5,30,94.85805
OldTownCross_1920x1080p50,5,31,94.797058
OldTownCross_1920x1080p50,5,32,94.709983
OldTownCross_1920x1080p50,5,33,94.633966
OldTownCross_1920x1080p50,5,34,94.53849
OldTownCross_1920x1080p50,5,35,94.444556
OldTownCross_1920x1080p50,5,36,94.28473
OldTownCross_1920x1080p50,5,37,94.244871
OldTownCross_1920x1080p50,5,38,94.168746
OldTownCross_1920x1080p50,5,39,94.060911
OldTownCross_1920x1080p50,5,40,93.958736
OldTownCross_1920x1080p50,5,41,93.889664
OldTownCross_1920x1080p50,5,42,93.718176
OldTownCross_1920x1080p50,5,43,93.608395
OldTownCross_1920x1080p50,5,44,93.497783
OldTownCross_1920x1080p50,5,45,93.402367
OldTownCross_1920x1080p50,5,46,93.307902
OldTownCross_1920x1080p50,5,47,93.281906
OldTownCross_1920x1080p50,5,48,93.094903
OldTownCross_1920x1080p50,5,49,92.924046
OldTownCross_1920x1080p50,5,50,92.692663
OldTownCross_1920x1080p50,5,51,92.447978
OldTownCross_1920x1080p50,5,52,92.136198
OldTownCross_1920x1080p50,5,53,91.835147
OldTownCross_1920x1080p50,5,54,91.412056
OldTownCross_1920x1080p50,5,55,90.94733
OldTownCross_1920x1080p50,5,56,90.367874
OldTownCross_1920x1080p50,5,58,89.395048
OldTownCross_1920x1080p50,5,60,87.256788
OldTownCross_1920x1080p50,5,63,76.901911
SolLevanteFace_sdr_1920x1080_24_10bit,5,20,96.268512
SolLevanteFace_sdr_1920x1080_24_10bit,5,24,94.905396
SolLevanteFace_sdr_1920x1080_24_10bit,5,27,92.864147
SolLevanteFace_sdr_1920x1080_24_10bit,5,28,92.234691
SolLevanteFace_sdr_1920x1080_24_10bit,5,29,91.541604
SolLevanteFace_sdr_1920x1080_24_10bit,5,30,90.832835
SolLevanteFace_sdr_1920x1080_24_10bit,5,31,89.807689
SolLevanteFace_sdr_1920x1080_24_10bit,5,32,88.580943
SolLevanteFace_sdr_1920x1080_24_10bit,5,33,87.514583
SolLevanteFace_sdr_1920x1080_24_10bit,5,34,86.395306
SolLevanteFace_sdr_1920x1080_24_10bit,5,35,84.9249
SolLevanteFace_sdr_1920x1080_24_10bit,5,36,83.465194
SolLevanteFace_sdr_1920x1080_24_10bit,5,37,81.941207
SolLevanteFace_sdr_1920x1080_24_10bit,5,38,80.177191
SolLevanteFace_sdr_1920x1080_24_10bit,5,39,78.350818
SolLevanteFace_sdr_1920x1080_24_10bit,5,40,76.751989
SolLevanteFace_sdr_1920x1080_24_10bit,5,41,74.696289
SolLevanteFace_sdr_1920x1080_24_10bit,5,42,72.662449
SolLevanteFace_sdr_1920x1080_24_10bit,5,43,70.598093
SolLevanteFace_sdr_1920x1080_24_10bit,5,44,68.524461
SolLevanteFace_sdr_1920x1080_24_10bit,5,45,66.446843
SolLevanteFace_sdr_1920x1080_24_10bit,5,46,64.383436
SolLevanteFace_sdr_1920x1080_24_10bit,5,47,62.38025
SolLevanteFace_sdr_1920x1080_24_10bit,5,48,60.112751
SolLevanteFace_sdr_1920x1080_24_10bit,5,49,58.098697
SolLevanteFace_sdr_1920x1080_24_10bit,5,50,55.914776
SolLevanteFace_sdr_1920x1080_24_10bit,5,51,53.781712
SolLevanteFace_sdr_1920x1080_24_10bit,5,52,51.326085
SolLevanteFace_sdr_1920x1080_24_10bit,5,53,49.314074
SolLevanteFace_sdr_1920x1080_24_10bit,5,54,46.877533
SolLevanteFace_sdr_1920x1080_24_10bit,5,55,44.31492
SolLevanteFace_sdr_1920x1080_24_10bit,5,56,40.908681
SolLevanteFace_sdr_1920x1080_24_10bit,5,58,36.420336
SolLevanteFace_sdr_1920x1080_24_10bit,5,60,29.808534
SolLevanteFace_sdr_1920x1080_24_10bit,5,63,14.378005
RitualDance_1920x1080_5994_10bit_420,5,20,99.644355
RitualDance_1920x1080_5994_10bit_420,5,24,99.31947
RitualDance_1920x1080_5994_10bit_420,5,27,98.651186
RitualDance_1920x1080_5994_10bit_420,5,28,98.415967
RitualDance_1920x1080_5994_10bit_420,5,29,98.142714
RitualDance_1920x1080_5994_10bit_420,5,30,97.852537
RitualDance_1920x1080_5994_10bit_420,5,31,97.402158
RitualDance_1920x1080_5994_10bit_420,5,32,96.88603
RitualDance_1920x1080_5994_10bit_420,5,33,96.447537
RitualDance_1920x1080_5994_10bit_420,5,34,95.958658
RitualDance_1920x1080_5994_10bit_420,5,35,95.322512
RitualDance_1920x1080_5994_10bit_420,5,36,94.725469
RitualDance_1920x1080_5994_10bit_420,5,37,94.068437
RitualDance_1920x1080_5994_10bit_420,5,38,93.374595
RitualDance_1920x1080_5994_10bit_420,5,39,92.671021
RitualDance_1920x1080_5994_10bit_420,5,40,92.010228
RitualDance_1920x1080_5994_10bit_420,5,41,91.098328
RitualDance_1920x1080_5994_10bit_420,5,42,90.349511
RitualDance_1920x1080_5994_10bit_420,5,43,89.380211
RitualDance_1920x1080_5994_10bit_420,5,44,88.467259
RitualDance_1920x1080_5994_10bit_420,5,45,87.462899
RitualDance_1920x1080_5994_10bit_420,5,46,86.625369
RitualDance_1920x1080_5994_10bit_420,5,47,85.637208
RitualDance_1920x1080_5994_10bit_420,5,48,84.544254
RitualDance_1920x1080_5994_10bit_420,5,49,83.500042
RitualDance_1920x1080_5994_10bit_420,5,50,82.320825
RitualDance_1920x1080_5994_10bit_420,5,51,81.162934
RitualDance_1920x1080_5994_10bit_420,5,52,79.853349
RitualDance_1920x1080_5994_10bit_420,5,53,78.550449
RitualDance_1920x1080_5994_10bit_420,5,54,77.033842
RitualDance_1920x1080_5994_10bit_420,5,55,75.409501
RitualDance_1920x1080_5994_10bit_420,5,56,73.114038
RitualDance_1920x1080_5994_10bit_420,5,58,69.900457
RitualDance_1920x1080_5994_10bit_420,5,60,64.040613
RitualDance_1920x1080_5994_10bit_420,5,63,42.821969
GlassHalf_1920x1080p_24p_8bit_420,5,20,99.150294
GlassHalf_1920x1080p_24p_8bit_420,5,24,99.038284
GlassHalf_1920x1080p_24p_8bit_420,5,27,98.7874
GlassHalf_1920x1080p_24p_8bit_420,5,28,98.682952
GlassHalf_1920x1080p_24p_8bit_420,5,29,98.602673
GlassHalf_1920x1080p_24p_8bit_420,5,30,98.474735
GlassHalf_1920x1080p_24p_8bit_420,5,31,98.350763
GlassHalf_1920x1080p_24p_8bit_420,5,32,98.147176
GlassHalf_1920x1080p_24p_8bit_420,5,33,97.962128
GlassHalf_1920x1080p_24p_8bit_420,5,34,97.798407
GlassHalf_1920x1080p_24p_8bit_420,5,35,97.578309
GlassHalf_1920x1080p_24p_8bit_420,5,36,97.331709
GlassHalf_1920x1080p_24p_8bit_420,5,37,97.087396
GlassHalf_1920x1080p_24p_8bit_420,5,38,96.814252
GlassHalf_1920x1080p_24p_8bit_420,5,39,96.543463
GlassHalf_1920x1080p_24p_8bit_420,5,40,96.327976
GlassHalf_1920x1080p_24p_8bit_420,5,41,95.955004
GlassHalf_1920x1080p_24p_8bit_420,5,42,95.613201
GlassHalf_1920x1080p_24p_8bit_420,5,43,95.203597
GlassHalf_1920x1080p_24p_8bit_420,5,44,94.799174
GlassHalf_1920x1080p_24p_8bit_420,5,45,94.396633
GlassHalf_1920x1080p_24p_8bit_420,5,46,94.021949
GlassHalf_1920x1080p_24p_8bit_420,5,47,93.536526
GlassHalf_1920x1080p_24p_8bit_420,5,48,93.062562
GlassHalf_1920x1080p_24p_8bit_420,5,49,92.550259
GlassHalf_1920x1080p_24p_8bit_420,5,50,92.048102
GlassHalf_1920x1080p_24p_8bit_420,5,51,91.464449
GlassHalf_1920x1080p_24p_8bit_420,5,52,90.778428
GlassHalf_1920x1080p_24p_8bit_420,5,53,90.162352
GlassHalf_1920x1080p_24p_8bit_420,5,54,89.325692
GlassHalf_1920x1080p_24p_8bit_420,5,55,88.31214
GlassHalf_1920x1080p_24p_8bit_420,5,56,87.052122
GlassHalf_1920x1080p_24p_8bit_420,5,58,85.164832
GlassHalf_1920x1080p_24p_8bit_420,5,60,81.34607
GlassHalf_1920x1080p_24p_8bit_420,5,63,65.152388
MINECRAFT_1080p_60_8bit,5,20,99.833191
MINECRAFT_1080p_60_8bit,5,24,99.699307
MINECRAFT_1080p_60_8bit,5,27,99.492846
MINECRAFT_1080p_60_8bit,5,28,99.410756
MINECRAFT_1080p_60_8bit,5,29,99.32769
MINECRAFT_1080p_60_8bit,5,30,99.227791
MINECRAFT_1080p_60_8bit,5,31,99.101019
MINECRAFT_1080p_60_8bit,5,32,98.890299
MINECRAFT_1080p_60_8bit,5,33,98.675353
MINECRAFT_1080p_60_8bit,5,34,98.412509
MINECRAFT_1080p_60_8bit,5,35,98.056041
MINECRAFT_1080p_60_8bit,5,36,97.606252
MINECRAFT_1080p_60_8bit,5,37,97.135719
MINECRAFT_1080p_60_8bit,5,38,96.558443
MINECRAFT_1080p_60_8bit,5,39,95.936183
MINECRAFT_1080p_60_8bit,5,40,95.199552
MINECRAFT_1080p_60_8bit,5,41,94.407201
MINECRAFT_1080p_60_8bit,5,42,93.553636
MINECRAFT_1080p_60_8bit,5,43,92.570159
MINECRAFT_1080p_60_8bit,5,44,91.444097
MINECRAFT_1080p_60_8bit,5,45,90.37896
MINECRAFT_1080p_60_8bit,5,46,89.538216
MINECRAFT_1080p_60_8bit,5,47,88.505571
MINECRAFT_1080p_60_8bit,5,48,87.314548
MINECRAFT_1080p_60_8bit,5,49,86.264173
MINECRAFT_1080p_60_8bit,5,50,85.14003
MINECRAFT_1080p_60_8bit,5,51,83.834474
MINECRAFT_1080p_60_8bit,5,52,82.498238
MINECRAFT_1080p_60_8bit,5,53,81.06871
MINECRAFT_1080p_60_8bit,5,54,79.540149
MINECRAFT_1080p_60_8bit,5,55,77.932111
MINECRAFT_1080p_60_8bit,5,56,75.593324
MINECRAFT_1080p_60_8bit,5,58,71.915193
MINECRAFT_1080p_60_8bit,5,60,66.027411
MINECRAFT_1080p_60_8bit,5,63,48.837076
MeridianTalk_sdr_1920x1080p_5994_10bit,5,20,95.024545
MeridianTalk_sdr_1920x1080p_5994_10bit,5,24,94.547132
MeridianTalk_sdr_1920x1080p_5994_10bit,5,27,93.989662
MeridianTalk_sdr_1920x1080p_5994_10bit,5,28,93.814312
MeridianTalk_sdr_1920x1080p_5994_10bit,5,29,93.678465
MeridianTalk_sdr_1920x1080p_5994_10bit,5,30,93.539135
MeridianTalk_sdr_1920x1080p_5994_10bit,5,31,93.293922
MeridianTalk_sdr_1920x1080p_5994_10bit,5,32,93.049092
MeridianTalk_sdr_1920x1080p_5994_10bit,5,33,92.850753
MeridianTalk_sdr_1920x1080p_5994_10bit,5,34,92.668333
MeridianTalk_sdr_1920x1080p_5994_10bit,5,35,92.398173
MeridianTalk_sdr_1920x1080p_5994_10bit,5,36,92.179818
MeridianTalk_sdr_1920x1080p_5994_10bit,5,37,91.890547
MeridianTalk_sdr_1920x1080p_5994_10bit,5,38,91.616343
MeridianTalk_sdr_1920x1080p_5994_10bit,5,39,91.333126
MeridianTalk_sdr_1920x1080p_5994_10bit,5,40,91.159422
MeridianTalk_sdr_1920x1080p_5994_10bit,5,41,90.789443
MeridianTalk_sdr_1920x1080p_5994_10bit,5,42,90.443043
MeridianTalk_sdr_1920x1080p_5994_10bit,5,43,90.18088
MeridianTalk_sdr_1920x1080p_5994_10bit,5,44,89.854958
MeridianTalk_sdr_1920x1080p_5994_10bit,5,45,89.495677
MeridianTalk_sdr_1920x1080p_5994_10bit,5,46,89.142082
MeridianTalk_sdr_1920x1080p_5994_10bit,5,47,88.749701
MeridianTalk_sdr_1920x1080p_5994_10bit,5,48,88.50052
MeridianTalk_sdr_1920x1080p_5994_10bit,5,49,88.06528
MeridianTalk_sdr_1920x1080p_5994_10bit,5,50,87.728234
MeridianTalk_sdr_1920x1080p_5994_10bit,5,51,87.033793
MeridianTalk_sdr_1920x1080p_5994_10bit,5,52,86.546889
MeridianTalk_sdr_1920x1080p_5994_10bit,5,53,86.349442
MeridianTalk_sdr_1920x1080p_5994_10bit,5,54,85.689035
MeridianTalk_sdr_1920x1080p_5994_10bit,5,55,85.142687
MeridianTalk_sdr_1920x1080p_5994_10bit,5,56,84.120388
MeridianTalk_sdr_1920x1080p_5994_10bit,5,58,82.91581
MeridianTalk_sdr_1920x1080p_5994_10bit,5,60,80.549649
MeridianTalk_sdr_1920x1080p_5994_10bit,5,63,72.215829
Debugging_1920x1080_30fps_8bit_420,5,20,97.581978
Debugging_1920x1080_30fps_8bit_420,5,24,97.563001
Debugging_1920x1080_30fps_8bit_420,5,27,97.55949
Debugging_1920x1080_30fps_8bit_420,5,28,97.531664
Debugging_1920x1080_30fps_8bit_420,5,29,97.528159
Debugging_1920x1080_30fps_8bit_420,5,30,97.504526
Debugging_1920x1080_30fps_8bit_420,5,31,97.492162
Debugging_1920x1080_30fps_8bit_420,5,32,97.472877
Debugging_1920x1080_30fps_8bit_420,5,33,97.462865
Debugging_1920x1080_30fps_8bit_420,5,34,97.427721
Debugging_1920x1080_30fps_8bit_420,5,35,97.421896
Debugging_1920x1080_30fps_8bit_420,5,36,97.378611
Debugging_1920x1080_30fps_8bit_420,5,37,97.323834
Debugging_1920x1080_30fps_8bit_420,5,38,97.278338
Debugging_1920x1080_30fps_8bit_420,5,39,97.279469
Debugging_1920x1080_30fps_8bit_420,5,40,97.264514
Debugging_1920x1080_30fps_8bit_420,5,41,97.214992
Debugging_1920x1080_30fps_8bit_420,5,42,97.095406
Debugging_1920x1080_30fps_8bit_420,5,43,97.068751
Debugging_1920x1080_30fps_8bit_420,5,44,97.028953
Debugging_1920x1080_30fps_8bit_420,5,45,96.963295
Debugging_1920x1080_30fps_8bit_420,5,46,96.915037
Debugging_1920x1080_30fps_8bit_420,5,47,96.849656
Debugging_1920x1080_30fps_8bit_420,5,48,96.842645
Debugging_1920x1080_30fps_8bit_420,5,49,96.729946
Debugging_1920x1080_30fps_8bit_420,5,50,96.705338
Debugging_1920x1080_30fps_8bit_420,5,51,96.636604
Debugging_1920x1080_30fps_8bit_420,5,52,96.53058
Debugging_1920x1080_30fps_8bit_420,5,53,96.460199
Debugging_1920x1080_30fps_8bit_420,5,54,96.316246
Debugging_1920x1080_30fps_8bit_420,5,55,96.116433
Debugging_1920x1080_30fps_8bit_420,5,56,96.021755
Debugging_1920x1080_30fps_8bit_420,5,58,95.692727
Debugging_1920x1080_30fps_8bit_420,5,60,95.207684
Debugging_1920x1080_30fps_8bit_420,5,63,92.533532
DOTA2_1920x1080_60_8bit_420,5,20,95.883153
DOTA2_1920x1080_60_8bit_420,5,24,95.389076
DOTA2_1920x1080_60_8bit_420,5,27,94.710937
DOTA2_1920x1080_60_8bit_420,5,28,94.502954
DOTA2_1920x1080_60_8bit_420,5,29,94.299912
DOTA2_1920x1080_60_8bit_420,5,30,94.094523
DOTA2_1920x1080_60_8bit_420,5,31,93.822373
DOTA2_1920x1080_60_8bit_420,5,32,93.470514
DOTA2_1920x1080_60_8bit_420,5,33,93.219899
DOTA2_1920x1080_60_8bit_420,5,34,92.941994
DOTA2_1920x1080_60_8bit_420,5,35,92.595887
DOTA2_1920x1080_60_8bit_420,5,36,92.207621
DOTA2_1920x1080_60_8bit_420,5,37,91.846023
DOTA2_1920x1080_60_8bit_420,5,38,91.443203
DOTA2_1920x1080_60_8bit_420,5,39,91.038731
DOTA2_1920x1080_60_8bit_420,5,40,90.587697
DOTA2_1920x1080_60_8bit_420,5,41,90.090087
DOTA2_1920x1080_60_8bit_420,5,42,89.615893
DOTA2_1920x1080_60_8bit_420,5,43,89.085196
DOTA2_1920x1080_60_8bit_420,5,44,88.519854
DOTA2_1920x1080_60_8bit_420,5,45,87.908492
DOTA2_1920x1080_60_8bit_420,5,46,87.323356
DOTA2_1920x1080_60_8bit_420,5,47,86.825359
DOTA2_1920x1080_60_8bit_420,5,48,86.056398
DOTA2_1920x1080_60_8bit_420,5,49,85.370473
DOTA2_1920x1080_60_8bit_420,5,50,84.569029
DOTA2_1920x1080_60_8bit_420,5,51,83.782744
DOTA2_1920x1080_60_8bit_420,5,52,82.884178
DOTA2_1920x1080_60_8bit_420,5,53,82.006437
DOTA2_1920x1080_60_8bit_420,5,54,81.029055
DOTA2_1920x1080_60_8bit_420,5,55,79.81653
DOTA2_1920x1080_60_8bit_420,5,56,78.363775
DOTA2_1920x1080_60_8bit_420,5,58,75.616956
DOTA2_1920x1080_60_8bit_420,5,60,71.087154
DOTA2_1920x1080_60_8bit_420,5,63,56.50823
CrowdRun_1920x1080p50,5,20,99.961185
CrowdRun_1920x1080p50,5,24,99.956706
CrowdRun_1920x1080p50,5,27,99.783502
CrowdRun_1920x1080p50,5,28,99.557939
CrowdRun_1920x1080p50,5,29,99.331613
CrowdRun_1920x1080p50,5,30,99.053244
CrowdRun_1920x1080p50,5,31,98.60503
CrowdRun_1920x1080p50,5,32,97.909308
CrowdRun_1920x1080p50,5,33,97.333312
CrowdRun_1920x1080p50,5,34,96.751037
CrowdRun_1920x1080p50,5,35,96.031478
CrowdRun_1920x1080p50,5,36,95.197628
CrowdRun_1920x1080p50,5,37,94.407361
CrowdRun_1920x1080p50,5,38,93.507643
CrowdRun_1920x1080p50,5,39,92.567988
CrowdRun_1920x1080p50,5,40,91.691373
CrowdRun_1920x1080p50,5,41,90.635199
CrowdRun_1920x1080p50,5,42,89.663061
CrowdRun_1920x1080p50,5,43,88.535008
CrowdRun_1920x1080p50,5,44,87.399574
CrowdRun_1920x1080p50,5,45,86.257074
CrowdRun_1920x1080p50,5,46,85.096188
CrowdRun_1920x1080p50,5,47,83.864496
CrowdRun_1920x1080p50,5,48,82.633503
CrowdRun_1920x1080p50,5,49,81.255662
CrowdRun_1920x1080p50,5,50,80.019206
CrowdRun_1920x1080p50,5,51,78.735503
CrowdRun_1920x1080p50,5,52,77.26711
CrowdRun_1920x1080p50,5,53,75.762635
CrowdRun_1920x1080p50,5,54,74.164344
CrowdRun_1920x1080p50,5,55,72.408651
CrowdRun_1920x1080p50,5,56,70.071441
CrowdRun_1920x1080p50,5,58,66.845008
CrowdRun_1920x1080p50,5,60,60.328994
CrowdRun_1920x1080p50,5,63,40.478279
WITCHER3_1920x1080_60_8bit_420,5,20,97.81181
WITCHER3_1920x1080_60_8bit_420,5,24,96.761318
WITCHER3_1920x1080_60_8bit_420,5,27,95.162441
WITCHER3_1920x1080_60_8bit_420,5,28,94.571715
WITCHER3_1920x1080_60_8bit_420,5,29,94.039968
WITCHER3_1920x1080_60_8bit_420,5,30,93.483327
WITCHER3_1920x1080_60_8bit_420,5,31,92.71655
WITCHER3_1920x1080_60_8bit_420,5,32,91.814698
WITCHER3_1920x1080_60_8bit_420,5,33,91.054806
WITCHER3_1920x1080_60_8bit_420,5,34,90.308324
WITCHER3_1920x1080_60_8bit_420,5,35,89.393659
WITCHER3_1920x1080_60_8bit_420,5,36,88.403903
WITCHER3_1920x1080_60_8bit_420,5,37,87.482665
WITCHER3_1920x1080_60_8bit_420,5,38,86.445013
WITCHER3_1920x1080_60_8bit_420,5,39,85.418379
WITCHER3_1920x1080_60_8bit_420,5,40,84.412181
WITCHER3_1920x1080_60_8bit_420,5,41,83.3191
WITCHER3_1920x1080_60_8bit_420,5,42,82.165244
WITCHER3_1920x1080_60_8bit_420,5,43,80.996153
WITCHER3_1920x1080_60_8bit_420,5,44,79.93359
WITCHER3_1920x1080_60_8bit_420,5,45,78.79286
WITCHER3_1920x1080_60_8bit_420,5,46,77.617385
WITCHER3_1920x1080_60_8bit_420,5,47,76.588739
WITCHER3_1920x1080_60_8bit_420,5,48,75.27052
WITCHER3_1920x1080_60_8bit_420,5,49,74.194939
WITCHER3_1920x1080_60_8bit_420,5,50,73.097322
WITCHER3_1920x1080_60_8bit_420,5,51,71.916167
WITCHER3_1920x1080_60_8bit_420,5,52,70.640277
WITCHER3_1920x1080_60_8bit_420,5,53,69.436748
WITCHER3_1920x1080_60_8bit_420,5,54,68.117939
WITCHER3_1920x1080_60_8bit_420,5,55,66.549666
WITCHER3_1920x1080_60_8bit_420,5,56,64.82461
WITCHER3_1920x1080_60_8bit_420,5,58,61.869082
WITCHER3_1920x1080_60_8bit_420,5,60,57.868855
WITCHER3_1920x1080_60_8bit_420,5,63,46.557236
WalkingInStreet_1920x1080_30fps,5,20,99.961815
WalkingInStreet_1920x1080_30fps,5,24,99.95843
WalkingInStreet_1920x1080_30fps,5,27,99.951044
WalkingInStreet_1920x1080_30fps,5,28,99.947593
WalkingInStreet_1920x1080_30fps,5,29,99.938452
WalkingInStreet_1920x1080_30fps,5,30,99.914276
WalkingInStreet_1920x1080_30fps,5,31,99.871026
WalkingInStreet_1920x1080_30fps,5,32,99.776518
WalkingInStreet_1920x1080_30fps,5,33,99.657916
WalkingInStreet_1920x1080_30fps,5,34,99.527867
WalkingInStreet_1920x1080_30fps,5,35,99.333077
WalkingInStreet_1920x1080_30fps,5,36,99.074676
WalkingInStreet_1920x1080_30fps,5,37,98.800414
WalkingInStreet_1920x1080_30fps,5,38,98.433337
WalkingInStreet_1920x1080_30fps,5,39,98.048773
WalkingInStreet_1920x1080_30fps,5,40,97.598104
WalkingInStreet_1920x1080_30fps,5,41,97.0192
WalkingInStreet_1920x1080_30fps,5,42,96.427249
WalkingInStreet_1920x1080_30fps,5,43,95.73194
WalkingInStreet_1920x1080_30fps,5,44,94.915442
WalkingInStreet_1920x1080_30fps,5,45,94.083895
WalkingInStreet_1920x1080_30fps,5,46,93.16774
WalkingInStreet_1920x1080_30fps,5,47,92.28905
WalkingInStreet_1920x1080_30fps,5,48,91.07502
WalkingInStreet_1920x1080_30fps,5,49,90.13003
WalkingInStreet_1920x1080_30fps,5,50,89.164292
WalkingInStreet_1920x1080_30fps,5,51,88.069378
WalkingInStreet_1920x1080_30fps,5,52,86.815184
WalkingInStreet_1920x1080_30fps,5,53,85.68939
WalkingInStreet_1920x1080_30fps,5,54,84.336823
WalkingInStreet_1920x1080_30fps,5,55,82.873251
WalkingInStreet_1920x1080_30fps,5,56,81.249788
WalkingInStreet_1920x1080_30fps,5,58,78.864681
WalkingInStreet_1920x1080_30fps,5,60,73.643602
WalkingInStreet_1920x1080_30fps,5,63,56.18976
ToddlerFountain_1920x1080_2997fps_10bit_420,5,20,99.954365
ToddlerFountain_1920x1080_2997fps_10bit_420,5,24,99.945883
ToddlerFountain_1920x1080_2997fps_10bit_420,5,27,99.934625
ToddlerFountain_1920x1080_2997fps_10bit_420,5,28,99.932716
ToddlerFountain_1920x1080_2997fps_10bit_420,5,29,99.927779
ToddlerFountain_1920x1080_2997fps_10bit_420,5,30,99.922992
ToddlerFountain_1920x1080_2997fps_10bit_420,5,31,99.802395
ToddlerFountain_1920x1080_2997fps_10bit_420,5,32,99.449763
ToddlerFountain_1920x1080_2997fps_10bit_420,5,33,98.870588
ToddlerFountain_1920x1080_2997fps_10bit_420,5,34,98.347089
ToddlerFountain_1920x1080_2997fps_10bit_420,5,35,97.448816
ToddlerFountain_1920x1080_2997fps_10bit_420,5,36,96.246686
ToddlerFountain_1920x1080_2997fps_10bit_420,5,37,94.818085
ToddlerFountain_1920x1080_2997fps_10bit_420,5,38,93.084861
ToddlerFountain_1920x1080_2997fps_10bit_420,5,39,91.590955
ToddlerFountain_1920x1080_2997fps_10bit_420,5,40,90.003451
ToddlerFountain_1920x1080_2997fps_10bit_420,5,41,88.138773
ToddlerFountain_1920x1080_2997fps_10bit_420,5,42,86.497036
ToddlerFountain_1920x1080_2997fps_10bit_420,5,43,84.574518
ToddlerFountain_1920x1080_2997fps_10bit_420,5,44,82.613217
ToddlerFountain_1920x1080_2997fps_10bit_420,5,45,80.518219
ToddlerFountain_1920x1080_2997fps_10bit_420,5,46,78.249754
ToddlerFountain_1920x1080_2997fps_10bit_420,5,47,76.178466
ToddlerFountain_1920x1080_2997fps_10bit_420,5,48,73.561614
ToddlerFountain_1920x1080_2997fps_10bit_420,5,49,71.428489
ToddlerFountain_1920x1080_2997fps_10bit_420,5,50,69.316109
ToddlerFountain_1920x1080_2997fps_10bit_420,5,51,66.742444
ToddlerFountain_1920x1080_2997fps_10bit_420,5,52,64.515203
ToddlerFountain_1920x1080_2997fps_10bit_420,5,53,61.846483
ToddlerFountain_1920x1080_2997fps_10bit_420,5,54,58.980956
ToddlerFountain_1920x1080_2997fps_10bit_420,5,55,56.336565
ToddlerFountain_1920x1080_2997fps_10bit_420,5,56,52.611114
ToddlerFountain_1920x1080_2997fps_10bit_420,5,58,47.479003
ToddlerFountain_1920x1080_2997fps_10bit_420,5,60,40.460408
ToddlerFountain_1920x1080_2997fps_10bit_420,5,63,19.502959
Vertical_bees_1080x1920_2997,5,20,98.752176
Vertical_bees_1080x1920_2997,5,24,98.436378
Vertical_bees_1080x1920_2997,5,27,97.944961
Vertical_bees_1080x1920_2997,5,28,97.7768
Vertical_bees_1080x1920_2997,5,29,97.606266
Vertical_bees_1080x1920_2997,5,30,97.458199
Vertical_bees_1080x1920_2997,5,31,97.252446
Vertical_bees_1080x1920_2997,5,32,97.025464
Vertical_bees_1080x1920_2997,5,33,96.818029
Vertical_bees_1080x1920_2997,5,34,96.604172
Vertical_bees_1080x1920_2997,5,35,96.386033
Vertical_bees_1080x1920_2997,5,36,96.167974
Vertical_bees_1080x1920_2997,5,37,95.850228
Vertical_bees_1080x1920_2997,5,38,95.574554
Vertical_bees_1080x1920_2997,5,39,95.340443
Vertical_bees_1080x1920_2997,5,40,95.107838
Vertical_bees_1080x1920_2997,5,41,94.831528
Vertical_bees_1080x1920_2997,5,42,94.609004
Vertical_bees_1080x1920_2997,5,43,94.325576
Vertical_bees_1080x1920_2997,5,44,94.055891
Vertical_bees_1080x1920_2997,5,45,93.809757
Vertical_bees_1080x1920_2997,5,46,93.546445
Vertical_bees_1080x1920_2997,5,47,93.308534
Vertical_bees_1080x1920_2997,5,48,93.073172
Vertical_bees_1080x1920_2997,5,49,92.804228
Vertical_bees_1080x1920_2997,5,50,92.531994
Vertical_bees_1080x1920_2997,5,51,92.186274
Vertical_bees_1080x1920_2997,5,52,91.773228
Vertical_bees_1080x1920_2997,5,53,91.43086
Vertical_bees_1080x1920_2997,5,54,91.047511
Vertical_bees_1080x1920_2997,5,55,90.479106
Vertical_bees_1080x1920_2997,5,56,89.830815
Vertical_bees_1080x1920_2997,5,58,88.459587
Vertical_bees_1080x1920_2997,5,60,86.190746
Vertical_bees_1080x1920_2997,5,63,76.75952
Wikipedia_1920x1080p30,5,20,98.698431
Wikipedia_1920x1080p30,5,24,98.689298
Wikipedia_1920x1080p30,5,27,98.686479
Wikipedia_1920x1080p30,5,28,98.68403
Wikipedia_1920x1080p30,5,29,98.682348
Wikipedia_1920x1080p30,5,30,98.681093
Wikipedia_1920x1080p30,5,31,98.676054
Wikipedia_1920x1080p30,5,32,98.672087
Wikipedia_1920x1080p30,5,33,98.683916
Wikipedia_1920x1080p30,5,34,98.676701
Wikipedia_1920x1080p30,5,35,98.663585
Wikipedia_1920x1080p30,5,36,98.6597
Wikipedia_1920x1080p30,5,37,98.640203
Wikipedia_1920x1080p30,5,38,98.647248
Wikipedia_1920x1080p30,5,39,98.646647
Wikipedia_1920x1080p30,5,40,98.639574
Wikipedia_1920x1080p30,5,41,98.616951
Wikipedia_1920x1080p30,5,42,98.609397
Wikipedia_1920x1080p30,5,43,98.583757
Wikipedia_1920x1080p30,5,44,98.563814
Wikipedia_1920x1080p30,5,45,98.56698
Wikipedia_1920x1080p30,5,46,98.558213
Wikipedia_1920x1080p30,5,47,98.526825
Wikipedia_1920x1080p30,5,48,98.498489
Wikipedia_1920x1080p30,5,49,98.448025
Wikipedia_1920x1080p30,5,50,98.431341
Wikipedia_1920x1080p30,5,51,98.416863
Wikipedia_1920x1080p30,5,52,98.384452
Wikipedia_1920x1080p30,5,53,98.317119
Wikipedia_1920x1080p30,5,54,98.301259
Wikipedia_1920x1080p30,5,55,98.246414
Wikipedia_1920x1080p30,5,56,98.151074
Wikipedia_1920x1080p30,5,58,97.985609
Wikipedia_1920x1080p30,5,60,97.698333
Wikipedia_1920x1080p30,5,63,96.330821
Spreadsheet_1920x1080_30fps_8bit_420_130f,5,20,97.415767
Spreadsheet_1920x1080_30fps_8bit_420_130f,5,24,97.383784
Spreadsheet_1920x1080_30fps_8bit_420_130f,5,27,97.325168
Spreadsheet_1920x1080_30fps_8bit_420_130f,5,28,97.296836
Spreadsheet_1920x1080_30fps_8bit_420_130f,5,29,97.281802
Spreadsheet_1920x1080_30fps_8bit_420_130f,5,30,97.265763
Spreadsheet_1920x1080_30fps_8bit_420_130f,5,31,97.219522
Spreadsheet_1920x1080_30fps_8bit_420_130f,5,32,97.201097
Spreadsheet_1920x1080_30fps_8bit_420_130f,5,33,97.183373
Spreadsheet_1920x1080_30fps_8bit_420_130f,5,34,97.149418
Spreadsheet_1920x1080_30fps_8bit_420_130f,5,35,97.114989
Spreadsheet_1920x1080_30fps_8bit_420_130f,5,36,97.094024
Spreadsheet_1920x1080_30fps_8bit_420_130f,5,37,97.030372
Spreadsheet_1920x1080_30fps_8bit_420_130f,5,38,96.984104
Spreadsheet_1920x1080_30fps_8bit_420_130f,5,39,96.934798
Spreadsheet_1920x1080_30fps_8bit_420_130f,5,40,96.892108
Spreadsheet_1920x1080_30fps_8bit_420_130f,5,41,96.805018
Spreadsheet_1920x1080_30fps_8bit_420_130f,5,42,96.750499
Spreadsheet_1920x1080_30fps_8bit_420_130f,5,43,96.709134
Spreadsheet_1920x1080_30fps_8bit_420_130f,5,44,96.652372
Spreadsheet_1920x1080_30fps_8bit_420_130f,5,45,96.605106
Spreadsheet_1920x1080_30fps_8bit_420_130f,5,46,96.517333
Spreadsheet_1920x1080_30fps_8bit_420_130f,5,47,96.429234
Spreadsheet_1920x1080_30fps_8bit_420_130f,5,48,96.396883
Spreadsheet_1920x1080_30fps_8bit_420_130f,5,49,96.275909
Spreadsheet_1920x1080_30fps_8bit_420_130f,5,50,96.202705
Spreadsheet_1920x1080_30fps_8bit_420_130f,5,51,96.075435
Spreadsheet_1920x1080_30fps_8bit_420_130f,5,52,95.946836
Spreadsheet_1920x1080_30fps_8bit_420_130f,5,53,95.816642
Spreadsheet_1920x1080_30fps_8bit_420_130f,5,54,95.709943
Spreadsheet_1920x1080_30fps_8bit_420_130f,5,55,95.490306
Spreadsheet_1920x1080_30fps_8bit_420_130f,5,56,95.349131
Spreadsheet_1920x1080_30fps_8bit_420_130f,5,58,94.802505
Spreadsheet_1920x1080_30fps_8bit_420_130f,5,60,94.069952
Spreadsheet_1920x1080_30fps_8bit_420_130f,5,63,90.760374
TreesAndGrass_1920_1080_30fps_8bit,5,20,99.965824
TreesAndGrass_1920_1080_30fps_8bit,5,24,99.962068
TreesAndGrass_1920_1080_30fps_8bit,5,27,99.955949
TreesAndGrass_1920_1080_30fps_8bit,5,28,99.954207
TreesAndGrass_1920_1080_30fps_8bit,5,29,99.952894
TreesAndGrass_1920_1080_30fps_8bit,5,30,99.945209
TreesAndGrass_1920_1080_30fps_8bit,5,31,99.935005
TreesAndGrass_1920_1080_30fps_8bit,5,32,99.921351
TreesAndGrass_1920_1080_30fps_8bit,5,33,99.907239
TreesAndGrass_1920_1080_30fps_8bit,5,34,99.889434
TreesAndGrass_1920_1080_30fps_8bit,5,35,99.860366
TreesAndGrass_1920_1080_30fps_8bit,5,36,99.81136
TreesAndGrass_1920_1080_30fps_8bit,5,37,99.765112
TreesAndGrass_1920_1080_30fps_8bit,5,38,99.710478
TreesAndGrass_1920_1080_30fps_8bit,5,39,99.648136
TreesAndGrass_1920_1080_30fps_8bit,5,40,99.599082
TreesAndGrass_1920_1080_30fps_8bit,5,41,99.529912
TreesAndGrass_1920_1080_30fps_8bit,5,42,99.469784
TreesAndGrass_1920_1080_30fps_8bit,5,43,99.401752
TreesAndGrass_1920_1080_30fps_8bit,5,44,99.310738
TreesAndGrass_1920_1080_30fps_8bit,5,45,99.220469
TreesAndGrass_1920_1080_30fps_8bit,5,46,99.071988
TreesAndGrass_1920_1080_30fps_8bit,5,47,98.873375
TreesAndGrass_1920_1080_30fps_8bit,5,48,98.553607
TreesAndGrass_1920_1080_30fps_8bit,5,49,98.173347
TreesAndGrass_1920_1080_30fps_8bit,5,50,97.762181
TreesAndGrass_1920_1080_30fps_8bit,5,51,97.279814
TreesAndGrass_1920_1080_30fps_8bit,5,52,96.692317
TreesAndGrass_1920_1080_30fps_8bit,5,53,95.965076
TreesAndGrass_1920_1080_30fps_8bit,5,54,95.099603
TreesAndGrass_1920_1080_30fps_8bit,5,55,94.026581
TreesAndGrass_1920_1080_30fps_8bit,5,56,92.865543
TreesAndGrass_1920_1080_30fps_8bit,5,58,90.123654
TreesAndGrass_1920_1080_30fps_8bit,5,60,84.875767
TreesAndGrass_1920_1080_30fps_8bit,5,63,67.567328
Crosswalk_3840x2160_5994fps_10bit_420,5,20,95.744672
Crosswalk_3840x2160_5994fps_10bit_420,5,24,94.800391
Crosswalk_3840x2160_5994fps_10bit_420,5,27,93.640395
Crosswalk_3840x2160_5994fps_10bit_420,5,28,93.300444
Crosswalk_3840x2160_5994fps_10bit_420,5,29,92.94259
Crosswalk_3840x2160_5994fps_10bit_420,5,30,92.583353
Crosswalk_3840x2160_5994fps_10bit_420,5,31,92.099708
Crosswalk_3840x2160_5994fps_10bit_420,5,32,91.578187
Crosswalk_3840x2160_5994fps_10bit_420,5,33,91.115234
Crosswalk_3840x2160_5994fps_10bit_420,5,34,90.677903
Crosswalk_3840x2160_5994fps_10bit_420,5,35,90.104398
Crosswalk_3840x2160_5994fps_10bit_420,5,36,89.5565
Crosswalk_3840x2160_5994fps_10bit_420,5,37,89.053633
Crosswalk_3840x2160_5994fps_10bit_420,5,38,88.503261
Crosswalk_3840x2160_5994fps_10bit_420,5,39,87.886185
Crosswalk_3840x2160_5994fps_10bit_420,5,40,87.33868
Crosswalk_3840x2160_5994fps_10bit_420,5,41,86.597622
Crosswalk_3840x2160_5994fps_10bit_420,5,42,85.975211
Crosswalk_3840x2160_5994fps_10bit_420,5,43,85.229059
Crosswalk_3840x2160_5994fps_10bit_420,5,44,84.664395
Crosswalk_3840x2160_5994fps_10bit_420,5,45,83.980801
Crosswalk_3840x2160_5994fps_10bit_420,5,46,83.251907
Crosswalk_3840x2160_5994fps_10bit_420,5,47,82.637934
Crosswalk_3840x2160_5994fps_10bit_420,5,48,81.886717
Crosswalk_3840x2160_5994fps_10bit_420,5,49,81.147017
Crosswalk_3840x2160_5994fps_10bit_420,5,50,80.247387
Crosswalk_3840x2160_5994fps_10bit_420,5,51,79.402472
Crosswalk_3840x2160_5994fps_10bit_420,5,52,78.461982
Crosswalk_3840x2160_5994fps_10bit_420,5,53,77.66378
Crosswalk_3840x2160_5994fps_10bit_420,5,54,76.623811
Crosswalk_3840x2160_5994fps_10bit_420,5,55,75.375137
Crosswalk_3840x2160_5994fps_10bit_420,5,56,73.980756
Crosswalk_3840x2160_5994fps_10bit_420,5,58,71.49848
Crosswalk_3840x2160_5994fps_10bit_420,5,60,67.169277
Crosswalk_3840x2160_5994fps_10bit_420,5,63,51.499275
NocturneDance_3840x2160p_10bit_60fps,5,20,95.18086
NocturneDance_3840x2160p_10bit_60fps,5,24,93.679451
NocturneDance_3840x2160p_10bit_60fps,5,27,91.640273
NocturneDance_3840x2160p_10bit_60fps,5,28,90.95335
NocturneDance_3840x2160p_10bit_60fps,5,29,90.213612
NocturneDance_3840x2160p_10bit_60fps,5,30,89.465392
NocturneDance_3840x2160p_10bit_60fps,5,31,88.397563
NocturneDance_3840x2160p_10bit_60fps,5,34,85.075981
NocturneDance_3840x2160p_10bit_60fps,5,35,83.625458
NocturneDance_3840x2160p_10bit_60fps,5,32,87.257408
NocturneDance_3840x2160p_10bit_60fps,5,33,86.193001
NocturneDance_3840x2160p_10bit_60fps,5,36,82.234711
NocturneDance_3840x2160p_10bit_60fps,5,37,80.868022
NocturneDance_3840x2160p_10bit_60fps,5,38,79.293768
NocturneDance_3840x2160p_10bit_60fps,5,39,77.415123
NocturneDance_3840x2160p_10bit_60fps,5,40,75.679241
NocturneDance_3840x2160p_10bit_60fps,5,41,73.613571
NocturneDance_3840x2160p_10bit_60fps,5,42,71.734038
NocturneDance_3840x2160p_10bit_60fps,5,43,69.766331
NocturneDance_3840x2160p_10bit_60fps,5,44,67.58416
NocturneDance_3840x2160p_10bit_60fps,5,45,65.686603
NocturneDance_3840x2160p_10bit_60fps,5,46,63.641894
NocturneDance_3840x2160p_10bit_60fps,5,47,61.673486
NocturneDance_3840x2160p_10bit_60fps,5,48,59.407152
NocturneDance_3840x2160p_10bit_60fps,5,49,57.416143
NocturneDance_3840x2160p_10bit_60fps,5,50,55.118379
NocturneDance_3840x2160p_10bit_60fps,5,51,52.808303
NocturneDance_3840x2160p_10bit_60fps,5,52,50.249309
NocturneDance_3840x2160p_10bit_60fps,5,53,48.073234
NocturneDance_3840x2160p_10bit_60fps,5,54,45.589188
NocturneDance_3840x2160p_10bit_60fps,5,55,42.826856
NocturneDance_3840x2160p_10bit_60fps,5,56,39.37923
NocturneDance_3840x2160p_10bit_60fps,5,58,36.32867
NocturneDance_3840x2160p_10bit_60fps,5,60,30.75087
NocturneDance_3840x2160p_10bit_60fps,5,63,15.0722
Neon1224_3840x2160_2997fps,5,20,99.950444
Neon1224_3840x2160_2997fps,5,24,99.945595
Neon1224_3840x2160_2997fps,5,27,99.939453
Neon1224_3840x2160_2997fps,5,28,99.936548
Neon1224_3840x2160_2997fps,5,29,99.928472
Neon1224_3840x2160_2997fps,5,30,99.916479
Neon1224_3840x2160_2997fps,5,31,99.881529
Neon1224_3840x2160_2997fps,5,32,99.795965
Neon1224_3840x2160_2997fps,5,33,99.707538
Neon1224_3840x2160_2997fps,5,34,99.591411
Neon1224_3840x2160_2997fps,5,35,99.366027
Neon1224_3840x2160_2997fps,5,36,99.078797
Neon1224_3840x2160_2997fps,5,37,98.707043
Neon1224_3840x2160_2997fps,5,38,98.222804
Neon1224_3840x2160_2997fps,5,39,97.690346
Neon1224_3840x2160_2997fps,5,40,97.046865
Neon1224_3840x2160_2997fps,5,41,96.182914
Neon1224_3840x2160_2997fps,5,42,95.41769
Neon1224_3840x2160_2997fps,5,43,94.358218
Neon1224_3840x2160_2997fps,5,44,93.278313
Neon1224_3840x2160_2997fps,5,45,92.098443
Neon1224_3840x2160_2997fps,5,46,90.905114
Neon1224_3840x2160_2997fps,5,47,89.571192
Neon1224_3840x2160_2997fps,5,48,87.922018
Neon1224_3840x2160_2997fps,5,49,86.746937
Neon1224_3840x2160_2997fps,5,50,85.099639
Neon1224_3840x2160_2997fps,5,51,83.435176
Neon1224_3840x2160_2997fps,5,52,81.892003
Neon1224_3840x2160_2997fps,5,53,80.057774
Neon1224_3840x2160_2997fps,5,54,77.942676
Neon1224_3840x2160_2997fps,5,55,76.10022
Neon1224_3840x2160_2997fps,5,56,72.942458
Neon1224_3840x2160_2997fps,5,58,68.464605
Neon1224_3840x2160_2997fps,5,60,62.417284
Neon1224_3840x2160_2997fps,5,63,38.731814
PierSeaSide_3840x2160_2997fps_10bit_420_v2,5,20,99.633684
PierSeaSide_3840x2160_2997fps_10bit_420_v2,5,24,99.443087
PierSeaSide_3840x2160_2997fps_10bit_420_v2,5,27,99.176043
PierSeaSide_3840x2160_2997fps_10bit_420_v2,5,28,99.089954
PierSeaSide_3840x2160_2997fps_10bit_420_v2,5,29,98.897376
PierSeaSide_3840x2160_2997fps_10bit_420_v2,5,30,98.789376
PierSeaSide_3840x2160_2997fps_10bit_420_v2,5,31,98.625994
PierSeaSide_3840x2160_2997fps_10bit_420_v2,5,32,98.45416
PierSeaSide_3840x2160_2997fps_10bit_420_v2,5,33,98.312327
PierSeaSide_3840x2160_2997fps_10bit_420_v2,5,34,98.146186
PierSeaSide_3840x2160_2997fps_10bit_420_v2,5,35,97.932508
PierSeaSide_3840x2160_2997fps_10bit_420_v2,5,36,97.721082
PierSeaSide_3840x2160_2997fps_10bit_420_v2,5,37,97.519672
PierSeaSide_3840x2160_2997fps_10bit_420_v2,5,38,97.311062
PierSeaSide_3840x2160_2997fps_10bit_420_v2,5,39,97.074121
PierSeaSide_3840x2160_2997fps_10bit_420_v2,5,40,96.860019
PierSeaSide_3840x2160_2997fps_10bit_420_v2,5,41,96.583289
PierSeaSide_3840x2160_2997fps_10bit_420_v2,5,42,96.298458
PierSeaSide_3840x2160_2997fps_10bit_420_v2,5,43,96.010343
PierSeaSide_3840x2160_2997fps_10bit_420_v2,5,44,95.737743
PierSeaSide_3840x2160_2997fps_10bit_420_v2,5,45,95.45251
PierSeaSide_3840x2160_2997fps_10bit_420_v2,5,46,95.791788
PierSeaSide_3840x2160_2997fps_10bit_420_v2,5,47,94.916345
PierSeaSide_3840x2160_2997fps_10bit_420_v2,5,48,94.58128
PierSeaSide_3840x2160_2997fps_10bit_420_v2,5,49,94.2027
PierSeaSide_3840x2160_2997fps_10bit_420_v2,5,50,93.895313
PierSeaSide_3840x2160_2997fps_10bit_420_v2,5,51,93.547706
PierSeaSide_3840x2160_2997fps_10bit_420_v2,5,52,93.129769
PierSeaSide_3840x2160_2997fps_10bit_420_v2,5,53,92.855791
PierSeaSide_3840x2160_2997fps_10bit_420_v2,5,54,92.322382
PierSeaSide_3840x2160_2997fps_10bit_420_v2,5,55,91.839904
PierSeaSide_3840x2160_2997fps_10bit_420_v2,5,56,91.222689
PierSeaSide_3840x2160_2997fps_10bit_420_v2,5,58,90.056371
PierSeaSide_3840x2160_2997fps_10bit_420_v2,5,60,88.050205
PierSeaSide_3840x2160_2997fps_10bit_420_v2,5,63,80.133575
FoodMarket2_3840x2160_5994fps_10bit_420,5,20,99.954486
FoodMarket2_3840x2160_5994fps_10bit_420,5,24,99.950629
FoodMarket2_3840x2160_5994fps_10bit_420,5,27,99.94462
FoodMarket2_3840x2160_5994fps_10bit_420,5,28,99.942018
FoodMarket2_3840x2160_5994fps_10bit_420,5,29,99.940812
FoodMarket2_3840x2160_5994fps_10bit_420,5,30,99.93849
FoodMarket2_3840x2160_5994fps_10bit_420,5,31,99.936051
FoodMarket2_3840x2160_5994fps_10bit_420,5,32,99.933574
FoodMarket2_3840x2160_5994fps_10bit_420,5,33,99.932429
FoodMarket2_3840x2160_5994fps_10bit_420,5,34,99.929906
FoodMarket2_3840x2160_5994fps_10bit_420,5,35,99.926174
FoodMarket2_3840x2160_5994fps_10bit_420,5,36,99.923429
FoodMarket2_3840x2160_5994fps_10bit_420,5,37,99.920388
FoodMarket2_3840x2160_5994fps_10bit_420,5,38,99.916895
FoodMarket2_3840x2160_5994fps_10bit_420,5,39,99.912161
FoodMarket2_3840x2160_5994fps_10bit_420,5,40,99.903311
FoodMarket2_3840x2160_5994fps_10bit_420,5,41,99.855052
FoodMarket2_3840x2160_5994fps_10bit_420,5,42,99.79841
FoodMarket2_3840x2160_5994fps_10bit_420,5,43,99.717678
FoodMarket2_3840x2160_5994fps_10bit_420,5,44,99.60557
FoodMarket2_3840x2160_5994fps_10bit_420,5,45,99.459565
FoodMarket2_3840x2160_5994fps_10bit_420,5,46,99.280392
FoodMarket2_3840x2160_5994fps_10bit_420,5,47,99.080506
FoodMarket2_3840x2160_5994fps_10bit_420,5,48,98.776772
FoodMarket2_3840x2160_5994fps_10bit_420,5,49,98.458713
FoodMarket2_3840x2160_5994fps_10bit_420,5,50,98.035535
FoodMarket2_3840x2160_5994fps_10bit_420,5,51,97.568021
FoodMarket2_3840x2160_5994fps_10bit_420,5,52,96.934473
FoodMarket2_3840x2160_5994fps_10bit_420,5,53,96.276504
FoodMarket2_3840x2160_5994fps_10bit_420,5,54,95.469738
FoodMarket2_3840x2160_5994fps_10bit_420,5,55,94.510779
FoodMarket2_3840x2160_5994fps_10bit_420,5,56,93.187668
FoodMarket2_3840x2160_5994fps_10bit_420,5,58,90.844593
FoodMarket2_3840x2160_5994fps_10bit_420,5,60,86.57138
FoodMarket2_3840x2160_5994fps_10bit_420,5,63,70.626694
BoxingPractice_3840x2160_5994fps_10bit_420,5,20,99.961052
BoxingPractice_3840x2160_5994fps_10bit_420,5,24,99.958578
BoxingPractice_3840x2160_5994fps_10bit_420,5,27,99.955184
BoxingPractice_3840x2160_5994fps_10bit_420,5,28,99.952721
BoxingPractice_3840x2160_5994fps_10bit_420,5,29,99.947439
BoxingPractice_3840x2160_5994fps_10bit_420,5,30,99.938027
BoxingPractice_3840x2160_5994fps_10bit_420,5,31,99.918482
BoxingPractice_3840x2160_5994fps_10bit_420,5,32,99.836817
BoxingPractice_3840x2160_5994fps_10bit_420,5,33,99.754521
BoxingPractice_3840x2160_5994fps_10bit_420,5,34,99.641508
BoxingPractice_3840x2160_5994fps_10bit_420,5,35,99.461013
BoxingPractice_3840x2160_5994fps_10bit_420,5,36,99.275525
BoxingPractice_3840x2160_5994fps_10bit_420,5,37,99.056179
BoxingPractice_3840x2160_5994fps_10bit_420,5,38,98.847787
BoxingPractice_3840x2160_5994fps_10bit_420,5,39,98.567167
BoxingPractice_3840x2160_5994fps_10bit_420,5,40,98.319522
BoxingPractice_3840x2160_5994fps_10bit_420,5,41,97.999727
BoxingPractice_3840x2160_5994fps_10bit_420,5,42,97.690383
BoxingPractice_3840x2160_5994fps_10bit_420,5,43,97.349353
BoxingPractice_3840x2160_5994fps_10bit_420,5,44,97.045216
BoxingPractice_3840x2160_5994fps_10bit_420,5,45,96.665236
BoxingPractice_3840x2160_5994fps_10bit_420,5,46,96.33626
BoxingPractice_3840x2160_5994fps_10bit_420,5,47,96.000717
BoxingPractice_3840x2160_5994fps_10bit_420,5,48,95.598358
BoxingPractice_3840x2160_5994fps_10bit_420,5,49,95.19614
BoxingPractice_3840x2160_5994fps_10bit_420,5,50,94.724244
BoxingPractice_3840x2160_5994fps_10bit_420,5,51,94.320926
BoxingPractice_3840x2160_5994fps_10bit_420,5,52,93.830216
BoxingPractice_3840x2160_5994fps_10bit_420,5,53,93.427292
BoxingPractice_3840x2160_5994fps_10bit_420,5,54,92.835153
BoxingPractice_3840x2160_5994fps_10bit_420,5,55,92.02656
BoxingPractice_3840x2160_5994fps_10bit_420,5,56,91.116131
BoxingPractice_3840x2160_5994fps_10bit_420,5,58,90.035828
BoxingPractice_3840x2160_5994fps_10bit_420,5,60,87.412826
BoxingPractice_3840x2160_5994fps_10bit_420,5,63,75.895319
Tango_3840x2160_5994fps_10bit_420,5,20,97.930952
Tango_3840x2160_5994fps_10bit_420,5,24,96.794252
Tango_3840x2160_5994fps_10bit_420,5,27,95.582182
Tango_3840x2160_5994fps_10bit_420,5,28,95.256247
Tango_3840x2160_5994fps_10bit_420,5,29,94.916593
Tango_3840x2160_5994fps_10bit_420,5,30,94.586678
Tango_3840x2160_5994fps_10bit_420,5,31,94.112617
Tango_3840x2160_5994fps_10bit_420,5,32,93.592115
Tango_3840x2160_5994fps_10bit_420,5,33,93.169405
Tango_3840x2160_5994fps_10bit_420,5,34,92.691182
Tango_3840x2160_5994fps_10bit_420,5,35,92.10075
Tango_3840x2160_5994fps_10bit_420,5,36,91.540979
Tango_3840x2160_5994fps_10bit_420,5,37,91.053548
Tango_3840x2160_5994fps_10bit_420,5,38,90.505142
Tango_3840x2160_5994fps_10bit_420,5,39,89.896659
Tango_3840x2160_5994fps_10bit_420,5,40,89.363833
Tango_3840x2160_5994fps_10bit_420,5,41,88.698702
Tango_3840x2160_5994fps_10bit_420,5,42,88.056909
Tango_3840x2160_5994fps_10bit_420,5,43,87.34765
Tango_3840x2160_5994fps_10bit_420,5,44,86.670113
Tango_3840x2160_5994fps_10bit_420,5,45,85.961113
Tango_3840x2160_5994fps_10bit_420,5,46,85.265345
Tango_3840x2160_5994fps_10bit_420,5,47,84.672905
Tango_3840x2160_5994fps_10bit_420,5,48,83.859495
Tango_3840x2160_5994fps_10bit_420,5,49,83.112209
Tango_3840x2160_5994fps_10bit_420,5,50,82.250991
Tango_3840x2160_5994fps_10bit_420,5,51,81.285823
Tango_3840x2160_5994fps_10bit_420,5,52,80.346425
Tango_3840x2160_5994fps_10bit_420,5,53,79.403454
Tango_3840x2160_5994fps_10bit_420,5,54,78.265663
Tango_3840x2160_5994fps_10bit_420,5,55,76.964075
Tango_3840x2160_5994fps_10bit_420,5,56,75.296142
Tango_3840x2160_5994fps_10bit_420,5,58,72.833889
Tango_3840x2160_5994fps_10bit_420,5,60,68.555057
Tango_3840x2160_5994fps_10bit_420,5,63,52.828341
TimeLapse_3840x2160_5994fps_10bit_420,5,20,95.416125
TimeLapse_3840x2160_5994fps_10bit_420,5,24,94.974586
TimeLapse_3840x2160_5994fps_10bit_420,5,27,94.42361
TimeLapse_3840x2160_5994fps_10bit_420,5,28,94.271102
TimeLapse_3840x2160_5994fps_10bit_420,5,29,94.105475
TimeLapse_3840x2160_5994fps_10bit_420,5,30,93.949943
TimeLapse_3840x2160_5994fps_10bit_420,5,31,93.715993
TimeLapse_3840x2160_5994fps_10bit_420,5,32,93.49621
TimeLapse_3840x2160_5994fps_10bit_420,5,33,93.291884
TimeLapse_3840x2160_5994fps_10bit_420,5,34,93.063751
TimeLapse_3840x2160_5994fps_10bit_420,5,35,92.790778
TimeLapse_3840x2160_5994fps_10bit_420,5,36,92.543439
TimeLapse_3840x2160_5994fps_10bit_420,5,37,92.281889
TimeLapse_3840x2160_5994fps_10bit_420,5,38,92.017294
TimeLapse_3840x2160_5994fps_10bit_420,5,39,91.734804
TimeLapse_3840x2160_5994fps_10bit_420,5,40,91.470681
TimeLapse_3840x2160_5994fps_10bit_420,5,41,91.125732
TimeLapse_3840x2160_5994fps_10bit_420,5,42,90.862831
TimeLapse_3840x2160_5994fps_10bit_420,5,43,90.538381
TimeLapse_3840x2160_5994fps_10bit_420,5,44,90.217916
TimeLapse_3840x2160_5994fps_10bit_420,5,45,89.901248
TimeLapse_3840x2160_5994fps_10bit_420,5,46,89.610096
TimeLapse_3840x2160_5994fps_10bit_420,5,47,89.282456
TimeLapse_3840x2160_5994fps_10bit_420,5,48,88.928229
TimeLapse_3840x2160_5994fps_10bit_420,5,49,88.606034
TimeLapse_3840x2160_5994fps_10bit_420,5,50,88.235295
TimeLapse_3840x2160_5994fps_10bit_420,5,51,87.849541
TimeLapse_3840x2160_5994fps_10bit_420,5,52,87.474454
TimeLapse_3840x2160_5994fps_10bit_420,5,53,87.078863
TimeLapse_3840x2160_5994fps_10bit_420,5,54,86.587334
TimeLapse_3840x2160_5994fps_10bit_420,5,55,86.04193
TimeLapse_3840x2160_5994fps_10bit_420,5,56,85.335165
TimeLapse_3840x2160_5994fps_10bit_420,5,58,83.93088
TimeLapse_3840x2160_5994fps_10bit_420,5,60,81.710382
TimeLapse_3840x2160_5994fps_10bit_420,5,63,72.989938
SparksElevator_480x270p_5994_10bit,4,20,96.792034
SparksElevator_480x270p_5994_10bit,4,24,96.022294
SparksElevator_480x270p_5994_10bit,4,27,94.966263
SparksElevator_480x270p_5994_10bit,4,28,94.666749
SparksElevator_480x270p_5994_10bit,4,29,94.365031
SparksElevator_480x270p_5994_10bit,4,30,93.967607
SparksElevator_480x270p_5994_10bit,4,31,93.535285
SparksElevator_480x270p_5994_10bit,4,32,93.004955
SparksElevator_480x270p_5994_10bit,4,33,92.574528
SparksElevator_480x270p_5994_10bit,4,34,92.024751
SparksElevator_480x270p_5994_10bit,4,35,91.449143
SparksElevator_480x270p_5994_10bit,4,36,90.899744
SparksElevator_480x270p_5994_10bit,4,37,90.428951
SparksElevator_480x270p_5994_10bit,4,38,89.771001
SparksElevator_480x270p_5994_10bit,4,39,89.135559
SparksElevator_480x270p_5994_10bit,4,40,88.718414
SparksElevator_480x270p_5994_10bit,4,41,88.019567
SparksElevator_480x270p_5994_10bit,4,42,87.489594
SparksElevator_480x270p_5994_10bit,4,43,86.841766
SparksElevator_480x270p_5994_10bit,4,44,86.272034
SparksElevator_480x270p_5994_10bit,4,45,85.545667
SparksElevator_480x270p_5994_10bit,4,46,85.015198
SparksElevator_480x270p_5994_10bit,4,47,84.356057
SparksElevator_480x270p_5994_10bit,4,48,83.548794
SparksElevator_480x270p_5994_10bit,4,49,82.857226
SparksElevator_480x270p_5994_10bit,4,50,82.169881
SparksElevator_480x270p_5994_10bit,4,51,81.410184
SparksElevator_480x270p_5994_10bit,4,52,80.747895
SparksElevator_480x270p_5994_10bit,4,53,79.701447
SparksElevator_480x270p_5994_10bit,4,54,78.745761
SparksElevator_480x270p_5994_10bit,4,55,77.909783
SparksElevator_480x270p_5994_10bit,4,56,76.705601
SparksElevator_480x270p_5994_10bit,4,58,73.590494
SparksElevator_480x270p_5994_10bit,4,60,69.911504
SparksElevator_480x270p_5994_10bit,4,63,56.447538
ParkJoy_480x270_50,4,20,99.551234
ParkJoy_480x270_50,4,24,99.170983
ParkJoy_480x270_50,4,27,98.596319
ParkJoy_480x270_50,4,28,98.336703
ParkJoy_480x270_50,4,29,98.048129
ParkJoy_480x270_50,4,30,97.736645
ParkJoy_480x270_50,4,31,97.391675
ParkJoy_480x270_50,4,32,96.831489
ParkJoy_480x270_50,4,33,96.286394
ParkJoy_480x270_50,4,34,95.714006
ParkJoy_480x270_50,4,35,95.22415
ParkJoy_480x270_50,4,36,94.461867
ParkJoy_480x270_50,4,37,93.774481
ParkJoy_480x270_50,4,38,92.952373
ParkJoy_480x270_50,4,39,92.309459
ParkJoy_480x270_50,4,40,91.597147
ParkJoy_480x270_50,4,41,90.771915
ParkJoy_480x270_50,4,42,90.078062
ParkJoy_480x270_50,4,43,89.337727
ParkJoy_480x270_50,4,44,88.42371
ParkJoy_480x270_50,4,45,87.862844
ParkJoy_480x270_50,4,46,87.257208
ParkJoy_480x270_50,4,47,86.385457
ParkJoy_480x270_50,4,48,85.620331
ParkJoy_480x270_50,4,49,84.918885
ParkJoy_480x270_50,4,50,83.952993
ParkJoy_480x270_50,4,51,83.228196
ParkJoy_480x270_50,4,52,82.363483
ParkJoy_480x270_50,4,53,81.145725
ParkJoy_480x270_50,4,54,80.13171
ParkJoy_480x270_50,4,55,78.79723
ParkJoy_480x270_50,4,56,77.212382
ParkJoy_480x270_50,4,58,73.346936
ParkJoy_480x270_50,4,60,68.08943
ParkJoy_480x270_50,4,63,49.21778
BlueSky_360p25,4,20,98.690932
BlueSky_360p25,4,24,98.527117
BlueSky_360p25,4,27,98.284207
BlueSky_360p25,4,28,98.217373
BlueSky_360p25,4,29,98.144806
BlueSky_360p25,4,30,98.059025
BlueSky_360p25,4,31,97.960005
BlueSky_360p25,4,32,97.863157
BlueSky_360p25,4,33,97.751045
BlueSky_360p25,4,34,97.675089
BlueSky_360p25,4,35,97.54397
BlueSky_360p25,4,36,97.464394
BlueSky_360p25,4,37,97.300734
BlueSky_360p25,4,38,97.198268
BlueSky_360p25,4,39,96.97217
BlueSky_360p25,4,40,96.808962
BlueSky_360p25,4,41,96.567034
BlueSky_360p25,4,42,96.348347
BlueSky_360p25,4,43,96.067321
BlueSky_360p25,4,44,95.784268
BlueSky_360p25,4,45,95.542652
BlueSky_360p25,4,46,95.253027
BlueSky_360p25,4,47,95.030711
BlueSky_360p25,4,48,94.757601
BlueSky_360p25,4,49,94.334786
BlueSky_360p25,4,50,94.148431
BlueSky_360p25,4,51,93.821246
BlueSky_360p25,4,52,93.472276
BlueSky_360p25,4,53,93.112909
BlueSky_360p25,4,54,92.936397
BlueSky_360p25,4,55,92.546717
BlueSky_360p25,4,56,91.918174
BlueSky_360p25,4,58,90.318442
BlueSky_360p25,4,60,88.179573
BlueSky_360p25,4,63,77.773773
SnowMountain_640x360_2997,4,20,95.685727
SnowMountain_640x360_2997,4,24,95.405429
SnowMountain_640x360_2997,4,27,95.21294
SnowMountain_640x360_2997,4,28,95.132621
SnowMountain_640x360_2997,4,29,95.105216
SnowMountain_640x360_2997,4,30,95.004961
SnowMountain_640x360_2997,4,31,94.941278
SnowMountain_640x360_2997,4,32,94.929052
SnowMountain_640x360_2997,4,33,94.882522
SnowMountain_640x360_2997,4,34,94.845667
SnowMountain_640x360_2997,4,35,94.814563
SnowMountain_640x360_2997,4,36,94.704939
SnowMountain_640x360_2997,4,37,94.723988
SnowMountain_640x360_2997,4,38,94.652585
SnowMountain_640x360_2997,4,39,94.551994
SnowMountain_640x360_2997,4,40,94.490042
SnowMountain_640x360_2997,4,41,94.379973
SnowMountain_640x360_2997,4,42,94.235129
SnowMountain_640x360_2997,4,43,94.20989
SnowMountain_640x360_2997,4,44,94.137602
SnowMountain_640x360_2997,4,45,94.018521
SnowMountain_640x360_2997,4,46,93.933004
SnowMountain_640x360_2997,4,47,93.773625
SnowMountain_640x360_2997,4,48,93.694733
SnowMountain_640x360_2997,4,49,93.51464
SnowMountain_640x360_2997,4,50,93.421744
SnowMountain_640x360_2997,4,51,93.236189
SnowMountain_640x360_2997,4,52,93.088284
SnowMountain_640x360_2997,4,53,93.006583
SnowMountain_640x360_2997,4,54,92.784388
SnowMountain_640x360_2997,4,55,92.508629
SnowMountain_640x360_2997,4,56,92.356859
SnowMountain_640x360_2997,4,58,91.537317
SnowMountain_640x360_2997,4,60,90.871862
SnowMountain_640x360_2997,4,63,86.517247
RedKayak_360_2997,4,20,99.950805
RedKayak_360_2997,4,24,99.941705
RedKayak_360_2997,4,27,99.851775
RedKayak_360_2997,4,28,99.731848
RedKayak_360_2997,4,29,99.560198
RedKayak_360_2997,4,30,99.370571
RedKayak_360_2997,4,31,98.969103
RedKayak_360_2997,4,32,98.088454
RedKayak_360_2997,4,33,97.369992
RedKayak_360_2997,4,34,96.459891
RedKayak_360_2997,4,35,95.066426
RedKayak_360_2997,4,36,93.442395
RedKayak_360_2997,4,37,92.00325
RedKayak_360_2997,4,38,90.14558
RedKayak_360_2997,4,39,88.428411
RedKayak_360_2997,4,40,86.609311
RedKayak_360_2997,4,41,84.631011
RedKayak_360_2997,4,42,82.607867
RedKayak_360_2997,4,43,80.307686
RedKayak_360_2997,4,44,77.988472
RedKayak_360_2997,4,45,75.685193
RedKayak_360_2997,4,46,73.216907
RedKayak_360_2997,4,47,70.931265
RedKayak_360_2997,4,48,67.853335
RedKayak_360_2997,4,49,65.355195
RedKayak_360_2997,4,50,62.949703
RedKayak_360_2997,4,51,60.272828
RedKayak_360_2997,4,52,57.241908
RedKayak_360_2997,4,53,54.10682
RedKayak_360_2997,4,54,51.079281
RedKayak_360_2997,4,55,47.239872
RedKayak_360_2997,4,56,42.407204
RedKayak_360_2997,4,58,34.403571
RedKayak_360_2997,4,60,25.805366
RedKayak_360_2997,4,63,8.676449
TouchdownPass_640x360_2997,4,20,97.583965
TouchdownPass_640x360_2997,4,24,97.184778
TouchdownPass_640x360_2997,4,27,96.568626
TouchdownPass_640x360_2997,4,28,96.452564
TouchdownPass_640x360_2997,4,29,96.290163
TouchdownPass_640x360_2997,4,30,96.087383
TouchdownPass_640x360_2997,4,31,95.839109
TouchdownPass_640x360_2997,4,32,95.569553
TouchdownPass_640x360_2997,4,33,95.315142
TouchdownPass_640x360_2997,4,34,95.184924
TouchdownPass_640x360_2997,4,35,94.786486
TouchdownPass_640x360_2997,4,36,94.456276
TouchdownPass_640x360_2997,4,37,94.182391
TouchdownPass_640x360_2997,4,38,93.808937
TouchdownPass_640x360_2997,4,39,93.487954
TouchdownPass_640x360_2997,4,40,93.097822
TouchdownPass_640x360_2997,4,41,92.765861
TouchdownPass_640x360_2997,4,42,92.399214
TouchdownPass_640x360_2997,4,43,91.971891
TouchdownPass_640x360_2997,4,44,91.376797
TouchdownPass_640x360_2997,4,45,91.17911
TouchdownPass_640x360_2997,4,46,90.637773
TouchdownPass_640x360_2997,4,47,90.275344
TouchdownPass_640x360_2997,4,48,89.693922
TouchdownPass_640x360_2997,4,49,89.070287
TouchdownPass_640x360_2997,4,50,88.679545
TouchdownPass_640x360_2997,4,51,88.144393
TouchdownPass_640x360_2997,4,52,87.471021
TouchdownPass_640x360_2997,4,53,86.822404
TouchdownPass_640x360_2997,4,54,86.22956
TouchdownPass_640x360_2997,4,55,85.153205
TouchdownPass_640x360_2997,4,56,84.196572
TouchdownPass_640x360_2997,4,58,82.149951
TouchdownPass_640x360_2997,4,60,78.074362
TouchdownPass_640x360_2997,4,63,63.752393
Stockholm_640x360_5994,4,20,99.908494
Stockholm_640x360_5994,4,24,99.852581
Stockholm_640x360_5994,4,27,99.789026
Stockholm_640x360_5994,4,28,99.777003
Stockholm_640x360_5994,4,29,99.727998
Stockholm_640x360_5994,4,30,99.730458
Stockholm_640x360_5994,4,31,99.734938
Stockholm_640x360_5994,4,32,99.633094
Stockholm_640x360_5994,4,33,99.614819
Stockholm_640x360_5994,4,34,99.602569
Stockholm_640x360_5994,4,35,99.494974
Stockholm_640x360_5994,4,36,99.433376
Stockholm_640x360_5994,4,37,99.324524
Stockholm_640x360_5994,4,38,99.277779
Stockholm_640x360_5994,4,39,99.1958
Stockholm_640x360_5994,4,40,99.16324
Stockholm_640x360_5994,4,41,99.038531
Stockholm_640x360_5994,4,42,98.998592
Stockholm_640x360_5994,4,43,98.806877
Stockholm_640x360_5994,4,44,98.677825
Stockholm_640x360_5994,4,45,98.586701
Stockholm_640x360_5994,4,46,98.490838
Stockholm_640x360_5994,4,47,98.328334
Stockholm_640x360_5994,4,48,98.24747
Stockholm_640x360_5994,4,49,97.820018
Stockholm_640x360_5994,4,50,97.881173
Stockholm_640x360_5994,4,51,97.646208
Stockholm_640x360_5994,4,52,97.409097
Stockholm_640x360_5994,4,53,97.167562
Stockholm_640x360_5994,4,54,96.922672
Stockholm_640x360_5994,4,55,96.56853
Stockholm_640x360_5994,4,56,96.18471
Stockholm_640x360_5994,4,58,95.075996
Stockholm_640x360_5994,4,60,93.389587
Stockholm_640x360_5994,4,63,85.402503
SpeedBag_640x360_2997,4,20,97.704049
SpeedBag_640x360_2997,4,24,97.467931
SpeedBag_640x360_2997,4,27,97.155127
SpeedBag_640x360_2997,4,28,97.096873
SpeedBag_640x360_2997,4,29,96.934638
SpeedBag_640x360_2997,4,30,96.762841
SpeedBag_640x360_2997,4,31,96.721117
SpeedBag_640x360_2997,4,32,96.356688
SpeedBag_640x360_2997,4,33,96.211986
SpeedBag_640x360_2997,4,34,96.139994
SpeedBag_640x360_2997,4,35,95.91434
SpeedBag_640x360_2997,4,36,95.691351
SpeedBag_640x360_2997,4,37,95.51744
SpeedBag_640x360_2997,4,38,95.302515
SpeedBag_640x360_2997,4,39,94.98893
SpeedBag_640x360_2997,4,40,94.767001
SpeedBag_640x360_2997,4,41,94.429286
SpeedBag_640x360_2997,4,42,94.272789
SpeedBag_640x360_2997,4,43,93.93863
SpeedBag_640x360_2997,4,44,93.696698
SpeedBag_640x360_2997,4,45,93.379607
SpeedBag_640x360_2997,4,46,92.999049
SpeedBag_640x360_2997,4,47,92.508646
SpeedBag_640x360_2997,4,48,92.224366
SpeedBag_640x360_2997,4,49,91.823006
SpeedBag_640x360_2997,4,50,91.25696
SpeedBag_640x360_2997,4,51,90.740599
SpeedBag_640x360_2997,4,52,90.341919
SpeedBag_640x360_2997,4,53,89.799462
SpeedBag_640x360_2997,4,54,89.079543
SpeedBag_640x360_2997,4,55,88.324218
SpeedBag_640x360_2997,4,56,87.371104
SpeedBag_640x360_2997,4,58,85.728634
SpeedBag_640x360_2997,4,60,82.87213
SpeedBag_640x360_2997,4,63,71.063546
KristenAndSara_1280x720_60,4,20,96.964598
KristenAndSara_1280x720_60,4,24,96.814233
KristenAndSara_1280x720_60,4,27,96.651397
KristenAndSara_1280x720_60,4,28,96.58498
KristenAndSara_1280x720_60,4,29,96.52176
KristenAndSara_1280x720_60,4,30,96.450925
KristenAndSara_1280x720_60,4,31,96.377792
KristenAndSara_1280x720_60,4,32,96.287386
KristenAndSara_1280x720_60,4,33,96.191638
KristenAndSara_1280x720_60,4,34,96.108765
KristenAndSara_1280x720_60,4,35,96.01751
KristenAndSara_1280x720_60,4,36,95.880717
KristenAndSara_1280x720_60,4,37,95.778167
KristenAndSara_1280x720_60,4,38,95.685149
KristenAndSara_1280x720_60,4,39,95.533299
KristenAndSara_1280x720_60,4,40,95.484472
KristenAndSara_1280x720_60,4,41,95.29255
KristenAndSara_1280x720_60,4,42,95.205031
KristenAndSara_1280x720_60,4,43,95.027787
KristenAndSara_1280x720_60,4,44,94.888633
KristenAndSara_1280x720_60,4,45,94.696359
KristenAndSara_1280x720_60,4,46,94.60745
KristenAndSara_1280x720_60,4,47,94.45055
KristenAndSara_1280x720_60,4,48,94.293877
KristenAndSara_1280x720_60,4,49,94.035555
KristenAndSara_1280x720_60,4,50,93.918258
KristenAndSara_1280x720_60,4,51,93.63606
KristenAndSara_1280x720_60,4,52,93.382446
KristenAndSara_1280x720_60,4,53,93.220702
KristenAndSara_1280x720_60,4,54,92.947919
KristenAndSara_1280x720_60,4,55,92.544165
KristenAndSara_1280x720_60,4,56,92.233071
KristenAndSara_1280x720_60,4,58,91.345925
KristenAndSara_1280x720_60,4,60,89.828508
KristenAndSara_1280x720_60,4,63,84.506094
RollerCoaster_1280x720p_5994_10bit_420,4,20,99.957603
RollerCoaster_1280x720p_5994_10bit_420,4,24,99.946883
RollerCoaster_1280x720p_5994_10bit_420,4,27,99.910721
RollerCoaster_1280x720p_5994_10bit_420,4,28,99.888019
RollerCoaster_1280x720p_5994_10bit_420,4,29,99.843637
RollerCoaster_1280x720p_5994_10bit_420,4,30,99.791731
RollerCoaster_1280x720p_5994_10bit_420,4,31,99.682589
RollerCoaster_1280x720p_5994_10bit_420,4,32,99.537551
RollerCoaster_1280x720p_5994_10bit_420,4,33,99.398868
RollerCoaster_1280x720p_5994_10bit_420,4,34,99.22551
RollerCoaster_1280x720p_5994_10bit_420,4,35,99.001701
RollerCoaster_1280x720p_5994_10bit_420,4,36,98.764835
RollerCoaster_1280x720p_5994_10bit_420,4,37,98.460268
RollerCoaster_1280x720p_5994_10bit_420,4,38,98.119081
RollerCoaster_1280x720p_5994_10bit_420,4,39,97.712945
RollerCoaster_1280x720p_5994_10bit_420,4,40,97.398921
RollerCoaster_1280x720p_5994_10bit_420,4,41,97.008195
RollerCoaster_1280x720p_5994_10bit_420,4,42,96.559078
RollerCoaster_1280x720p_5994_10bit_420,4,43,96.074669
RollerCoaster_1280x720p_5994_10bit_420,4,44,95.566614
RollerCoaster_1280x720p_5994_10bit_420,4,45,94.911503
RollerCoaster_1280x720p_5994_10bit_420,4,46,94.376548
RollerCoaster_1280x720p_5994_10bit_420,4,47,93.990679
RollerCoaster_1280x720p_5994_10bit_420,4,48,93.419997
RollerCoaster_1280x720p_5994_10bit_420,4,49,92.83831
RollerCoaster_1280x720p_5994_10bit_420,4,50,92.274251
RollerCoaster_1280x720p_5994_10bit_420,4,51,91.278148
RollerCoaster_1280x720p_5994_10bit_420,4,52,90.563123
RollerCoaster_1280x720p_5994_10bit_420,4,53,89.738059
RollerCoaster_1280x720p_5994_10bit_420,4,54,88.75722
RollerCoaster_1280x720p_5994_10bit_420,4,55,87.715642
RollerCoaster_1280x720p_5994_10bit_420,4,56,86.600905
RollerCoaster_1280x720p_5994_10bit_420,4,58,83.867394
RollerCoaster_1280x720p_5994_10bit_420,4,60,79.197137
RollerCoaster_1280x720p_5994_10bit_420,4,63,61.673529
WestWindEasy_1280x720p30_420,4,20,99.966003
WestWindEasy_1280x720p30_420,4,24,99.962482
WestWindEasy_1280x720p30_420,4,27,99.958059
WestWindEasy_1280x720p30_420,4,28,99.956117
WestWindEasy_1280x720p30_420,4,29,99.95472
WestWindEasy_1280x720p30_420,4,30,99.953272
WestWindEasy_1280x720p30_420,4,31,99.950455
WestWindEasy_1280x720p30_420,4,32,99.948302
WestWindEasy_1280x720p30_420,4,33,99.94645
WestWindEasy_1280x720p30_420,4,34,99.943945
WestWindEasy_1280x720p30_420,4,35,99.940766
WestWindEasy_1280x720p30_420,4,36,99.937561
WestWindEasy_1280x720p30_420,4,37,99.935878
WestWindEasy_1280x720p30_420,4,38,99.932206
WestWindEasy_1280x720p30_420,4,39,99.914445
WestWindEasy_1280x720p30_420,4,40,99.847096
WestWindEasy_1280x720p30_420,4,41,99.657896
WestWindEasy_1280x720p30_420,4,42,99.365991
WestWindEasy_1280x720p30_420,4,43,98.86099
WestWindEasy_1280x720p30_420,4,44,98.240959
WestWindEasy_1280x720p30_420,4,45,97.425795
WestWindEasy_1280x720p30_420,4,46,96.651316
WestWindEasy_1280x720p30_420,4,47,95.776914
WestWindEasy_1280x720p30_420,4,48,94.753267
WestWindEasy_1280x720p30_420,4,49,94.029198
WestWindEasy_1280x720p30_420,4,50,93.029311
WestWindEasy_1280x720p30_420,4,51,92.010506
WestWindEasy_1280x720p30_420,4,52,90.607973
WestWindEasy_1280x720p30_420,4,53,89.36295
WestWindEasy_1280x720p30_420,4,54,88.172979
WestWindEasy_1280x720p30_420,4,55,86.797343
WestWindEasy_1280x720p30_420,4,56,84.98904
WestWindEasy_1280x720p30_420,4,58,81.857722
WestWindEasy_1280x720p30_420,4,60,78.064464
WestWindEasy_1280x720p30_420,4,63,67.540961
Vidyo4_1280x720p_60fps,4,20,96.966658
Vidyo4_1280x720p_60fps,4,24,96.69896
Vidyo4_1280x720p_60fps,4,27,96.349944
Vidyo4_1280x720p_60fps,4,28,96.247005
Vidyo4_1280x720p_60fps,4,29,96.151449
Vidyo4_1280x720p_60fps,4,30,96.05766
Vidyo4_1280x720p_60fps,4,31,95.931773
Vidyo4_1280x720p_60fps,4,32,95.797233
Vidyo4_1280x720p_60fps,4,33,95.635675
Vidyo4_1280x720p_60fps,4,34,95.545898
Vidyo4_1280x720p_60fps,4,35,95.41183
Vidyo4_1280x720p_60fps,4,36,95.269118
Vidyo4_1280x720p_60fps,4,37,95.126711
Vidyo4_1280x720p_60fps,4,38,94.925875
Vidyo4_1280x720p_60fps,4,39,94.798995
Vidyo4_1280x720p_60fps,4,40,94.675486
Vidyo4_1280x720p_60fps,4,41,94.515826
Vidyo4_1280x720p_60fps,4,42,94.282133
Vidyo4_1280x720p_60fps,4,43,94.143691
Vidyo4_1280x720p_60fps,4,44,93.883503
Vidyo4_1280x720p_60fps,4,45,93.726986
Vidyo4_1280x720p_60fps,4,46,93.47979
Vidyo4_1280x720p_60fps,4,47,93.326527
Vidyo4_1280x720p_60fps,4,48,93.132801
Vidyo4_1280x720p_60fps,4,49,92.831672
Vidyo4_1280x720p_60fps,4,50,92.576224
Vidyo4_1280x720p_60fps,4,51,92.256195
Vidyo4_1280x720p_60fps,4,52,91.931654
Vidyo4_1280x720p_60fps,4,53,91.599559
Vidyo4_1280x720p_60fps,4,54,91.225691
Vidyo4_1280x720p_60fps,4,55,90.746438
Vidyo4_1280x720p_60fps,4,56,90.221825
Vidyo4_1280x720p_60fps,4,58,89.09386
Vidyo4_1280x720p_60fps,4,60,87.327509
Vidyo4_1280x720p_60fps,4,63,79.685424
Vidyo3_1280x720p_60fps,4,20,96.327754
Vidyo3_1280x720p_60fps,4,24,96.004
Vidyo3_1280x720p_60fps,4,27,95.651204
Vidyo3_1280x720p_60fps,4,28,95.527449
Vidyo3_1280x720p_60fps,4,29,95.408104
Vidyo3_1280x720p_60fps,4,30,95.280237
Vidyo3_1280x720p_60fps,4,31,95.12046
Vidyo3_1280x720p_60fps,4,32,94.963663
Vidyo3_1280x720p_60fps,4,33,94.864797
Vidyo3_1280x720p_60fps,4,34,94.698836
Vidyo3_1280x720p_60fps,4,35,94.525486
Vidyo3_1280x720p_60fps,4,36,94.361059
Vidyo3_1280x720p_60fps,4,37,94.228793
Vidyo3_1280x720p_60fps,4,38,94.021603
Vidyo3_1280x720p_60fps,4,39,93.75611
Vidyo3_1280x720p_60fps,4,40,93.672928
Vidyo3_1280x720p_60fps,4,41,93.419414
Vidyo3_1280x720p_60fps,4,42,93.234651
Vidyo3_1280x720p_60fps,4,43,93.096095
Vidyo3_1280x720p_60fps,4,44,92.77102
Vidyo3_1280x720p_60fps,4,45,92.470574
Vidyo3_1280x720p_60fps,4,46,92.346802
Vidyo3_1280x720p_60fps,4,47,92.116673
Vidyo3_1280x720p_60fps,4,48,91.935798
Vidyo3_1280x720p_60fps,4,49,91.775169
Vidyo3_1280x720p_60fps,4,50,91.471443
Vidyo3_1280x720p_60fps,4,51,91.190509
Vidyo3_1280x720p_60fps,4,52,90.907822
Vidyo3_1280x720p_60fps,4,53,90.541923
Vidyo3_1280x720p_60fps,4,54,90.203073
Vidyo3_1280x720p_60fps,4,55,89.752261
Vidyo3_1280x720p_60fps,4,56,89.338302
Vidyo3_1280x720p_60fps,4,58,88.254786
Vidyo3_1280x720p_60fps,4,60,86.193718
Vidyo3_1280x720p_60fps,4,63,77.973448
ControlledBurn_1280x720p30_420,4,20,97.193254
ControlledBurn_1280x720p30_420,4,24,96.418379
ControlledBurn_1280x720p30_420,4,27,95.359873
ControlledBurn_1280x720p30_420,4,28,94.978581
ControlledBurn_1280x720p30_420,4,29,94.62209
ControlledBurn_1280x720p30_420,4,30,94.268203
ControlledBurn_1280x720p30_420,4,31,93.744973
ControlledBurn_1280x720p30_420,4,32,93.135816
ControlledBurn_1280x720p30_420,4,33,92.62783
ControlledBurn_1280x720p30_420,4,34,92.131189
ControlledBurn_1280x720p30_420,4,35,91.478883
ControlledBurn_1280x720p30_420,4,36,90.782084
ControlledBurn_1280x720p30_420,4,37,90.172581
ControlledBurn_1280x720p30_420,4,38,89.480618
ControlledBurn_1280x720p30_420,4,39,88.736586
ControlledBurn_1280x720p30_420,4,40,88.076999
ControlledBurn_1280x720p30_420,4,41,87.146022
ControlledBurn_1280x720p30_420,4,42,86.414921
ControlledBurn_1280x720p30_420,4,43,85.539762
ControlledBurn_1280x720p30_420,4,44,84.647789
ControlledBurn_1280x720p30_420,4,45,83.716711
ControlledBurn_1280x720p30_420,4,46,82.83246
ControlledBurn_1280x720p30_420,4,47,82.003838
ControlledBurn_1280x720p30_420,4,48,80.898229
ControlledBurn_1280x720p30_420,4,49,79.854963
ControlledBurn_1280x720p30_420,4,50,78.989316
ControlledBurn_1280x720p30_420,4,51,77.891029
ControlledBurn_1280x720p30_420,4,52,76.889095
ControlledBurn_1280x720p30_420,4,53,75.674451
ControlledBurn_1280x720p30_420,4,54,74.510378
ControlledBurn_1280x720p30_420,4,55,73.18322
ControlledBurn_1280x720p30_420,4,56,71.442822
ControlledBurn_1280x720p30_420,4,58,68.414124
ControlledBurn_1280x720p30_420,4,60,64.843116
ControlledBurn_1280x720p30_420,4,63,53.675373
DrivingPOV_1280x720p_5994_10bit_420,4,20,99.610629
DrivingPOV_1280x720p_5994_10bit_420,4,24,99.30477
DrivingPOV_1280x720p_5994_10bit_420,4,27,98.888863
DrivingPOV_1280x720p_5994_10bit_420,4,28,98.775179
DrivingPOV_1280x720p_5994_10bit_420,4,29,98.632302
DrivingPOV_1280x720p_5994_10bit_420,4,30,98.541138
DrivingPOV_1280x720p_5994_10bit_420,4,31,98.328618
DrivingPOV_1280x720p_5994_10bit_420,4,32,98.162989
DrivingPOV_1280x720p_5994_10bit_420,4,33,97.922032
DrivingPOV_1280x720p_5994_10bit_420,4,34,97.763171
DrivingPOV_1280x720p_5994_10bit_420,4,35,97.55433
DrivingPOV_1280x720p_5994_10bit_420,4,36,97.292302
DrivingPOV_1280x720p_5994_10bit_420,4,37,97.121183
DrivingPOV_1280x720p_5994_10bit_420,4,38,96.808452
DrivingPOV_1280x720p_5994_10bit_420,4,39,96.640944
DrivingPOV_1280x720p_5994_10bit_420,4,40,96.380359
DrivingPOV_1280x720p_5994_10bit_420,4,41,96.077408
DrivingPOV_1280x720p_5994_10bit_420,4,42,95.827828
DrivingPOV_1280x720p_5994_10bit_420,4,43,95.540064
DrivingPOV_1280x720p_5994_10bit_420,4,44,95.221504
DrivingPOV_1280x720p_5994_10bit_420,4,45,94.952402
DrivingPOV_1280x720p_5994_10bit_420,4,46,94.785666
DrivingPOV_1280x720p_5994_10bit_420,4,47,94.440525
DrivingPOV_1280x720p_5994_10bit_420,4,48,94.167669
DrivingPOV_1280x720p_5994_10bit_420,4,49,93.877862
DrivingPOV_1280x720p_5994_10bit_420,4,50,93.561883
DrivingPOV_1280x720p_5994_10bit_420,4,51,93.174403
DrivingPOV_1280x720p_5994_10bit_420,4,52,92.844099
DrivingPOV_1280x720p_5994_10bit_420,4,53,92.423024
DrivingPOV_1280x720p_5994_10bit_420,4,54,91.880112
DrivingPOV_1280x720p_5994_10bit_420,4,55,91.267161
DrivingPOV_1280x720p_5994_10bit_420,4,56,90.588553
DrivingPOV_1280x720p_5994_10bit_420,4,58,88.93241
DrivingPOV_1280x720p_5994_10bit_420,4,60,86.363423
DrivingPOV_1280x720p_5994_10bit_420,4,63,74.269334
Johnny_1280x720_60,4,20,96.553641
Johnny_1280x720_60,4,24,96.415396
Johnny_1280x720_60,4,27,96.250071
Johnny_1280x720_60,4,28,96.191484
Johnny_1280x720_60,4,29,96.140974
Johnny_1280x720_60,4,30,96.059402
Johnny_1280x720_60,4,31,95.973501
Johnny_1280x720_60,4,32,95.927142
Johnny_1280x720_60,4,33,95.883529
Johnny_1280x720_60,4,34,95.814467
Johnny_1280x720_60,4,35,95.692337
Johnny_1280x720_60,4,36,95.628525
Johnny_1280x720_60,4,37,95.523064
Johnny_1280x720_60,4,38,95.513412
Johnny_1280x720_60,4,39,95.403463
Johnny_1280x720_60,4,40,95.35726
Johnny_1280x720_60,4,41,95.280342
Johnny_1280x720_60,4,42,95.143299
Johnny_1280x720_60,4,43,95.022063
Johnny_1280x720_60,4,44,94.892787
Johnny_1280x720_60,4,45,94.81496
Johnny_1280x720_60,4,46,94.637684
Johnny_1280x720_60,4,47,94.602381
Johnny_1280x720_60,4,48,94.454333
Johnny_1280x720_60,4,49,94.31152
Johnny_1280x720_60,4,50,94.222572
Johnny_1280x720_60,4,51,93.94769
Johnny_1280x720_60,4,52,93.72008
Johnny_1280x720_60,4,53,93.582248
Johnny_1280x720_60,4,54,93.044883
Johnny_1280x720_60,4,55,93.007305
Johnny_1280x720_60,4,56,92.488336
Johnny_1280x720_60,4,58,91.621383
Johnny_1280x720_60,4,60,90.525189
Johnny_1280x720_60,4,63,85.478648
RushFieldCuts_1920x1080_2997,4,20,99.042412
RushFieldCuts_1920x1080_2997,4,24,97.952228
RushFieldCuts_1920x1080_2997,4,27,96.39619
RushFieldCuts_1920x1080_2997,4,28,95.932081
RushFieldCuts_1920x1080_2997,4,29,95.437755
RushFieldCuts_1920x1080_2997,4,30,94.967087
RushFieldCuts_1920x1080_2997,4,31,94.363446
RushFieldCuts_1920x1080_2997,4,32,93.74391
RushFieldCuts_1920x1080_2997,4,33,93.15803
RushFieldCuts_1920x1080_2997,4,34,92.683059
RushFieldCuts_1920x1080_2997,4,35,92.079489
RushFieldCuts_1920x1080_2997,4,36,91.471549
RushFieldCuts_1920x1080_2997,4,37,90.891908
RushFieldCuts_1920x1080_2997,4,38,90.244255
RushFieldCuts_1920x1080_2997,4,39,89.610515
RushFieldCuts_1920x1080_2997,4,40,88.950493
RushFieldCuts_1920x1080_2997,4,41,88.237036
RushFieldCuts_1920x1080_2997,4,42,87.566921
RushFieldCuts_1920x1080_2997,4,43,86.880325
RushFieldCuts_1920x1080_2997,4,44,86.119891
RushFieldCuts_1920x1080_2997,4,45,85.301198
RushFieldCuts_1920x1080_2997,4,46,84.569038
RushFieldCuts_1920x1080_2997,4,47,83.733912
RushFieldCuts_1920x1080_2997,4,48,82.891259
RushFieldCuts_1920x1080_2997,4,49,82.05881
RushFieldCuts_1920x1080_2997,4,50,81.180567
RushFieldCuts_1920x1080_2997,4,51,80.271095
RushFieldCuts_1920x1080_2997,4,52,79.219645
RushFieldCuts_1920x1080_2997,4,53,78.010241
RushFieldCuts_1920x1080_2997,4,54,76.659646
RushFieldCuts_1920x1080_2997,4,55,75.311186
RushFieldCuts_1920x1080_2997,4,56,73.708889
RushFieldCuts_1920x1080_2997,4,58,70.546299
RushFieldCuts_1920x1080_2997,4,60,65.562409
RushFieldCuts_1920x1080_2997,4,63,49.953967
Riverbed_1920x1080p25,4,20,99.948835
Riverbed_1920x1080p25,4,24,99.939331
Riverbed_1920x1080p25,4,27,99.923374
Riverbed_1920x1080p25,4,28,99.919336
Riverbed_1920x1080p25,4,29,99.913995
Riverbed_1920x1080p25,4,30,99.90769
Riverbed_1920x1080p25,4,31,99.901496
Riverbed_1920x1080p25,4,32,99.892407
Riverbed_1920x1080p25,4,33,99.799029
Riverbed_1920x1080p25,4,34,99.441939
Riverbed_1920x1080p25,4,35,98.739733
Riverbed_1920x1080p25,4,36,97.628893
Riverbed_1920x1080p25,4,37,96.366822
Riverbed_1920x1080p25,4,38,94.742338
Riverbed_1920x1080p25,4,39,93.103221
Riverbed_1920x1080p25,4,40,91.457565
Riverbed_1920x1080p25,4,41,89.643929
Riverbed_1920x1080p25,4,42,87.849198
Riverbed_1920x1080p25,4,43,85.563975
Riverbed_1920x1080p25,4,44,83.500482
Riverbed_1920x1080p25,4,45,81.353157
Riverbed_1920x1080p25,4,46,79.195869
Riverbed_1920x1080p25,4,47,76.929307
Riverbed_1920x1080p25,4,48,74.45376
Riverbed_1920x1080p25,4,49,72.215505
Riverbed_1920x1080p25,4,50,69.810163
Riverbed_1920x1080p25,4,51,67.520008
Riverbed_1920x1080p25,4,52,65.043941
Riverbed_1920x1080p25,4,53,62.422267
Riverbed_1920x1080p25,4,54,59.847087
Riverbed_1920x1080p25,4,55,57.164406
Riverbed_1920x1080p25,4,56,53.232782
Riverbed_1920x1080p25,4,58,46.959991
Riverbed_1920x1080p25,4,60,40.147486
Riverbed_1920x1080p25,4,63,21.392477
Slides1_1920x1080_30fps_8bit_420,4,20,98.088385
Slides1_1920x1080_30fps_8bit_420,4,24,97.97253
Slides1_1920x1080_30fps_8bit_420,4,27,97.798212
Slides1_1920x1080_30fps_8bit_420,4,28,97.790571
Slides1_1920x1080_30fps_8bit_420,4,29,97.710651
Slides1_1920x1080_30fps_8bit_420,4,30,97.686274
Slides1_1920x1080_30fps_8bit_420,4,31,97.612335
Slides1_1920x1080_30fps_8bit_420,4,32,97.59553
Slides1_1920x1080_30fps_8bit_420,4,33,97.513223
Slides1_1920x1080_30fps_8bit_420,4,34,97.495402
Slides1_1920x1080_30fps_8bit_420,4,35,97.390404
Slides1_1920x1080_30fps_8bit_420,4,36,97.332458
Slides1_1920x1080_30fps_8bit_420,4,37,97.230456
Slides1_1920x1080_30fps_8bit_420,4,38,97.111164
Slides1_1920x1080_30fps_8bit_420,4,39,96.997087
Slides1_1920x1080_30fps_8bit_420,4,40,96.931561
Slides1_1920x1080_30fps_8bit_420,4,41,96.862708
Slides1_1920x1080_30fps_8bit_420,4,42,96.653045
Slides1_1920x1080_30fps_8bit_420,4,43,96.5534
Slides1_1920x1080_30fps_8bit_420,4,44,96.498754
Slides1_1920x1080_30fps_8bit_420,4,45,96.455627
Slides1_1920x1080_30fps_8bit_420,4,46,96.344757
Slides1_1920x1080_30fps_8bit_420,4,47,96.274582
Slides1_1920x1080_30fps_8bit_420,4,48,96.14878
Slides1_1920x1080_30fps_8bit_420,4,49,95.951976
Slides1_1920x1080_30fps_8bit_420,4,50,95.931868
Slides1_1920x1080_30fps_8bit_420,4,51,95.715994
Slides1_1920x1080_30fps_8bit_420,4,52,95.495354
Slides1_1920x1080_30fps_8bit_420,4,53,95.367558
Slides1_1920x1080_30fps_8bit_420,4,54,94.974687
Slides1_1920x1080_30fps_8bit_420,4,55,95.089145
Slides1_1920x1080_30fps_8bit_420,4,56,94.717445
Slides1_1920x1080_30fps_8bit_420,4,58,94.18585
Slides1_1920x1080_30fps_8bit_420,4,60,92.898076
Slides1_1920x1080_30fps_8bit_420,4,63,88.160599
MissionControlClip3_1920x1080_60_420,4,20,97.656557
MissionControlClip3_1920x1080_60_420,4,24,97.628366
MissionControlClip3_1920x1080_60_420,4,27,97.551498
MissionControlClip3_1920x1080_60_420,4,28,97.53427
MissionControlClip3_1920x1080_60_420,4,29,97.513101
MissionControlClip3_1920x1080_60_420,4,30,97.493869
MissionControlClip3_1920x1080_60_420,4,31,97.467614
MissionControlClip3_1920x1080_60_420,4,32,97.446711
MissionControlClip3_1920x1080_60_420,4,33,97.408226
MissionControlClip3_1920x1080_60_420,4,34,97.371965
MissionControlClip3_1920x1080_60_420,4,35,97.348911
MissionControlClip3_1920x1080_60_420,4,36,97.316861
MissionControlClip3_1920x1080_60_420,4,37,97.289651
MissionControlClip3_1920x1080_60_420,4,38,97.244269
MissionControlClip3_1920x1080_60_420,4,39,97.225389
MissionControlClip3_1920x1080_60_420,4,40,97.166647
MissionControlClip3_1920x1080_60_420,4,41,97.117343
MissionControlClip3_1920x1080_60_420,4,42,97.087326
MissionControlClip3_1920x1080_60_420,4,43,97.032126
MissionControlClip3_1920x1080_60_420,4,44,96.960825
MissionControlClip3_1920x1080_60_420,4,45,96.904553
MissionControlClip3_1920x1080_60_420,4,46,96.820502
MissionControlClip3_1920x1080_60_420,4,47,96.776187
MissionControlClip3_1920x1080_60_420,4,48,96.738537
MissionControlClip3_1920x1080_60_420,4,49,96.652768
MissionControlClip3_1920x1080_60_420,4,50,96.62481
MissionControlClip3_1920x1080_60_420,4,51,96.494543
MissionControlClip3_1920x1080_60_420,4,52,96.384798
MissionControlClip3_1920x1080_60_420,4,53,96.3504
MissionControlClip3_1920x1080_60_420,4,54,96.212376
MissionControlClip3_1920x1080_60_420,4,55,96.058272
MissionControlClip3_1920x1080_60_420,4,56,95.949686
MissionControlClip3_1920x1080_60_420,4,58,95.607795
MissionControlClip3_1920x1080_60_420,4,60,94.977948
MissionControlClip3_1920x1080_60_420,4,63,92.413225
EuroTruckSimulator2_1920x1080p60,4,20,99.957559
EuroTruckSimulator2_1920x1080p60,4,24,99.952163
EuroTruckSimulator2_1920x1080p60,4,27,99.944944
EuroTruckSimulator2_1920x1080p60,4,28,99.942708
EuroTruckSimulator2_1920x1080p60,4,29,99.935751
EuroTruckSimulator2_1920x1080p60,4,30,99.818547
EuroTruckSimulator2_1920x1080p60,4,31,99.443398
EuroTruckSimulator2_1920x1080p60,4,32,98.900161
EuroTruckSimulator2_1920x1080p60,4,33,98.337287
EuroTruckSimulator2_1920x1080p60,4,34,97.69691
EuroTruckSimulator2_1920x1080p60,4,35,96.925536
EuroTruckSimulator2_1920x1080p60,4,36,96.018349
EuroTruckSimulator2_1920x1080p60,4,37,95.166942
EuroTruckSimulator2_1920x1080p60,4,38,94.280459
EuroTruckSimulator2_1920x1080p60,4,39,93.49298
EuroTruckSimulator2_1920x1080p60,4,40,92.788765
EuroTruckSimulator2_1920x1080p60,4,41,92.064992
EuroTruckSimulator2_1920x1080p60,4,42,91.429429
EuroTruckSimulator2_1920x1080p60,4,43,90.789858
EuroTruckSimulator2_1920x1080p60,4,44,90.279701
EuroTruckSimulator2_1920x1080p60,4,45,89.772632
EuroTruckSimulator2_1920x1080p60,4,46,89.416933
EuroTruckSimulator2_1920x1080p60,4,47,89.014587
EuroTruckSimulator2_1920x1080p60,4,48,88.553233
EuroTruckSimulator2_1920x1080p60,4,49,88.093165
EuroTruckSimulator2_1920x1080p60,4,50,87.624279
EuroTruckSimulator2_1920x1080p60,4,51,87.214161
EuroTruckSimulator2_1920x1080p60,4,52,86.661463
EuroTruckSimulator2_1920x1080p60,4,53,85.963976
EuroTruckSimulator2_1920x1080p60,4,54,85.408035
EuroTruckSimulator2_1920x1080p60,4,55,84.612334
EuroTruckSimulator2_1920x1080p60,4,56,83.446645
EuroTruckSimulator2_1920x1080p60,4,58,81.408781
EuroTruckSimulator2_1920x1080p60,4,60,77.611156
EuroTruckSimulator2_1920x1080p60,4,63,64.485448
PedestrianArea_1920x1080p25,4,20,99.614589
PedestrianArea_1920x1080p25,4,24,99.434038
PedestrianArea_1920x1080p25,4,27,99.103572
PedestrianArea_1920x1080p25,4,28,98.973917
PedestrianArea_1920x1080p25,4,29,98.78966
PedestrianArea_1920x1080p25,4,30,98.623979
PedestrianArea_1920x1080p25,4,31,98.356004
PedestrianArea_1920x1080p25,4,32,98.022306
PedestrianArea_1920x1080p25,4,33,97.671642
PedestrianArea_1920x1080p25,4,34,97.369186
PedestrianArea_1920x1080p25,4,35,96.907093
PedestrianArea_1920x1080p25,4,36,96.391362
PedestrianArea_1920x1080p25,4,37,95.890173
PedestrianArea_1920x1080p25,4,38,95.27283
PedestrianArea_1920x1080p25,4,39,94.63819
PedestrianArea_1920x1080p25,4,40,94.143877
PedestrianArea_1920x1080p25,4,41,93.436723
PedestrianArea_1920x1080p25,4,42,92.852289
PedestrianArea_1920x1080p25,4,43,92.098541
PedestrianArea_1920x1080p25,4,44,91.356021
PedestrianArea_1920x1080p25,4,45,90.60926
PedestrianArea_1920x1080p25,4,46,89.823691
PedestrianArea_1920x1080p25,4,47,89.129231
PedestrianArea_1920x1080p25,4,48,88.218752
PedestrianArea_1920x1080p25,4,49,87.461318
PedestrianArea_1920x1080p25,4,50,86.576225
PedestrianArea_1920x1080p25,4,51,85.627741
PedestrianArea_1920x1080p25,4,52,84.558803
PedestrianArea_1920x1080p25,4,53,83.577668
PedestrianArea_1920x1080p25,4,54,82.371739
PedestrianArea_1920x1080p25,4,55,81.074906
PedestrianArea_1920x1080p25,4,56,79.09248
PedestrianArea_1920x1080p25,4,58,76.278101
PedestrianArea_1920x1080p25,4,60,71.334122
PedestrianArea_1920x1080p25,4,63,55.313237
MountainBike_1920x1080_30fps_8bit,4,20,99.89314
MountainBike_1920x1080_30fps_8bit,4,24,99.877675
MountainBike_1920x1080_30fps_8bit,4,27,99.855073
MountainBike_1920x1080_30fps_8bit,4,28,99.848978
MountainBike_1920x1080_30fps_8bit,4,29,99.842969
MountainBike_1920x1080_30fps_8bit,4,30,99.833302
MountainBike_1920x1080_30fps_8bit,4,31,99.827911
MountainBike_1920x1080_30fps_8bit,4,32,99.813843
MountainBike_1920x1080_30fps_8bit,4,33,99.807031
MountainBike_1920x1080_30fps_8bit,4,34,99.793774
MountainBike_1920x1080_30fps_8bit,4,35,99.778721
MountainBike_1920x1080_30fps_8bit,4,36,99.761
MountainBike_1920x1080_30fps_8bit,4,37,99.745801
MountainBike_1920x1080_30fps_8bit,4,38,99.724632
MountainBike_1920x1080_30fps_8bit,4,39,99.703733
MountainBike_1920x1080_30fps_8bit,4,40,99.662117
MountainBike_1920x1080_30fps_8bit,4,41,99.543333
MountainBike_1920x1080_30fps_8bit,4,42,99.368904
MountainBike_1920x1080_30fps_8bit,4,43,99.12658
MountainBike_1920x1080_30fps_8bit,4,44,98.699394
MountainBike_1920x1080_30fps_8bit,4,45,98.143465
MountainBike_1920x1080_30fps_8bit,4,46,97.314334
MountainBike_1920x1080_30fps_8bit,4,47,96.310618
MountainBike_1920x1080_30fps_8bit,4,48,94.81175
MountainBike_1920x1080_30fps_8bit,4,49,93.67758
MountainBike_1920x1080_30fps_8bit,4,50,92.184766
MountainBike_1920x1080_30fps_8bit,4,51,90.668005
MountainBike_1920x1080_30fps_8bit,4,52,88.694946
MountainBike_1920x1080_30fps_8bit,4,53,86.69577
MountainBike_1920x1080_30fps_8bit,4,54,84.561511
MountainBike_1920x1080_30fps_8bit,4,55,82.20215
MountainBike_1920x1080_30fps_8bit,4,56,79.167851
MountainBike_1920x1080_30fps_8bit,4,58,73.668359
MountainBike_1920x1080_30fps_8bit,4,60,66.966545
MountainBike_1920x1080_30fps_8bit,4,63,49.680512
OldTownCross_1920x1080p50,4,20,95.915102
OldTownCross_1920x1080p50,4,24,95.278431
OldTownCross_1920x1080p50,4,27,95.052299
OldTownCross_1920x1080p50,4,28,95.046444
OldTownCross_1920x1080p50,4,29,95.025
OldTownCross_1920x1080p50,4,30,94.90453
OldTownCross_1920x1080p50,4,31,94.799144
OldTownCross_1920x1080p50,4,32,94.721736
OldTownCross_1920x1080p50,4,33,94.675571
OldTownCross_1920x1080p50,4,34,94.59906
OldTownCross_1920x1080p50,4,35,94.54476
OldTownCross_1920x1080p50,4,36,94.448233
OldTownCross_1920x1080p50,4,37,94.414099
OldTownCross_1920x1080p50,4,38,94.362911
OldTownCross_1920x1080p50,4,39,94.264885
OldTownCross_1920x1080p50,4,40,94.211636
OldTownCross_1920x1080p50,4,41,94.158227
OldTownCross_1920x1080p50,4,42,94.028445
OldTownCross_1920x1080p50,4,43,93.93546
OldTownCross_1920x1080p50,4,44,93.83623
OldTownCross_1920x1080p50,4,45,93.794013
OldTownCross_1920x1080p50,4,46,93.685026
OldTownCross_1920x1080p50,4,47,93.543621
OldTownCross_1920x1080p50,4,48,93.441934
OldTownCross_1920x1080p50,4,49,93.187147
OldTownCross_1920x1080p50,4,50,93.001554
OldTownCross_1920x1080p50,4,51,92.744061
OldTownCross_1920x1080p50,4,52,92.343073
OldTownCross_1920x1080p50,4,53,92.059878
OldTownCross_1920x1080p50,4,54,91.688087
OldTownCross_1920x1080p50,4,55,91.31657
OldTownCross_1920x1080p50,4,56,90.683521
OldTownCross_1920x1080p50,4,58,89.523789
OldTownCross_1920x1080p50,4,60,87.469175
OldTownCross_1920x1080p50,4,63,77.316513
SolLevanteFace_sdr_1920x1080_24_10bit,4,20,96.199525
SolLevanteFace_sdr_1920x1080_24_10bit,4,24,94.858018
SolLevanteFace_sdr_1920x1080_24_10bit,4,27,92.841032
SolLevanteFace_sdr_1920x1080_24_10bit,4,28,92.135158
SolLevanteFace_sdr_1920x1080_24_10bit,4,29,91.473885
SolLevanteFace_sdr_1920x1080_24_10bit,4,30,90.788983
SolLevanteFace_sdr_1920x1080_24_10bit,4,31,89.773894
SolLevanteFace_sdr_1920x1080_24_10bit,4,32,88.74476
SolLevanteFace_sdr_1920x1080_24_10bit,4,33,87.61206
SolLevanteFace_sdr_1920x1080_24_10bit,4,34,86.552238
SolLevanteFace_sdr_1920x1080_24_10bit,4,35,85.282173
SolLevanteFace_sdr_1920x1080_24_10bit,4,36,83.903594
SolLevanteFace_sdr_1920x1080_24_10bit,4,37,82.504443
SolLevanteFace_sdr_1920x1080_24_10bit,4,38,80.829182
SolLevanteFace_sdr_1920x1080_24_10bit,4,39,79.068495
SolLevanteFace_sdr_1920x1080_24_10bit,4,40,77.814746
SolLevanteFace_sdr_1920x1080_24_10bit,4,41,75.772137
SolLevanteFace_sdr_1920x1080_24_10bit,4,42,73.966511
SolLevanteFace_sdr_1920x1080_24_10bit,4,43,72.01129
SolLevanteFace_sdr_1920x1080_24_10bit,4,44,70.059872
SolLevanteFace_sdr_1920x1080_24_10bit,4,45,68.013077
SolLevanteFace_sdr_1920x1080_24_10bit,4,46,66.199647
SolLevanteFace_sdr_1920x1080_24_10bit,4,47,64.306869
SolLevanteFace_sdr_1920x1080_24_10bit,4,48,62.18745
SolLevanteFace_sdr_1920x1080_24_10bit,4,49,60.083396
SolLevanteFace_sdr_1920x1080_24_10bit,4,50,57.96797
SolLevanteFace_sdr_1920x1080_24_10bit,4,51,55.736726
SolLevanteFace_sdr_1920x1080_24_10bit,4,52,53.487722
SolLevanteFace_sdr_1920x1080_24_10bit,4,53,51.35534
SolLevanteFace_sdr_1920x1080_24_10bit,4,54,48.947471
SolLevanteFace_sdr_1920x1080_24_10bit,4,55,46.416475
SolLevanteFace_sdr_1920x1080_24_10bit,4,56,43.148381
SolLevanteFace_sdr_1920x1080_24_10bit,4,58,37.577441
SolLevanteFace_sdr_1920x1080_24_10bit,4,60,30.702202
SolLevanteFace_sdr_1920x1080_24_10bit,4,63,15.029989
RitualDance_1920x1080_5994_10bit_420,4,20,99.647993
RitualDance_1920x1080_5994_10bit_420,4,24,99.359661
RitualDance_1920x1080_5994_10bit_420,4,27,98.74351
RitualDance_1920x1080_5994_10bit_420,4,28,98.510046
RitualDance_1920x1080_5994_10bit_420,4,29,98.226377
RitualDance_1920x1080_5994_10bit_420,4,30,97.956238
RitualDance_1920x1080_5994_10bit_420,4,31,97.572021
RitualDance_1920x1080_5994_10bit_420,4,32,97.121391
RitualDance_1920x1080_5994_10bit_420,4,33,96.71787
RitualDance_1920x1080_5994_10bit_420,4,34,96.196152
RitualDance_1920x1080_5994_10bit_420,4,35,95.679031
RitualDance_1920x1080_5994_10bit_420,4,36,95.091866
RitualDance_1920x1080_5994_10bit_420,4,37,94.585438
RitualDance_1920x1080_5994_10bit_420,4,38,93.837053
RitualDance_1920x1080_5994_10bit_420,4,39,93.169543
RitualDance_1920x1080_5994_10bit_420,4,40,92.646169
RitualDance_1920x1080_5994_10bit_420,4,41,91.80823
RitualDance_1920x1080_5994_10bit_420,4,42,91.028962
RitualDance_1920x1080_5994_10bit_420,4,43,90.174886
RitualDance_1920x1080_5994_10bit_420,4,44,89.276663
RitualDance_1920x1080_5994_10bit_420,4,45,88.446499
RitualDance_1920x1080_5994_10bit_420,4,46,87.539641
RitualDance_1920x1080_5994_10bit_420,4,47,86.677679
RitualDance_1920x1080_5994_10bit_420,4,48,85.674465
RitualDance_1920x1080_5994_10bit_420,4,49,84.705268
RitualDance_1920x1080_5994_10bit_420,4,50,83.676233
RitualDance_1920x1080_5994_10bit_420,4,51,82.438675
RitualDance_1920x1080_5994_10bit_420,4,52,81.265577
RitualDance_1920x1080_5994_10bit_420,4,53,80.118857
RitualDance_1920x1080_5994_10bit_420,4,54,78.663392
RitualDance_1920x1080_5994_10bit_420,4,55,77.061633
RitualDance_1920x1080_5994_10bit_420,4,56,74.908833
RitualDance_1920x1080_5994_10bit_420,4,58,71.002768
RitualDance_1920x1080_5994_10bit_420,4,60,64.769807
RitualDance_1920x1080_5994_10bit_420,4,63,43.881285
GlassHalf_1920x1080p_24p_8bit_420,4,20,99.158124
GlassHalf_1920x1080p_24p_8bit_420,4,24,99.030381
GlassHalf_1920x1080p_24p_8bit_420,4,27,98.813115
GlassHalf_1920x1080p_24p_8bit_420,4,28,98.71034
GlassHalf_1920x1080p_24p_8bit_420,4,29,98.648982
GlassHalf_1920x1080p_24p_8bit_420,4,30,98.534891
GlassHalf_1920x1080p_24p_8bit_420,4,31,98.39063
GlassHalf_1920x1080p_24p_8bit_420,4,32,98.208116
GlassHalf_1920x1080p_24p_8bit_420,4,33,98.056423
GlassHalf_1920x1080p_24p_8bit_420,4,34,97.904717
GlassHalf_1920x1080p_24p_8bit_420,4,35,97.693407
GlassHalf_1920x1080p_24p_8bit_420,4,36,97.47838
GlassHalf_1920x1080p_24p_8bit_420,4,37,97.257535
GlassHalf_1920x1080p_24p_8bit_420,4,38,97.01552
GlassHalf_1920x1080p_24p_8bit_420,4,39,96.754097
GlassHalf_1920x1080p_24p_8bit_420,4,40,96.523397
GlassHalf_1920x1080p_24p_8bit_420,4,41,96.261516
GlassHalf_1920x1080p_24p_8bit_420,4,42,95.952415
GlassHalf_1920x1080p_24p_8bit_420,4,43,95.630553
GlassHalf_1920x1080p_24p_8bit_420,4,44,95.161793
GlassHalf_1920x1080p_24p_8bit_420,4,45,94.742141
GlassHalf_1920x1080p_24p_8bit_420,4,46,94.3548
GlassHalf_1920x1080p_24p_8bit_420,4,47,93.944788
GlassHalf_1920x1080p_24p_8bit_420,4,48,93.488478
GlassHalf_1920x1080p_24p_8bit_420,4,49,93.090097
GlassHalf_1920x1080p_24p_8bit_420,4,50,92.627512
GlassHalf_1920x1080p_24p_8bit_420,4,51,91.99187
GlassHalf_1920x1080p_24p_8bit_420,4,52,91.397146
GlassHalf_1920x1080p_24p_8bit_420,4,53,90.728082
GlassHalf_1920x1080p_24p_8bit_420,4,54,89.954929
GlassHalf_1920x1080p_24p_8bit_420,4,55,89.020742
GlassHalf_1920x1080p_24p_8bit_420,4,56,87.715764
GlassHalf_1920x1080p_24p_8bit_420,4,58,86.002674
GlassHalf_1920x1080p_24p_8bit_420,4,60,82.049058
GlassHalf_1920x1080p_24p_8bit_420,4,63,66.349386
MINECRAFT_1080p_60_8bit,4,20,99.834006
MINECRAFT_1080p_60_8bit,4,24,99.70227
MINECRAFT_1080p_60_8bit,4,27,99.496583
MINECRAFT_1080p_60_8bit,4,28,99.413316
MINECRAFT_1080p_60_8bit,4,29,99.329686
MINECRAFT_1080p_60_8bit,4,30,99.227033
MINECRAFT_1080p_60_8bit,4,31,99.089096
MINECRAFT_1080p_60_8bit,4,32,98.835954
MINECRAFT_1080p_60_8bit,4,33,98.629141
MINECRAFT_1080p_60_8bit,4,34,98.38077
MINECRAFT_1080p_60_8bit,4,35,98.020645
MINECRAFT_1080p_60_8bit,4,36,97.536941
MINECRAFT_1080p_60_8bit,4,37,97.088044
MINECRAFT_1080p_60_8bit,4,38,96.502958
MINECRAFT_1080p_60_8bit,4,39,95.954904
MINECRAFT_1080p_60_8bit,4,40,95.344008
MINECRAFT_1080p_60_8bit,4,41,94.552085
MINECRAFT_1080p_60_8bit,4,42,93.704491
MINECRAFT_1080p_60_8bit,4,43,92.867834
MINECRAFT_1080p_60_8bit,4,44,91.636082
MINECRAFT_1080p_60_8bit,4,45,90.692327
MINECRAFT_1080p_60_8bit,4,46,89.638345
MINECRAFT_1080p_60_8bit,4,47,88.816321
MINECRAFT_1080p_60_8bit,4,48,87.654344
MINECRAFT_1080p_60_8bit,4,49,86.463987
MINECRAFT_1080p_60_8bit,4,50,85.173914
MINECRAFT_1080p_60_8bit,4,51,83.950659
MINECRAFT_1080p_60_8bit,4,52,82.639695
MINECRAFT_1080p_60_8bit,4,53,81.28821
MINECRAFT_1080p_60_8bit,4,54,79.83535
MINECRAFT_1080p_60_8bit,4,55,78.273103
MINECRAFT_1080p_60_8bit,4,56,75.904889
MINECRAFT_1080p_60_8bit,4,58,72.146164
MINECRAFT_1080p_60_8bit,4,60,66.817165
MINECRAFT_1080p_60_8bit,4,63,49.484684
MeridianTalk_sdr_1920x1080p_5994_10bit,4,20,94.983617
MeridianTalk_sdr_1920x1080p_5994_10bit,4,24,94.550545
MeridianTalk_sdr_1920x1080p_5994_10bit,4,27,94.061504
MeridianTalk_sdr_1920x1080p_5994_10bit,4,28,93.934229
MeridianTalk_sdr_1920x1080p_5994_10bit,4,29,93.776606
MeridianTalk_sdr_1920x1080p_5994_10bit,4,30,93.615431
MeridianTalk_sdr_1920x1080p_5994_10bit,4,31,93.458741
MeridianTalk_sdr_1920x1080p_5994_10bit,4,32,93.164497
MeridianTalk_sdr_1920x1080p_5994_10bit,4,33,92.973655
MeridianTalk_sdr_1920x1080p_5994_10bit,4,34,92.819478
MeridianTalk_sdr_1920x1080p_5994_10bit,4,35,92.537397
MeridianTalk_sdr_1920x1080p_5994_10bit,4,36,92.290411
MeridianTalk_sdr_1920x1080p_5994_10bit,4,37,92.041888
MeridianTalk_sdr_1920x1080p_5994_10bit,4,38,91.755094
MeridianTalk_sdr_1920x1080p_5994_10bit,4,39,91.4951
MeridianTalk_sdr_1920x1080p_5994_10bit,4,40,91.25347
MeridianTalk_sdr_1920x1080p_5994_10bit,4,41,90.987344
MeridianTalk_sdr_1920x1080p_5994_10bit,4,42,90.637911
MeridianTalk_sdr_1920x1080p_5994_10bit,4,43,90.291406
MeridianTalk_sdr_1920x1080p_5994_10bit,4,44,90.058753
MeridianTalk_sdr_1920x1080p_5994_10bit,4,45,89.712543
MeridianTalk_sdr_1920x1080p_5994_10bit,4,46,89.403255
MeridianTalk_sdr_1920x1080p_5994_10bit,4,47,89.009733
MeridianTalk_sdr_1920x1080p_5994_10bit,4,48,88.694245
MeridianTalk_sdr_1920x1080p_5994_10bit,4,49,88.365435
MeridianTalk_sdr_1920x1080p_5994_10bit,4,50,87.897594
MeridianTalk_sdr_1920x1080p_5994_10bit,4,51,87.356688
MeridianTalk_sdr_1920x1080p_5994_10bit,4,52,86.902319
MeridianTalk_sdr_1920x1080p_5994_10bit,4,53,86.327818
MeridianTalk_sdr_1920x1080p_5994_10bit,4,54,85.698829
MeridianTalk_sdr_1920x1080p_5994_10bit,4,55,85.180628
MeridianTalk_sdr_1920x1080p_5994_10bit,4,56,84.360647
MeridianTalk_sdr_1920x1080p_5994_10bit,4,58,82.816005
MeridianTalk_sdr_1920x1080p_5994_10bit,4,60,80.591179
MeridianTalk_sdr_1920x1080p_5994_10bit,4,63,72.642064
Debugging_1920x1080_30fps_8bit_420,4,20,97.594616
Debugging_1920x1080_30fps_8bit_420,4,24,97.59289
Debugging_1920x1080_30fps_8bit_420,4,27,97.552585
Debugging_1920x1080_30fps_8bit_420,4,28,97.563222
Debugging_1920x1080_30fps_8bit_420,4,29,97.523429
Debugging_1920x1080_30fps_8bit_420,4,30,97.516508
Debugging_1920x1080_30fps_8bit_420,4,31,97.495483
Debugging_1920x1080_30fps_8bit_420,4,32,97.47342
Debugging_1920x1080_30fps_8bit_420,4,33,97.468348
Debugging_1920x1080_30fps_8bit_420,4,34,97.456792
Debugging_1920x1080_30fps_8bit_420,4,35,97.462054
Debugging_1920x1080_30fps_8bit_420,4,36,97.387875
Debugging_1920x1080_30fps_8bit_420,4,37,97.368885
Debugging_1920x1080_30fps_8bit_420,4,38,97.356355
Debugging_1920x1080_30fps_8bit_420,4,39,97.315106
Debugging_1920x1080_30fps_8bit_420,4,40,97.310522
Debugging_1920x1080_30fps_8bit_420,4,41,97.257861
Debugging_1920x1080_30fps_8bit_420,4,42,97.200914
Debugging_1920x1080_30fps_8bit_420,4,43,97.118506
Debugging_1920x1080_30fps_8bit_420,4,44,97.080484
Debugging_1920x1080_30fps_8bit_420,4,45,97.049934
Debugging_1920x1080_30fps_8bit_420,4,46,96.992599
Debugging_1920x1080_30fps_8bit_420,4,47,96.944161
Debugging_1920x1080_30fps_8bit_420,4,48,96.906978
Debugging_1920x1080_30fps_8bit_420,4,49,96.779935
Debugging_1920x1080_30fps_8bit_420,4,50,96.737804
Debugging_1920x1080_30fps_8bit_420,4,51,96.672402
Debugging_1920x1080_30fps_8bit_420,4,52,96.594596
Debugging_1920x1080_30fps_8bit_420,4,53,96.558136
Debugging_1920x1080_30fps_8bit_420,4,54,96.396439
Debugging_1920x1080_30fps_8bit_420,4,55,96.287065
Debugging_1920x1080_30fps_8bit_420,4,56,96.156802
Debugging_1920x1080_30fps_8bit_420,4,58,95.830232
Debugging_1920x1080_30fps_8bit_420,4,60,95.447338
Debugging_1920x1080_30fps_8bit_420,4,63,92.96458
DOTA2_1920x1080_60_8bit_420,4,20,95.930358
DOTA2_1920x1080_60_8bit_420,4,24,95.446147
DOTA2_1920x1080_60_8bit_420,4,27,94.797285
DOTA2_1920x1080_60_8bit_420,4,28,94.582362
DOTA2_1920x1080_60_8bit_420,4,29,94.384379
DOTA2_1920x1080_60_8bit_420,4,30,94.177536
DOTA2_1920x1080_60_8bit_420,4,31,93.902603
DOTA2_1920x1080_60_8bit_420,4,32,93.619275
DOTA2_1920x1080_60_8bit_420,4,33,93.349712
DOTA2_1920x1080_60_8bit_420,4,34,93.092532
DOTA2_1920x1080_60_8bit_420,4,35,92.740402
DOTA2_1920x1080_60_8bit_420,4,36,92.370053
DOTA2_1920x1080_60_8bit_420,4,37,92.039187
DOTA2_1920x1080_60_8bit_420,4,38,91.638858
DOTA2_1920x1080_60_8bit_420,4,39,91.206965
DOTA2_1920x1080_60_8bit_420,4,40,90.857228
DOTA2_1920x1080_60_8bit_420,4,41,90.365689
DOTA2_1920x1080_60_8bit_420,4,42,89.905866
DOTA2_1920x1080_60_8bit_420,4,43,89.385198
DOTA2_1920x1080_60_8bit_420,4,44,88.846992
DOTA2_1920x1080_60_8bit_420,4,45,88.241126
DOTA2_1920x1080_60_8bit_420,4,46,87.744518
DOTA2_1920x1080_60_8bit_420,4,47,87.219486
DOTA2_1920x1080_60_8bit_420,4,48,86.51761
DOTA2_1920x1080_60_8bit_420,4,49,85.788846
DOTA2_1920x1080_60_8bit_420,4,50,84.996338
DOTA2_1920x1080_60_8bit_420,4,51,84.285445
DOTA2_1920x1080_60_8bit_420,4,52,83.402414
DOTA2_1920x1080_60_8bit_420,4,53,82.586289
DOTA2_1920x1080_60_8bit_420,4,54,81.631845
DOTA2_1920x1080_60_8bit_420,4,55,80.341859
DOTA2_1920x1080_60_8bit_420,4,56,79.073529
DOTA2_1920x1080_60_8bit_420,4,58,76.124717
DOTA2_1920x1080_60_8bit_420,4,60,71.510811
DOTA2_1920x1080_60_8bit_420,4,63,57.087112
CrowdRun_1920x1080p50,4,20,99.961291
CrowdRun_1920x1080p50,4,24,99.957021
CrowdRun_1920x1080p50,4,27,99.706985
CrowdRun_1920x1080p50,4,28,99.501085
CrowdRun_1920x1080p50,4,29,99.252609
CrowdRun_1920x1080p50,4,30,98.96733
CrowdRun_1920x1080p50,4,31,98.518969
CrowdRun_1920x1080p50,4,32,97.931185
CrowdRun_1920x1080p50,4,33,97.347084
CrowdRun_1920x1080p50,4,34,96.817009
CrowdRun_1920x1080p50,4,35,96.102086
CrowdRun_1920x1080p50,4,36,95.287198
CrowdRun_1920x1080p50,4,37,94.534279
CrowdRun_1920x1080p50,4,38,93.646213
CrowdRun_1920x1080p50,4,39,92.777463
CrowdRun_1920x1080p50,4,40,91.915231
CrowdRun_1920x1080p50,4,41,90.919685
CrowdRun_1920x1080p50,4,42,90.021752
CrowdRun_1920x1080p50,4,43,88.976004
CrowdRun_1920x1080p50,4,44,87.848663
CrowdRun_1920x1080p50,4,45,86.793704
CrowdRun_1920x1080p50,4,46,85.760799
CrowdRun_1920x1080p50,4,47,84.585096
CrowdRun_1920x1080p50,4,48,83.38978
CrowdRun_1920x1080p50,4,49,82.542972
CrowdRun_1920x1080p50,4,50,81.425883
CrowdRun_1920x1080p50,4,51,80.180464
CrowdRun_1920x1080p50,4,52,78.824492
CrowdRun_1920x1080p50,4,53,77.42773
CrowdRun_1920x1080p50,4,54,75.84385
CrowdRun_1920x1080p50,4,55,74.254857
CrowdRun_1920x1080p50,4,56,71.999854
CrowdRun_1920x1080p50,4,58,67.449515
CrowdRun_1920x1080p50,4,60,61.027263
CrowdRun_1920x1080p50,4,63,41.223897
WITCHER3_1920x1080_60_8bit_420,4,20,97.807814
WITCHER3_1920x1080_60_8bit_420,4,24,96.70777
WITCHER3_1920x1080_60_8bit_420,4,27,95.15008
WITCHER3_1920x1080_60_8bit_420,4,28,94.6362
WITCHER3_1920x1080_60_8bit_420,4,29,94.090911
WITCHER3_1920x1080_60_8bit_420,4,30,93.530947
WITCHER3_1920x1080_60_8bit_420,4,31,92.788107
WITCHER3_1920x1080_60_8bit_420,4,32,91.945522
WITCHER3_1920x1080_60_8bit_420,4,33,91.185699
WITCHER3_1920x1080_60_8bit_420,4,34,90.472746
WITCHER3_1920x1080_60_8bit_420,4,35,89.610869
WITCHER3_1920x1080_60_8bit_420,4,36,88.613141
WITCHER3_1920x1080_60_8bit_420,4,37,87.756156
WITCHER3_1920x1080_60_8bit_420,4,38,86.80335
WITCHER3_1920x1080_60_8bit_420,4,39,85.752623
WITCHER3_1920x1080_60_8bit_420,4,40,84.985437
WITCHER3_1920x1080_60_8bit_420,4,41,83.853609
WITCHER3_1920x1080_60_8bit_420,4,42,82.817203
WITCHER3_1920x1080_60_8bit_420,4,43,81.646992
WITCHER3_1920x1080_60_8bit_420,4,44,80.658491
WITCHER3_1920x1080_60_8bit_420,4,45,79.477883
WITCHER3_1920x1080_60_8bit_420,4,46,78.526499
WITCHER3_1920x1080_60_8bit_420,4,47,77.510756
WITCHER3_1920x1080_60_8bit_420,4,48,76.280729
WITCHER3_1920x1080_60_8bit_420,4,49,75.14373
WITCHER3_1920x1080_60_8bit_420,4,50,73.963745
WITCHER3_1920x1080_60_8bit_420,4,51,72.778386
WITCHER3_1920x1080_60_8bit_420,4,52,71.638035
WITCHER3_1920x1080_60_8bit_420,4,53,70.403043
WITCHER3_1920x1080_60_8bit_420,4,54,68.997078
WITCHER3_1920x1080_60_8bit_420,4,55,67.528203
WITCHER3_1920x1080_60_8bit_420,4,56,65.770186
WITCHER3_1920x1080_60_8bit_420,4,58,62.612216
WITCHER3_1920x1080_60_8bit_420,4,60,58.338701
WITCHER3_1920x1080_60_8bit_420,4,63,47.291576
WalkingInStreet_1920x1080_30fps,4,20,99.962948
WalkingInStreet_1920x1080_30fps,4,24,99.958426
WalkingInStreet_1920x1080_30fps,4,27,99.952237
WalkingInStreet_1920x1080_30fps,4,28,99.946371
WalkingInStreet_1920x1080_30fps,4,29,99.929143
WalkingInStreet_1920x1080_30fps,4,30,99.904319
WalkingInStreet_1920x1080_30fps,4,31,99.866524
WalkingInStreet_1920x1080_30fps,4,32,99.759831
WalkingInStreet_1920x1080_30fps,4,33,99.645823
WalkingInStreet_1920x1080_30fps,4,34,99.53136
WalkingInStreet_1920x1080_30fps,4,35,99.3571
WalkingInStreet_1920x1080_30fps,4,36,99.133898
WalkingInStreet_1920x1080_30fps,4,37,98.884207
WalkingInStreet_1920x1080_30fps,4,38,98.551511
WalkingInStreet_1920x1080_30fps,4,39,98.286873
WalkingInStreet_1920x1080_30fps,4,40,97.875171
WalkingInStreet_1920x1080_30fps,4,41,97.417386
WalkingInStreet_1920x1080_30fps,4,42,96.884479
WalkingInStreet_1920x1080_30fps,4,43,96.250895
WalkingInStreet_1920x1080_30fps,4,44,95.537837
WalkingInStreet_1920x1080_30fps,4,45,94.833101
WalkingInStreet_1920x1080_30fps,4,46,93.937892
WalkingInStreet_1920x1080_30fps,4,47,93.018539
WalkingInStreet_1920x1080_30fps,4,48,92.047604
WalkingInStreet_1920x1080_30fps,4,49,91.307541
WalkingInStreet_1920x1080_30fps,4,50,90.377262
WalkingInStreet_1920x1080_30fps,4,51,89.40288
WalkingInStreet_1920x1080_30fps,4,52,88.283827
WalkingInStreet_1920x1080_30fps,4,53,87.220764
WalkingInStreet_1920x1080_30fps,4,54,85.932398
WalkingInStreet_1920x1080_30fps,4,55,84.591839
WalkingInStreet_1920x1080_30fps,4,56,83.065722
WalkingInStreet_1920x1080_30fps,4,58,79.47747
WalkingInStreet_1920x1080_30fps,4,60,74.250343
WalkingInStreet_1920x1080_30fps,4,63,56.945401
ToddlerFountain_1920x1080_2997fps_10bit_420,4,20,99.954792
ToddlerFountain_1920x1080_2997fps_10bit_420,4,24,99.947655
ToddlerFountain_1920x1080_2997fps_10bit_420,4,27,99.936881
ToddlerFountain_1920x1080_2997fps_10bit_420,4,28,99.934912
ToddlerFountain_1920x1080_2997fps_10bit_420,4,29,99.931212
ToddlerFountain_1920x1080_2997fps_10bit_420,4,30,99.926313
ToddlerFountain_1920x1080_2997fps_10bit_420,4,31,99.82718
ToddlerFountain_1920x1080_2997fps_10bit_420,4,32,99.635323
ToddlerFountain_1920x1080_2997fps_10bit_420,4,33,99.095815
ToddlerFountain_1920x1080_2997fps_10bit_420,4,34,98.558478
ToddlerFountain_1920x1080_2997fps_10bit_420,4,35,97.602146
ToddlerFountain_1920x1080_2997fps_10bit_420,4,36,96.477394
ToddlerFountain_1920x1080_2997fps_10bit_420,4,37,95.14275
ToddlerFountain_1920x1080_2997fps_10bit_420,4,38,93.508242
ToddlerFountain_1920x1080_2997fps_10bit_420,4,39,91.938595
ToddlerFountain_1920x1080_2997fps_10bit_420,4,40,90.476175
ToddlerFountain_1920x1080_2997fps_10bit_420,4,41,88.593173
ToddlerFountain_1920x1080_2997fps_10bit_420,4,42,86.892935
ToddlerFountain_1920x1080_2997fps_10bit_420,4,43,85.11938
ToddlerFountain_1920x1080_2997fps_10bit_420,4,44,83.19705
ToddlerFountain_1920x1080_2997fps_10bit_420,4,45,81.15085
ToddlerFountain_1920x1080_2997fps_10bit_420,4,46,79.123287
ToddlerFountain_1920x1080_2997fps_10bit_420,4,47,77.113002
ToddlerFountain_1920x1080_2997fps_10bit_420,4,48,74.498029
ToddlerFountain_1920x1080_2997fps_10bit_420,4,49,72.865906
ToddlerFountain_1920x1080_2997fps_10bit_420,4,50,70.617379
ToddlerFountain_1920x1080_2997fps_10bit_420,4,51,68.372383
ToddlerFountain_1920x1080_2997fps_10bit_420,4,52,66.270678
ToddlerFountain_1920x1080_2997fps_10bit_420,4,53,63.726573
ToddlerFountain_1920x1080_2997fps_10bit_420,4,54,60.822543
ToddlerFountain_1920x1080_2997fps_10bit_420,4,55,58.226438
ToddlerFountain_1920x1080_2997fps_10bit_420,4,56,54.527765
ToddlerFountain_1920x1080_2997fps_10bit_420,4,58,48.271767
ToddlerFountain_1920x1080_2997fps_10bit_420,4,60,41.387656
ToddlerFountain_1920x1080_2997fps_10bit_420,4,63,20.617348
Vertical_bees_1080x1920_2997,4,20,98.737282
Vertical_bees_1080x1920_2997,4,24,98.452915
Vertical_bees_1080x1920_2997,4,27,97.965642
Vertical_bees_1080x1920_2997,4,28,97.833444
Vertical_bees_1080x1920_2997,4,29,97.704852
Vertical_bees_1080x1920_2997,4,30,97.539869
Vertical_bees_1080x1920_2997,4,31,97.346209
Vertical_bees_1080x1920_2997,4,32,97.126382
Vertical_bees_1080x1920_2997,4,33,96.950683
Vertical_bees_1080x1920_2997,4,34,96.795122
Vertical_bees_1080x1920_2997,4,35,96.580955
Vertical_bees_1080x1920_2997,4,36,96.365993
Vertical_bees_1080x1920_2997,4,37,96.142728
Vertical_bees_1080x1920_2997,4,38,95.959891
Vertical_bees_1080x1920_2997,4,39,95.568012
Vertical_bees_1080x1920_2997,4,40,95.328273
Vertical_bees_1080x1920_2997,4,41,95.123325
Vertical_bees_1080x1920_2997,4,42,94.877882
Vertical_bees_1080x1920_2997,4,43,94.62167
Vertical_bees_1080x1920_2997,4,44,94.352758
Vertical_bees_1080x1920_2997,4,45,94.122113
Vertical_bees_1080x1920_2997,4,46,93.873585
Vertical_bees_1080x1920_2997,4,47,93.678671
Vertical_bees_1080x1920_2997,4,48,93.397978
Vertical_bees_1080x1920_2997,4,49,93.187063
Vertical_bees_1080x1920_2997,4,50,92.845188
Vertical_bees_1080x1920_2997,4,51,92.508082
Vertical_bees_1080x1920_2997,4,52,92.160105
Vertical_bees_1080x1920_2997,4,53,91.808589
Vertical_bees_1080x1920_2997,4,54,91.32681
Vertical_bees_1080x1920_2997,4,55,90.8704
Vertical_bees_1080x1920_2997,4,56,90.126361
Vertical_bees_1080x1920_2997,4,58,88.712588
Vertical_bees_1080x1920_2997,4,60,86.518598
Vertical_bees_1080x1920_2997,4,63,77.050608
Wikipedia_1920x1080p30,4,20,98.703957
Wikipedia_1920x1080p30,4,24,98.69123
Wikipedia_1920x1080p30,4,27,98.689859
Wikipedia_1920x1080p30,4,28,98.69244
Wikipedia_1920x1080p30,4,29,98.692749
Wikipedia_1920x1080p30,4,30,98.686134
Wikipedia_1920x1080p30,4,31,98.685466
Wikipedia_1920x1080p30,4,32,98.681092
Wikipedia_1920x1080p30,4,33,98.684035
Wikipedia_1920x1080p30,4,34,98.674789
Wikipedia_1920x1080p30,4,35,98.674964
Wikipedia_1920x1080p30,4,36,98.671549
Wikipedia_1920x1080p30,4,37,98.665246
Wikipedia_1920x1080p30,4,38,98.67611
Wikipedia_1920x1080p30,4,39,98.647699
Wikipedia_1920x1080p30,4,40,98.637744
Wikipedia_1920x1080p30,4,41,98.622676
Wikipedia_1920x1080p30,4,42,98.620793
Wikipedia_1920x1080p30,4,43,98.607838
Wikipedia_1920x1080p30,4,44,98.593361
Wikipedia_1920x1080p30,4,45,98.573287
Wikipedia_1920x1080p30,4,46,98.570404
Wikipedia_1920x1080p30,4,47,98.548636
Wikipedia_1920x1080p30,4,48,98.537191
Wikipedia_1920x1080p30,4,49,98.52792
Wikipedia_1920x1080p30,4,50,98.481106
Wikipedia_1920x1080p30,4,51,98.480354
Wikipedia_1920x1080p30,4,52,98.429867
Wikipedia_1920x1080p30,4,53,98.349437
Wikipedia_1920x1080p30,4,54,98.320066
Wikipedia_1920x1080p30,4,55,98.29034
Wikipedia_1920x1080p30,4,56,98.179436
Wikipedia_1920x1080p30,4,58,98.047033
Wikipedia_1920x1080p30,4,60,97.803393
Wikipedia_1920x1080p30,4,63,96.335355
Spreadsheet_1920x1080_30fps_8bit_420_130f,4,20,97.437936
Spreadsheet_1920x1080_30fps_8bit_420_130f,4,24,97.397058
Spreadsheet_1920x1080_30fps_8bit_420_130f,4,27,97.347104
Spreadsheet_1920x1080_30fps_8bit_420_130f,4,28,97.339686
Spreadsheet_1920x1080_30fps_8bit_420_130f,4,29,97.311068
Spreadsheet_1920x1080_30fps_8bit_420_130f,4,30,97.288976
Spreadsheet_1920x1080_30fps_8bit_420_130f,4,31,97.267017
Spreadsheet_1920x1080_30fps_8bit_420_130f,4,32,97.220158
Spreadsheet_1920x1080_30fps_8bit_420_130f,4,33,97.199897
Spreadsheet_1920x1080_30fps_8bit_420_130f,4,34,97.158013
Spreadsheet_1920x1080_30fps_8bit_420_130f,4,35,97.139252
Spreadsheet_1920x1080_30fps_8bit_420_130f,4,36,97.102286
Spreadsheet_1920x1080_30fps_8bit_420_130f,4,37,97.069945
Spreadsheet_1920x1080_30fps_8bit_420_130f,4,38,97.023927
Spreadsheet_1920x1080_30fps_8bit_420_130f,4,39,96.964338
Spreadsheet_1920x1080_30fps_8bit_420_130f,4,40,96.94092
Spreadsheet_1920x1080_30fps_8bit_420_130f,4,41,96.874835
Spreadsheet_1920x1080_30fps_8bit_420_130f,4,42,96.78631
Spreadsheet_1920x1080_30fps_8bit_420_130f,4,43,96.758916
Spreadsheet_1920x1080_30fps_8bit_420_130f,4,44,96.678409
Spreadsheet_1920x1080_30fps_8bit_420_130f,4,45,96.611211
Spreadsheet_1920x1080_30fps_8bit_420_130f,4,46,96.566674
Spreadsheet_1920x1080_30fps_8bit_420_130f,4,47,96.467053
Spreadsheet_1920x1080_30fps_8bit_420_130f,4,48,96.412994
Spreadsheet_1920x1080_30fps_8bit_420_130f,4,49,96.347812
Spreadsheet_1920x1080_30fps_8bit_420_130f,4,50,96.266726
Spreadsheet_1920x1080_30fps_8bit_420_130f,4,51,96.160387
Spreadsheet_1920x1080_30fps_8bit_420_130f,4,52,96.021265
Spreadsheet_1920x1080_30fps_8bit_420_130f,4,53,95.903601
Spreadsheet_1920x1080_30fps_8bit_420_130f,4,54,95.797388
Spreadsheet_1920x1080_30fps_8bit_420_130f,4,55,95.598512
Spreadsheet_1920x1080_30fps_8bit_420_130f,4,56,95.416894
Spreadsheet_1920x1080_30fps_8bit_420_130f,4,58,94.983897
Spreadsheet_1920x1080_30fps_8bit_420_130f,4,60,94.239973
Spreadsheet_1920x1080_30fps_8bit_420_130f,4,63,91.055293
TreesAndGrass_1920_1080_30fps_8bit,4,20,99.966717
TreesAndGrass_1920_1080_30fps_8bit,4,24,99.962168
TreesAndGrass_1920_1080_30fps_8bit,4,27,99.956679
TreesAndGrass_1920_1080_30fps_8bit,4,28,99.955339
TreesAndGrass_1920_1080_30fps_8bit,4,29,99.952909
TreesAndGrass_1920_1080_30fps_8bit,4,30,99.945488
TreesAndGrass_1920_1080_30fps_8bit,4,31,99.935104
TreesAndGrass_1920_1080_30fps_8bit,4,32,99.925513
TreesAndGrass_1920_1080_30fps_8bit,4,33,99.910484
TreesAndGrass_1920_1080_30fps_8bit,4,34,99.89203
TreesAndGrass_1920_1080_30fps_8bit,4,35,99.862175
TreesAndGrass_1920_1080_30fps_8bit,4,36,99.819903
TreesAndGrass_1920_1080_30fps_8bit,4,37,99.770566
TreesAndGrass_1920_1080_30fps_8bit,4,38,99.724732
TreesAndGrass_1920_1080_30fps_8bit,4,39,99.675914
TreesAndGrass_1920_1080_30fps_8bit,4,40,99.628134
TreesAndGrass_1920_1080_30fps_8bit,4,41,99.561045
TreesAndGrass_1920_1080_30fps_8bit,4,42,99.491797
TreesAndGrass_1920_1080_30fps_8bit,4,43,99.445853
TreesAndGrass_1920_1080_30fps_8bit,4,44,99.371873
TreesAndGrass_1920_1080_30fps_8bit,4,45,99.283852
TreesAndGrass_1920_1080_30fps_8bit,4,46,99.169613
TreesAndGrass_1920_1080_30fps_8bit,4,47,98.99122
TreesAndGrass_1920_1080_30fps_8bit,4,48,98.735461
TreesAndGrass_1920_1080_30fps_8bit,4,49,98.470092
TreesAndGrass_1920_1080_30fps_8bit,4,50,98.111074
TreesAndGrass_1920_1080_30fps_8bit,4,51,97.739837
TreesAndGrass_1920_1080_30fps_8bit,4,52,97.183278
TreesAndGrass_1920_1080_30fps_8bit,4,53,96.640638
TreesAndGrass_1920_1080_30fps_8bit,4,54,95.909223
TreesAndGrass_1920_1080_30fps_8bit,4,55,94.941294
TreesAndGrass_1920_1080_30fps_8bit,4,56,93.740325
TreesAndGrass_1920_1080_30fps_8bit,4,58,90.59126
TreesAndGrass_1920_1080_30fps_8bit,4,60,85.510373
TreesAndGrass_1920_1080_30fps_8bit,4,63,68.326408
Crosswalk_3840x2160_5994fps_10bit_420,4,20,95.677812
Crosswalk_3840x2160_5994fps_10bit_420,4,24,94.780488
Crosswalk_3840x2160_5994fps_10bit_420,4,27,93.710989
Crosswalk_3840x2160_5994fps_10bit_420,4,28,93.373537
Crosswalk_3840x2160_5994fps_10bit_420,4,29,93.057231
Crosswalk_3840x2160_5994fps_10bit_420,4,30,92.68434
Crosswalk_3840x2160_5994fps_10bit_420,4,31,92.204554
Crosswalk_3840x2160_5994fps_10bit_420,4,32,91.725059
Crosswalk_3840x2160_5994fps_10bit_420,4,33,91.283937
Crosswalk_3840x2160_5994fps_10bit_420,4,34,90.820776
Crosswalk_3840x2160_5994fps_10bit_420,4,35,90.307393
Crosswalk_3840x2160_5994fps_10bit_420,4,36,89.756243
Crosswalk_3840x2160_5994fps_10bit_420,4,37,89.275013
Crosswalk_3840x2160_5994fps_10bit_420,4,38,88.68862
Crosswalk_3840x2160_5994fps_10bit_420,4,39,88.140622
Crosswalk_3840x2160_5994fps_10bit_420,4,40,87.553939
Crosswalk_3840x2160_5994fps_10bit_420,4,41,86.900662
Crosswalk_3840x2160_5994fps_10bit_420,4,42,86.318192
Crosswalk_3840x2160_5994fps_10bit_420,4,43,85.678933
Crosswalk_3840x2160_5994fps_10bit_420,4,44,85.08753
Crosswalk_3840x2160_5994fps_10bit_420,4,45,84.352535
Crosswalk_3840x2160_5994fps_10bit_420,4,46,83.723479
Crosswalk_3840x2160_5994fps_10bit_420,4,47,83.09804
Crosswalk_3840x2160_5994fps_10bit_420,4,48,82.365051
Crosswalk_3840x2160_5994fps_10bit_420,4,49,81.547996
Crosswalk_3840x2160_5994fps_10bit_420,4,50,80.731724
Crosswalk_3840x2160_5994fps_10bit_420,4,51,79.826958
Crosswalk_3840x2160_5994fps_10bit_420,4,52,78.872426
Crosswalk_3840x2160_5994fps_10bit_420,4,53,78.106475
Crosswalk_3840x2160_5994fps_10bit_420,4,54,76.991785
Crosswalk_3840x2160_5994fps_10bit_420,4,55,75.785044
Crosswalk_3840x2160_5994fps_10bit_420,4,56,74.241061
Crosswalk_3840x2160_5994fps_10bit_420,4,58,71.777364
Crosswalk_3840x2160_5994fps_10bit_420,4,60,67.483092
Crosswalk_3840x2160_5994fps_10bit_420,4,63,52.337211
NocturneDance_3840x2160p_10bit_60fps,4,20,95.276782
NocturneDance_3840x2160p_10bit_60fps,4,24,93.744706
NocturneDance_3840x2160p_10bit_60fps,4,27,91.81648
NocturneDance_3840x2160p_10bit_60fps,4,28,91.084867
NocturneDance_3840x2160p_10bit_60fps,4,29,90.368881
NocturneDance_3840x2160p_10bit_60fps,4,30,89.620193
NocturneDance_3840x2160p_10bit_60fps,4,31,88.579488
NocturneDance_3840x2160p_10bit_60fps,4,32,87.476891
NocturneDance_3840x2160p_10bit_60fps,4,33,86.405951
NocturneDance_3840x2160p_10bit_60fps,4,34,85.239181
NocturneDance_3840x2160p_10bit_60fps,4,35,83.892921
NocturneDance_3840x2160p_10bit_60fps,4,36,82.523369
NocturneDance_3840x2160p_10bit_60fps,4,37,81.227419
NocturneDance_3840x2160p_10bit_60fps,4,38,79.809276
NocturneDance_3840x2160p_10bit_60fps,4,39,78.324912
NocturneDance_3840x2160p_10bit_60fps,4,40,76.808983
NocturneDance_3840x2160p_10bit_60fps,4,41,75.059277
NocturneDance_3840x2160p_10bit_60fps,4,42,73.292423
NocturneDance_3840x2160p_10bit_60fps,4,43,71.305378
NocturneDance_3840x2160p_10bit_60fps,4,44,69.416319
NocturneDance_3840x2160p_10bit_60fps,4,45,67.52592
NocturneDance_3840x2160p_10bit_60fps,4,46,65.87296
NocturneDance_3840x2160p_10bit_60fps,4,47,63.865669
NocturneDance_3840x2160p_10bit_60fps,4,48,61.675331
NocturneDance_3840x2160p_10bit_60fps,4,49,59.74133
NocturneDance_3840x2160p_10bit_60fps,4,50,57.53209
NocturneDance_3840x2160p_10bit_60fps,4,51,55.295031
NocturneDance_3840x2160p_10bit_60fps,4,52,52.698412
NocturneDance_3840x2160p_10bit_60fps,4,53,50.28411
NocturneDance_3840x2160p_10bit_60fps,4,54,47.991008
NocturneDance_3840x2160p_10bit_60fps,4,55,44.703643
NocturneDance_3840x2160p_10bit_60fps,4,56,41.794535
NocturneDance_3840x2160p_10bit_60fps,4,58,38.839941
NocturneDance_3840x2160p_10bit_60fps,4,60,31.985369
NocturneDance_3840x2160p_10bit_60fps,4,63,15.809401
Neon1224_3840x2160_2997fps,4,20,99.950882
Neon1224_3840x2160_2997fps,4,24,99.945891
Neon1224_3840x2160_2997fps,4,27,99.940222
Neon1224_3840x2160_2997fps,4,28,99.936904
Neon1224_3840x2160_2997fps,4,29,99.928552
Neon1224_3840x2160_2997fps,4,30,99.916448
Neon1224_3840x2160_2997fps,4,31,99.883586
Neon1224_3840x2160_2997fps,4,32,99.813122
Neon1224_3840x2160_2997fps,4,33,99.735485
Neon1224_3840x2160_2997fps,4,34,99.627777
Neon1224_3840x2160_2997fps,4,35,99.435555
Neon1224_3840x2160_2997fps,4,36,99.160134
Neon1224_3840x2160_2997fps,4,37,98.829166
Neon1224_3840x2160_2997fps,4,38,98.385055
Neon1224_3840x2160_2997fps,4,39,97.883262
Neon1224_3840x2160_2997fps,4,40,97.41617
Neon1224_3840x2160_2997fps,4,41,96.648071
Neon1224_3840x2160_2997fps,4,42,95.910194
Neon1224_3840x2160_2997fps,4,43,94.97203
Neon1224_3840x2160_2997fps,4,44,94.012001
Neon1224_3840x2160_2997fps,4,45,92.883473
Neon1224_3840x2160_2997fps,4,46,91.756611
Neon1224_3840x2160_2997fps,4,47,90.612205
Neon1224_3840x2160_2997fps,4,48,88.93961
Neon1224_3840x2160_2997fps,4,49,87.860346
Neon1224_3840x2160_2997fps,4,50,86.36774
Neon1224_3840x2160_2997fps,4,51,84.854865
Neon1224_3840x2160_2997fps,4,52,83.439831
Neon1224_3840x2160_2997fps,4,53,81.654668
Neon1224_3840x2160_2997fps,4,54,79.645284
Neon1224_3840x2160_2997fps,4,55,77.926196
Neon1224_3840x2160_2997fps,4,56,75.118454
Neon1224_3840x2160_2997fps,4,58,70.174709
Neon1224_3840x2160_2997fps,4,60,63.421779
Neon1224_3840x2160_2997fps,4,63,39.48252
PierSeaSide_3840x2160_2997fps_10bit_420_v2,4,20,99.628402
PierSeaSide_3840x2160_2997fps_10bit_420_v2,4,24,99.467208
PierSeaSide_3840x2160_2997fps_10bit_420_v2,4,27,99.204287
PierSeaSide_3840x2160_2997fps_10bit_420_v2,4,28,98.993694
PierSeaSide_3840x2160_2997fps_10bit_420_v2,4,29,98.901738
PierSeaSide_3840x2160_2997fps_10bit_420_v2,4,30,98.791839
PierSeaSide_3840x2160_2997fps_10bit_420_v2,4,31,98.779913
PierSeaSide_3840x2160_2997fps_10bit_420_v2,4,32,98.477575
PierSeaSide_3840x2160_2997fps_10bit_420_v2,4,33,98.552187
PierSeaSide_3840x2160_2997fps_10bit_420_v2,4,34,98.180747
PierSeaSide_3840x2160_2997fps_10bit_420_v2,4,35,97.989196
PierSeaSide_3840x2160_2997fps_10bit_420_v2,4,36,97.813915
PierSeaSide_3840x2160_2997fps_10bit_420_v2,4,37,97.60683
PierSeaSide_3840x2160_2997fps_10bit_420_v2,4,38,97.41961
PierSeaSide_3840x2160_2997fps_10bit_420_v2,4,39,97.215486
PierSeaSide_3840x2160_2997fps_10bit_420_v2,4,40,96.998922
PierSeaSide_3840x2160_2997fps_10bit_420_v2,4,41,96.718591
PierSeaSide_3840x2160_2997fps_10bit_420_v2,4,42,96.504175
PierSeaSide_3840x2160_2997fps_10bit_420_v2,4,43,96.211885
PierSeaSide_3840x2160_2997fps_10bit_420_v2,4,44,95.956584
PierSeaSide_3840x2160_2997fps_10bit_420_v2,4,45,95.671379
PierSeaSide_3840x2160_2997fps_10bit_420_v2,4,46,95.353528
PierSeaSide_3840x2160_2997fps_10bit_420_v2,4,47,95.145088
PierSeaSide_3840x2160_2997fps_10bit_420_v2,4,48,94.832611
PierSeaSide_3840x2160_2997fps_10bit_420_v2,4,49,94.477142
PierSeaSide_3840x2160_2997fps_10bit_420_v2,4,50,94.074121
PierSeaSide_3840x2160_2997fps_10bit_420_v2,4,51,93.780097
PierSeaSide_3840x2160_2997fps_10bit_420_v2,4,52,93.376511
PierSeaSide_3840x2160_2997fps_10bit_420_v2,4,53,93.047671
PierSeaSide_3840x2160_2997fps_10bit_420_v2,4,54,92.589558
PierSeaSide_3840x2160_2997fps_10bit_420_v2,4,55,92.065416
PierSeaSide_3840x2160_2997fps_10bit_420_v2,4,56,91.328121
PierSeaSide_3840x2160_2997fps_10bit_420_v2,4,58,90.24407
PierSeaSide_3840x2160_2997fps_10bit_420_v2,4,60,88.26989
PierSeaSide_3840x2160_2997fps_10bit_420_v2,4,63,80.17342
FoodMarket2_3840x2160_5994fps_10bit_420,4,20,99.954776
FoodMarket2_3840x2160_5994fps_10bit_420,4,24,99.950676
FoodMarket2_3840x2160_5994fps_10bit_420,4,27,99.945048
FoodMarket2_3840x2160_5994fps_10bit_420,4,28,99.943692
FoodMarket2_3840x2160_5994fps_10bit_420,4,29,99.941528
FoodMarket2_3840x2160_5994fps_10bit_420,4,30,99.939416
FoodMarket2_3840x2160_5994fps_10bit_420,4,31,99.936147
FoodMarket2_3840x2160_5994fps_10bit_420,4,32,99.934036
FoodMarket2_3840x2160_5994fps_10bit_420,4,33,99.931932
FoodMarket2_3840x2160_5994fps_10bit_420,4,34,99.930955
FoodMarket2_3840x2160_5994fps_10bit_420,4,35,99.927359
FoodMarket2_3840x2160_5994fps_10bit_420,4,36,99.923756
FoodMarket2_3840x2160_5994fps_10bit_420,4,37,99.920722
FoodMarket2_3840x2160_5994fps_10bit_420,4,38,99.918488
FoodMarket2_3840x2160_5994fps_10bit_420,4,39,99.914653
FoodMarket2_3840x2160_5994fps_10bit_420,4,40,99.908484
FoodMarket2_3840x2160_5994fps_10bit_420,4,41,99.876182
FoodMarket2_3840x2160_5994fps_10bit_420,4,42,99.823758
FoodMarket2_3840x2160_5994fps_10bit_420,4,43,99.738239
FoodMarket2_3840x2160_5994fps_10bit_420,4,44,99.65845
FoodMarket2_3840x2160_5994fps_10bit_420,4,45,99.526785
FoodMarket2_3840x2160_5994fps_10bit_420,4,46,99.399272
FoodMarket2_3840x2160_5994fps_10bit_420,4,47,99.215246
FoodMarket2_3840x2160_5994fps_10bit_420,4,48,98.98818
FoodMarket2_3840x2160_5994fps_10bit_420,4,49,98.664116
FoodMarket2_3840x2160_5994fps_10bit_420,4,50,98.307306
FoodMarket2_3840x2160_5994fps_10bit_420,4,51,97.898826
FoodMarket2_3840x2160_5994fps_10bit_420,4,52,97.303921
FoodMarket2_3840x2160_5994fps_10bit_420,4,53,96.724054
FoodMarket2_3840x2160_5994fps_10bit_420,4,54,95.919713
FoodMarket2_3840x2160_5994fps_10bit_420,4,55,94.901635
FoodMarket2_3840x2160_5994fps_10bit_420,4,56,93.663226
FoodMarket2_3840x2160_5994fps_10bit_420,4,58,91.323447
FoodMarket2_3840x2160_5994fps_10bit_420,4,60,87.020265
FoodMarket2_3840x2160_5994fps_10bit_420,4,63,71.065433
BoxingPractice_3840x2160_5994fps_10bit_420,4,20,99.96143
BoxingPractice_3840x2160_5994fps_10bit_420,4,24,99.959254
BoxingPractice_3840x2160_5994fps_10bit_420,4,27,99.956606
BoxingPractice_3840x2160_5994fps_10bit_420,4,28,99.955002
BoxingPractice_3840x2160_5994fps_10bit_420,4,29,99.953978
BoxingPractice_3840x2160_5994fps_10bit_420,4,30,99.933752
BoxingPractice_3840x2160_5994fps_10bit_420,4,31,99.931801
BoxingPractice_3840x2160_5994fps_10bit_420,4,32,99.875824
BoxingPractice_3840x2160_5994fps_10bit_420,4,33,99.808401
BoxingPractice_3840x2160_5994fps_10bit_420,4,34,99.727496
BoxingPractice_3840x2160_5994fps_10bit_420,4,35,99.592195
BoxingPractice_3840x2160_5994fps_10bit_420,4,36,99.427898
BoxingPractice_3840x2160_5994fps_10bit_420,4,37,99.234098
BoxingPractice_3840x2160_5994fps_10bit_420,4,38,99.062068
BoxingPractice_3840x2160_5994fps_10bit_420,4,39,98.807926
BoxingPractice_3840x2160_5994fps_10bit_420,4,40,98.613675
BoxingPractice_3840x2160_5994fps_10bit_420,4,41,98.313928
BoxingPractice_3840x2160_5994fps_10bit_420,4,42,98.028731
BoxingPractice_3840x2160_5994fps_10bit_420,4,43,97.720036
BoxingPractice_3840x2160_5994fps_10bit_420,4,44,97.395018
BoxingPractice_3840x2160_5994fps_10bit_420,4,45,97.065948
BoxingPractice_3840x2160_5994fps_10bit_420,4,46,96.766862
BoxingPractice_3840x2160_5994fps_10bit_420,4,47,96.44911
BoxingPractice_3840x2160_5994fps_10bit_420,4,48,96.023925
BoxingPractice_3840x2160_5994fps_10bit_420,4,49,95.690193
BoxingPractice_3840x2160_5994fps_10bit_420,4,50,95.283889
BoxingPractice_3840x2160_5994fps_10bit_420,4,51,94.803073
BoxingPractice_3840x2160_5994fps_10bit_420,4,52,94.309574
BoxingPractice_3840x2160_5994fps_10bit_420,4,53,93.810005
BoxingPractice_3840x2160_5994fps_10bit_420,4,54,93.22287
BoxingPractice_3840x2160_5994fps_10bit_420,4,55,92.510011
BoxingPractice_3840x2160_5994fps_10bit_420,4,56,91.52211
BoxingPractice_3840x2160_5994fps_10bit_420,4,58,90.422973
BoxingPractice_3840x2160_5994fps_10bit_420,4,60,87.74424
BoxingPractice_3840x2160_5994fps_10bit_420,4,63,76.410891
Tango_3840x2160_5994fps_10bit_420,4,20,97.789697
Tango_3840x2160_5994fps_10bit_420,4,24,96.671947
Tango_3840x2160_5994fps_10bit_420,4,27,95.569832
Tango_3840x2160_5994fps_10bit_420,4,28,95.258277
Tango_3840x2160_5994fps_10bit_420,4,29,94.975813
Tango_3840x2160_5994fps_10bit_420,4,30,94.623179
Tango_3840x2160_5994fps_10bit_420,4,31,94.182193
Tango_3840x2160_5994fps_10bit_420,4,32,93.741736
Tango_3840x2160_5994fps_10bit_420,4,33,93.33287
Tango_3840x2160_5994fps_10bit_420,4,34,92.865251
Tango_3840x2160_5994fps_10bit_420,4,35,92.372071
Tango_3840x2160_5994fps_10bit_420,4,36,91.817045
Tango_3840x2160_5994fps_10bit_420,4,37,91.236058
Tango_3840x2160_5994fps_10bit_420,4,38,90.738227
Tango_3840x2160_5994fps_10bit_420,4,39,90.123331
Tango_3840x2160_5994fps_10bit_420,4,40,89.733423
Tango_3840x2160_5994fps_10bit_420,4,41,89.09407
Tango_3840x2160_5994fps_10bit_420,4,42,88.526946
Tango_3840x2160_5994fps_10bit_420,4,43,87.8428
Tango_3840x2160_5994fps_10bit_420,4,44,87.206788
Tango_3840x2160_5994fps_10bit_420,4,45,86.5018
Tango_3840x2160_5994fps_10bit_420,4,46,85.950014
Tango_3840x2160_5994fps_10bit_420,4,47,85.338873
Tango_3840x2160_5994fps_10bit_420,4,48,84.607965
Tango_3840x2160_5994fps_10bit_420,4,49,83.829179
Tango_3840x2160_5994fps_10bit_420,4,50,83.04062
Tango_3840x2160_5994fps_10bit_420,4,51,82.116365
Tango_3840x2160_5994fps_10bit_420,4,52,81.14517
Tango_3840x2160_5994fps_10bit_420,4,53,80.262656
Tango_3840x2160_5994fps_10bit_420,4,54,79.22016
Tango_3840x2160_5994fps_10bit_420,4,55,77.883624
Tango_3840x2160_5994fps_10bit_420,4,56,76.261767
Tango_3840x2160_5994fps_10bit_420,4,58,73.705144
Tango_3840x2160_5994fps_10bit_420,4,60,69.189205
Tango_3840x2160_5994fps_10bit_420,4,63,53.824868
TimeLapse_3840x2160_5994fps_10bit_420,4,20,95.415155
TimeLapse_3840x2160_5994fps_10bit_420,4,24,94.984725
TimeLapse_3840x2160_5994fps_10bit_420,4,27,94.485014
TimeLapse_3840x2160_5994fps_10bit_420,4,28,94.326516
TimeLapse_3840x2160_5994fps_10bit_420,4,29,94.181597
TimeLapse_3840x2160_5994fps_10bit_420,4,30,94.009456
TimeLapse_3840x2160_5994fps_10bit_420,4,31,93.786499
TimeLapse_3840x2160_5994fps_10bit_420,4,32,93.600272
TimeLapse_3840x2160_5994fps_10bit_420,4,33,93.381504
TimeLapse_3840x2160_5994fps_10bit_420,4,34,93.184325
TimeLapse_3840x2160_5994fps_10bit_420,4,35,92.914285
TimeLapse_3840x2160_5994fps_10bit_420,4,36,92.700967
TimeLapse_3840x2160_5994fps_10bit_420,4,37,92.437969
TimeLapse_3840x2160_5994fps_10bit_420,4,38,92.187384
TimeLapse_3840x2160_5994fps_10bit_420,4,39,91.901709
TimeLapse_3840x2160_5994fps_10bit_420,4,40,91.663821
TimeLapse_3840x2160_5994fps_10bit_420,4,41,91.36132
TimeLapse_3840x2160_5994fps_10bit_420,4,42,91.064334
TimeLapse_3840x2160_5994fps_10bit_420,4,43,90.76429
TimeLapse_3840x2160_5994fps_10bit_420,4,44,90.482463
TimeLapse_3840x2160_5994fps_10bit_420,4,45,90.163744
TimeLapse_3840x2160_5994fps_10bit_420,4,46,89.858128
TimeLapse_3840x2160_5994fps_10bit_420,4,47,89.5712
TimeLapse_3840x2160_5994fps_10bit_420,4,48,89.235398
TimeLapse_3840x2160_5994fps_10bit_420,4,49,88.898161
TimeLapse_3840x2160_5994fps_10bit_420,4,50,88.577007
TimeLapse_3840x2160_5994fps_10bit_420,4,51,88.152657
TimeLapse_3840x2160_5994fps_10bit_420,4,52,87.767687
TimeLapse_3840x2160_5994fps_10bit_420,4,53,87.384328
TimeLapse_3840x2160_5994fps_10bit_420,4,54,86.87558
TimeLapse_3840x2160_5994fps_10bit_420,4,55,86.338758
TimeLapse_3840x2160_5994fps_10bit_420,4,56,85.69469
TimeLapse_3840x2160_5994fps_10bit_420,4,58,84.163157
TimeLapse_3840x2160_5994fps_10bit_420,4,60,82.04959
TimeLapse_3840x2160_5994fps_10bit_420,4,63,73.473409
SparksElevator_480x270p_5994_10bit,3,20,96.878244
SparksElevator_480x270p_5994_10bit,3,24,96.140873
SparksElevator_480x270p_5994_10bit,3,27,95.075246
SparksElevator_480x270p_5994_10bit,3,28,94.838496
SparksElevator_480x270p_5994_10bit,3,29,94.423866
SparksElevator_480x270p_5994_10bit,3,30,94.059978
SparksElevator_480x270p_5994_10bit,3,31,93.696809
SparksElevator_480x270p_5994_10bit,3,32,93.167142
SparksElevator_480x270p_5994_10bit,3,33,92.748694
SparksElevator_480x270p_5994_10bit,3,34,92.274938
SparksElevator_480x270p_5994_10bit,3,35,91.705566
SparksElevator_480x270p_5994_10bit,3,36,91.066428
SparksElevator_480x270p_5994_10bit,3,37,90.548087
SparksElevator_480x270p_5994_10bit,3,38,90.074103
SparksElevator_480x270p_5994_10bit,3,39,89.370259
SparksElevator_480x270p_5994_10bit,3,40,89.008164
SparksElevator_480x270p_5994_10bit,3,41,88.340665
SparksElevator_480x270p_5994_10bit,3,42,87.751338
SparksElevator_480x270p_5994_10bit,3,43,87.084132
SparksElevator_480x270p_5994_10bit,3,44,86.571524
SparksElevator_480x270p_5994_10bit,3,45,85.957383
SparksElevator_480x270p_5994_10bit,3,46,85.30424
SparksElevator_480x270p_5994_10bit,3,47,84.734129
SparksElevator_480x270p_5994_10bit,3,48,84.207574
SparksElevator_480x270p_5994_10bit,3,49,83.382812
SparksElevator_480x270p_5994_10bit,3,50,82.871512
SparksElevator_480x270p_5994_10bit,3,51,82.158497
SparksElevator_480x270p_5994_10bit,3,52,81.42385
SparksElevator_480x270p_5994_10bit,3,53,80.274046
SparksElevator_480x270p_5994_10bit,3,54,79.196083
SparksElevator_480x270p_5994_10bit,3,55,78.148562
SparksElevator_480x270p_5994_10bit,3,56,77.047768
SparksElevator_480x270p_5994_10bit,3,58,73.964934
SparksElevator_480x270p_5994_10bit,3,60,70.164493
SparksElevator_480x270p_5994_10bit,3,63,57.440309
ParkJoy_480x270_50,3,20,99.620061
ParkJoy_480x270_50,3,24,99.297353
ParkJoy_480x270_50,3,27,98.688212
ParkJoy_480x270_50,3,28,98.520779
ParkJoy_480x270_50,3,29,98.24897
ParkJoy_480x270_50,3,30,97.945536
ParkJoy_480x270_50,3,31,97.535824
ParkJoy_480x270_50,3,32,97.061626
ParkJoy_480x270_50,3,33,96.615157
ParkJoy_480x270_50,3,34,96.093197
ParkJoy_480x270_50,3,35,95.455807
ParkJoy_480x270_50,3,36,94.618693
ParkJoy_480x270_50,3,37,94.081918
ParkJoy_480x270_50,3,38,93.323634
ParkJoy_480x270_50,3,39,92.614905
ParkJoy_480x270_50,3,40,91.95125
ParkJoy_480x270_50,3,41,91.180942
ParkJoy_480x270_50,3,42,90.42804
ParkJoy_480x270_50,3,43,89.69959
ParkJoy_480x270_50,3,44,88.838064
ParkJoy_480x270_50,3,45,88.224997
ParkJoy_480x270_50,3,46,87.443484
ParkJoy_480x270_50,3,47,86.869524
ParkJoy_480x270_50,3,48,86.030237
ParkJoy_480x270_50,3,49,85.333311
ParkJoy_480x270_50,3,50,84.653874
ParkJoy_480x270_50,3,51,83.70217
ParkJoy_480x270_50,3,52,82.917487
ParkJoy_480x270_50,3,53,81.884173
ParkJoy_480x270_50,3,54,81.001639
ParkJoy_480x270_50,3,55,79.511197
ParkJoy_480x270_50,3,56,78.089498
ParkJoy_480x270_50,3,58,74.380437
ParkJoy_480x270_50,3,60,68.717881
ParkJoy_480x270_50,3,63,50.225047
BlueSky_360p25,3,20,98.68536
BlueSky_360p25,3,24,98.534087
BlueSky_360p25,3,27,98.310978
BlueSky_360p25,3,28,98.24675
BlueSky_360p25,3,29,98.186039
BlueSky_360p25,3,30,98.103081
BlueSky_360p25,3,31,97.996975
BlueSky_360p25,3,32,97.92006
BlueSky_360p25,3,33,97.819508
BlueSky_360p25,3,34,97.699521
BlueSky_360p25,3,35,97.616052
BlueSky_360p25,3,36,97.459959
BlueSky_360p25,3,37,97.352153
BlueSky_360p25,3,38,97.183874
BlueSky_360p25,3,39,96.995104
BlueSky_360p25,3,40,96.831755
BlueSky_360p25,3,41,96.632763
BlueSky_360p25,3,42,96.46294
BlueSky_360p25,3,43,96.197915
BlueSky_360p25,3,44,95.945072
BlueSky_360p25,3,45,95.666162
BlueSky_360p25,3,46,95.364035
BlueSky_360p25,3,47,95.139739
BlueSky_360p25,3,48,94.717565
BlueSky_360p25,3,49,94.536613
BlueSky_360p25,3,50,94.221595
BlueSky_360p25,3,51,93.882057
BlueSky_360p25,3,52,93.736586
BlueSky_360p25,3,53,93.356475
BlueSky_360p25,3,54,93.101984
BlueSky_360p25,3,55,92.567878
BlueSky_360p25,3,56,91.976458
BlueSky_360p25,3,58,90.494818
BlueSky_360p25,3,60,88.237917
BlueSky_360p25,3,63,78.241437
SnowMountain_640x360_2997,3,20,95.698586
SnowMountain_640x360_2997,3,24,95.447959
SnowMountain_640x360_2997,3,27,95.219197
SnowMountain_640x360_2997,3,28,95.184165
SnowMountain_640x360_2997,3,29,95.129648
SnowMountain_640x360_2997,3,30,95.057027
SnowMountain_640x360_2997,3,31,95.034617
SnowMountain_640x360_2997,3,32,94.962291
SnowMountain_640x360_2997,3,33,94.919991
SnowMountain_640x360_2997,3,34,94.877011
SnowMountain_640x360_2997,3,35,94.833912
SnowMountain_640x360_2997,3,36,94.734261
SnowMountain_640x360_2997,3,37,94.712676
SnowMountain_640x360_2997,3,38,94.642688
SnowMountain_640x360_2997,3,39,94.58249
SnowMountain_640x360_2997,3,40,94.50085
SnowMountain_640x360_2997,3,41,94.421933
SnowMountain_640x360_2997,3,42,94.28335
SnowMountain_640x360_2997,3,43,94.222865
SnowMountain_640x360_2997,3,44,94.141321
SnowMountain_640x360_2997,3,45,94.093613
SnowMountain_640x360_2997,3,46,93.961655
SnowMountain_640x360_2997,3,47,93.817964
SnowMountain_640x360_2997,3,48,93.769497
SnowMountain_640x360_2997,3,49,93.466724
SnowMountain_640x360_2997,3,50,93.438557
SnowMountain_640x360_2997,3,51,93.305914
SnowMountain_640x360_2997,3,52,93.047795
SnowMountain_640x360_2997,3,53,92.925399
SnowMountain_640x360_2997,3,54,92.900452
SnowMountain_640x360_2997,3,55,92.594622
SnowMountain_640x360_2997,3,56,92.157008
SnowMountain_640x360_2997,3,58,91.806588
SnowMountain_640x360_2997,3,60,91.07242
SnowMountain_640x360_2997,3,63,86.475063
RedKayak_360_2997,3,20,99.951871
RedKayak_360_2997,3,24,99.943489
RedKayak_360_2997,3,27,99.903379
RedKayak_360_2997,3,28,99.813562
RedKayak_360_2997,3,29,99.69426
RedKayak_360_2997,3,30,99.511772
RedKayak_360_2997,3,31,99.150739
RedKayak_360_2997,3,32,98.676731
RedKayak_360_2997,3,33,97.92255
RedKayak_360_2997,3,34,96.963047
RedKayak_360_2997,3,35,95.638204
RedKayak_360_2997,3,36,94.166096
RedKayak_360_2997,3,37,92.691805
RedKayak_360_2997,3,38,90.937553
RedKayak_360_2997,3,39,89.092827
RedKayak_360_2997,3,40,87.363074
RedKayak_360_2997,3,41,85.277664
RedKayak_360_2997,3,42,83.368065
RedKayak_360_2997,3,43,81.059472
RedKayak_360_2997,3,44,78.957781
RedKayak_360_2997,3,45,76.580708
RedKayak_360_2997,3,46,74.059493
RedKayak_360_2997,3,47,71.681555
RedKayak_360_2997,3,48,69.00301
RedKayak_360_2997,3,49,66.195241
RedKayak_360_2997,3,50,63.716214
RedKayak_360_2997,3,51,60.955081
RedKayak_360_2997,3,52,57.855735
RedKayak_360_2997,3,53,54.836586
RedKayak_360_2997,3,54,51.692329
RedKayak_360_2997,3,55,48.369747
RedKayak_360_2997,3,56,43.352322
RedKayak_360_2997,3,58,34.460954
RedKayak_360_2997,3,60,25.952036
RedKayak_360_2997,3,63,8.912809
TouchdownPass_640x360_2997,3,20,97.621738
TouchdownPass_640x360_2997,3,24,97.231727
TouchdownPass_640x360_2997,3,27,96.674286
TouchdownPass_640x360_2997,3,28,96.562511
TouchdownPass_640x360_2997,3,29,96.376298
TouchdownPass_640x360_2997,3,30,96.217341
TouchdownPass_640x360_2997,3,31,95.989838
TouchdownPass_640x360_2997,3,32,95.665175
TouchdownPass_640x360_2997,3,33,95.410904
TouchdownPass_640x360_2997,3,34,95.175202
TouchdownPass_640x360_2997,3,35,94.913398
TouchdownPass_640x360_2997,3,36,94.601328
TouchdownPass_640x360_2997,3,37,94.374758
TouchdownPass_640x360_2997,3,38,93.942756
TouchdownPass_640x360_2997,3,39,93.652263
TouchdownPass_640x360_2997,3,40,93.317988
TouchdownPass_640x360_2997,3,41,93.056283
TouchdownPass_640x360_2997,3,42,92.678748
TouchdownPass_640x360_2997,3,43,92.191356
TouchdownPass_640x360_2997,3,44,91.798843
TouchdownPass_640x360_2997,3,45,91.462002
TouchdownPass_640x360_2997,3,46,90.97242
TouchdownPass_640x360_2997,3,47,90.61871
TouchdownPass_640x360_2997,3,48,90.142406
TouchdownPass_640x360_2997,3,49,89.606581
TouchdownPass_640x360_2997,3,50,89.039067
TouchdownPass_640x360_2997,3,51,88.476278
TouchdownPass_640x360_2997,3,52,87.70093
TouchdownPass_640x360_2997,3,53,87.283469
TouchdownPass_640x360_2997,3,54,86.670591
TouchdownPass_640x360_2997,3,55,85.747803
TouchdownPass_640x360_2997,3,56,84.731881
TouchdownPass_640x360_2997,3,58,82.315425
TouchdownPass_640x360_2997,3,60,78.569491
TouchdownPass_640x360_2997,3,63,63.596099
Stockholm_640x360_5994,3,20,99.931571
Stockholm_640x360_5994,3,24,99.911851
Stockholm_640x360_5994,3,27,99.843373
Stockholm_640x360_5994,3,28,99.822872
Stockholm_640x360_5994,3,29,99.825025
Stockholm_640x360_5994,3,30,99.787053
Stockholm_640x360_5994,3,31,99.756103
Stockholm_640x360_5994,3,32,99.686705
Stockholm_640x360_5994,3,33,99.695063
Stockholm_640x360_5994,3,34,99.640202
Stockholm_640x360_5994,3,35,99.579545
Stockholm_640x360_5994,3,36,99.579339
Stockholm_640x360_5994,3,37,99.45042
Stockholm_640x360_5994,3,38,99.363086
Stockholm_640x360_5994,3,39,99.306148
Stockholm_640x360_5994,3,40,99.210509
Stockholm_640x360_5994,3,41,99.12028
Stockholm_640x360_5994,3,42,99.085977
Stockholm_640x360_5994,3,43,98.987789
Stockholm_640x360_5994,3,44,98.808057
Stockholm_640x360_5994,3,45,98.688645
Stockholm_640x360_5994,3,46,98.700155
Stockholm_640x360_5994,3,47,98.549596
Stockholm_640x360_5994,3,48,98.294472
Stockholm_640x360_5994,3,49,98.257558
Stockholm_640x360_5994,3,50,98.049794
Stockholm_640x360_5994,3,51,97.856459
Stockholm_640x360_5994,3,52,97.716887
Stockholm_640x360_5994,3,53,97.373842
Stockholm_640x360_5994,3,54,97.049169
Stockholm_640x360_5994,3,55,96.742428
Stockholm_640x360_5994,3,56,96.360407
Stockholm_640x360_5994,3,58,95.165619
Stockholm_640x360_5994,3,60,93.659236
Stockholm_640x360_5994,3,63,85.901494
SpeedBag_640x360_2997,3,20,97.726654
SpeedBag_640x360_2997,3,24,97.504321
SpeedBag_640x360_2997,3,27,97.250494
SpeedBag_640x360_2997,3,28,97.141779
SpeedBag_640x360_2997,3,29,96.994253
SpeedBag_640x360_2997,3,30,96.940038
SpeedBag_640x360_2997,3,31,96.783962
SpeedBag_640x360_2997,3,32,96.546208
SpeedBag_640x360_2997,3,33,96.316801
SpeedBag_640x360_2997,3,34,96.230937
SpeedBag_640x360_2997,3,35,96.055135
SpeedBag_640x360_2997,3,36,95.897646
SpeedBag_640x360_2997,3,37,95.669801
SpeedBag_640x360_2997,3,38,95.431404
SpeedBag_640x360_2997,3,39,95.118999
SpeedBag_640x360_2997,3,40,94.997472
SpeedBag_640x360_2997,3,41,94.681544
SpeedBag_640x360_2997,3,42,94.487592
SpeedBag_640x360_2997,3,43,94.234725
SpeedBag_640x360_2997,3,44,93.85837
SpeedBag_640x360_2997,3,45,93.54199
SpeedBag_640x360_2997,3,46,93.191484
SpeedBag_640x360_2997,3,47,92.793569
SpeedBag_640x360_2997,3,48,92.454404
SpeedBag_640x360_2997,3,49,92.167439
SpeedBag_640x360_2997,3,50,91.63725
SpeedBag_640x360_2997,3,51,91.112582
SpeedBag_640x360_2997,3,52,90.688635
SpeedBag_640x360_2997,3,53,90.130914
SpeedBag_640x360_2997,3,54,89.439816
SpeedBag_640x360_2997,3,55,88.708502
SpeedBag_640x360_2997,3,56,87.655568
SpeedBag_640x360_2997,3,58,86.033217
SpeedBag_640x360_2997,3,60,82.854582
SpeedBag_640x360_2997,3,63,71.90152
KristenAndSara_1280x720_60,3,20,96.96988
KristenAndSara_1280x720_60,3,24,96.834131
KristenAndSara_1280x720_60,3,27,96.675345
KristenAndSara_1280x720_60,3,28,96.621714
KristenAndSara_1280x720_60,3,29,96.546729
KristenAndSara_1280x720_60,3,30,96.477337
KristenAndSara_1280x720_60,3,31,96.407452
KristenAndSara_1280x720_60,3,32,96.299327
KristenAndSara_1280x720_60,3,33,96.200872
KristenAndSara_1280x720_60,3,34,96.1639
KristenAndSara_1280x720_60,3,35,96.059614
KristenAndSara_1280x720_60,3,36,95.930066
KristenAndSara_1280x720_60,3,37,95.843465
KristenAndSara_1280x720_60,3,38,95.753747
KristenAndSara_1280x720_60,3,39,95.619194
KristenAndSara_1280x720_60,3,40,95.506915
KristenAndSara_1280x720_60,3,41,95.365605
KristenAndSara_1280x720_60,3,42,95.271113
KristenAndSara_1280x720_60,3,43,95.09321
KristenAndSara_1280x720_60,3,44,94.967843
KristenAndSara_1280x720_60,3,45,94.815603
KristenAndSara_1280x720_60,3,46,94.674106
KristenAndSara_1280x720_60,3,47,94.509684
KristenAndSara_1280x720_60,3,48,94.294889
KristenAndSara_1280x720_60,3,49,94.143466
KristenAndSara_1280x720_60,3,50,93.941297
KristenAndSara_1280x720_60,3,51,93.67627
KristenAndSara_1280x720_60,3,52,93.517116
KristenAndSara_1280x720_60,3,53,93.189383
KristenAndSara_1280x720_60,3,54,92.977702
KristenAndSara_1280x720_60,3,55,92.568378
KristenAndSara_1280x720_60,3,56,92.198399
KristenAndSara_1280x720_60,3,58,91.439572
KristenAndSara_1280x720_60,3,60,90.070828
KristenAndSara_1280x720_60,3,63,84.223183
RollerCoaster_1280x720p_5994_10bit_420,3,20,99.960135
RollerCoaster_1280x720p_5994_10bit_420,3,24,99.953242
RollerCoaster_1280x720p_5994_10bit_420,3,27,99.943357
RollerCoaster_1280x720p_5994_10bit_420,3,28,99.932835
RollerCoaster_1280x720p_5994_10bit_420,3,29,99.913208
RollerCoaster_1280x720p_5994_10bit_420,3,30,99.890609
RollerCoaster_1280x720p_5994_10bit_420,3,31,99.83115
RollerCoaster_1280x720p_5994_10bit_420,3,32,99.751676
RollerCoaster_1280x720p_5994_10bit_420,3,33,99.651295
RollerCoaster_1280x720p_5994_10bit_420,3,34,99.521869
RollerCoaster_1280x720p_5994_10bit_420,3,35,99.344957
RollerCoaster_1280x720p_5994_10bit_420,3,36,99.128879
RollerCoaster_1280x720p_5994_10bit_420,3,37,98.925586
RollerCoaster_1280x720p_5994_10bit_420,3,38,98.674087
RollerCoaster_1280x720p_5994_10bit_420,3,39,98.369242
RollerCoaster_1280x720p_5994_10bit_420,3,40,98.038097
RollerCoaster_1280x720p_5994_10bit_420,3,41,97.646807
RollerCoaster_1280x720p_5994_10bit_420,3,42,97.235544
RollerCoaster_1280x720p_5994_10bit_420,3,43,96.777864
RollerCoaster_1280x720p_5994_10bit_420,3,44,96.263117
RollerCoaster_1280x720p_5994_10bit_420,3,45,95.699172
RollerCoaster_1280x720p_5994_10bit_420,3,46,95.16439
RollerCoaster_1280x720p_5994_10bit_420,3,47,94.743843
RollerCoaster_1280x720p_5994_10bit_420,3,48,94.093838
RollerCoaster_1280x720p_5994_10bit_420,3,49,93.657304
RollerCoaster_1280x720p_5994_10bit_420,3,50,93.003026
RollerCoaster_1280x720p_5994_10bit_420,3,51,92.261181
RollerCoaster_1280x720p_5994_10bit_420,3,52,91.557484
RollerCoaster_1280x720p_5994_10bit_420,3,53,90.736999
RollerCoaster_1280x720p_5994_10bit_420,3,54,89.769915
RollerCoaster_1280x720p_5994_10bit_420,3,55,88.727298
RollerCoaster_1280x720p_5994_10bit_420,3,56,87.483065
RollerCoaster_1280x720p_5994_10bit_420,3,58,84.579613
RollerCoaster_1280x720p_5994_10bit_420,3,60,80.024317
RollerCoaster_1280x720p_5994_10bit_420,3,63,62.89666
WestWindEasy_1280x720p30_420,3,20,99.966175
WestWindEasy_1280x720p30_420,3,24,99.963088
WestWindEasy_1280x720p30_420,3,27,99.958526
WestWindEasy_1280x720p30_420,3,28,99.956681
WestWindEasy_1280x720p30_420,3,29,99.955561
WestWindEasy_1280x720p30_420,3,30,99.953958
WestWindEasy_1280x720p30_420,3,31,99.952371
WestWindEasy_1280x720p30_420,3,32,99.949309
WestWindEasy_1280x720p30_420,3,33,99.946914
WestWindEasy_1280x720p30_420,3,34,99.944052
WestWindEasy_1280x720p30_420,3,35,99.942086
WestWindEasy_1280x720p30_420,3,36,99.939571
WestWindEasy_1280x720p30_420,3,37,99.937461
WestWindEasy_1280x720p30_420,3,38,99.932225
WestWindEasy_1280x720p30_420,3,39,99.917736
WestWindEasy_1280x720p30_420,3,40,99.847744
WestWindEasy_1280x720p30_420,3,41,99.661099
WestWindEasy_1280x720p30_420,3,42,99.350511
WestWindEasy_1280x720p30_420,3,43,98.893873
WestWindEasy_1280x720p30_420,3,44,98.315932
WestWindEasy_1280x720p30_420,3,45,97.576825
WestWindEasy_1280x720p30_420,3,46,96.782781
WestWindEasy_1280x720p30_420,3,47,95.954034
WestWindEasy_1280x720p30_420,3,48,94.968434
WestWindEasy_1280x720p30_420,3,49,94.186884
WestWindEasy_1280x720p30_420,3,50,93.135585
WestWindEasy_1280x720p30_420,3,51,91.831647
WestWindEasy_1280x720p30_420,3,52,90.715211
WestWindEasy_1280x720p30_420,3,53,89.576488
WestWindEasy_1280x720p30_420,3,54,88.281755
WestWindEasy_1280x720p30_420,3,55,86.975743
WestWindEasy_1280x720p30_420,3,56,85.237599
WestWindEasy_1280x720p30_420,3,58,82.090831
WestWindEasy_1280x720p30_420,3,60,78.475323
WestWindEasy_1280x720p30_420,3,63,67.772711
Vidyo4_1280x720p_60fps,3,20,97.020651
Vidyo4_1280x720p_60fps,3,24,96.760866
Vidyo4_1280x720p_60fps,3,27,96.431537
Vidyo4_1280x720p_60fps,3,28,96.326439
Vidyo4_1280x720p_60fps,3,29,96.224424
Vidyo4_1280x720p_60fps,3,30,96.146433
Vidyo4_1280x720p_60fps,3,31,96.040584
Vidyo4_1280x720p_60fps,3,32,95.933437
Vidyo4_1280x720p_60fps,3,33,95.796027
Vidyo4_1280x720p_60fps,3,34,95.673807
Vidyo4_1280x720p_60fps,3,35,95.559409
Vidyo4_1280x720p_60fps,3,36,95.426656
Vidyo4_1280x720p_60fps,3,37,95.268379
Vidyo4_1280x720p_60fps,3,38,95.070479
Vidyo4_1280x720p_60fps,3,39,94.966706
Vidyo4_1280x720p_60fps,3,40,94.825229
Vidyo4_1280x720p_60fps,3,41,94.665071
Vidyo4_1280x720p_60fps,3,42,94.481195
Vidyo4_1280x720p_60fps,3,43,94.240681
Vidyo4_1280x720p_60fps,3,44,94.058599
Vidyo4_1280x720p_60fps,3,45,93.948252
Vidyo4_1280x720p_60fps,3,46,93.622737
Vidyo4_1280x720p_60fps,3,47,93.6462
Vidyo4_1280x720p_60fps,3,48,93.249217
Vidyo4_1280x720p_60fps,3,49,92.93923
Vidyo4_1280x720p_60fps,3,50,92.687299
Vidyo4_1280x720p_60fps,3,51,92.447004
Vidyo4_1280x720p_60fps,3,52,92.313537
Vidyo4_1280x720p_60fps,3,53,91.801463
Vidyo4_1280x720p_60fps,3,54,91.388965
Vidyo4_1280x720p_60fps,3,55,90.973887
Vidyo4_1280x720p_60fps,3,56,90.444655
Vidyo4_1280x720p_60fps,3,58,89.408583
Vidyo4_1280x720p_60fps,3,60,87.460523
Vidyo4_1280x720p_60fps,3,63,79.992881
Vidyo3_1280x720p_60fps,3,20,96.383175
Vidyo3_1280x720p_60fps,3,24,96.060662
Vidyo3_1280x720p_60fps,3,27,95.76012
Vidyo3_1280x720p_60fps,3,28,95.610223
Vidyo3_1280x720p_60fps,3,29,95.483146
Vidyo3_1280x720p_60fps,3,30,95.39448
Vidyo3_1280x720p_60fps,3,31,95.237722
Vidyo3_1280x720p_60fps,3,32,95.142265
Vidyo3_1280x720p_60fps,3,33,95.00512
Vidyo3_1280x720p_60fps,3,34,94.873791
Vidyo3_1280x720p_60fps,3,35,94.680808
Vidyo3_1280x720p_60fps,3,36,94.512198
Vidyo3_1280x720p_60fps,3,37,94.446934
Vidyo3_1280x720p_60fps,3,38,94.274475
Vidyo3_1280x720p_60fps,3,39,94.080727
Vidyo3_1280x720p_60fps,3,40,93.941009
Vidyo3_1280x720p_60fps,3,41,93.798661
Vidyo3_1280x720p_60fps,3,42,93.519855
Vidyo3_1280x720p_60fps,3,43,93.428293
Vidyo3_1280x720p_60fps,3,44,93.291399
Vidyo3_1280x720p_60fps,3,45,93.050631
Vidyo3_1280x720p_60fps,3,46,92.630476
Vidyo3_1280x720p_60fps,3,47,92.36022
Vidyo3_1280x720p_60fps,3,48,92.323661
Vidyo3_1280x720p_60fps,3,49,92.278762
Vidyo3_1280x720p_60fps,3,50,91.832349
Vidyo3_1280x720p_60fps,3,51,91.473361
Vidyo3_1280x720p_60fps,3,52,91.21733
Vidyo3_1280x720p_60fps,3,53,90.798282
Vidyo3_1280x720p_60fps,3,54,90.461349
Vidyo3_1280x720p_60fps,3,55,90.014837
Vidyo3_1280x720p_60fps,3,56,89.590594
Vidyo3_1280x720p_60fps,3,58,88.411535
Vidyo3_1280x720p_60fps,3,60,86.498793
Vidyo3_1280x720p_60fps,3,63,78.158437
ControlledBurn_1280x720p30_420,3,20,97.187077
ControlledBurn_1280x720p30_420,3,24,96.467233
ControlledBurn_1280x720p30_420,3,27,95.42355
ControlledBurn_1280x720p30_420,3,28,95.091446
ControlledBurn_1280x720p30_420,3,29,94.717843
ControlledBurn_1280x720p30_420,3,30,94.342396
ControlledBurn_1280x720p30_420,3,31,93.858493
ControlledBurn_1280x720p30_420,3,32,93.299347
ControlledBurn_1280x720p30_420,3,33,92.795233
ControlledBurn_1280x720p30_420,3,34,92.277879
ControlledBurn_1280x720p30_420,3,35,91.649347
ControlledBurn_1280x720p30_420,3,36,90.972922
ControlledBurn_1280x720p30_420,3,37,90.400356
ControlledBurn_1280x720p30_420,3,38,89.6006
ControlledBurn_1280x720p30_420,3,39,88.876704
ControlledBurn_1280x720p30_420,3,40,88.20725
ControlledBurn_1280x720p30_420,3,41,87.333696
ControlledBurn_1280x720p30_420,3,42,86.577883
ControlledBurn_1280x720p30_420,3,43,85.64622
ControlledBurn_1280x720p30_420,3,44,84.810257
ControlledBurn_1280x720p30_420,3,45,83.899202
ControlledBurn_1280x720p30_420,3,46,82.903976
ControlledBurn_1280x720p30_420,3,47,82.041943
ControlledBurn_1280x720p30_420,3,48,81.000631
ControlledBurn_1280x720p30_420,3,49,80.080762
ControlledBurn_1280x720p30_420,3,50,79.062497
ControlledBurn_1280x720p30_420,3,51,78.050715
ControlledBurn_1280x720p30_420,3,52,76.977797
ControlledBurn_1280x720p30_420,3,53,75.889755
ControlledBurn_1280x720p30_420,3,54,74.741935
ControlledBurn_1280x720p30_420,3,55,73.424547
ControlledBurn_1280x720p30_420,3,56,71.825854
ControlledBurn_1280x720p30_420,3,58,68.759112
ControlledBurn_1280x720p30_420,3,60,64.963548
ControlledBurn_1280x720p30_420,3,63,53.974478
DrivingPOV_1280x720p_5994_10bit_420,3,20,99.715157
DrivingPOV_1280x720p_5994_10bit_420,3,24,99.479012
DrivingPOV_1280x720p_5994_10bit_420,3,27,99.118428
DrivingPOV_1280x720p_5994_10bit_420,3,28,99.007546
DrivingPOV_1280x720p_5994_10bit_420,3,29,98.908335
DrivingPOV_1280x720p_5994_10bit_420,3,30,98.781529
DrivingPOV_1280x720p_5994_10bit_420,3,31,98.593027
DrivingPOV_1280x720p_5994_10bit_420,3,32,98.390698
DrivingPOV_1280x720p_5994_10bit_420,3,33,98.223258
DrivingPOV_1280x720p_5994_10bit_420,3,34,98.03593
DrivingPOV_1280x720p_5994_10bit_420,3,35,97.85189
DrivingPOV_1280x720p_5994_10bit_420,3,36,97.642601
DrivingPOV_1280x720p_5994_10bit_420,3,37,97.416996
DrivingPOV_1280x720p_5994_10bit_420,3,38,97.205191
DrivingPOV_1280x720p_5994_10bit_420,3,39,96.91383
DrivingPOV_1280x720p_5994_10bit_420,3,40,96.777117
DrivingPOV_1280x720p_5994_10bit_420,3,41,96.504223
DrivingPOV_1280x720p_5994_10bit_420,3,42,96.257404
DrivingPOV_1280x720p_5994_10bit_420,3,43,95.989906
DrivingPOV_1280x720p_5994_10bit_420,3,44,95.745562
DrivingPOV_1280x720p_5994_10bit_420,3,45,95.459953
DrivingPOV_1280x720p_5994_10bit_420,3,46,95.238039
DrivingPOV_1280x720p_5994_10bit_420,3,47,94.95155
DrivingPOV_1280x720p_5994_10bit_420,3,48,94.652141
DrivingPOV_1280x720p_5994_10bit_420,3,49,94.385248
DrivingPOV_1280x720p_5994_10bit_420,3,50,93.980504
DrivingPOV_1280x720p_5994_10bit_420,3,51,93.658488
DrivingPOV_1280x720p_5994_10bit_420,3,52,93.217225
DrivingPOV_1280x720p_5994_10bit_420,3,53,92.804236
DrivingPOV_1280x720p_5994_10bit_420,3,54,92.27816
DrivingPOV_1280x720p_5994_10bit_420,3,55,91.628913
DrivingPOV_1280x720p_5994_10bit_420,3,56,90.96363
DrivingPOV_1280x720p_5994_10bit_420,3,58,89.339793
DrivingPOV_1280x720p_5994_10bit_420,3,60,86.709047
DrivingPOV_1280x720p_5994_10bit_420,3,63,74.932991
Johnny_1280x720_60,3,20,96.590481
Johnny_1280x720_60,3,24,96.443131
Johnny_1280x720_60,3,27,96.294445
Johnny_1280x720_60,3,28,96.256171
Johnny_1280x720_60,3,29,96.183627
Johnny_1280x720_60,3,30,96.123727
Johnny_1280x720_60,3,31,96.042343
Johnny_1280x720_60,3,32,96.021218
Johnny_1280x720_60,3,33,95.941681
Johnny_1280x720_60,3,34,95.874082
Johnny_1280x720_60,3,35,95.764502
Johnny_1280x720_60,3,36,95.690484
Johnny_1280x720_60,3,37,95.628804
Johnny_1280x720_60,3,38,95.561228
Johnny_1280x720_60,3,39,95.462873
Johnny_1280x720_60,3,40,95.406437
Johnny_1280x720_60,3,41,95.309118
Johnny_1280x720_60,3,42,95.156014
Johnny_1280x720_60,3,43,95.125766
Johnny_1280x720_60,3,44,95.060164
Johnny_1280x720_60,3,45,94.838643
Johnny_1280x720_60,3,46,94.77446
Johnny_1280x720_60,3,47,94.672757
Johnny_1280x720_60,3,48,94.541627
Johnny_1280x720_60,3,49,94.374867
Johnny_1280x720_60,3,50,94.181474
Johnny_1280x720_60,3,51,93.957809
Johnny_1280x720_60,3,52,93.831912
Johnny_1280x720_60,3,53,93.533304
Johnny_1280x720_60,3,54,93.35263
Johnny_1280x720_60,3,55,93.021469
Johnny_1280x720_60,3,56,92.50783
Johnny_1280x720_60,3,58,91.729739
Johnny_1280x720_60,3,60,90.570796
Johnny_1280x720_60,3,63,85.655235
RushFieldCuts_1920x1080_2997,3,20,98.990881
RushFieldCuts_1920x1080_2997,3,24,97.993726
RushFieldCuts_1920x1080_2997,3,27,96.461232
RushFieldCuts_1920x1080_2997,3,28,95.975428
RushFieldCuts_1920x1080_2997,3,29,95.497962
RushFieldCuts_1920x1080_2997,3,30,95.055583
RushFieldCuts_1920x1080_2997,3,31,94.519971
RushFieldCuts_1920x1080_2997,3,32,93.94637
RushFieldCuts_1920x1080_2997,3,33,93.435869
RushFieldCuts_1920x1080_2997,3,34,92.966867
RushFieldCuts_1920x1080_2997,3,35,92.389812
RushFieldCuts_1920x1080_2997,3,36,91.765332
RushFieldCuts_1920x1080_2997,3,37,91.216552
RushFieldCuts_1920x1080_2997,3,38,90.676397
RushFieldCuts_1920x1080_2997,3,39,90.039718
RushFieldCuts_1920x1080_2997,3,40,89.422372
RushFieldCuts_1920x1080_2997,3,41,88.741938
RushFieldCuts_1920x1080_2997,3,42,88.096062
RushFieldCuts_1920x1080_2997,3,43,87.36939
RushFieldCuts_1920x1080_2997,3,44,86.623727
RushFieldCuts_1920x1080_2997,3,45,85.887315
RushFieldCuts_1920x1080_2997,3,46,85.107805
RushFieldCuts_1920x1080_2997,3,47,84.302186
RushFieldCuts_1920x1080_2997,3,48,83.481117
RushFieldCuts_1920x1080_2997,3,49,82.674976
RushFieldCuts_1920x1080_2997,3,50,81.791592
RushFieldCuts_1920x1080_2997,3,51,80.928039
RushFieldCuts_1920x1080_2997,3,52,79.885634
RushFieldCuts_1920x1080_2997,3,53,78.679777
RushFieldCuts_1920x1080_2997,3,54,77.357853
RushFieldCuts_1920x1080_2997,3,55,75.99539
RushFieldCuts_1920x1080_2997,3,56,74.368056
RushFieldCuts_1920x1080_2997,3,58,71.11228
RushFieldCuts_1920x1080_2997,3,60,66.339864
RushFieldCuts_1920x1080_2997,3,63,50.785225
Riverbed_1920x1080p25,3,20,99.950193
Riverbed_1920x1080p25,3,24,99.940886
Riverbed_1920x1080p25,3,27,99.927714
Riverbed_1920x1080p25,3,28,99.921863
Riverbed_1920x1080p25,3,29,99.91654
Riverbed_1920x1080p25,3,30,99.911397
Riverbed_1920x1080p25,3,31,99.904127
Riverbed_1920x1080p25,3,32,99.896373
Riverbed_1920x1080p25,3,33,99.829637
Riverbed_1920x1080p25,3,34,99.473375
Riverbed_1920x1080p25,3,35,98.83083
Riverbed_1920x1080p25,3,36,97.743315
Riverbed_1920x1080p25,3,37,96.471277
Riverbed_1920x1080p25,3,38,94.889172
Riverbed_1920x1080p25,3,39,93.247688
Riverbed_1920x1080p25,3,40,91.687771
Riverbed_1920x1080p25,3,41,89.733181
Riverbed_1920x1080p25,3,42,87.89699
Riverbed_1920x1080p25,3,43,85.764582
Riverbed_1920x1080p25,3,44,83.668831
Riverbed_1920x1080p25,3,45,81.34693
Riverbed_1920x1080p25,3,46,78.98019
Riverbed_1920x1080p25,3,47,76.70771
Riverbed_1920x1080p25,3,48,74.228426
Riverbed_1920x1080p25,3,49,71.865413
Riverbed_1920x1080p25,3,50,69.50639
Riverbed_1920x1080p25,3,51,67.122159
Riverbed_1920x1080p25,3,52,64.600096
Riverbed_1920x1080p25,3,53,61.885481
Riverbed_1920x1080p25,3,54,59.255849
Riverbed_1920x1080p25,3,55,56.548872
Riverbed_1920x1080p25,3,56,52.975801
Riverbed_1920x1080p25,3,58,46.894311
Riverbed_1920x1080p25,3,60,40.155144
Riverbed_1920x1080p25,3,63,21.686843
Slides1_1920x1080_30fps_8bit_420,3,20,98.11967
Slides1_1920x1080_30fps_8bit_420,3,24,98.022318
Slides1_1920x1080_30fps_8bit_420,3,27,97.879376
Slides1_1920x1080_30fps_8bit_420,3,28,97.846499
Slides1_1920x1080_30fps_8bit_420,3,29,97.781304
Slides1_1920x1080_30fps_8bit_420,3,30,97.751655
Slides1_1920x1080_30fps_8bit_420,3,31,97.701438
Slides1_1920x1080_30fps_8bit_420,3,32,97.671463
Slides1_1920x1080_30fps_8bit_420,3,33,97.63458
Slides1_1920x1080_30fps_8bit_420,3,34,97.539233
Slides1_1920x1080_30fps_8bit_420,3,35,97.532982
Slides1_1920x1080_30fps_8bit_420,3,36,97.43973
Slides1_1920x1080_30fps_8bit_420,3,37,97.364719
Slides1_1920x1080_30fps_8bit_420,3,38,97.244495
Slides1_1920x1080_30fps_8bit_420,3,39,97.17855
Slides1_1920x1080_30fps_8bit_420,3,40,97.060686
Slides1_1920x1080_30fps_8bit_420,3,41,96.936671
Slides1_1920x1080_30fps_8bit_420,3,42,96.865396
Slides1_1920x1080_30fps_8bit_420,3,43,96.773919
Slides1_1920x1080_30fps_8bit_420,3,44,96.64553
Slides1_1920x1080_30fps_8bit_420,3,45,96.565968
Slides1_1920x1080_30fps_8bit_420,3,46,96.513298
Slides1_1920x1080_30fps_8bit_420,3,47,96.307417
Slides1_1920x1080_30fps_8bit_420,3,48,96.166368
Slides1_1920x1080_30fps_8bit_420,3,49,96.163505
Slides1_1920x1080_30fps_8bit_420,3,50,95.987102
Slides1_1920x1080_30fps_8bit_420,3,51,95.933358
Slides1_1920x1080_30fps_8bit_420,3,52,95.741882
Slides1_1920x1080_30fps_8bit_420,3,53,95.578022
Slides1_1920x1080_30fps_8bit_420,3,54,95.362194
Slides1_1920x1080_30fps_8bit_420,3,55,95.306426
Slides1_1920x1080_30fps_8bit_420,3,56,94.563896
Slides1_1920x1080_30fps_8bit_420,3,58,94.251009
Slides1_1920x1080_30fps_8bit_420,3,60,93.32416
Slides1_1920x1080_30fps_8bit_420,3,63,88.477403
MissionControlClip3_1920x1080_60_420,3,20,97.660927
MissionControlClip3_1920x1080_60_420,3,24,97.632013
MissionControlClip3_1920x1080_60_420,3,27,97.547636
MissionControlClip3_1920x1080_60_420,3,28,97.532725
MissionControlClip3_1920x1080_60_420,3,29,97.521613
MissionControlClip3_1920x1080_60_420,3,30,97.50054
MissionControlClip3_1920x1080_60_420,3,31,97.477347
MissionControlClip3_1920x1080_60_420,3,32,97.45204
MissionControlClip3_1920x1080_60_420,3,33,97.425524
MissionControlClip3_1920x1080_60_420,3,34,97.380402
MissionControlClip3_1920x1080_60_420,3,35,97.352292
MissionControlClip3_1920x1080_60_420,3,36,97.3397
MissionControlClip3_1920x1080_60_420,3,37,97.29232
MissionControlClip3_1920x1080_60_420,3,38,97.257045
MissionControlClip3_1920x1080_60_420,3,39,97.215002
MissionControlClip3_1920x1080_60_420,3,40,97.174475
MissionControlClip3_1920x1080_60_420,3,41,97.120726
MissionControlClip3_1920x1080_60_420,3,42,97.08191
MissionControlClip3_1920x1080_60_420,3,43,97.000212
MissionControlClip3_1920x1080_60_420,3,44,96.967116
MissionControlClip3_1920x1080_60_420,3,45,96.911563
MissionControlClip3_1920x1080_60_420,3,46,96.827495
MissionControlClip3_1920x1080_60_420,3,47,96.819176
MissionControlClip3_1920x1080_60_420,3,48,96.760581
MissionControlClip3_1920x1080_60_420,3,49,96.685249
MissionControlClip3_1920x1080_60_420,3,50,96.604577
MissionControlClip3_1920x1080_60_420,3,51,96.537478
MissionControlClip3_1920x1080_60_420,3,52,96.409837
MissionControlClip3_1920x1080_60_420,3,53,96.342473
MissionControlClip3_1920x1080_60_420,3,54,96.220882
MissionControlClip3_1920x1080_60_420,3,55,96.100068
MissionControlClip3_1920x1080_60_420,3,56,95.923543
MissionControlClip3_1920x1080_60_420,3,58,95.653416
MissionControlClip3_1920x1080_60_420,3,60,94.946198
MissionControlClip3_1920x1080_60_420,3,63,92.466491
EuroTruckSimulator2_1920x1080p60,3,20,99.95895
EuroTruckSimulator2_1920x1080p60,3,24,99.953243
EuroTruckSimulator2_1920x1080p60,3,27,99.945954
EuroTruckSimulator2_1920x1080p60,3,28,99.944103
EuroTruckSimulator2_1920x1080p60,3,29,99.936098
EuroTruckSimulator2_1920x1080p60,3,30,99.839932
EuroTruckSimulator2_1920x1080p60,3,31,99.482561
EuroTruckSimulator2_1920x1080p60,3,32,99.018456
EuroTruckSimulator2_1920x1080p60,3,33,98.4857
EuroTruckSimulator2_1920x1080p60,3,34,97.93153
EuroTruckSimulator2_1920x1080p60,3,35,97.172257
EuroTruckSimulator2_1920x1080p60,3,36,96.359602
EuroTruckSimulator2_1920x1080p60,3,37,95.600467
EuroTruckSimulator2_1920x1080p60,3,38,94.771991
EuroTruckSimulator2_1920x1080p60,3,39,94.058943
EuroTruckSimulator2_1920x1080p60,3,40,93.378382
EuroTruckSimulator2_1920x1080p60,3,41,92.667268
EuroTruckSimulator2_1920x1080p60,3,42,92.063945
EuroTruckSimulator2_1920x1080p60,3,43,91.490307
EuroTruckSimulator2_1920x1080p60,3,44,90.979236
EuroTruckSimulator2_1920x1080p60,3,45,90.446751
EuroTruckSimulator2_1920x1080p60,3,46,90.076851
EuroTruckSimulator2_1920x1080p60,3,47,89.682566
EuroTruckSimulator2_1920x1080p60,3,48,89.253906
EuroTruckSimulator2_1920x1080p60,3,49,88.811096
EuroTruckSimulator2_1920x1080p60,3,50,88.384504
EuroTruckSimulator2_1920x1080p60,3,51,87.839905
EuroTruckSimulator2_1920x1080p60,3,52,87.274609
EuroTruckSimulator2_1920x1080p60,3,53,86.693619
EuroTruckSimulator2_1920x1080p60,3,54,85.992467
EuroTruckSimulator2_1920x1080p60,3,55,85.304732
EuroTruckSimulator2_1920x1080p60,3,56,84.285508
EuroTruckSimulator2_1920x1080p60,3,58,82.200086
EuroTruckSimulator2_1920x1080p60,3,60,78.853631
EuroTruckSimulator2_1920x1080p60,3,63,65.57467
PedestrianArea_1920x1080p25,3,20,99.659036
PedestrianArea_1920x1080p25,3,24,99.501311
PedestrianArea_1920x1080p25,3,27,99.190217
PedestrianArea_1920x1080p25,3,28,99.041272
PedestrianArea_1920x1080p25,3,29,98.870631
PedestrianArea_1920x1080p25,3,30,98.729051
PedestrianArea_1920x1080p25,3,31,98.476599
PedestrianArea_1920x1080p25,3,32,98.180172
PedestrianArea_1920x1080p25,3,33,97.870455
PedestrianArea_1920x1080p25,3,34,97.548819
PedestrianArea_1920x1080p25,3,35,97.106211
PedestrianArea_1920x1080p25,3,36,96.552859
PedestrianArea_1920x1080p25,3,37,96.171659
PedestrianArea_1920x1080p25,3,38,95.585977
PedestrianArea_1920x1080p25,3,39,95.021909
PedestrianArea_1920x1080p25,3,40,94.461354
PedestrianArea_1920x1080p25,3,41,93.793967
PedestrianArea_1920x1080p25,3,42,93.191094
PedestrianArea_1920x1080p25,3,43,92.513618
PedestrianArea_1920x1080p25,3,44,91.85087
PedestrianArea_1920x1080p25,3,45,91.06725
PedestrianArea_1920x1080p25,3,46,90.370532
PedestrianArea_1920x1080p25,3,47,89.596744
PedestrianArea_1920x1080p25,3,48,88.72711
PedestrianArea_1920x1080p25,3,49,87.862539
PedestrianArea_1920x1080p25,3,50,87.013572
PedestrianArea_1920x1080p25,3,51,86.099175
PedestrianArea_1920x1080p25,3,52,85.082406
PedestrianArea_1920x1080p25,3,53,84.096984
PedestrianArea_1920x1080p25,3,54,82.850069
PedestrianArea_1920x1080p25,3,55,81.564319
PedestrianArea_1920x1080p25,3,56,79.7892
PedestrianArea_1920x1080p25,3,58,76.850743
PedestrianArea_1920x1080p25,3,60,72.256511
PedestrianArea_1920x1080p25,3,63,56.060911
MountainBike_1920x1080_30fps_8bit,3,20,99.896197
MountainBike_1920x1080_30fps_8bit,3,24,99.881417
MountainBike_1920x1080_30fps_8bit,3,27,99.859014
MountainBike_1920x1080_30fps_8bit,3,28,99.854186
MountainBike_1920x1080_30fps_8bit,3,29,99.844021
MountainBike_1920x1080_30fps_8bit,3,30,99.837201
MountainBike_1920x1080_30fps_8bit,3,31,99.828573
MountainBike_1920x1080_30fps_8bit,3,32,99.81536
MountainBike_1920x1080_30fps_8bit,3,33,99.804459
MountainBike_1920x1080_30fps_8bit,3,34,99.792504
MountainBike_1920x1080_30fps_8bit,3,35,99.778906
MountainBike_1920x1080_30fps_8bit,3,36,99.759791
MountainBike_1920x1080_30fps_8bit,3,37,99.746383
MountainBike_1920x1080_30fps_8bit,3,38,99.728741
MountainBike_1920x1080_30fps_8bit,3,39,99.712239
MountainBike_1920x1080_30fps_8bit,3,40,99.681196
MountainBike_1920x1080_30fps_8bit,3,41,99.577771
MountainBike_1920x1080_30fps_8bit,3,42,99.453654
MountainBike_1920x1080_30fps_8bit,3,43,99.2679
MountainBike_1920x1080_30fps_8bit,3,44,98.950128
MountainBike_1920x1080_30fps_8bit,3,45,98.477661
MountainBike_1920x1080_30fps_8bit,3,46,97.824181
MountainBike_1920x1080_30fps_8bit,3,47,96.786476
MountainBike_1920x1080_30fps_8bit,3,48,95.639493
MountainBike_1920x1080_30fps_8bit,3,49,94.24473
MountainBike_1920x1080_30fps_8bit,3,50,92.830037
MountainBike_1920x1080_30fps_8bit,3,51,90.977917
MountainBike_1920x1080_30fps_8bit,3,52,89.373257
MountainBike_1920x1080_30fps_8bit,3,53,87.474528
MountainBike_1920x1080_30fps_8bit,3,54,85.402451
MountainBike_1920x1080_30fps_8bit,3,55,83.129217
MountainBike_1920x1080_30fps_8bit,3,56,80.052374
MountainBike_1920x1080_30fps_8bit,3,58,74.383501
MountainBike_1920x1080_30fps_8bit,3,60,67.776111
MountainBike_1920x1080_30fps_8bit,3,63,50.43218
OldTownCross_1920x1080p50,3,20,96.075441
OldTownCross_1920x1080p50,3,24,95.560587
OldTownCross_1920x1080p50,3,27,95.328152
OldTownCross_1920x1080p50,3,28,95.299473
OldTownCross_1920x1080p50,3,29,95.18521
OldTownCross_1920x1080p50,3,30,95.107091
OldTownCross_1920x1080p50,3,31,94.965474
OldTownCross_1920x1080p50,3,32,94.950032
OldTownCross_1920x1080p50,3,33,94.788963
OldTownCross_1920x1080p50,3,34,94.695754
OldTownCross_1920x1080p50,3,35,94.629182
OldTownCross_1920x1080p50,3,36,94.551283
OldTownCross_1920x1080p50,3,37,94.513724
OldTownCross_1920x1080p50,3,38,94.411559
OldTownCross_1920x1080p50,3,39,94.300614
OldTownCross_1920x1080p50,3,40,94.295589
OldTownCross_1920x1080p50,3,41,94.183179
OldTownCross_1920x1080p50,3,42,94.072809
OldTownCross_1920x1080p50,3,43,93.984653
OldTownCross_1920x1080p50,3,44,93.909542
OldTownCross_1920x1080p50,3,45,93.832093
OldTownCross_1920x1080p50,3,46,93.711609
OldTownCross_1920x1080p50,3,47,93.691802
OldTownCross_1920x1080p50,3,48,93.532097
OldTownCross_1920x1080p50,3,49,93.330539
OldTownCross_1920x1080p50,3,50,92.98557
OldTownCross_1920x1080p50,3,51,92.946859
OldTownCross_1920x1080p50,3,52,92.488429
OldTownCross_1920x1080p50,3,53,92.200576
OldTownCross_1920x1080p50,3,54,91.812295
OldTownCross_1920x1080p50,3,55,91.412611
OldTownCross_1920x1080p50,3,56,90.825143
OldTownCross_1920x1080p50,3,58,89.886478
OldTownCross_1920x1080p50,3,60,87.820555
OldTownCross_1920x1080p50,3,63,77.698713
SolLevanteFace_sdr_1920x1080_24_10bit,3,20,96.629967
SolLevanteFace_sdr_1920x1080_24_10bit,3,24,95.260666
SolLevanteFace_sdr_1920x1080_24_10bit,3,27,93.369606
SolLevanteFace_sdr_1920x1080_24_10bit,3,28,92.575074
SolLevanteFace_sdr_1920x1080_24_10bit,3,29,91.951088
SolLevanteFace_sdr_1920x1080_24_10bit,3,30,91.283489
SolLevanteFace_sdr_1920x1080_24_10bit,3,31,90.329645
SolLevanteFace_sdr_1920x1080_24_10bit,3,32,89.402798
SolLevanteFace_sdr_1920x1080_24_10bit,3,33,88.395733
SolLevanteFace_sdr_1920x1080_24_10bit,3,34,87.422159
SolLevanteFace_sdr_1920x1080_24_10bit,3,35,86.143655
SolLevanteFace_sdr_1920x1080_24_10bit,3,36,84.752866
SolLevanteFace_sdr_1920x1080_24_10bit,3,37,83.371887
SolLevanteFace_sdr_1920x1080_24_10bit,3,38,81.793046
SolLevanteFace_sdr_1920x1080_24_10bit,3,39,80.183606
SolLevanteFace_sdr_1920x1080_24_10bit,3,40,78.588757
SolLevanteFace_sdr_1920x1080_24_10bit,3,41,76.739273
SolLevanteFace_sdr_1920x1080_24_10bit,3,42,74.879248
SolLevanteFace_sdr_1920x1080_24_10bit,3,43,73.00116
SolLevanteFace_sdr_1920x1080_24_10bit,3,44,70.98053
SolLevanteFace_sdr_1920x1080_24_10bit,3,45,68.997522
SolLevanteFace_sdr_1920x1080_24_10bit,3,46,67.027206
SolLevanteFace_sdr_1920x1080_24_10bit,3,47,65.16471
SolLevanteFace_sdr_1920x1080_24_10bit,3,48,63.038096
SolLevanteFace_sdr_1920x1080_24_10bit,3,49,61.179097
SolLevanteFace_sdr_1920x1080_24_10bit,3,50,59.094082
SolLevanteFace_sdr_1920x1080_24_10bit,3,51,57.057432
SolLevanteFace_sdr_1920x1080_24_10bit,3,52,54.744209
SolLevanteFace_sdr_1920x1080_24_10bit,3,53,52.672106
SolLevanteFace_sdr_1920x1080_24_10bit,3,54,50.20903
SolLevanteFace_sdr_1920x1080_24_10bit,3,55,47.578962
SolLevanteFace_sdr_1920x1080_24_10bit,3,56,44.564167
SolLevanteFace_sdr_1920x1080_24_10bit,3,58,38.962507
SolLevanteFace_sdr_1920x1080_24_10bit,3,60,32.078455
SolLevanteFace_sdr_1920x1080_24_10bit,3,63,15.772828
RitualDance_1920x1080_5994_10bit_420,3,20,99.709339
RitualDance_1920x1080_5994_10bit_420,3,24,99.508913
RitualDance_1920x1080_5994_10bit_420,3,27,98.988385
RitualDance_1920x1080_5994_10bit_420,3,28,98.7697
RitualDance_1920x1080_5994_10bit_420,3,29,98.563552
RitualDance_1920x1080_5994_10bit_420,3,30,98.304751
RitualDance_1920x1080_5994_10bit_420,3,31,97.924027
RitualDance_1920x1080_5994_10bit_420,3,32,97.533704
RitualDance_1920x1080_5994_10bit_420,3,33,97.14688
RitualDance_1920x1080_5994_10bit_420,3,34,96.667951
RitualDance_1920x1080_5994_10bit_420,3,35,96.141452
RitualDance_1920x1080_5994_10bit_420,3,36,95.671681
RitualDance_1920x1080_5994_10bit_420,3,37,95.048291
RitualDance_1920x1080_5994_10bit_420,3,38,94.546976
RitualDance_1920x1080_5994_10bit_420,3,39,93.807141
RitualDance_1920x1080_5994_10bit_420,3,40,93.134183
RitualDance_1920x1080_5994_10bit_420,3,41,92.530364
RitualDance_1920x1080_5994_10bit_420,3,42,91.623588
RitualDance_1920x1080_5994_10bit_420,3,43,90.844071
RitualDance_1920x1080_5994_10bit_420,3,44,89.948648
RitualDance_1920x1080_5994_10bit_420,3,45,89.024966
RitualDance_1920x1080_5994_10bit_420,3,46,88.149798
RitualDance_1920x1080_5994_10bit_420,3,47,87.414139
RitualDance_1920x1080_5994_10bit_420,3,48,86.284558
RitualDance_1920x1080_5994_10bit_420,3,49,85.395202
RitualDance_1920x1080_5994_10bit_420,3,50,84.229761
RitualDance_1920x1080_5994_10bit_420,3,51,83.175652
RitualDance_1920x1080_5994_10bit_420,3,52,81.984597
RitualDance_1920x1080_5994_10bit_420,3,53,80.835483
RitualDance_1920x1080_5994_10bit_420,3,54,79.446519
RitualDance_1920x1080_5994_10bit_420,3,55,77.892087
RitualDance_1920x1080_5994_10bit_420,3,56,75.721308
RitualDance_1920x1080_5994_10bit_420,3,58,71.949046
RitualDance_1920x1080_5994_10bit_420,3,60,66.044745
RitualDance_1920x1080_5994_10bit_420,3,63,44.893785
GlassHalf_1920x1080p_24p_8bit_420,3,20,99.20507
GlassHalf_1920x1080p_24p_8bit_420,3,24,99.103677
GlassHalf_1920x1080p_24p_8bit_420,3,27,98.920447
GlassHalf_1920x1080p_24p_8bit_420,3,28,98.84672
GlassHalf_1920x1080p_24p_8bit_420,3,29,98.769291
GlassHalf_1920x1080p_24p_8bit_420,3,30,98.671586
GlassHalf_1920x1080p_24p_8bit_420,3,31,98.54139
GlassHalf_1920x1080p_24p_8bit_420,3,32,98.392956
GlassHalf_1920x1080p_24p_8bit_420,3,33,98.253278
GlassHalf_1920x1080p_24p_8bit_420,3,34,98.10917
GlassHalf_1920x1080p_24p_8bit_420,3,35,97.938591
GlassHalf_1920x1080p_24p_8bit_420,3,36,97.726534
GlassHalf_1920x1080p_24p_8bit_420,3,37,97.537303
GlassHalf_1920x1080p_24p_8bit_420,3,38,97.2806
GlassHalf_1920x1080p_24p_8bit_420,3,39,97.06583
GlassHalf_1920x1080p_24p_8bit_420,3,40,96.833647
GlassHalf_1920x1080p_24p_8bit_420,3,41,96.525654
GlassHalf_1920x1080p_24p_8bit_420,3,42,96.265526
GlassHalf_1920x1080p_24p_8bit_420,3,43,95.898622
GlassHalf_1920x1080p_24p_8bit_420,3,44,95.520502
GlassHalf_1920x1080p_24p_8bit_420,3,45,95.19232
GlassHalf_1920x1080p_24p_8bit_420,3,46,94.790293
GlassHalf_1920x1080p_24p_8bit_420,3,47,94.402604
GlassHalf_1920x1080p_24p_8bit_420,3,48,93.964091
GlassHalf_1920x1080p_24p_8bit_420,3,49,93.529568
GlassHalf_1920x1080p_24p_8bit_420,3,50,93.082991
GlassHalf_1920x1080p_24p_8bit_420,3,51,92.541433
GlassHalf_1920x1080p_24p_8bit_420,3,52,91.854032
GlassHalf_1920x1080p_24p_8bit_420,3,53,91.286783
GlassHalf_1920x1080p_24p_8bit_420,3,54,90.580256
GlassHalf_1920x1080p_24p_8bit_420,3,55,89.728217
GlassHalf_1920x1080p_24p_8bit_420,3,56,88.497493
GlassHalf_1920x1080p_24p_8bit_420,3,58,86.539505
GlassHalf_1920x1080p_24p_8bit_420,3,60,82.89057
GlassHalf_1920x1080p_24p_8bit_420,3,63,67.70619
MINECRAFT_1080p_60_8bit,3,20,99.834273
MINECRAFT_1080p_60_8bit,3,24,99.712011
MINECRAFT_1080p_60_8bit,3,27,99.52424
MINECRAFT_1080p_60_8bit,3,28,99.435448
MINECRAFT_1080p_60_8bit,3,29,99.376078
MINECRAFT_1080p_60_8bit,3,30,99.296807
MINECRAFT_1080p_60_8bit,3,31,99.168528
MINECRAFT_1080p_60_8bit,3,32,99.044951
MINECRAFT_1080p_60_8bit,3,33,98.887758
MINECRAFT_1080p_60_8bit,3,34,98.69588
MINECRAFT_1080p_60_8bit,3,35,98.422361
MINECRAFT_1080p_60_8bit,3,36,98.048846
MINECRAFT_1080p_60_8bit,3,37,97.707197
MINECRAFT_1080p_60_8bit,3,38,97.157489
MINECRAFT_1080p_60_8bit,3,39,96.622096
MINECRAFT_1080p_60_8bit,3,40,96.067954
MINECRAFT_1080p_60_8bit,3,41,95.336079
MINECRAFT_1080p_60_8bit,3,42,94.572123
MINECRAFT_1080p_60_8bit,3,43,93.682337
MINECRAFT_1080p_60_8bit,3,44,92.545275
MINECRAFT_1080p_60_8bit,3,45,91.563444
MINECRAFT_1080p_60_8bit,3,46,90.967595
MINECRAFT_1080p_60_8bit,3,47,90.059994
MINECRAFT_1080p_60_8bit,3,48,88.984396
MINECRAFT_1080p_60_8bit,3,49,88.023594
MINECRAFT_1080p_60_8bit,3,50,86.82426
MINECRAFT_1080p_60_8bit,3,51,85.662549
MINECRAFT_1080p_60_8bit,3,52,84.330759
MINECRAFT_1080p_60_8bit,3,53,82.972894
MINECRAFT_1080p_60_8bit,3,54,81.416871
MINECRAFT_1080p_60_8bit,3,55,79.766937
MINECRAFT_1080p_60_8bit,3,56,77.484146
MINECRAFT_1080p_60_8bit,3,58,73.453949
MINECRAFT_1080p_60_8bit,3,60,67.563669
MINECRAFT_1080p_60_8bit,3,63,50.195626
MeridianTalk_sdr_1920x1080p_5994_10bit,3,20,95.046153
MeridianTalk_sdr_1920x1080p_5994_10bit,3,24,94.648695
MeridianTalk_sdr_1920x1080p_5994_10bit,3,27,94.167879
MeridianTalk_sdr_1920x1080p_5994_10bit,3,28,93.989811
MeridianTalk_sdr_1920x1080p_5994_10bit,3,29,93.879536
MeridianTalk_sdr_1920x1080p_5994_10bit,3,30,93.702792
MeridianTalk_sdr_1920x1080p_5994_10bit,3,31,93.495687
MeridianTalk_sdr_1920x1080p_5994_10bit,3,32,93.27021
MeridianTalk_sdr_1920x1080p_5994_10bit,3,33,93.026236
MeridianTalk_sdr_1920x1080p_5994_10bit,3,34,92.885219
MeridianTalk_sdr_1920x1080p_5994_10bit,3,35,92.633284
MeridianTalk_sdr_1920x1080p_5994_10bit,3,36,92.39325
MeridianTalk_sdr_1920x1080p_5994_10bit,3,37,92.149361
MeridianTalk_sdr_1920x1080p_5994_10bit,3,38,91.966128
MeridianTalk_sdr_1920x1080p_5994_10bit,3,39,91.681975
MeridianTalk_sdr_1920x1080p_5994_10bit,3,40,91.386895
MeridianTalk_sdr_1920x1080p_5994_10bit,3,41,91.127733
MeridianTalk_sdr_1920x1080p_5994_10bit,3,42,90.748892
MeridianTalk_sdr_1920x1080p_5994_10bit,3,43,90.506482
MeridianTalk_sdr_1920x1080p_5994_10bit,3,44,90.188094
MeridianTalk_sdr_1920x1080p_5994_10bit,3,45,89.850333
MeridianTalk_sdr_1920x1080p_5994_10bit,3,46,89.465553
MeridianTalk_sdr_1920x1080p_5994_10bit,3,47,89.168478
MeridianTalk_sdr_1920x1080p_5994_10bit,3,48,88.905823
MeridianTalk_sdr_1920x1080p_5994_10bit,3,49,88.356064
MeridianTalk_sdr_1920x1080p_5994_10bit,3,50,88.059309
MeridianTalk_sdr_1920x1080p_5994_10bit,3,51,87.479321
MeridianTalk_sdr_1920x1080p_5994_10bit,3,52,86.870247
MeridianTalk_sdr_1920x1080p_5994_10bit,3,53,86.426379
MeridianTalk_sdr_1920x1080p_5994_10bit,3,54,85.925662
MeridianTalk_sdr_1920x1080p_5994_10bit,3,55,85.158784
MeridianTalk_sdr_1920x1080p_5994_10bit,3,56,84.417509
MeridianTalk_sdr_1920x1080p_5994_10bit,3,58,83.09165
MeridianTalk_sdr_1920x1080p_5994_10bit,3,60,80.75175
MeridianTalk_sdr_1920x1080p_5994_10bit,3,63,73.054468
Debugging_1920x1080_30fps_8bit_420,3,20,97.59161
Debugging_1920x1080_30fps_8bit_420,3,24,97.596166
Debugging_1920x1080_30fps_8bit_420,3,27,97.539929
Debugging_1920x1080_30fps_8bit_420,3,28,97.545083
Debugging_1920x1080_30fps_8bit_420,3,29,97.532594
Debugging_1920x1080_30fps_8bit_420,3,30,97.535525
Debugging_1920x1080_30fps_8bit_420,3,31,97.501178
Debugging_1920x1080_30fps_8bit_420,3,32,97.499218
Debugging_1920x1080_30fps_8bit_420,3,33,97.469862
Debugging_1920x1080_30fps_8bit_420,3,34,97.472905
Debugging_1920x1080_30fps_8bit_420,3,35,97.471422
Debugging_1920x1080_30fps_8bit_420,3,36,97.400878
Debugging_1920x1080_30fps_8bit_420,3,37,97.370066
Debugging_1920x1080_30fps_8bit_420,3,38,97.368386
Debugging_1920x1080_30fps_8bit_420,3,39,97.367597
Debugging_1920x1080_30fps_8bit_420,3,40,97.3389
Debugging_1920x1080_30fps_8bit_420,3,41,97.261709
Debugging_1920x1080_30fps_8bit_420,3,42,97.214533
Debugging_1920x1080_30fps_8bit_420,3,43,97.150668
Debugging_1920x1080_30fps_8bit_420,3,44,97.063235
Debugging_1920x1080_30fps_8bit_420,3,45,97.028899
Debugging_1920x1080_30fps_8bit_420,3,46,96.986911
Debugging_1920x1080_30fps_8bit_420,3,47,96.958784
Debugging_1920x1080_30fps_8bit_420,3,48,96.937318
Debugging_1920x1080_30fps_8bit_420,3,49,96.845545
Debugging_1920x1080_30fps_8bit_420,3,50,96.716373
Debugging_1920x1080_30fps_8bit_420,3,51,96.723598
Debugging_1920x1080_30fps_8bit_420,3,52,96.643976
Debugging_1920x1080_30fps_8bit_420,3,53,96.577327
Debugging_1920x1080_30fps_8bit_420,3,54,96.484724
Debugging_1920x1080_30fps_8bit_420,3,55,96.293768
Debugging_1920x1080_30fps_8bit_420,3,56,96.188798
Debugging_1920x1080_30fps_8bit_420,3,58,95.895963
Debugging_1920x1080_30fps_8bit_420,3,60,95.469188
Debugging_1920x1080_30fps_8bit_420,3,63,93.099115
DOTA2_1920x1080_60_8bit_420,3,20,96.036717
DOTA2_1920x1080_60_8bit_420,3,24,95.598041
DOTA2_1920x1080_60_8bit_420,3,27,94.999698
DOTA2_1920x1080_60_8bit_420,3,28,94.83061
DOTA2_1920x1080_60_8bit_420,3,29,94.637724
DOTA2_1920x1080_60_8bit_420,3,30,94.452136
DOTA2_1920x1080_60_8bit_420,3,31,94.18898
DOTA2_1920x1080_60_8bit_420,3,32,93.917347
DOTA2_1920x1080_60_8bit_420,3,33,93.655475
DOTA2_1920x1080_60_8bit_420,3,34,93.411658
DOTA2_1920x1080_60_8bit_420,3,35,93.099471
DOTA2_1920x1080_60_8bit_420,3,36,92.750623
DOTA2_1920x1080_60_8bit_420,3,37,92.434505
DOTA2_1920x1080_60_8bit_420,3,38,92.035784
DOTA2_1920x1080_60_8bit_420,3,39,91.614552
DOTA2_1920x1080_60_8bit_420,3,40,91.262618
DOTA2_1920x1080_60_8bit_420,3,41,90.753245
DOTA2_1920x1080_60_8bit_420,3,42,90.3038
DOTA2_1920x1080_60_8bit_420,3,43,89.818365
DOTA2_1920x1080_60_8bit_420,3,44,89.29737
DOTA2_1920x1080_60_8bit_420,3,45,88.694927
DOTA2_1920x1080_60_8bit_420,3,46,88.144
DOTA2_1920x1080_60_8bit_420,3,47,87.561252
DOTA2_1920x1080_60_8bit_420,3,48,86.987994
DOTA2_1920x1080_60_8bit_420,3,49,86.275392
DOTA2_1920x1080_60_8bit_420,3,50,85.525143
DOTA2_1920x1080_60_8bit_420,3,51,84.72201
DOTA2_1920x1080_60_8bit_420,3,52,83.909994
DOTA2_1920x1080_60_8bit_420,3,53,83.089014
DOTA2_1920x1080_60_8bit_420,3,54,82.088473
DOTA2_1920x1080_60_8bit_420,3,55,80.937683
DOTA2_1920x1080_60_8bit_420,3,56,79.628728
DOTA2_1920x1080_60_8bit_420,3,58,76.649561
DOTA2_1920x1080_60_8bit_420,3,60,72.092779
DOTA2_1920x1080_60_8bit_420,3,63,57.775236
CrowdRun_1920x1080p50,3,20,99.962235
CrowdRun_1920x1080p50,3,24,99.957479
CrowdRun_1920x1080p50,3,27,99.782139
CrowdRun_1920x1080p50,3,28,99.633007
CrowdRun_1920x1080p50,3,29,99.414769
CrowdRun_1920x1080p50,3,30,99.15681
CrowdRun_1920x1080p50,3,31,98.743954
CrowdRun_1920x1080p50,3,32,98.240997
CrowdRun_1920x1080p50,3,33,97.709824
CrowdRun_1920x1080p50,3,34,97.201742
CrowdRun_1920x1080p50,3,35,96.486738
CrowdRun_1920x1080p50,3,36,95.719534
CrowdRun_1920x1080p50,3,37,94.978092
CrowdRun_1920x1080p50,3,38,94.141382
CrowdRun_1920x1080p50,3,39,93.287558
CrowdRun_1920x1080p50,3,40,92.465364
CrowdRun_1920x1080p50,3,41,91.466425
CrowdRun_1920x1080p50,3,42,90.441534
CrowdRun_1920x1080p50,3,43,89.604613
CrowdRun_1920x1080p50,3,44,88.321578
CrowdRun_1920x1080p50,3,45,87.238609
CrowdRun_1920x1080p50,3,46,86.342805
CrowdRun_1920x1080p50,3,47,85.067146
CrowdRun_1920x1080p50,3,48,84.171171
CrowdRun_1920x1080p50,3,49,82.990377
CrowdRun_1920x1080p50,3,50,81.587998
CrowdRun_1920x1080p50,3,51,80.631989
CrowdRun_1920x1080p50,3,52,79.030456
CrowdRun_1920x1080p50,3,53,78.013018
CrowdRun_1920x1080p50,3,54,76.170461
CrowdRun_1920x1080p50,3,55,74.627051
CrowdRun_1920x1080p50,3,56,72.46256
CrowdRun_1920x1080p50,3,58,68.227543
CrowdRun_1920x1080p50,3,60,62.066709
CrowdRun_1920x1080p50,3,63,41.781355
WITCHER3_1920x1080_60_8bit_420,3,20,97.935237
WITCHER3_1920x1080_60_8bit_420,3,24,96.94184
WITCHER3_1920x1080_60_8bit_420,3,27,95.432157
WITCHER3_1920x1080_60_8bit_420,3,28,94.905889
WITCHER3_1920x1080_60_8bit_420,3,29,94.403207
WITCHER3_1920x1080_60_8bit_420,3,30,93.878817
WITCHER3_1920x1080_60_8bit_420,3,31,93.191514
WITCHER3_1920x1080_60_8bit_420,3,32,92.353207
WITCHER3_1920x1080_60_8bit_420,3,33,91.585371
WITCHER3_1920x1080_60_8bit_420,3,34,90.944436
WITCHER3_1920x1080_60_8bit_420,3,35,90.108154
WITCHER3_1920x1080_60_8bit_420,3,36,89.131228
WITCHER3_1920x1080_60_8bit_420,3,37,88.337391
WITCHER3_1920x1080_60_8bit_420,3,38,87.309616
WITCHER3_1920x1080_60_8bit_420,3,39,86.411588
WITCHER3_1920x1080_60_8bit_420,3,40,85.517444
WITCHER3_1920x1080_60_8bit_420,3,41,84.40882
WITCHER3_1920x1080_60_8bit_420,3,42,83.424621
WITCHER3_1920x1080_60_8bit_420,3,43,82.261227
WITCHER3_1920x1080_60_8bit_420,3,44,81.209556
WITCHER3_1920x1080_60_8bit_420,3,45,80.160303
WITCHER3_1920x1080_60_8bit_420,3,46,79.101941
WITCHER3_1920x1080_60_8bit_420,3,47,78.140784
WITCHER3_1920x1080_60_8bit_420,3,48,76.904656
WITCHER3_1920x1080_60_8bit_420,3,49,75.773081
WITCHER3_1920x1080_60_8bit_420,3,50,74.615363
WITCHER3_1920x1080_60_8bit_420,3,51,73.493988
WITCHER3_1920x1080_60_8bit_420,3,52,72.173083
WITCHER3_1920x1080_60_8bit_420,3,53,71.147855
WITCHER3_1920x1080_60_8bit_420,3,54,69.635536
WITCHER3_1920x1080_60_8bit_420,3,55,68.18047
WITCHER3_1920x1080_60_8bit_420,3,56,66.219989
WITCHER3_1920x1080_60_8bit_420,3,58,63.116731
WITCHER3_1920x1080_60_8bit_420,3,60,58.675567
WITCHER3_1920x1080_60_8bit_420,3,63,47.504732
WalkingInStreet_1920x1080_30fps,3,20,99.962841
WalkingInStreet_1920x1080_30fps,3,24,99.959396
WalkingInStreet_1920x1080_30fps,3,27,99.951991
WalkingInStreet_1920x1080_30fps,3,28,99.95015
WalkingInStreet_1920x1080_30fps,3,29,99.942157
WalkingInStreet_1920x1080_30fps,3,30,99.921164
WalkingInStreet_1920x1080_30fps,3,31,99.886672
WalkingInStreet_1920x1080_30fps,3,32,99.82572
WalkingInStreet_1920x1080_30fps,3,33,99.734602
WalkingInStreet_1920x1080_30fps,3,34,99.621275
WalkingInStreet_1920x1080_30fps,3,35,99.477552
WalkingInStreet_1920x1080_30fps,3,36,99.309052
WalkingInStreet_1920x1080_30fps,3,37,99.131226
WalkingInStreet_1920x1080_30fps,3,38,98.853621
WalkingInStreet_1920x1080_30fps,3,39,98.537648
WalkingInStreet_1920x1080_30fps,3,40,98.258294
WalkingInStreet_1920x1080_30fps,3,41,97.871993
WalkingInStreet_1920x1080_30fps,3,42,97.373157
WalkingInStreet_1920x1080_30fps,3,43,96.880333
WalkingInStreet_1920x1080_30fps,3,44,96.274417
WalkingInStreet_1920x1080_30fps,3,45,95.539463
WalkingInStreet_1920x1080_30fps,3,46,94.775077
WalkingInStreet_1920x1080_30fps,3,47,94.062476
WalkingInStreet_1920x1080_30fps,3,48,93.150065
WalkingInStreet_1920x1080_30fps,3,49,92.290703
WalkingInStreet_1920x1080_30fps,3,50,91.4168
WalkingInStreet_1920x1080_30fps,3,51,90.431748
WalkingInStreet_1920x1080_30fps,3,52,89.387715
WalkingInStreet_1920x1080_30fps,3,53,88.225318
WalkingInStreet_1920x1080_30fps,3,54,87.084349
WalkingInStreet_1920x1080_30fps,3,55,85.708029
WalkingInStreet_1920x1080_30fps,3,56,84.023676
WalkingInStreet_1920x1080_30fps,3,58,80.368431
WalkingInStreet_1920x1080_30fps,3,60,75.104624
WalkingInStreet_1920x1080_30fps,3,63,58.070279
ToddlerFountain_1920x1080_2997fps_10bit_420,3,20,99.956071
ToddlerFountain_1920x1080_2997fps_10bit_420,3,24,99.948301
ToddlerFountain_1920x1080_2997fps_10bit_420,3,27,99.939515
ToddlerFountain_1920x1080_2997fps_10bit_420,3,28,99.935822
ToddlerFountain_1920x1080_2997fps_10bit_420,3,29,99.933299
ToddlerFountain_1920x1080_2997fps_10bit_420,3,30,99.929394
ToddlerFountain_1920x1080_2997fps_10bit_420,3,31,99.9227
ToddlerFountain_1920x1080_2997fps_10bit_420,3,32,99.837224
ToddlerFountain_1920x1080_2997fps_10bit_420,3,33,99.664962
ToddlerFountain_1920x1080_2997fps_10bit_420,3,34,99.230916
ToddlerFountain_1920x1080_2997fps_10bit_420,3,35,98.408259
ToddlerFountain_1920x1080_2997fps_10bit_420,3,36,97.352108
ToddlerFountain_1920x1080_2997fps_10bit_420,3,37,96.282657
ToddlerFountain_1920x1080_2997fps_10bit_420,3,38,94.593875
ToddlerFountain_1920x1080_2997fps_10bit_420,3,39,93.140111
ToddlerFountain_1920x1080_2997fps_10bit_420,3,40,91.616491
ToddlerFountain_1920x1080_2997fps_10bit_420,3,41,89.819165
ToddlerFountain_1920x1080_2997fps_10bit_420,3,42,88.265907
ToddlerFountain_1920x1080_2997fps_10bit_420,3,43,86.457266
ToddlerFountain_1920x1080_2997fps_10bit_420,3,44,84.520204
ToddlerFountain_1920x1080_2997fps_10bit_420,3,45,82.489309
ToddlerFountain_1920x1080_2997fps_10bit_420,3,46,80.392041
ToddlerFountain_1920x1080_2997fps_10bit_420,3,47,78.391015
ToddlerFountain_1920x1080_2997fps_10bit_420,3,48,75.866427
ToddlerFountain_1920x1080_2997fps_10bit_420,3,49,73.728383
ToddlerFountain_1920x1080_2997fps_10bit_420,3,50,71.510775
ToddlerFountain_1920x1080_2997fps_10bit_420,3,51,69.192031
ToddlerFountain_1920x1080_2997fps_10bit_420,3,52,67.070421
ToddlerFountain_1920x1080_2997fps_10bit_420,3,53,64.539383
ToddlerFountain_1920x1080_2997fps_10bit_420,3,54,61.761288
ToddlerFountain_1920x1080_2997fps_10bit_420,3,55,59.343858
ToddlerFountain_1920x1080_2997fps_10bit_420,3,56,55.654073
ToddlerFountain_1920x1080_2997fps_10bit_420,3,58,49.267609
ToddlerFountain_1920x1080_2997fps_10bit_420,3,60,42.588056
ToddlerFountain_1920x1080_2997fps_10bit_420,3,63,21.415967
Vertical_bees_1080x1920_2997,3,20,98.75873
Vertical_bees_1080x1920_2997,3,24,98.469539
Vertical_bees_1080x1920_2997,3,27,98.030602
Vertical_bees_1080x1920_2997,3,28,97.893416
Vertical_bees_1080x1920_2997,3,29,97.727639
Vertical_bees_1080x1920_2997,3,30,97.596747
Vertical_bees_1080x1920_2997,3,31,97.414709
Vertical_bees_1080x1920_2997,3,32,97.187362
Vertical_bees_1080x1920_2997,3,33,97.020601
Vertical_bees_1080x1920_2997,3,34,96.86132
Vertical_bees_1080x1920_2997,3,35,96.640116
Vertical_bees_1080x1920_2997,3,36,96.354219
Vertical_bees_1080x1920_2997,3,37,96.126977
Vertical_bees_1080x1920_2997,3,38,95.873199
Vertical_bees_1080x1920_2997,3,39,95.690561
Vertical_bees_1080x1920_2997,3,40,95.483512
Vertical_bees_1080x1920_2997,3,41,95.350772
Vertical_bees_1080x1920_2997,3,42,94.984632
Vertical_bees_1080x1920_2997,3,43,94.764647
Vertical_bees_1080x1920_2997,3,44,94.537501
Vertical_bees_1080x1920_2997,3,45,94.265389
Vertical_bees_1080x1920_2997,3,46,94.093137
Vertical_bees_1080x1920_2997,3,47,93.837978
Vertical_bees_1080x1920_2997,3,48,93.554217
Vertical_bees_1080x1920_2997,3,49,93.281749
Vertical_bees_1080x1920_2997,3,50,93.014985
Vertical_bees_1080x1920_2997,3,51,92.715996
Vertical_bees_1080x1920_2997,3,52,92.257084
Vertical_bees_1080x1920_2997,3,53,91.953403
Vertical_bees_1080x1920_2997,3,54,91.429428
Vertical_bees_1080x1920_2997,3,55,90.97666
Vertical_bees_1080x1920_2997,3,56,90.212879
Vertical_bees_1080x1920_2997,3,58,88.830591
Vertical_bees_1080x1920_2997,3,60,86.63589
Vertical_bees_1080x1920_2997,3,63,77.315909
Wikipedia_1920x1080p30,3,20,98.707658
Wikipedia_1920x1080p30,3,24,98.694598
Wikipedia_1920x1080p30,3,27,98.690363
Wikipedia_1920x1080p30,3,28,98.690267
Wikipedia_1920x1080p30,3,29,98.682573
Wikipedia_1920x1080p30,3,30,98.684034
Wikipedia_1920x1080p30,3,31,98.692957
Wikipedia_1920x1080p30,3,32,98.686305
Wikipedia_1920x1080p30,3,33,98.688437
Wikipedia_1920x1080p30,3,34,98.69046
Wikipedia_1920x1080p30,3,35,98.679865
Wikipedia_1920x1080p30,3,36,98.661184
Wikipedia_1920x1080p30,3,37,98.663531
Wikipedia_1920x1080p30,3,38,98.655178
Wikipedia_1920x1080p30,3,39,98.661057
Wikipedia_1920x1080p30,3,40,98.654523
Wikipedia_1920x1080p30,3,41,98.631116
Wikipedia_1920x1080p30,3,42,98.596848
Wikipedia_1920x1080p30,3,43,98.594489
Wikipedia_1920x1080p30,3,44,98.612498
Wikipedia_1920x1080p30,3,45,98.595459
Wikipedia_1920x1080p30,3,46,98.561182
Wikipedia_1920x1080p30,3,47,98.566747
Wikipedia_1920x1080p30,3,48,98.560633
Wikipedia_1920x1080p30,3,49,98.543809
Wikipedia_1920x1080p30,3,50,98.508277
Wikipedia_1920x1080p30,3,51,98.483002
Wikipedia_1920x1080p30,3,52,98.441492
Wikipedia_1920x1080p30,3,53,98.403205
Wikipedia_1920x1080p30,3,54,98.317069
Wikipedia_1920x1080p30,3,55,98.302335
Wikipedia_1920x1080p30,3,56,98.223094
Wikipedia_1920x1080p30,3,58,98.079721
Wikipedia_1920x1080p30,3,60,97.882442
Wikipedia_1920x1080p30,3,63,96.436667
Spreadsheet_1920x1080_30fps_8bit_420_130f,3,20,97.419468
Spreadsheet_1920x1080_30fps_8bit_420_130f,3,24,97.387948
Spreadsheet_1920x1080_30fps_8bit_420_130f,3,27,97.328905
Spreadsheet_1920x1080_30fps_8bit_420_130f,3,28,97.319578
Spreadsheet_1920x1080_30fps_8bit_420_130f,3,29,97.288539
Spreadsheet_1920x1080_30fps_8bit_420_130f,3,30,97.267448
Spreadsheet_1920x1080_30fps_8bit_420_130f,3,31,97.251544
Spreadsheet_1920x1080_30fps_8bit_420_130f,3,32,97.210559
Spreadsheet_1920x1080_30fps_8bit_420_130f,3,33,97.177276
Spreadsheet_1920x1080_30fps_8bit_420_130f,3,34,97.142826
Spreadsheet_1920x1080_30fps_8bit_420_130f,3,35,97.117717
Spreadsheet_1920x1080_30fps_8bit_420_130f,3,36,97.072107
Spreadsheet_1920x1080_30fps_8bit_420_130f,3,37,97.050126
Spreadsheet_1920x1080_30fps_8bit_420_130f,3,38,97.000317
Spreadsheet_1920x1080_30fps_8bit_420_130f,3,39,96.948842
Spreadsheet_1920x1080_30fps_8bit_420_130f,3,40,96.916224
Spreadsheet_1920x1080_30fps_8bit_420_130f,3,41,96.845509
Spreadsheet_1920x1080_30fps_8bit_420_130f,3,42,96.791154
Spreadsheet_1920x1080_30fps_8bit_420_130f,3,43,96.731224
Spreadsheet_1920x1080_30fps_8bit_420_130f,3,44,96.654288
Spreadsheet_1920x1080_30fps_8bit_420_130f,3,45,96.572323
Spreadsheet_1920x1080_30fps_8bit_420_130f,3,46,96.53017
Spreadsheet_1920x1080_30fps_8bit_420_130f,3,47,96.460664
Spreadsheet_1920x1080_30fps_8bit_420_130f,3,48,96.388281
Spreadsheet_1920x1080_30fps_8bit_420_130f,3,49,96.345847
Spreadsheet_1920x1080_30fps_8bit_420_130f,3,50,96.225855
Spreadsheet_1920x1080_30fps_8bit_420_130f,3,51,96.117175
Spreadsheet_1920x1080_30fps_8bit_420_130f,3,52,96.082941
Spreadsheet_1920x1080_30fps_8bit_420_130f,3,53,95.906177
Spreadsheet_1920x1080_30fps_8bit_420_130f,3,54,95.763866
Spreadsheet_1920x1080_30fps_8bit_420_130f,3,55,95.61489
Spreadsheet_1920x1080_30fps_8bit_420_130f,3,56,95.413834
Spreadsheet_1920x1080_30fps_8bit_420_130f,3,58,94.940636
Spreadsheet_1920x1080_30fps_8bit_420_130f,3,60,94.20976
Spreadsheet_1920x1080_30fps_8bit_420_130f,3,63,91.153408
TreesAndGrass_1920_1080_30fps_8bit,3,20,99.966594
TreesAndGrass_1920_1080_30fps_8bit,3,24,99.963081
TreesAndGrass_1920_1080_30fps_8bit,3,27,99.957931
TreesAndGrass_1920_1080_30fps_8bit,3,28,99.95617
TreesAndGrass_1920_1080_30fps_8bit,3,29,99.953334
TreesAndGrass_1920_1080_30fps_8bit,3,30,99.946558
TreesAndGrass_1920_1080_30fps_8bit,3,31,99.937657
TreesAndGrass_1920_1080_30fps_8bit,3,32,99.927446
TreesAndGrass_1920_1080_30fps_8bit,3,33,99.913369
TreesAndGrass_1920_1080_30fps_8bit,3,34,99.898429
TreesAndGrass_1920_1080_30fps_8bit,3,35,99.880683
TreesAndGrass_1920_1080_30fps_8bit,3,36,99.846216
TreesAndGrass_1920_1080_30fps_8bit,3,37,99.81262
TreesAndGrass_1920_1080_30fps_8bit,3,38,99.770155
TreesAndGrass_1920_1080_30fps_8bit,3,39,99.718605
TreesAndGrass_1920_1080_30fps_8bit,3,40,99.6711
TreesAndGrass_1920_1080_30fps_8bit,3,41,99.606891
TreesAndGrass_1920_1080_30fps_8bit,3,42,99.562634
TreesAndGrass_1920_1080_30fps_8bit,3,43,99.503907
TreesAndGrass_1920_1080_30fps_8bit,3,44,99.446645
TreesAndGrass_1920_1080_30fps_8bit,3,45,99.384815
TreesAndGrass_1920_1080_30fps_8bit,3,46,99.291776
TreesAndGrass_1920_1080_30fps_8bit,3,47,99.209191
TreesAndGrass_1920_1080_30fps_8bit,3,48,99.003312
TreesAndGrass_1920_1080_30fps_8bit,3,49,98.783017
TreesAndGrass_1920_1080_30fps_8bit,3,50,98.49252
TreesAndGrass_1920_1080_30fps_8bit,3,51,98.133003
TreesAndGrass_1920_1080_30fps_8bit,3,52,97.66604
TreesAndGrass_1920_1080_30fps_8bit,3,53,97.105817
TreesAndGrass_1920_1080_30fps_8bit,3,54,96.385984
TreesAndGrass_1920_1080_30fps_8bit,3,55,95.557604
TreesAndGrass_1920_1080_30fps_8bit,3,56,94.474856
TreesAndGrass_1920_1080_30fps_8bit,3,58,91.394724
TreesAndGrass_1920_1080_30fps_8bit,3,60,86.623446
TreesAndGrass_1920_1080_30fps_8bit,3,63,69.618666
Crosswalk_3840x2160_5994fps_10bit_420,3,20,95.744479
Crosswalk_3840x2160_5994fps_10bit_420,3,24,94.887322
Crosswalk_3840x2160_5994fps_10bit_420,3,27,93.804791
Crosswalk_3840x2160_5994fps_10bit_420,3,28,93.465547
Crosswalk_3840x2160_5994fps_10bit_420,3,29,93.133355
Crosswalk_3840x2160_5994fps_10bit_420,3,30,92.799042
Crosswalk_3840x2160_5994fps_10bit_420,3,31,92.321532
Crosswalk_3840x2160_5994fps_10bit_420,3,32,91.856069
Crosswalk_3840x2160_5994fps_10bit_420,3,33,91.410529
Crosswalk_3840x2160_5994fps_10bit_420,3,34,90.957644
Crosswalk_3840x2160_5994fps_10bit_420,3,35,90.441418
Crosswalk_3840x2160_5994fps_10bit_420,3,36,89.945821
Crosswalk_3840x2160_5994fps_10bit_420,3,37,89.469406
Crosswalk_3840x2160_5994fps_10bit_420,3,38,88.913909
Crosswalk_3840x2160_5994fps_10bit_420,3,39,88.357467
Crosswalk_3840x2160_5994fps_10bit_420,3,40,87.824167
Crosswalk_3840x2160_5994fps_10bit_420,3,41,87.14338
Crosswalk_3840x2160_5994fps_10bit_420,3,42,86.6228
Crosswalk_3840x2160_5994fps_10bit_420,3,43,85.921075
Crosswalk_3840x2160_5994fps_10bit_420,3,44,85.33675
Crosswalk_3840x2160_5994fps_10bit_420,3,45,84.589081
Crosswalk_3840x2160_5994fps_10bit_420,3,46,83.930633
Crosswalk_3840x2160_5994fps_10bit_420,3,47,83.377818
Crosswalk_3840x2160_5994fps_10bit_420,3,48,82.504037
Crosswalk_3840x2160_5994fps_10bit_420,3,49,81.735922
Crosswalk_3840x2160_5994fps_10bit_420,3,50,80.935593
Crosswalk_3840x2160_5994fps_10bit_420,3,51,79.988339
Crosswalk_3840x2160_5994fps_10bit_420,3,52,79.106776
Crosswalk_3840x2160_5994fps_10bit_420,3,53,78.247337
Crosswalk_3840x2160_5994fps_10bit_420,3,54,77.095113
Crosswalk_3840x2160_5994fps_10bit_420,3,55,76.003296
Crosswalk_3840x2160_5994fps_10bit_420,3,56,74.391983
Crosswalk_3840x2160_5994fps_10bit_420,3,58,72.013639
Crosswalk_3840x2160_5994fps_10bit_420,3,60,67.658516
Crosswalk_3840x2160_5994fps_10bit_420,3,63,52.514683
NocturneDance_3840x2160p_10bit_60fps,3,20,95.91121
NocturneDance_3840x2160p_10bit_60fps,3,24,94.244938
NocturneDance_3840x2160p_10bit_60fps,3,27,92.015898
NocturneDance_3840x2160p_10bit_60fps,3,28,91.233201
NocturneDance_3840x2160p_10bit_60fps,3,29,90.503097
NocturneDance_3840x2160p_10bit_60fps,3,30,89.715423
NocturneDance_3840x2160p_10bit_60fps,3,31,88.664918
NocturneDance_3840x2160p_10bit_60fps,3,32,87.657943
NocturneDance_3840x2160p_10bit_60fps,3,33,86.577596
NocturneDance_3840x2160p_10bit_60fps,3,34,85.508606
NocturneDance_3840x2160p_10bit_60fps,3,35,84.204984
NocturneDance_3840x2160p_10bit_60fps,3,36,82.850829
NocturneDance_3840x2160p_10bit_60fps,3,37,81.574963
NocturneDance_3840x2160p_10bit_60fps,3,38,80.172951
NocturneDance_3840x2160p_10bit_60fps,3,39,78.728132
NocturneDance_3840x2160p_10bit_60fps,3,40,77.342741
NocturneDance_3840x2160p_10bit_60fps,3,41,75.658899
NocturneDance_3840x2160p_10bit_60fps,3,42,74.106788
NocturneDance_3840x2160p_10bit_60fps,3,43,72.391228
NocturneDance_3840x2160p_10bit_60fps,3,44,70.764049
NocturneDance_3840x2160p_10bit_60fps,3,45,69.003256
NocturneDance_3840x2160p_10bit_60fps,3,46,67.283591
NocturneDance_3840x2160p_10bit_60fps,3,47,65.740297
NocturneDance_3840x2160p_10bit_60fps,3,48,63.93023
NocturneDance_3840x2160p_10bit_60fps,3,49,62.43564
NocturneDance_3840x2160p_10bit_60fps,3,50,60.439501
NocturneDance_3840x2160p_10bit_60fps,3,51,58.415465
NocturneDance_3840x2160p_10bit_60fps,3,52,56.759829
NocturneDance_3840x2160p_10bit_60fps,3,53,54.721441
NocturneDance_3840x2160p_10bit_60fps,3,54,52.358065
NocturneDance_3840x2160p_10bit_60fps,3,55,49.903091
NocturneDance_3840x2160p_10bit_60fps,3,56,46.199358
NocturneDance_3840x2160p_10bit_60fps,3,58,42.129107
NocturneDance_3840x2160p_10bit_60fps,3,60,34.915677
NocturneDance_3840x2160p_10bit_60fps,3,63,17.623562
Neon1224_3840x2160_2997fps,3,20,99.95138
Neon1224_3840x2160_2997fps,3,24,99.945992
Neon1224_3840x2160_2997fps,3,27,99.939454
Neon1224_3840x2160_2997fps,3,28,99.93864
Neon1224_3840x2160_2997fps,3,29,99.935096
Neon1224_3840x2160_2997fps,3,30,99.927381
Neon1224_3840x2160_2997fps,3,31,99.9086
Neon1224_3840x2160_2997fps,3,32,99.862475
Neon1224_3840x2160_2997fps,3,33,99.805275
Neon1224_3840x2160_2997fps,3,34,99.72059
Neon1224_3840x2160_2997fps,3,35,99.57122
Neon1224_3840x2160_2997fps,3,36,99.350123
Neon1224_3840x2160_2997fps,3,37,99.024076
Neon1224_3840x2160_2997fps,3,38,98.601733
Neon1224_3840x2160_2997fps,3,39,98.162522
Neon1224_3840x2160_2997fps,3,40,97.582519
Neon1224_3840x2160_2997fps,3,41,96.84262
Neon1224_3840x2160_2997fps,3,42,96.153533
Neon1224_3840x2160_2997fps,3,43,95.302104
Neon1224_3840x2160_2997fps,3,44,94.331967
Neon1224_3840x2160_2997fps,3,45,93.250246
Neon1224_3840x2160_2997fps,3,46,92.08311
Neon1224_3840x2160_2997fps,3,47,90.959472
Neon1224_3840x2160_2997fps,3,48,89.523016
Neon1224_3840x2160_2997fps,3,49,88.236045
Neon1224_3840x2160_2997fps,3,50,86.716524
Neon1224_3840x2160_2997fps,3,51,85.251879
Neon1224_3840x2160_2997fps,3,52,83.729383
Neon1224_3840x2160_2997fps,3,53,82.042232
Neon1224_3840x2160_2997fps,3,54,80.068034
Neon1224_3840x2160_2997fps,3,55,78.363218
Neon1224_3840x2160_2997fps,3,56,75.689785
Neon1224_3840x2160_2997fps,3,58,70.51143
Neon1224_3840x2160_2997fps,3,60,64.097322
Neon1224_3840x2160_2997fps,3,63,40.707578
PierSeaSide_3840x2160_2997fps_10bit_420_v2,3,20,99.64811
PierSeaSide_3840x2160_2997fps_10bit_420_v2,3,24,99.494802
PierSeaSide_3840x2160_2997fps_10bit_420_v2,3,27,99.237122
PierSeaSide_3840x2160_2997fps_10bit_420_v2,3,28,99.15256
PierSeaSide_3840x2160_2997fps_10bit_420_v2,3,29,99.080994
PierSeaSide_3840x2160_2997fps_10bit_420_v2,3,30,98.983772
PierSeaSide_3840x2160_2997fps_10bit_420_v2,3,31,98.841052
PierSeaSide_3840x2160_2997fps_10bit_420_v2,3,32,98.757569
PierSeaSide_3840x2160_2997fps_10bit_420_v2,3,33,98.615287
PierSeaSide_3840x2160_2997fps_10bit_420_v2,3,34,98.487003
PierSeaSide_3840x2160_2997fps_10bit_420_v2,3,35,98.35299
PierSeaSide_3840x2160_2997fps_10bit_420_v2,3,36,98.211073
PierSeaSide_3840x2160_2997fps_10bit_420_v2,3,37,98.061325
PierSeaSide_3840x2160_2997fps_10bit_420_v2,3,38,97.908047
PierSeaSide_3840x2160_2997fps_10bit_420_v2,3,39,97.419107
PierSeaSide_3840x2160_2997fps_10bit_420_v2,3,40,97.538177
PierSeaSide_3840x2160_2997fps_10bit_420_v2,3,41,97.326977
PierSeaSide_3840x2160_2997fps_10bit_420_v2,3,42,96.663328
PierSeaSide_3840x2160_2997fps_10bit_420_v2,3,43,96.410349
PierSeaSide_3840x2160_2997fps_10bit_420_v2,3,44,96.659199
PierSeaSide_3840x2160_2997fps_10bit_420_v2,3,45,95.792299
PierSeaSide_3840x2160_2997fps_10bit_420_v2,3,46,95.500864
PierSeaSide_3840x2160_2997fps_10bit_420_v2,3,47,95.253418
PierSeaSide_3840x2160_2997fps_10bit_420_v2,3,48,95.586728
PierSeaSide_3840x2160_2997fps_10bit_420_v2,3,49,94.538761
PierSeaSide_3840x2160_2997fps_10bit_420_v2,3,50,94.150516
PierSeaSide_3840x2160_2997fps_10bit_420_v2,3,51,93.786729
PierSeaSide_3840x2160_2997fps_10bit_420_v2,3,52,94.070061
PierSeaSide_3840x2160_2997fps_10bit_420_v2,3,53,93.052773
PierSeaSide_3840x2160_2997fps_10bit_420_v2,3,54,92.534278
PierSeaSide_3840x2160_2997fps_10bit_420_v2,3,55,92.00886
PierSeaSide_3840x2160_2997fps_10bit_420_v2,3,56,91.326656
PierSeaSide_3840x2160_2997fps_10bit_420_v2,3,58,90.347546
PierSeaSide_3840x2160_2997fps_10bit_420_v2,3,60,88.438362
PierSeaSide_3840x2160_2997fps_10bit_420_v2,3,63,80.168535
FoodMarket2_3840x2160_5994fps_10bit_420,3,20,99.954891
FoodMarket2_3840x2160_5994fps_10bit_420,3,24,99.951313
FoodMarket2_3840x2160_5994fps_10bit_420,3,27,99.945993
FoodMarket2_3840x2160_5994fps_10bit_420,3,28,99.945176
FoodMarket2_3840x2160_5994fps_10bit_420,3,29,99.942344
FoodMarket2_3840x2160_5994fps_10bit_420,3,30,99.940415
FoodMarket2_3840x2160_5994fps_10bit_420,3,31,99.937541
FoodMarket2_3840x2160_5994fps_10bit_420,3,32,99.935519
FoodMarket2_3840x2160_5994fps_10bit_420,3,33,99.932794
FoodMarket2_3840x2160_5994fps_10bit_420,3,34,99.930246
FoodMarket2_3840x2160_5994fps_10bit_420,3,35,99.92973
FoodMarket2_3840x2160_5994fps_10bit_420,3,36,99.92618
FoodMarket2_3840x2160_5994fps_10bit_420,3,37,99.923264
FoodMarket2_3840x2160_5994fps_10bit_420,3,38,99.920408
FoodMarket2_3840x2160_5994fps_10bit_420,3,39,99.917008
FoodMarket2_3840x2160_5994fps_10bit_420,3,40,99.915949
FoodMarket2_3840x2160_5994fps_10bit_420,3,41,99.905186
FoodMarket2_3840x2160_5994fps_10bit_420,3,42,99.868614
FoodMarket2_3840x2160_5994fps_10bit_420,3,43,99.808759
FoodMarket2_3840x2160_5994fps_10bit_420,3,44,99.7456
FoodMarket2_3840x2160_5994fps_10bit_420,3,45,99.637845
FoodMarket2_3840x2160_5994fps_10bit_420,3,46,99.504343
FoodMarket2_3840x2160_5994fps_10bit_420,3,47,99.329489
FoodMarket2_3840x2160_5994fps_10bit_420,3,48,99.137358
FoodMarket2_3840x2160_5994fps_10bit_420,3,49,98.861427
FoodMarket2_3840x2160_5994fps_10bit_420,3,50,98.544254
FoodMarket2_3840x2160_5994fps_10bit_420,3,51,98.15852
FoodMarket2_3840x2160_5994fps_10bit_420,3,52,97.587153
FoodMarket2_3840x2160_5994fps_10bit_420,3,53,97.006438
FoodMarket2_3840x2160_5994fps_10bit_420,3,54,96.163026
FoodMarket2_3840x2160_5994fps_10bit_420,3,55,95.234554
FoodMarket2_3840x2160_5994fps_10bit_420,3,56,93.924365
FoodMarket2_3840x2160_5994fps_10bit_420,3,58,91.855412
FoodMarket2_3840x2160_5994fps_10bit_420,3,60,87.652308
FoodMarket2_3840x2160_5994fps_10bit_420,3,63,71.944834
BoxingPractice_3840x2160_5994fps_10bit_420,3,20,99.961533
BoxingPractice_3840x2160_5994fps_10bit_420,3,24,99.959713
BoxingPractice_3840x2160_5994fps_10bit_420,3,27,99.957697
BoxingPractice_3840x2160_5994fps_10bit_420,3,28,99.956462
BoxingPractice_3840x2160_5994fps_10bit_420,3,29,99.956184
BoxingPractice_3840x2160_5994fps_10bit_420,3,30,99.954125
BoxingPractice_3840x2160_5994fps_10bit_420,3,31,99.948477
BoxingPractice_3840x2160_5994fps_10bit_420,3,32,99.944383
BoxingPractice_3840x2160_5994fps_10bit_420,3,33,99.927271
BoxingPractice_3840x2160_5994fps_10bit_420,3,34,99.846253
BoxingPractice_3840x2160_5994fps_10bit_420,3,35,99.762667
BoxingPractice_3840x2160_5994fps_10bit_420,3,36,99.804139
BoxingPractice_3840x2160_5994fps_10bit_420,3,37,99.465183
BoxingPractice_3840x2160_5994fps_10bit_420,3,38,99.285889
BoxingPractice_3840x2160_5994fps_10bit_420,3,39,99.058037
BoxingPractice_3840x2160_5994fps_10bit_420,3,40,98.806018
BoxingPractice_3840x2160_5994fps_10bit_420,3,41,98.525416
BoxingPractice_3840x2160_5994fps_10bit_420,3,42,98.259869
BoxingPractice_3840x2160_5994fps_10bit_420,3,43,97.921207
BoxingPractice_3840x2160_5994fps_10bit_420,3,44,97.580768
BoxingPractice_3840x2160_5994fps_10bit_420,3,45,97.271904
BoxingPractice_3840x2160_5994fps_10bit_420,3,46,96.961723
BoxingPractice_3840x2160_5994fps_10bit_420,3,47,96.673673
BoxingPractice_3840x2160_5994fps_10bit_420,3,48,96.264394
BoxingPractice_3840x2160_5994fps_10bit_420,3,49,95.923168
BoxingPractice_3840x2160_5994fps_10bit_420,3,50,95.492339
BoxingPractice_3840x2160_5994fps_10bit_420,3,51,95.07662
BoxingPractice_3840x2160_5994fps_10bit_420,3,52,94.588402
BoxingPractice_3840x2160_5994fps_10bit_420,3,53,94.136145
BoxingPractice_3840x2160_5994fps_10bit_420,3,54,93.509135
BoxingPractice_3840x2160_5994fps_10bit_420,3,55,92.871021
BoxingPractice_3840x2160_5994fps_10bit_420,3,56,91.938398
BoxingPractice_3840x2160_5994fps_10bit_420,3,58,90.757933
BoxingPractice_3840x2160_5994fps_10bit_420,3,60,88.102427
BoxingPractice_3840x2160_5994fps_10bit_420,3,63,77.145566
Tango_3840x2160_5994fps_10bit_420,3,20,97.475907
Tango_3840x2160_5994fps_10bit_420,3,24,96.695959
Tango_3840x2160_5994fps_10bit_420,3,27,95.700503
Tango_3840x2160_5994fps_10bit_420,3,28,95.416273
Tango_3840x2160_5994fps_10bit_420,3,29,95.085781
Tango_3840x2160_5994fps_10bit_420,3,30,94.769371
Tango_3840x2160_5994fps_10bit_420,3,31,94.354004
Tango_3840x2160_5994fps_10bit_420,3,32,93.910309
Tango_3840x2160_5994fps_10bit_420,3,33,93.517469
Tango_3840x2160_5994fps_10bit_420,3,34,93.138945
Tango_3840x2160_5994fps_10bit_420,3,35,92.572613
Tango_3840x2160_5994fps_10bit_420,3,36,92.058033
Tango_3840x2160_5994fps_10bit_420,3,37,91.583424
Tango_3840x2160_5994fps_10bit_420,3,38,91.183262
Tango_3840x2160_5994fps_10bit_420,3,39,90.591591
Tango_3840x2160_5994fps_10bit_420,3,40,90.149177
Tango_3840x2160_5994fps_10bit_420,3,41,89.5271
Tango_3840x2160_5994fps_10bit_420,3,42,88.966673
Tango_3840x2160_5994fps_10bit_420,3,43,88.304213
Tango_3840x2160_5994fps_10bit_420,3,44,87.689965
Tango_3840x2160_5994fps_10bit_420,3,45,87.004731
Tango_3840x2160_5994fps_10bit_420,3,46,86.342167
Tango_3840x2160_5994fps_10bit_420,3,47,85.78579
Tango_3840x2160_5994fps_10bit_420,3,48,85.041533
Tango_3840x2160_5994fps_10bit_420,3,49,84.255294
Tango_3840x2160_5994fps_10bit_420,3,50,83.477272
Tango_3840x2160_5994fps_10bit_420,3,51,82.580988
Tango_3840x2160_5994fps_10bit_420,3,52,81.672249
Tango_3840x2160_5994fps_10bit_420,3,53,80.838155
Tango_3840x2160_5994fps_10bit_420,3,54,79.609822
Tango_3840x2160_5994fps_10bit_420,3,55,78.473671
Tango_3840x2160_5994fps_10bit_420,3,56,76.88705
Tango_3840x2160_5994fps_10bit_420,3,58,74.186708
Tango_3840x2160_5994fps_10bit_420,3,60,69.949299
Tango_3840x2160_5994fps_10bit_420,3,63,54.69405
TimeLapse_3840x2160_5994fps_10bit_420,3,20,95.428715
TimeLapse_3840x2160_5994fps_10bit_420,3,24,95.031381
TimeLapse_3840x2160_5994fps_10bit_420,3,27,94.530035
TimeLapse_3840x2160_5994fps_10bit_420,3,28,94.3797
TimeLapse_3840x2160_5994fps_10bit_420,3,29,94.242785
TimeLapse_3840x2160_5994fps_10bit_420,3,30,94.066671
TimeLapse_3840x2160_5994fps_10bit_420,3,31,93.859391
TimeLapse_3840x2160_5994fps_10bit_420,3,32,93.660759
TimeLapse_3840x2160_5994fps_10bit_420,3,33,93.443417
TimeLapse_3840x2160_5994fps_10bit_420,3,34,93.241529
TimeLapse_3840x2160_5994fps_10bit_420,3,35,92.998654
TimeLapse_3840x2160_5994fps_10bit_420,3,36,92.759923
TimeLapse_3840x2160_5994fps_10bit_420,3,37,92.522648
TimeLapse_3840x2160_5994fps_10bit_420,3,38,92.274148
TimeLapse_3840x2160_5994fps_10bit_420,3,39,92.001218
TimeLapse_3840x2160_5994fps_10bit_420,3,40,91.767001
TimeLapse_3840x2160_5994fps_10bit_420,3,41,91.473328
TimeLapse_3840x2160_5994fps_10bit_420,3,42,91.188075
TimeLapse_3840x2160_5994fps_10bit_420,3,43,90.855646
TimeLapse_3840x2160_5994fps_10bit_420,3,44,90.613581
TimeLapse_3840x2160_5994fps_10bit_420,3,45,90.308498
TimeLapse_3840x2160_5994fps_10bit_420,3,46,89.974633
TimeLapse_3840x2160_5994fps_10bit_420,3,47,89.682084
TimeLapse_3840x2160_5994fps_10bit_420,3,48,89.321019
TimeLapse_3840x2160_5994fps_10bit_420,3,49,89.002644
TimeLapse_3840x2160_5994fps_10bit_420,3,50,88.638256
TimeLapse_3840x2160_5994fps_10bit_420,3,51,88.270314
TimeLapse_3840x2160_5994fps_10bit_420,3,52,87.848691
TimeLapse_3840x2160_5994fps_10bit_420,3,53,87.50185
TimeLapse_3840x2160_5994fps_10bit_420,3,54,86.987207
TimeLapse_3840x2160_5994fps_10bit_420,3,55,86.459128
TimeLapse_3840x2160_5994fps_10bit_420,3,56,85.761989
TimeLapse_3840x2160_5994fps_10bit_420,3,58,84.370915
TimeLapse_3840x2160_5994fps_10bit_420,3,60,82.218946
TimeLapse_3840x2160_5994fps_10bit_420,3,63,73.75568
SparksElevator_480x270p_5994_10bit,2,20,97.391507
SparksElevator_480x270p_5994_10bit,2,24,96.686759
SparksElevator_480x270p_5994_10bit,2,27,95.809808
SparksElevator_480x270p_5994_10bit,2,28,95.519922
SparksElevator_480x270p_5994_10bit,2,29,95.191992
SparksElevator_480x270p_5994_10bit,2,30,94.899076
SparksElevator_480x270p_5994_10bit,2,31,94.449685
SparksElevator_480x270p_5994_10bit,2,32,94.054906
SparksElevator_480x270p_5994_10bit,2,33,93.648873
SparksElevator_480x270p_5994_10bit,2,34,93.254668
SparksElevator_480x270p_5994_10bit,2,35,92.772152
SparksElevator_480x270p_5994_10bit,2,36,92.17183
SparksElevator_480x270p_5994_10bit,2,37,91.844153
SparksElevator_480x270p_5994_10bit,2,38,91.339943
SparksElevator_480x270p_5994_10bit,2,39,90.662661
SparksElevator_480x270p_5994_10bit,2,40,90.241639
SparksElevator_480x270p_5994_10bit,2,41,89.589043
SparksElevator_480x270p_5994_10bit,2,42,89.00595
SparksElevator_480x270p_5994_10bit,2,43,88.488433
SparksElevator_480x270p_5994_10bit,2,44,87.853371
SparksElevator_480x270p_5994_10bit,2,45,87.308551
SparksElevator_480x270p_5994_10bit,2,46,86.617309
SparksElevator_480x270p_5994_10bit,2,47,86.06369
SparksElevator_480x270p_5994_10bit,2,48,85.358469
SparksElevator_480x270p_5994_10bit,2,49,84.720223
SparksElevator_480x270p_5994_10bit,2,50,83.964719
SparksElevator_480x270p_5994_10bit,2,51,83.204902
SparksElevator_480x270p_5994_10bit,2,52,82.425221
SparksElevator_480x270p_5994_10bit,2,53,81.477907
SparksElevator_480x270p_5994_10bit,2,54,80.572958
SparksElevator_480x270p_5994_10bit,2,55,79.915822
SparksElevator_480x270p_5994_10bit,2,56,78.400185
SparksElevator_480x270p_5994_10bit,2,58,75.368213
SparksElevator_480x270p_5994_10bit,2,60,71.534229
SparksElevator_480x270p_5994_10bit,2,63,58.109784
ParkJoy_480x270_50,2,20,99.750344
ParkJoy_480x270_50,2,24,99.480717
ParkJoy_480x270_50,2,27,99.035639
ParkJoy_480x270_50,2,28,98.868305
ParkJoy_480x270_50,2,29,98.629031
ParkJoy_480x270_50,2,30,98.417352
ParkJoy_480x270_50,2,31,98.180463
ParkJoy_480x270_50,2,32,97.798703
ParkJoy_480x270_50,2,33,97.422469
ParkJoy_480x270_50,2,34,97.105879
ParkJoy_480x270_50,2,35,96.666441
ParkJoy_480x270_50,2,36,96.072263
ParkJoy_480x270_50,2,37,95.718889
ParkJoy_480x270_50,2,38,95.077009
ParkJoy_480x270_50,2,39,94.483008
ParkJoy_480x270_50,2,40,93.96805
ParkJoy_480x270_50,2,41,93.450455
ParkJoy_480x270_50,2,42,92.932827
ParkJoy_480x270_50,2,43,92.152424
ParkJoy_480x270_50,2,44,91.687234
ParkJoy_480x270_50,2,45,91.003131
ParkJoy_480x270_50,2,46,90.320114
ParkJoy_480x270_50,2,47,89.668004
ParkJoy_480x270_50,2,48,89.078555
ParkJoy_480x270_50,2,49,88.112902
ParkJoy_480x270_50,2,50,87.518187
ParkJoy_480x270_50,2,51,86.646335
ParkJoy_480x270_50,2,52,85.793205
ParkJoy_480x270_50,2,53,84.73441
ParkJoy_480x270_50,2,54,83.70982
ParkJoy_480x270_50,2,55,82.26342
ParkJoy_480x270_50,2,56,80.676596
ParkJoy_480x270_50,2,58,76.768152
ParkJoy_480x270_50,2,60,71.245834
ParkJoy_480x270_50,2,63,51.441149
BlueSky_360p25,2,20,98.813947
BlueSky_360p25,2,24,98.728934
BlueSky_360p25,2,27,98.597133
BlueSky_360p25,2,28,98.548161
BlueSky_360p25,2,29,98.512218
BlueSky_360p25,2,30,98.457678
BlueSky_360p25,2,31,98.40659
BlueSky_360p25,2,32,98.35671
BlueSky_360p25,2,33,98.294535
BlueSky_360p25,2,34,98.227546
BlueSky_360p25,2,35,98.206914
BlueSky_360p25,2,36,98.117053
BlueSky_360p25,2,37,98.056355
BlueSky_360p25,2,38,97.98669
BlueSky_360p25,2,39,97.913572
BlueSky_360p25,2,40,97.836636
BlueSky_360p25,2,41,97.764411
BlueSky_360p25,2,42,97.660321
BlueSky_360p25,2,43,97.603463
BlueSky_360p25,2,44,97.544479
BlueSky_360p25,2,45,97.415158
BlueSky_360p25,2,46,97.299361
BlueSky_360p25,2,47,97.239684
BlueSky_360p25,2,48,97.074793
BlueSky_360p25,2,49,96.894304
BlueSky_360p25,2,50,96.768407
BlueSky_360p25,2,51,96.457375
BlueSky_360p25,2,52,96.23664
BlueSky_360p25,2,53,95.813333
BlueSky_360p25,2,54,95.358536
BlueSky_360p25,2,55,94.963167
BlueSky_360p25,2,56,94.096457
BlueSky_360p25,2,58,92.78691
BlueSky_360p25,2,60,90.359403
BlueSky_360p25,2,63,80.029596
SnowMountain_640x360_2997,2,20,95.946252
SnowMountain_640x360_2997,2,24,95.783527
SnowMountain_640x360_2997,2,27,95.562756
SnowMountain_640x360_2997,2,28,95.546855
SnowMountain_640x360_2997,2,29,95.461201
SnowMountain_640x360_2997,2,30,95.405692
SnowMountain_640x360_2997,2,31,95.37068
SnowMountain_640x360_2997,2,32,95.274993
SnowMountain_640x360_2997,2,33,95.247661
SnowMountain_640x360_2997,2,34,95.148978
SnowMountain_640x360_2997,2,35,95.088975
SnowMountain_640x360_2997,2,36,95.001118
SnowMountain_640x360_2997,2,37,94.954095
SnowMountain_640x360_2997,2,38,94.82118
SnowMountain_640x360_2997,2,39,94.7973
SnowMountain_640x360_2997,2,40,94.681343
SnowMountain_640x360_2997,2,41,94.611182
SnowMountain_640x360_2997,2,42,94.476409
SnowMountain_640x360_2997,2,43,94.368336
SnowMountain_640x360_2997,2,44,94.26411
SnowMountain_640x360_2997,2,45,94.166633
SnowMountain_640x360_2997,2,46,93.965641
SnowMountain_640x360_2997,2,47,93.934781
SnowMountain_640x360_2997,2,48,93.732309
SnowMountain_640x360_2997,2,49,93.733681
SnowMountain_640x360_2997,2,50,93.568505
SnowMountain_640x360_2997,2,51,93.492155
SnowMountain_640x360_2997,2,52,93.211938
SnowMountain_640x360_2997,2,53,93.170029
SnowMountain_640x360_2997,2,54,92.855282
SnowMountain_640x360_2997,2,55,92.746168
SnowMountain_640x360_2997,2,56,92.488597
SnowMountain_640x360_2997,2,58,91.870232
SnowMountain_640x360_2997,2,60,90.909789
SnowMountain_640x360_2997,2,63,86.669123
RedKayak_360_2997,2,20,99.948956
RedKayak_360_2997,2,24,99.941216
RedKayak_360_2997,2,27,99.890617
RedKayak_360_2997,2,28,99.785624
RedKayak_360_2997,2,29,99.645283
RedKayak_360_2997,2,30,99.448358
RedKayak_360_2997,2,31,99.018259
RedKayak_360_2997,2,32,98.503194
RedKayak_360_2997,2,33,97.648507
RedKayak_360_2997,2,34,96.649683
RedKayak_360_2997,2,35,95.267439
RedKayak_360_2997,2,36,93.639895
RedKayak_360_2997,2,37,92.191011
RedKayak_360_2997,2,38,90.348883
RedKayak_360_2997,2,39,88.596553
RedKayak_360_2997,2,40,86.795333
RedKayak_360_2997,2,41,84.688086
RedKayak_360_2997,2,42,82.692545
RedKayak_360_2997,2,43,80.521935
RedKayak_360_2997,2,44,78.248432
RedKayak_360_2997,2,45,75.872797
RedKayak_360_2997,2,46,73.574215
RedKayak_360_2997,2,47,71.098237
RedKayak_360_2997,2,48,68.508595
RedKayak_360_2997,2,49,66.003104
RedKayak_360_2997,2,50,63.513549
RedKayak_360_2997,2,51,60.693414
RedKayak_360_2997,2,52,57.827298
RedKayak_360_2997,2,53,54.650499
RedKayak_360_2997,2,54,51.359895
RedKayak_360_2997,2,55,47.644936
RedKayak_360_2997,2,56,41.112836
RedKayak_360_2997,2,58,32.877958
RedKayak_360_2997,2,60,24.257293
RedKayak_360_2997,2,63,7.719019
TouchdownPass_640x360_2997,2,20,98.04334
TouchdownPass_640x360_2997,2,24,97.748548
TouchdownPass_640x360_2997,2,27,97.298038
TouchdownPass_640x360_2997,2,28,97.173823
TouchdownPass_640x360_2997,2,29,97.021198
TouchdownPass_640x360_2997,2,30,96.910804
TouchdownPass_640x360_2997,2,31,96.803947
TouchdownPass_640x360_2997,2,32,96.500145
TouchdownPass_640x360_2997,2,33,96.312406
TouchdownPass_640x360_2997,2,34,96.197666
TouchdownPass_640x360_2997,2,35,95.990125
TouchdownPass_640x360_2997,2,36,95.665864
TouchdownPass_640x360_2997,2,37,95.389829
TouchdownPass_640x360_2997,2,38,95.220851
TouchdownPass_640x360_2997,2,39,94.951814
TouchdownPass_640x360_2997,2,40,94.683987
TouchdownPass_640x360_2997,2,41,94.341794
TouchdownPass_640x360_2997,2,42,94.127461
TouchdownPass_640x360_2997,2,43,93.83067
TouchdownPass_640x360_2997,2,44,93.379728
TouchdownPass_640x360_2997,2,45,92.885662
TouchdownPass_640x360_2997,2,46,92.588394
TouchdownPass_640x360_2997,2,47,92.082859
TouchdownPass_640x360_2997,2,48,91.668432
TouchdownPass_640x360_2997,2,49,90.93861
TouchdownPass_640x360_2997,2,50,90.665573
TouchdownPass_640x360_2997,2,51,90.078094
TouchdownPass_640x360_2997,2,52,89.560032
TouchdownPass_640x360_2997,2,53,88.878791
TouchdownPass_640x360_2997,2,54,88.144697
TouchdownPass_640x360_2997,2,55,87.334032
TouchdownPass_640x360_2997,2,56,86.207201
TouchdownPass_640x360_2997,2,58,84.11723
TouchdownPass_640x360_2997,2,60,80.35523
TouchdownPass_640x360_2997,2,63,65.367607
Stockholm_640x360_5994,2,20,99.967914
Stockholm_640x360_5994,2,24,99.966351
Stockholm_640x360_5994,2,27,99.961453
Stockholm_640x360_5994,2,28,99.962351
Stockholm_640x360_5994,2,29,99.963585
Stockholm_640x360_5994,2,30,99.95964
Stockholm_640x360_5994,2,31,99.951594
Stockholm_640x360_5994,2,32,99.943781
Stockholm_640x360_5994,2,33,99.933897
Stockholm_640x360_5994,2,34,99.913968
Stockholm_640x360_5994,2,35,99.893412
Stockholm_640x360_5994,2,36,99.872695
Stockholm_640x360_5994,2,37,99.826293
Stockholm_640x360_5994,2,38,99.790707
Stockholm_640x360_5994,2,39,99.773534
Stockholm_640x360_5994,2,40,99.710048
Stockholm_640x360_5994,2,41,99.639694
Stockholm_640x360_5994,2,42,99.629292
Stockholm_640x360_5994,2,43,99.55716
Stockholm_640x360_5994,2,44,99.476353
Stockholm_640x360_5994,2,45,99.32542
Stockholm_640x360_5994,2,46,99.223451
Stockholm_640x360_5994,2,47,99.093651
Stockholm_640x360_5994,2,48,98.844764
Stockholm_640x360_5994,2,49,98.69737
Stockholm_640x360_5994,2,50,98.544316
Stockholm_640x360_5994,2,51,98.265524
Stockholm_640x360_5994,2,52,98.159097
Stockholm_640x360_5994,2,53,97.827555
Stockholm_640x360_5994,2,54,97.524723
Stockholm_640x360_5994,2,55,97.126874
Stockholm_640x360_5994,2,56,96.629528
Stockholm_640x360_5994,2,58,95.615813
Stockholm_640x360_5994,2,60,94.043771
Stockholm_640x360_5994,2,63,86.416824
SpeedBag_640x360_2997,2,20,97.948777
SpeedBag_640x360_2997,2,24,97.747955
SpeedBag_640x360_2997,2,27,97.496415
SpeedBag_640x360_2997,2,28,97.36316
SpeedBag_640x360_2997,2,29,97.28562
SpeedBag_640x360_2997,2,30,97.156524
SpeedBag_640x360_2997,2,31,97.00277
SpeedBag_640x360_2997,2,32,96.835801
SpeedBag_640x360_2997,2,33,96.695847
SpeedBag_640x360_2997,2,34,96.617433
SpeedBag_640x360_2997,2,35,96.46501
SpeedBag_640x360_2997,2,36,96.188407
SpeedBag_640x360_2997,2,37,95.935768
SpeedBag_640x360_2997,2,38,95.704791
SpeedBag_640x360_2997,2,39,95.456945
SpeedBag_640x360_2997,2,40,95.329446
SpeedBag_640x360_2997,2,41,94.917946
SpeedBag_640x360_2997,2,42,94.656758
SpeedBag_640x360_2997,2,43,94.43977
SpeedBag_640x360_2997,2,44,94.057111
SpeedBag_640x360_2997,2,45,93.785468
SpeedBag_640x360_2997,2,46,93.421523
SpeedBag_640x360_2997,2,47,93.07441
SpeedBag_640x360_2997,2,48,92.664726
SpeedBag_640x360_2997,2,49,92.151858
SpeedBag_640x360_2997,2,50,91.745643
SpeedBag_640x360_2997,2,51,91.25524
SpeedBag_640x360_2997,2,52,90.631544
SpeedBag_640x360_2997,2,53,89.947161
SpeedBag_640x360_2997,2,54,89.445546
SpeedBag_640x360_2997,2,55,88.489862
SpeedBag_640x360_2997,2,56,87.391347
SpeedBag_640x360_2997,2,58,85.32155
SpeedBag_640x360_2997,2,60,82.443877
SpeedBag_640x360_2997,2,63,70.092306
KristenAndSara_1280x720_60,2,20,97.080225
KristenAndSara_1280x720_60,2,24,96.93254
KristenAndSara_1280x720_60,2,27,96.765695
KristenAndSara_1280x720_60,2,28,96.702198
KristenAndSara_1280x720_60,2,29,96.657402
KristenAndSara_1280x720_60,2,30,96.605941
KristenAndSara_1280x720_60,2,31,96.494395
KristenAndSara_1280x720_60,2,32,96.413416
KristenAndSara_1280x720_60,2,33,96.309778
KristenAndSara_1280x720_60,2,34,96.235715
KristenAndSara_1280x720_60,2,35,96.137122
KristenAndSara_1280x720_60,2,36,96.027236
KristenAndSara_1280x720_60,2,37,95.91817
KristenAndSara_1280x720_60,2,38,95.755498
KristenAndSara_1280x720_60,2,39,95.650714
KristenAndSara_1280x720_60,2,40,95.548137
KristenAndSara_1280x720_60,2,41,95.34762
KristenAndSara_1280x720_60,2,42,95.27554
KristenAndSara_1280x720_60,2,43,95.100163
KristenAndSara_1280x720_60,2,44,94.881643
KristenAndSara_1280x720_60,2,45,94.812184
KristenAndSara_1280x720_60,2,46,94.582498
KristenAndSara_1280x720_60,2,47,94.417732
KristenAndSara_1280x720_60,2,48,94.294171
KristenAndSara_1280x720_60,2,49,94.042218
KristenAndSara_1280x720_60,2,50,93.852824
KristenAndSara_1280x720_60,2,51,93.551328
KristenAndSara_1280x720_60,2,52,93.412635
KristenAndSara_1280x720_60,2,53,93.152884
KristenAndSara_1280x720_60,2,54,92.794653
KristenAndSara_1280x720_60,2,55,92.428728
KristenAndSara_1280x720_60,2,56,91.919592
KristenAndSara_1280x720_60,2,58,91.278321
KristenAndSara_1280x720_60,2,60,89.839455
KristenAndSara_1280x720_60,2,63,84.200168
RollerCoaster_1280x720p_5994_10bit_420,2,20,99.964097
RollerCoaster_1280x720p_5994_10bit_420,2,24,99.961423
RollerCoaster_1280x720p_5994_10bit_420,2,27,99.959525
RollerCoaster_1280x720p_5994_10bit_420,2,28,99.955559
RollerCoaster_1280x720p_5994_10bit_420,2,29,99.951977
RollerCoaster_1280x720p_5994_10bit_420,2,30,99.947084
RollerCoaster_1280x720p_5994_10bit_420,2,31,99.928189
RollerCoaster_1280x720p_5994_10bit_420,2,32,99.901709
RollerCoaster_1280x720p_5994_10bit_420,2,33,99.872141
RollerCoaster_1280x720p_5994_10bit_420,2,34,99.834813
RollerCoaster_1280x720p_5994_10bit_420,2,35,99.772387
RollerCoaster_1280x720p_5994_10bit_420,2,36,99.677174
RollerCoaster_1280x720p_5994_10bit_420,2,37,99.597258
RollerCoaster_1280x720p_5994_10bit_420,2,38,99.426661
RollerCoaster_1280x720p_5994_10bit_420,2,39,99.276533
RollerCoaster_1280x720p_5994_10bit_420,2,40,99.142594
RollerCoaster_1280x720p_5994_10bit_420,2,41,98.889197
RollerCoaster_1280x720p_5994_10bit_420,2,42,98.628143
RollerCoaster_1280x720p_5994_10bit_420,2,43,98.280599
RollerCoaster_1280x720p_5994_10bit_420,2,44,97.895987
RollerCoaster_1280x720p_5994_10bit_420,2,45,97.437868
RollerCoaster_1280x720p_5994_10bit_420,2,46,96.973629
RollerCoaster_1280x720p_5994_10bit_420,2,47,96.591391
RollerCoaster_1280x720p_5994_10bit_420,2,48,96.035326
RollerCoaster_1280x720p_5994_10bit_420,2,49,95.544531
RollerCoaster_1280x720p_5994_10bit_420,2,50,94.764039
RollerCoaster_1280x720p_5994_10bit_420,2,51,94.321596
RollerCoaster_1280x720p_5994_10bit_420,2,52,93.572666
RollerCoaster_1280x720p_5994_10bit_420,2,53,92.537141
RollerCoaster_1280x720p_5994_10bit_420,2,54,91.855293
RollerCoaster_1280x720p_5994_10bit_420,2,55,90.89929
RollerCoaster_1280x720p_5994_10bit_420,2,56,89.462509
RollerCoaster_1280x720p_5994_10bit_420,2,58,86.750243
RollerCoaster_1280x720p_5994_10bit_420,2,60,82.370681
RollerCoaster_1280x720p_5994_10bit_420,2,63,65.300538
WestWindEasy_1280x720p30_420,2,20,99.964481
WestWindEasy_1280x720p30_420,2,24,99.962373
WestWindEasy_1280x720p30_420,2,27,99.959801
WestWindEasy_1280x720p30_420,2,28,99.959202
WestWindEasy_1280x720p30_420,2,29,99.958418
WestWindEasy_1280x720p30_420,2,30,99.958029
WestWindEasy_1280x720p30_420,2,31,99.956692
WestWindEasy_1280x720p30_420,2,32,99.955953
WestWindEasy_1280x720p30_420,2,33,99.955048
WestWindEasy_1280x720p30_420,2,34,99.954136
WestWindEasy_1280x720p30_420,2,35,99.953195
WestWindEasy_1280x720p30_420,2,36,99.952163
WestWindEasy_1280x720p30_420,2,37,99.951497
WestWindEasy_1280x720p30_420,2,38,99.949128
WestWindEasy_1280x720p30_420,2,39,99.940546
WestWindEasy_1280x720p30_420,2,40,99.898496
WestWindEasy_1280x720p30_420,2,41,99.767155
WestWindEasy_1280x720p30_420,2,42,99.565759
WestWindEasy_1280x720p30_420,2,43,99.153613
WestWindEasy_1280x720p30_420,2,44,98.58686
WestWindEasy_1280x720p30_420,2,45,97.977348
WestWindEasy_1280x720p30_420,2,46,97.19565
WestWindEasy_1280x720p30_420,2,47,96.322039
WestWindEasy_1280x720p30_420,2,48,95.399947
WestWindEasy_1280x720p30_420,2,49,94.352801
WestWindEasy_1280x720p30_420,2,50,93.357058
WestWindEasy_1280x720p30_420,2,51,92.302177
WestWindEasy_1280x720p30_420,2,52,91.135579
WestWindEasy_1280x720p30_420,2,53,89.880128
WestWindEasy_1280x720p30_420,2,54,88.60198
WestWindEasy_1280x720p30_420,2,55,87.278124
WestWindEasy_1280x720p30_420,2,56,85.332827
WestWindEasy_1280x720p30_420,2,58,82.023725
WestWindEasy_1280x720p30_420,2,60,77.98678
WestWindEasy_1280x720p30_420,2,63,67.564963
Vidyo4_1280x720p_60fps,2,20,97.227924
Vidyo4_1280x720p_60fps,2,24,96.978814
Vidyo4_1280x720p_60fps,2,27,96.654021
Vidyo4_1280x720p_60fps,2,28,96.582387
Vidyo4_1280x720p_60fps,2,29,96.496998
Vidyo4_1280x720p_60fps,2,30,96.40804
Vidyo4_1280x720p_60fps,2,31,96.282577
Vidyo4_1280x720p_60fps,2,32,96.185575
Vidyo4_1280x720p_60fps,2,33,96.079436
Vidyo4_1280x720p_60fps,2,34,95.966179
Vidyo4_1280x720p_60fps,2,35,95.833541
Vidyo4_1280x720p_60fps,2,36,95.671519
Vidyo4_1280x720p_60fps,2,37,95.498816
Vidyo4_1280x720p_60fps,2,38,95.358194
Vidyo4_1280x720p_60fps,2,39,95.269147
Vidyo4_1280x720p_60fps,2,40,95.147946
Vidyo4_1280x720p_60fps,2,41,94.940215
Vidyo4_1280x720p_60fps,2,42,94.811126
Vidyo4_1280x720p_60fps,2,43,94.547483
Vidyo4_1280x720p_60fps,2,44,94.383464
Vidyo4_1280x720p_60fps,2,45,94.196536
Vidyo4_1280x720p_60fps,2,46,93.90114
Vidyo4_1280x720p_60fps,2,47,93.640635
Vidyo4_1280x720p_60fps,2,48,93.377348
Vidyo4_1280x720p_60fps,2,49,93.259628
Vidyo4_1280x720p_60fps,2,50,92.818314
Vidyo4_1280x720p_60fps,2,51,92.488917
Vidyo4_1280x720p_60fps,2,52,92.17827
Vidyo4_1280x720p_60fps,2,53,91.883597
Vidyo4_1280x720p_60fps,2,54,91.506641
Vidyo4_1280x720p_60fps,2,55,90.920469
Vidyo4_1280x720p_60fps,2,56,90.480406
Vidyo4_1280x720p_60fps,2,58,89.390503
Vidyo4_1280x720p_60fps,2,60,87.417559
Vidyo4_1280x720p_60fps,2,63,79.827867
Vidyo3_1280x720p_60fps,2,20,96.577568
Vidyo3_1280x720p_60fps,2,24,96.213306
Vidyo3_1280x720p_60fps,2,27,95.875797
Vidyo3_1280x720p_60fps,2,28,95.732618
Vidyo3_1280x720p_60fps,2,29,95.67543
Vidyo3_1280x720p_60fps,2,30,95.546494
Vidyo3_1280x720p_60fps,2,31,95.43465
Vidyo3_1280x720p_60fps,2,32,95.324029
Vidyo3_1280x720p_60fps,2,33,95.236184
Vidyo3_1280x720p_60fps,2,34,95.101466
Vidyo3_1280x720p_60fps,2,35,94.971228
Vidyo3_1280x720p_60fps,2,36,94.830009
Vidyo3_1280x720p_60fps,2,37,94.664838
Vidyo3_1280x720p_60fps,2,38,94.570484
Vidyo3_1280x720p_60fps,2,39,94.368645
Vidyo3_1280x720p_60fps,2,40,94.319776
Vidyo3_1280x720p_60fps,2,41,94.174295
Vidyo3_1280x720p_60fps,2,42,93.879897
Vidyo3_1280x720p_60fps,2,43,93.732657
Vidyo3_1280x720p_60fps,2,44,93.475923
Vidyo3_1280x720p_60fps,2,45,93.324486
Vidyo3_1280x720p_60fps,2,46,93.126894
Vidyo3_1280x720p_60fps,2,47,92.928779
Vidyo3_1280x720p_60fps,2,48,92.647888
Vidyo3_1280x720p_60fps,2,49,92.380783
Vidyo3_1280x720p_60fps,2,50,92.207509
Vidyo3_1280x720p_60fps,2,51,91.910012
Vidyo3_1280x720p_60fps,2,52,91.956548
Vidyo3_1280x720p_60fps,2,53,91.258297
Vidyo3_1280x720p_60fps,2,54,90.902509
Vidyo3_1280x720p_60fps,2,55,90.403099
Vidyo3_1280x720p_60fps,2,56,89.846411
Vidyo3_1280x720p_60fps,2,58,88.719669
Vidyo3_1280x720p_60fps,2,60,86.917978
Vidyo3_1280x720p_60fps,2,63,78.398159
ControlledBurn_1280x720p30_420,2,20,97.381509
ControlledBurn_1280x720p30_420,2,24,96.634893
ControlledBurn_1280x720p30_420,2,27,95.543597
ControlledBurn_1280x720p30_420,2,28,95.191533
ControlledBurn_1280x720p30_420,2,29,94.829277
ControlledBurn_1280x720p30_420,2,30,94.452104
ControlledBurn_1280x720p30_420,2,31,93.96827
ControlledBurn_1280x720p30_420,2,32,93.406598
ControlledBurn_1280x720p30_420,2,33,92.890237
ControlledBurn_1280x720p30_420,2,34,92.355753
ControlledBurn_1280x720p30_420,2,35,91.722859
ControlledBurn_1280x720p30_420,2,36,91.093972
ControlledBurn_1280x720p30_420,2,37,90.411539
ControlledBurn_1280x720p30_420,2,38,89.645603
ControlledBurn_1280x720p30_420,2,39,88.912016
ControlledBurn_1280x720p30_420,2,40,88.160669
ControlledBurn_1280x720p30_420,2,41,87.281861
ControlledBurn_1280x720p30_420,2,42,86.449703
ControlledBurn_1280x720p30_420,2,43,85.608876
ControlledBurn_1280x720p30_420,2,44,84.701247
ControlledBurn_1280x720p30_420,2,45,83.751266
ControlledBurn_1280x720p30_420,2,46,82.954416
ControlledBurn_1280x720p30_420,2,47,81.978175
ControlledBurn_1280x720p30_420,2,48,80.792079
ControlledBurn_1280x720p30_420,2,49,79.962949
ControlledBurn_1280x720p30_420,2,50,78.890886
ControlledBurn_1280x720p30_420,2,51,77.938271
ControlledBurn_1280x720p30_420,2,52,76.662187
ControlledBurn_1280x720p30_420,2,53,75.614472
ControlledBurn_1280x720p30_420,2,54,74.335649
ControlledBurn_1280x720p30_420,2,55,72.962942
ControlledBurn_1280x720p30_420,2,56,71.285253
ControlledBurn_1280x720p30_420,2,58,68.300604
ControlledBurn_1280x720p30_420,2,60,64.378461
ControlledBurn_1280x720p30_420,2,63,53.142876
DrivingPOV_1280x720p_5994_10bit_420,2,20,99.864628
DrivingPOV_1280x720p_5994_10bit_420,2,24,99.806336
DrivingPOV_1280x720p_5994_10bit_420,2,27,99.691598
DrivingPOV_1280x720p_5994_10bit_420,2,28,99.662675
DrivingPOV_1280x720p_5994_10bit_420,2,29,99.624131
DrivingPOV_1280x720p_5994_10bit_420,2,30,99.567917
DrivingPOV_1280x720p_5994_10bit_420,2,31,99.472847
DrivingPOV_1280x720p_5994_10bit_420,2,32,99.410381
DrivingPOV_1280x720p_5994_10bit_420,2,33,99.304446
DrivingPOV_1280x720p_5994_10bit_420,2,34,99.203414
DrivingPOV_1280x720p_5994_10bit_420,2,35,99.101931
DrivingPOV_1280x720p_5994_10bit_420,2,36,98.946928
DrivingPOV_1280x720p_5994_10bit_420,2,37,98.776995
DrivingPOV_1280x720p_5994_10bit_420,2,38,98.645663
DrivingPOV_1280x720p_5994_10bit_420,2,39,98.472039
DrivingPOV_1280x720p_5994_10bit_420,2,40,98.2925
DrivingPOV_1280x720p_5994_10bit_420,2,41,98.083705
DrivingPOV_1280x720p_5994_10bit_420,2,42,97.869796
DrivingPOV_1280x720p_5994_10bit_420,2,43,97.636069
DrivingPOV_1280x720p_5994_10bit_420,2,44,97.430453
DrivingPOV_1280x720p_5994_10bit_420,2,45,97.121475
DrivingPOV_1280x720p_5994_10bit_420,2,46,96.858912
DrivingPOV_1280x720p_5994_10bit_420,2,47,96.534735
DrivingPOV_1280x720p_5994_10bit_420,2,48,96.258177
DrivingPOV_1280x720p_5994_10bit_420,2,49,95.921749
DrivingPOV_1280x720p_5994_10bit_420,2,50,95.57307
DrivingPOV_1280x720p_5994_10bit_420,2,51,95.200466
DrivingPOV_1280x720p_5994_10bit_420,2,52,94.782314
DrivingPOV_1280x720p_5994_10bit_420,2,53,94.308911
DrivingPOV_1280x720p_5994_10bit_420,2,54,93.739287
DrivingPOV_1280x720p_5994_10bit_420,2,55,93.204909
DrivingPOV_1280x720p_5994_10bit_420,2,56,92.54317
DrivingPOV_1280x720p_5994_10bit_420,2,58,90.980195
DrivingPOV_1280x720p_5994_10bit_420,2,60,88.440615
DrivingPOV_1280x720p_5994_10bit_420,2,63,76.920869
Johnny_1280x720_60,2,20,96.859934
Johnny_1280x720_60,2,24,96.741404
Johnny_1280x720_60,2,27,96.564226
Johnny_1280x720_60,2,28,96.492409
Johnny_1280x720_60,2,29,96.447304
Johnny_1280x720_60,2,30,96.375028
Johnny_1280x720_60,2,31,96.302021
Johnny_1280x720_60,2,32,96.236239
Johnny_1280x720_60,2,33,96.180419
Johnny_1280x720_60,2,34,96.091093
Johnny_1280x720_60,2,35,96.021815
Johnny_1280x720_60,2,36,95.886573
Johnny_1280x720_60,2,37,95.832012
Johnny_1280x720_60,2,38,95.666111
Johnny_1280x720_60,2,39,95.565512
Johnny_1280x720_60,2,40,95.56089
Johnny_1280x720_60,2,41,95.396794
Johnny_1280x720_60,2,42,95.317018
Johnny_1280x720_60,2,43,95.143659
Johnny_1280x720_60,2,44,95.105681
Johnny_1280x720_60,2,45,94.944137
Johnny_1280x720_60,2,46,94.869748
Johnny_1280x720_60,2,47,94.677012
Johnny_1280x720_60,2,48,94.53316
Johnny_1280x720_60,2,49,94.314905
Johnny_1280x720_60,2,50,94.023527
Johnny_1280x720_60,2,51,93.93363
Johnny_1280x720_60,2,52,93.688303
Johnny_1280x720_60,2,53,93.483718
Johnny_1280x720_60,2,54,93.027361
Johnny_1280x720_60,2,55,92.833328
Johnny_1280x720_60,2,56,92.391799
Johnny_1280x720_60,2,58,91.716557
Johnny_1280x720_60,2,60,90.306632
Johnny_1280x720_60,2,63,85.029054
RushFieldCuts_1920x1080_2997,2,20,99.211656
RushFieldCuts_1920x1080_2997,2,24,98.319225
RushFieldCuts_1920x1080_2997,2,27,96.921835
RushFieldCuts_1920x1080_2997,2,28,96.467044
RushFieldCuts_1920x1080_2997,2,29,96.024296
RushFieldCuts_1920x1080_2997,2,30,95.579814
RushFieldCuts_1920x1080_2997,2,31,95.03605
RushFieldCuts_1920x1080_2997,2,32,94.495646
RushFieldCuts_1920x1080_2997,2,33,94.000835
RushFieldCuts_1920x1080_2997,2,34,93.4942
RushFieldCuts_1920x1080_2997,2,35,92.988989
RushFieldCuts_1920x1080_2997,2,36,92.380021
RushFieldCuts_1920x1080_2997,2,37,91.928125
RushFieldCuts_1920x1080_2997,2,38,91.301228
RushFieldCuts_1920x1080_2997,2,39,90.778881
RushFieldCuts_1920x1080_2997,2,40,90.250705
RushFieldCuts_1920x1080_2997,2,41,89.573948
RushFieldCuts_1920x1080_2997,2,42,89.025997
RushFieldCuts_1920x1080_2997,2,43,88.300711
RushFieldCuts_1920x1080_2997,2,44,87.646836
RushFieldCuts_1920x1080_2997,2,45,86.954271
RushFieldCuts_1920x1080_2997,2,46,86.208527
RushFieldCuts_1920x1080_2997,2,47,85.45552
RushFieldCuts_1920x1080_2997,2,48,84.615095
RushFieldCuts_1920x1080_2997,2,49,83.802007
RushFieldCuts_1920x1080_2997,2,50,82.946601
RushFieldCuts_1920x1080_2997,2,51,82.037991
RushFieldCuts_1920x1080_2997,2,52,81.022727
RushFieldCuts_1920x1080_2997,2,53,79.966551
RushFieldCuts_1920x1080_2997,2,54,78.782557
RushFieldCuts_1920x1080_2997,2,55,77.480426
RushFieldCuts_1920x1080_2997,2,56,75.780905
RushFieldCuts_1920x1080_2997,2,58,72.30987
RushFieldCuts_1920x1080_2997,2,60,67.338872
RushFieldCuts_1920x1080_2997,2,63,51.584695
Riverbed_1920x1080p25,2,20,99.942024
Riverbed_1920x1080p25,2,24,99.930859
Riverbed_1920x1080p25,2,27,99.91635
Riverbed_1920x1080p25,2,28,99.909928
Riverbed_1920x1080p25,2,29,99.904499
Riverbed_1920x1080p25,2,30,99.898839
Riverbed_1920x1080p25,2,31,99.891877
Riverbed_1920x1080p25,2,32,99.883
Riverbed_1920x1080p25,2,33,99.838265
Riverbed_1920x1080p25,2,34,99.538021
Riverbed_1920x1080p25,2,35,98.69308
Riverbed_1920x1080p25,2,36,97.336212
Riverbed_1920x1080p25,2,37,96.035595
Riverbed_1920x1080p25,2,38,94.416162
Riverbed_1920x1080p25,2,39,92.790233
Riverbed_1920x1080p25,2,40,91.088802
Riverbed_1920x1080p25,2,41,89.106969
Riverbed_1920x1080p25,2,42,87.240025
Riverbed_1920x1080p25,2,43,85.145108
Riverbed_1920x1080p25,2,44,83.062228
Riverbed_1920x1080p25,2,45,80.806843
Riverbed_1920x1080p25,2,46,78.379662
Riverbed_1920x1080p25,2,47,76.251512
Riverbed_1920x1080p25,2,48,73.775935
Riverbed_1920x1080p25,2,49,71.267744
Riverbed_1920x1080p25,2,50,68.929937
Riverbed_1920x1080p25,2,51,66.54525
Riverbed_1920x1080p25,2,52,63.965549
Riverbed_1920x1080p25,2,53,61.264935
Riverbed_1920x1080p25,2,54,58.616596
Riverbed_1920x1080p25,2,55,55.9093
Riverbed_1920x1080p25,2,56,52.151806
Riverbed_1920x1080p25,2,58,45.892088
Riverbed_1920x1080p25,2,60,39.276243
Riverbed_1920x1080p25,2,63,20.627245
Slides1_1920x1080_30fps_8bit_420,2,20,98.209493
Slides1_1920x1080_30fps_8bit_420,2,24,98.156089
Slides1_1920x1080_30fps_8bit_420,2,27,98.048726
Slides1_1920x1080_30fps_8bit_420,2,28,98.008813
Slides1_1920x1080_30fps_8bit_420,2,29,97.984958
Slides1_1920x1080_30fps_8bit_420,2,30,97.928557
Slides1_1920x1080_30fps_8bit_420,2,31,97.886874
Slides1_1920x1080_30fps_8bit_420,2,32,97.85837
Slides1_1920x1080_30fps_8bit_420,2,33,97.807284
Slides1_1920x1080_30fps_8bit_420,2,34,97.802688
Slides1_1920x1080_30fps_8bit_420,2,35,97.745324
Slides1_1920x1080_30fps_8bit_420,2,36,97.714302
Slides1_1920x1080_30fps_8bit_420,2,37,97.647725
Slides1_1920x1080_30fps_8bit_420,2,38,97.533514
Slides1_1920x1080_30fps_8bit_420,2,39,97.465693
Slides1_1920x1080_30fps_8bit_420,2,40,97.372455
Slides1_1920x1080_30fps_8bit_420,2,41,97.309964
Slides1_1920x1080_30fps_8bit_420,2,42,97.228338
Slides1_1920x1080_30fps_8bit_420,2,43,97.214992
Slides1_1920x1080_30fps_8bit_420,2,44,97.150318
Slides1_1920x1080_30fps_8bit_420,2,45,96.881744
Slides1_1920x1080_30fps_8bit_420,2,46,96.959346
Slides1_1920x1080_30fps_8bit_420,2,47,96.791436
Slides1_1920x1080_30fps_8bit_420,2,48,96.596767
Slides1_1920x1080_30fps_8bit_420,2,49,96.599695
Slides1_1920x1080_30fps_8bit_420,2,50,96.536522
Slides1_1920x1080_30fps_8bit_420,2,51,96.306332
Slides1_1920x1080_30fps_8bit_420,2,52,96.124672
Slides1_1920x1080_30fps_8bit_420,2,53,95.895156
Slides1_1920x1080_30fps_8bit_420,2,54,95.694891
Slides1_1920x1080_30fps_8bit_420,2,55,95.416172
Slides1_1920x1080_30fps_8bit_420,2,56,95.06149
Slides1_1920x1080_30fps_8bit_420,2,58,94.475581
Slides1_1920x1080_30fps_8bit_420,2,60,93.733203
Slides1_1920x1080_30fps_8bit_420,2,63,88.54919
MissionControlClip3_1920x1080_60_420,2,20,97.721457
MissionControlClip3_1920x1080_60_420,2,24,97.687158
MissionControlClip3_1920x1080_60_420,2,27,97.618612
MissionControlClip3_1920x1080_60_420,2,28,97.60048
MissionControlClip3_1920x1080_60_420,2,29,97.586672
MissionControlClip3_1920x1080_60_420,2,30,97.571959
MissionControlClip3_1920x1080_60_420,2,31,97.555769
MissionControlClip3_1920x1080_60_420,2,32,97.513885
MissionControlClip3_1920x1080_60_420,2,33,97.487351
MissionControlClip3_1920x1080_60_420,2,34,97.481091
MissionControlClip3_1920x1080_60_420,2,35,97.43585
MissionControlClip3_1920x1080_60_420,2,36,97.424037
MissionControlClip3_1920x1080_60_420,2,37,97.369382
MissionControlClip3_1920x1080_60_420,2,38,97.324207
MissionControlClip3_1920x1080_60_420,2,39,97.300092
MissionControlClip3_1920x1080_60_420,2,40,97.273942
MissionControlClip3_1920x1080_60_420,2,41,97.227227
MissionControlClip3_1920x1080_60_420,2,42,97.176347
MissionControlClip3_1920x1080_60_420,2,43,97.151261
MissionControlClip3_1920x1080_60_420,2,44,97.06518
MissionControlClip3_1920x1080_60_420,2,45,97.003197
MissionControlClip3_1920x1080_60_420,2,46,96.959554
MissionControlClip3_1920x1080_60_420,2,47,96.913415
MissionControlClip3_1920x1080_60_420,2,48,96.853232
MissionControlClip3_1920x1080_60_420,2,49,96.787664
MissionControlClip3_1920x1080_60_420,2,50,96.75092
MissionControlClip3_1920x1080_60_420,2,51,96.672833
MissionControlClip3_1920x1080_60_420,2,52,96.564439
MissionControlClip3_1920x1080_60_420,2,53,96.459155
MissionControlClip3_1920x1080_60_420,2,54,96.345636
MissionControlClip3_1920x1080_60_420,2,55,96.253312
MissionControlClip3_1920x1080_60_420,2,56,96.148959
MissionControlClip3_1920x1080_60_420,2,58,95.770256
MissionControlClip3_1920x1080_60_420,2,60,95.161709
MissionControlClip3_1920x1080_60_420,2,63,92.733891
EuroTruckSimulator2_1920x1080p60,2,20,99.959914
EuroTruckSimulator2_1920x1080p60,2,24,99.954925
EuroTruckSimulator2_1920x1080p60,2,27,99.950431
EuroTruckSimulator2_1920x1080p60,2,28,99.947644
EuroTruckSimulator2_1920x1080p60,2,29,99.946112
EuroTruckSimulator2_1920x1080p60,2,30,99.906852
EuroTruckSimulator2_1920x1080p60,2,31,99.740704
EuroTruckSimulator2_1920x1080p60,2,32,99.359883
EuroTruckSimulator2_1920x1080p60,2,33,98.980531
EuroTruckSimulator2_1920x1080p60,2,34,98.542552
EuroTruckSimulator2_1920x1080p60,2,35,97.922172
EuroTruckSimulator2_1920x1080p60,2,36,97.271315
EuroTruckSimulator2_1920x1080p60,2,37,96.663976
EuroTruckSimulator2_1920x1080p60,2,38,95.956304
EuroTruckSimulator2_1920x1080p60,2,39,95.245292
EuroTruckSimulator2_1920x1080p60,2,40,94.761106
EuroTruckSimulator2_1920x1080p60,2,41,94.142467
EuroTruckSimulator2_1920x1080p60,2,42,93.556896
EuroTruckSimulator2_1920x1080p60,2,43,92.980769
EuroTruckSimulator2_1920x1080p60,2,44,92.516865
EuroTruckSimulator2_1920x1080p60,2,45,91.985271
EuroTruckSimulator2_1920x1080p60,2,46,91.567543
EuroTruckSimulator2_1920x1080p60,2,47,91.170703
EuroTruckSimulator2_1920x1080p60,2,48,90.633105
EuroTruckSimulator2_1920x1080p60,2,49,90.115889
EuroTruckSimulator2_1920x1080p60,2,50,89.626044
EuroTruckSimulator2_1920x1080p60,2,51,89.004213
EuroTruckSimulator2_1920x1080p60,2,52,88.435019
EuroTruckSimulator2_1920x1080p60,2,53,87.748449
EuroTruckSimulator2_1920x1080p60,2,54,87.011863
EuroTruckSimulator2_1920x1080p60,2,55,86.241058
EuroTruckSimulator2_1920x1080p60,2,56,85.213548
EuroTruckSimulator2_1920x1080p60,2,58,82.913744
EuroTruckSimulator2_1920x1080p60,2,60,79.072135
EuroTruckSimulator2_1920x1080p60,2,63,65.148718
PedestrianArea_1920x1080p25,2,20,99.738771
PedestrianArea_1920x1080p25,2,24,99.596684
PedestrianArea_1920x1080p25,2,27,99.27312
PedestrianArea_1920x1080p25,2,28,99.115019
PedestrianArea_1920x1080p25,2,29,98.94683
PedestrianArea_1920x1080p25,2,30,98.748112
PedestrianArea_1920x1080p25,2,31,98.502389
PedestrianArea_1920x1080p25,2,32,98.204238
PedestrianArea_1920x1080p25,2,33,97.787406
PedestrianArea_1920x1080p25,2,34,97.4393
PedestrianArea_1920x1080p25,2,35,96.966783
PedestrianArea_1920x1080p25,2,36,96.396649
PedestrianArea_1920x1080p25,2,37,95.884649
PedestrianArea_1920x1080p25,2,38,95.288458
PedestrianArea_1920x1080p25,2,39,94.642057
PedestrianArea_1920x1080p25,2,40,94.11578
PedestrianArea_1920x1080p25,2,41,93.355335
PedestrianArea_1920x1080p25,2,42,92.678023
PedestrianArea_1920x1080p25,2,43,91.926471
PedestrianArea_1920x1080p25,2,44,91.245102
PedestrianArea_1920x1080p25,2,45,90.387865
PedestrianArea_1920x1080p25,2,46,89.659471
PedestrianArea_1920x1080p25,2,47,88.83992
PedestrianArea_1920x1080p25,2,48,87.953496
PedestrianArea_1920x1080p25,2,49,87.059335
PedestrianArea_1920x1080p25,2,50,86.089747
PedestrianArea_1920x1080p25,2,51,85.068001
PedestrianArea_1920x1080p25,2,52,84.139816
PedestrianArea_1920x1080p25,2,53,82.98031
PedestrianArea_1920x1080p25,2,54,81.606551
PedestrianArea_1920x1080p25,2,55,80.195042
PedestrianArea_1920x1080p25,2,56,78.456054
PedestrianArea_1920x1080p25,2,58,75.08196
PedestrianArea_1920x1080p25,2,60,70.440433
PedestrianArea_1920x1080p25,2,63,53.723929
MountainBike_1920x1080_30fps_8bit,2,20,99.896111
MountainBike_1920x1080_30fps_8bit,2,24,99.881723
MountainBike_1920x1080_30fps_8bit,2,27,99.860594
MountainBike_1920x1080_30fps_8bit,2,28,99.85253
MountainBike_1920x1080_30fps_8bit,2,29,99.847064
MountainBike_1920x1080_30fps_8bit,2,30,99.83941
MountainBike_1920x1080_30fps_8bit,2,31,99.829487
MountainBike_1920x1080_30fps_8bit,2,32,99.816083
MountainBike_1920x1080_30fps_8bit,2,33,99.804924
MountainBike_1920x1080_30fps_8bit,2,34,99.795051
MountainBike_1920x1080_30fps_8bit,2,35,99.779737
MountainBike_1920x1080_30fps_8bit,2,36,99.7676
MountainBike_1920x1080_30fps_8bit,2,37,99.745948
MountainBike_1920x1080_30fps_8bit,2,38,99.728893
MountainBike_1920x1080_30fps_8bit,2,39,99.71277
MountainBike_1920x1080_30fps_8bit,2,40,99.697268
MountainBike_1920x1080_30fps_8bit,2,41,99.643845
MountainBike_1920x1080_30fps_8bit,2,42,99.527882
MountainBike_1920x1080_30fps_8bit,2,43,99.329523
MountainBike_1920x1080_30fps_8bit,2,44,99.087309
MountainBike_1920x1080_30fps_8bit,2,45,98.68035
MountainBike_1920x1080_30fps_8bit,2,46,98.089519
MountainBike_1920x1080_30fps_8bit,2,47,97.290103
MountainBike_1920x1080_30fps_8bit,2,48,96.103409
MountainBike_1920x1080_30fps_8bit,2,49,94.756855
MountainBike_1920x1080_30fps_8bit,2,50,93.359013
MountainBike_1920x1080_30fps_8bit,2,51,91.70864
MountainBike_1920x1080_30fps_8bit,2,52,89.925687
MountainBike_1920x1080_30fps_8bit,2,53,87.956059
MountainBike_1920x1080_30fps_8bit,2,54,85.9064
MountainBike_1920x1080_30fps_8bit,2,55,83.533561
MountainBike_1920x1080_30fps_8bit,2,56,80.4889
MountainBike_1920x1080_30fps_8bit,2,58,74.618147
MountainBike_1920x1080_30fps_8bit,2,60,67.697629
MountainBike_1920x1080_30fps_8bit,2,63,49.913181
OldTownCross_1920x1080p50,2,20,96.291788
OldTownCross_1920x1080p50,2,24,95.957312
OldTownCross_1920x1080p50,2,27,96.078667
OldTownCross_1920x1080p50,2,28,96.03917
OldTownCross_1920x1080p50,2,29,96.001273
OldTownCross_1920x1080p50,2,30,95.974787
OldTownCross_1920x1080p50,2,31,95.94865
OldTownCross_1920x1080p50,2,32,95.872117
OldTownCross_1920x1080p50,2,33,95.820513
OldTownCross_1920x1080p50,2,34,95.747401
OldTownCross_1920x1080p50,2,35,95.68635
OldTownCross_1920x1080p50,2,36,95.581279
OldTownCross_1920x1080p50,2,37,95.509291
OldTownCross_1920x1080p50,2,38,95.37204
OldTownCross_1920x1080p50,2,39,95.296915
OldTownCross_1920x1080p50,2,40,95.171497
OldTownCross_1920x1080p50,2,41,95.046845
OldTownCross_1920x1080p50,2,42,94.941761
OldTownCross_1920x1080p50,2,43,94.822612
OldTownCross_1920x1080p50,2,44,94.658048
OldTownCross_1920x1080p50,2,45,94.542749
OldTownCross_1920x1080p50,2,46,94.362048
OldTownCross_1920x1080p50,2,47,94.209477
OldTownCross_1920x1080p50,2,48,93.842473
OldTownCross_1920x1080p50,2,49,93.545655
OldTownCross_1920x1080p50,2,50,93.438311
OldTownCross_1920x1080p50,2,51,93.127297
OldTownCross_1920x1080p50,2,52,92.647665
OldTownCross_1920x1080p50,2,53,92.248493
OldTownCross_1920x1080p50,2,54,91.879416
OldTownCross_1920x1080p50,2,55,91.334707
OldTownCross_1920x1080p50,2,56,90.666782
OldTownCross_1920x1080p50,2,58,89.641411
OldTownCross_1920x1080p50,2,60,87.420611
OldTownCross_1920x1080p50,2,63,76.941712
SolLevanteFace_sdr_1920x1080_24_10bit,2,20,96.782436
SolLevanteFace_sdr_1920x1080_24_10bit,2,24,95.562554
SolLevanteFace_sdr_1920x1080_24_10bit,2,27,93.733435
SolLevanteFace_sdr_1920x1080_24_10bit,2,28,93.179467
SolLevanteFace_sdr_1920x1080_24_10bit,2,29,92.522997
SolLevanteFace_sdr_1920x1080_24_10bit,2,30,91.941208
SolLevanteFace_sdr_1920x1080_24_10bit,2,31,91.020348
SolLevanteFace_sdr_1920x1080_24_10bit,2,32,90.193349
SolLevanteFace_sdr_1920x1080_24_10bit,2,33,89.292489
SolLevanteFace_sdr_1920x1080_24_10bit,2,34,88.397819
SolLevanteFace_sdr_1920x1080_24_10bit,2,35,87.135572
SolLevanteFace_sdr_1920x1080_24_10bit,2,36,85.896462
SolLevanteFace_sdr_1920x1080_24_10bit,2,37,84.577196
SolLevanteFace_sdr_1920x1080_24_10bit,2,38,82.959737
SolLevanteFace_sdr_1920x1080_24_10bit,2,39,81.371053
SolLevanteFace_sdr_1920x1080_24_10bit,2,40,79.815441
SolLevanteFace_sdr_1920x1080_24_10bit,2,41,77.999006
SolLevanteFace_sdr_1920x1080_24_10bit,2,42,76.26294
SolLevanteFace_sdr_1920x1080_24_10bit,2,43,74.284229
SolLevanteFace_sdr_1920x1080_24_10bit,2,44,72.327698
SolLevanteFace_sdr_1920x1080_24_10bit,2,45,70.494045
SolLevanteFace_sdr_1920x1080_24_10bit,2,46,68.494546
SolLevanteFace_sdr_1920x1080_24_10bit,2,47,66.538089
SolLevanteFace_sdr_1920x1080_24_10bit,2,48,64.444982
SolLevanteFace_sdr_1920x1080_24_10bit,2,49,62.487019
SolLevanteFace_sdr_1920x1080_24_10bit,2,50,60.206362
SolLevanteFace_sdr_1920x1080_24_10bit,2,51,58.102348
SolLevanteFace_sdr_1920x1080_24_10bit,2,52,55.633313
SolLevanteFace_sdr_1920x1080_24_10bit,2,53,53.2311
SolLevanteFace_sdr_1920x1080_24_10bit,2,54,50.528144
SolLevanteFace_sdr_1920x1080_24_10bit,2,55,47.846399
SolLevanteFace_sdr_1920x1080_24_10bit,2,56,44.435686
SolLevanteFace_sdr_1920x1080_24_10bit,2,58,38.248373
SolLevanteFace_sdr_1920x1080_24_10bit,2,60,30.948938
SolLevanteFace_sdr_1920x1080_24_10bit,2,63,13.518799
RitualDance_1920x1080_5994_10bit_420,2,20,99.796346
RitualDance_1920x1080_5994_10bit_420,2,24,99.629236
RitualDance_1920x1080_5994_10bit_420,2,27,99.253519
RitualDance_1920x1080_5994_10bit_420,2,28,99.081618
RitualDance_1920x1080_5994_10bit_420,2,29,98.885865
RitualDance_1920x1080_5994_10bit_420,2,30,98.682611
RitualDance_1920x1080_5994_10bit_420,2,31,98.35291
RitualDance_1920x1080_5994_10bit_420,2,32,98.0065
RitualDance_1920x1080_5994_10bit_420,2,33,97.674849
RitualDance_1920x1080_5994_10bit_420,2,34,97.304045
RitualDance_1920x1080_5994_10bit_420,2,35,96.825001
RitualDance_1920x1080_5994_10bit_420,2,36,96.286656
RitualDance_1920x1080_5994_10bit_420,2,37,95.719731
RitualDance_1920x1080_5994_10bit_420,2,38,95.224131
RitualDance_1920x1080_5994_10bit_420,2,39,94.618153
RitualDance_1920x1080_5994_10bit_420,2,40,94.04605
RitualDance_1920x1080_5994_10bit_420,2,41,93.162928
RitualDance_1920x1080_5994_10bit_420,2,42,92.601669
RitualDance_1920x1080_5994_10bit_420,2,43,91.798017
RitualDance_1920x1080_5994_10bit_420,2,44,90.832735
RitualDance_1920x1080_5994_10bit_420,2,45,90.01922
RitualDance_1920x1080_5994_10bit_420,2,46,89.188458
RitualDance_1920x1080_5994_10bit_420,2,47,88.25672
RitualDance_1920x1080_5994_10bit_420,2,48,87.28736
RitualDance_1920x1080_5994_10bit_420,2,49,86.310138
RitualDance_1920x1080_5994_10bit_420,2,50,85.277318
RitualDance_1920x1080_5994_10bit_420,2,51,84.206149
RitualDance_1920x1080_5994_10bit_420,2,52,83.070361
RitualDance_1920x1080_5994_10bit_420,2,53,81.932056
RitualDance_1920x1080_5994_10bit_420,2,54,80.313006
RitualDance_1920x1080_5994_10bit_420,2,55,78.792463
RitualDance_1920x1080_5994_10bit_420,2,56,76.752036
RitualDance_1920x1080_5994_10bit_420,2,58,73.024335
RitualDance_1920x1080_5994_10bit_420,2,60,67.131828
RitualDance_1920x1080_5994_10bit_420,2,63,46.059037
GlassHalf_1920x1080p_24p_8bit_420,2,20,99.274132
GlassHalf_1920x1080p_24p_8bit_420,2,24,99.197409
GlassHalf_1920x1080p_24p_8bit_420,2,27,99.07053
GlassHalf_1920x1080p_24p_8bit_420,2,28,99.010293
GlassHalf_1920x1080p_24p_8bit_420,2,29,98.947301
GlassHalf_1920x1080p_24p_8bit_420,2,30,98.884006
GlassHalf_1920x1080p_24p_8bit_420,2,31,98.796244
GlassHalf_1920x1080p_24p_8bit_420,2,32,98.647548
GlassHalf_1920x1080p_24p_8bit_420,2,33,98.526615
GlassHalf_1920x1080p_24p_8bit_420,2,34,98.424526
GlassHalf_1920x1080p_24p_8bit_420,2,35,98.264154
GlassHalf_1920x1080p_24p_8bit_420,2,36,98.061481
GlassHalf_1920x1080p_24p_8bit_420,2,37,97.89027
GlassHalf_1920x1080p_24p_8bit_420,2,38,97.652261
GlassHalf_1920x1080p_24p_8bit_420,2,39,97.432398
GlassHalf_1920x1080p_24p_8bit_420,2,40,97.262117
GlassHalf_1920x1080p_24p_8bit_420,2,41,96.99613
GlassHalf_1920x1080p_24p_8bit_420,2,42,96.739949
GlassHalf_1920x1080p_24p_8bit_420,2,43,96.463102
GlassHalf_1920x1080p_24p_8bit_420,2,44,96.091376
GlassHalf_1920x1080p_24p_8bit_420,2,45,95.740543
GlassHalf_1920x1080p_24p_8bit_420,2,46,95.429132
GlassHalf_1920x1080p_24p_8bit_420,2,47,95.043693
GlassHalf_1920x1080p_24p_8bit_420,2,48,94.624701
GlassHalf_1920x1080p_24p_8bit_420,2,49,94.132685
GlassHalf_1920x1080p_24p_8bit_420,2,50,93.710101
GlassHalf_1920x1080p_24p_8bit_420,2,51,93.150104
GlassHalf_1920x1080p_24p_8bit_420,2,52,92.657479
GlassHalf_1920x1080p_24p_8bit_420,2,53,91.967891
GlassHalf_1920x1080p_24p_8bit_420,2,54,91.290359
GlassHalf_1920x1080p_24p_8bit_420,2,55,90.483617
GlassHalf_1920x1080p_24p_8bit_420,2,56,89.323167
GlassHalf_1920x1080p_24p_8bit_420,2,58,87.346853
GlassHalf_1920x1080p_24p_8bit_420,2,60,83.658904
GlassHalf_1920x1080p_24p_8bit_420,2,63,68.646429
MINECRAFT_1080p_60_8bit,2,20,99.85303
MINECRAFT_1080p_60_8bit,2,24,99.755285
MINECRAFT_1080p_60_8bit,2,27,99.593048
MINECRAFT_1080p_60_8bit,2,28,99.551981
MINECRAFT_1080p_60_8bit,2,29,99.496132
MINECRAFT_1080p_60_8bit,2,30,99.432465
MINECRAFT_1080p_60_8bit,2,31,99.343007
MINECRAFT_1080p_60_8bit,2,32,99.268773
MINECRAFT_1080p_60_8bit,2,33,99.166627
MINECRAFT_1080p_60_8bit,2,34,99.058942
MINECRAFT_1080p_60_8bit,2,35,98.907814
MINECRAFT_1080p_60_8bit,2,36,98.661462
MINECRAFT_1080p_60_8bit,2,37,98.387643
MINECRAFT_1080p_60_8bit,2,38,98.027928
MINECRAFT_1080p_60_8bit,2,39,97.592693
MINECRAFT_1080p_60_8bit,2,40,97.097455
MINECRAFT_1080p_60_8bit,2,41,96.418998
MINECRAFT_1080p_60_8bit,2,42,95.761839
MINECRAFT_1080p_60_8bit,2,43,94.988724
MINECRAFT_1080p_60_8bit,2,44,93.945813
MINECRAFT_1080p_60_8bit,2,45,93.002805
MINECRAFT_1080p_60_8bit,2,46,92.059387
MINECRAFT_1080p_60_8bit,2,47,91.044107
MINECRAFT_1080p_60_8bit,2,48,89.913015
MINECRAFT_1080p_60_8bit,2,49,88.850326
MINECRAFT_1080p_60_8bit,2,50,87.781758
MINECRAFT_1080p_60_8bit,2,51,86.549437
MINECRAFT_1080p_60_8bit,2,52,85.163548
MINECRAFT_1080p_60_8bit,2,53,83.791174
MINECRAFT_1080p_60_8bit,2,54,82.260196
MINECRAFT_1080p_60_8bit,2,55,80.526924
MINECRAFT_1080p_60_8bit,2,56,78.066988
MINECRAFT_1080p_60_8bit,2,58,73.436098
MINECRAFT_1080p_60_8bit,2,60,67.01828
MINECRAFT_1080p_60_8bit,2,63,48.090316
MeridianTalk_sdr_1920x1080p_5994_10bit,2,20,95.292246
MeridianTalk_sdr_1920x1080p_5994_10bit,2,24,94.859236
MeridianTalk_sdr_1920x1080p_5994_10bit,2,27,94.314857
MeridianTalk_sdr_1920x1080p_5994_10bit,2,28,94.131758
MeridianTalk_sdr_1920x1080p_5994_10bit,2,29,93.974222
MeridianTalk_sdr_1920x1080p_5994_10bit,2,30,93.803543
MeridianTalk_sdr_1920x1080p_5994_10bit,2,31,93.552128
MeridianTalk_sdr_1920x1080p_5994_10bit,2,32,93.324216
MeridianTalk_sdr_1920x1080p_5994_10bit,2,33,93.125062
MeridianTalk_sdr_1920x1080p_5994_10bit,2,34,92.866579
MeridianTalk_sdr_1920x1080p_5994_10bit,2,35,92.611955
MeridianTalk_sdr_1920x1080p_5994_10bit,2,36,92.308542
MeridianTalk_sdr_1920x1080p_5994_10bit,2,37,92.053438
MeridianTalk_sdr_1920x1080p_5994_10bit,2,38,91.683609
MeridianTalk_sdr_1920x1080p_5994_10bit,2,39,91.393605
MeridianTalk_sdr_1920x1080p_5994_10bit,2,40,91.127505
MeridianTalk_sdr_1920x1080p_5994_10bit,2,41,90.770153
MeridianTalk_sdr_1920x1080p_5994_10bit,2,42,90.37761
MeridianTalk_sdr_1920x1080p_5994_10bit,2,43,90.03706
MeridianTalk_sdr_1920x1080p_5994_10bit,2,44,89.653239
MeridianTalk_sdr_1920x1080p_5994_10bit,2,45,89.249927
MeridianTalk_sdr_1920x1080p_5994_10bit,2,46,88.847387
MeridianTalk_sdr_1920x1080p_5994_10bit,2,47,88.315215
MeridianTalk_sdr_1920x1080p_5994_10bit,2,48,87.845198
MeridianTalk_sdr_1920x1080p_5994_10bit,2,49,87.516551
MeridianTalk_sdr_1920x1080p_5994_10bit,2,50,86.821425
MeridianTalk_sdr_1920x1080p_5994_10bit,2,51,86.363052
MeridianTalk_sdr_1920x1080p_5994_10bit,2,52,85.808988
MeridianTalk_sdr_1920x1080p_5994_10bit,2,53,85.221523
MeridianTalk_sdr_1920x1080p_5994_10bit,2,54,84.5673
MeridianTalk_sdr_1920x1080p_5994_10bit,2,55,83.824594
MeridianTalk_sdr_1920x1080p_5994_10bit,2,56,83.151967
MeridianTalk_sdr_1920x1080p_5994_10bit,2,58,81.717918
MeridianTalk_sdr_1920x1080p_5994_10bit,2,60,79.192327
MeridianTalk_sdr_1920x1080p_5994_10bit,2,63,70.866494
Debugging_1920x1080_30fps_8bit_420,2,20,97.583277
Debugging_1920x1080_30fps_8bit_420,2,24,97.584593
Debugging_1920x1080_30fps_8bit_420,2,27,97.569839
Debugging_1920x1080_30fps_8bit_420,2,28,97.551302
Debugging_1920x1080_30fps_8bit_420,2,29,97.511163
Debugging_1920x1080_30fps_8bit_420,2,30,97.526574
Debugging_1920x1080_30fps_8bit_420,2,31,97.500383
Debugging_1920x1080_30fps_8bit_420,2,32,97.515789
Debugging_1920x1080_30fps_8bit_420,2,33,97.485355
Debugging_1920x1080_30fps_8bit_420,2,34,97.445545
Debugging_1920x1080_30fps_8bit_420,2,35,97.458306
Debugging_1920x1080_30fps_8bit_420,2,36,97.424957
Debugging_1920x1080_30fps_8bit_420,2,37,97.377377
Debugging_1920x1080_30fps_8bit_420,2,38,97.330877
Debugging_1920x1080_30fps_8bit_420,2,39,97.371305
Debugging_1920x1080_30fps_8bit_420,2,40,97.348982
Debugging_1920x1080_30fps_8bit_420,2,41,97.267658
Debugging_1920x1080_30fps_8bit_420,2,42,97.198838
Debugging_1920x1080_30fps_8bit_420,2,43,97.175556
Debugging_1920x1080_30fps_8bit_420,2,44,97.125529
Debugging_1920x1080_30fps_8bit_420,2,45,97.073303
Debugging_1920x1080_30fps_8bit_420,2,46,97.05817
Debugging_1920x1080_30fps_8bit_420,2,47,97.033754
Debugging_1920x1080_30fps_8bit_420,2,48,96.965725
Debugging_1920x1080_30fps_8bit_420,2,49,96.933648
Debugging_1920x1080_30fps_8bit_420,2,50,96.857665
Debugging_1920x1080_30fps_8bit_420,2,51,96.783378
Debugging_1920x1080_30fps_8bit_420,2,52,96.732717
Debugging_1920x1080_30fps_8bit_420,2,53,96.674702
Debugging_1920x1080_30fps_8bit_420,2,54,96.586389
Debugging_1920x1080_30fps_8bit_420,2,55,96.42507
Debugging_1920x1080_30fps_8bit_420,2,56,96.275954
Debugging_1920x1080_30fps_8bit_420,2,58,96.177728
Debugging_1920x1080_30fps_8bit_420,2,60,95.664487
Debugging_1920x1080_30fps_8bit_420,2,63,93.762616
DOTA2_1920x1080_60_8bit_420,2,20,96.105423
DOTA2_1920x1080_60_8bit_420,2,24,95.754528
DOTA2_1920x1080_60_8bit_420,2,27,95.259088
DOTA2_1920x1080_60_8bit_420,2,28,95.095715
DOTA2_1920x1080_60_8bit_420,2,29,94.941656
DOTA2_1920x1080_60_8bit_420,2,30,94.790404
DOTA2_1920x1080_60_8bit_420,2,31,94.552628
DOTA2_1920x1080_60_8bit_420,2,32,94.300681
DOTA2_1920x1080_60_8bit_420,2,33,94.036026
DOTA2_1920x1080_60_8bit_420,2,34,93.801955
DOTA2_1920x1080_60_8bit_420,2,35,93.494517
DOTA2_1920x1080_60_8bit_420,2,36,93.16624
DOTA2_1920x1080_60_8bit_420,2,37,92.86316
DOTA2_1920x1080_60_8bit_420,2,38,92.468436
DOTA2_1920x1080_60_8bit_420,2,39,92.088968
DOTA2_1920x1080_60_8bit_420,2,40,91.708421
DOTA2_1920x1080_60_8bit_420,2,41,91.30978
DOTA2_1920x1080_60_8bit_420,2,42,90.829586
DOTA2_1920x1080_60_8bit_420,2,43,90.322424
DOTA2_1920x1080_60_8bit_420,2,44,89.833809
DOTA2_1920x1080_60_8bit_420,2,45,89.339692
DOTA2_1920x1080_60_8bit_420,2,46,88.695317
DOTA2_1920x1080_60_8bit_420,2,47,88.0805
DOTA2_1920x1080_60_8bit_420,2,48,87.58365
DOTA2_1920x1080_60_8bit_420,2,49,86.836974
DOTA2_1920x1080_60_8bit_420,2,50,86.142963
DOTA2_1920x1080_60_8bit_420,2,51,85.449766
DOTA2_1920x1080_60_8bit_420,2,52,84.621781
DOTA2_1920x1080_60_8bit_420,2,53,83.729655
DOTA2_1920x1080_60_8bit_420,2,54,82.813332
DOTA2_1920x1080_60_8bit_420,2,55,81.664606
DOTA2_1920x1080_60_8bit_420,2,56,80.433136
DOTA2_1920x1080_60_8bit_420,2,58,77.44386
DOTA2_1920x1080_60_8bit_420,2,60,72.810166
DOTA2_1920x1080_60_8bit_420,2,63,58.531287
CrowdRun_1920x1080p50,2,20,99.961612
CrowdRun_1920x1080p50,2,24,99.957177
CrowdRun_1920x1080p50,2,27,99.941178
CrowdRun_1920x1080p50,2,28,99.883118
CrowdRun_1920x1080p50,2,29,99.78099
CrowdRun_1920x1080p50,2,30,99.620694
CrowdRun_1920x1080p50,2,31,99.353517
CrowdRun_1920x1080p50,2,32,98.972937
CrowdRun_1920x1080p50,2,33,98.596914
CrowdRun_1920x1080p50,2,34,98.178999
CrowdRun_1920x1080p50,2,35,97.630106
CrowdRun_1920x1080p50,2,36,96.999852
CrowdRun_1920x1080p50,2,37,96.360346
CrowdRun_1920x1080p50,2,38,95.649856
CrowdRun_1920x1080p50,2,39,94.943746
CrowdRun_1920x1080p50,2,40,94.30315
CrowdRun_1920x1080p50,2,41,93.458493
CrowdRun_1920x1080p50,2,42,92.693248
CrowdRun_1920x1080p50,2,43,91.886757
CrowdRun_1920x1080p50,2,44,90.942172
CrowdRun_1920x1080p50,2,45,90.060692
CrowdRun_1920x1080p50,2,46,89.159063
CrowdRun_1920x1080p50,2,47,88.239181
CrowdRun_1920x1080p50,2,48,87.247617
CrowdRun_1920x1080p50,2,49,85.963693
CrowdRun_1920x1080p50,2,50,85.159677
CrowdRun_1920x1080p50,2,51,83.978934
CrowdRun_1920x1080p50,2,52,82.790627
CrowdRun_1920x1080p50,2,53,81.144345
CrowdRun_1920x1080p50,2,54,79.768438
CrowdRun_1920x1080p50,2,55,78.223087
CrowdRun_1920x1080p50,2,56,76.452325
CrowdRun_1920x1080p50,2,58,72.474381
CrowdRun_1920x1080p50,2,60,66.089319
CrowdRun_1920x1080p50,2,63,45.533023
WITCHER3_1920x1080_60_8bit_420,2,20,98.080515
WITCHER3_1920x1080_60_8bit_420,2,24,97.261829
WITCHER3_1920x1080_60_8bit_420,2,27,95.910994
WITCHER3_1920x1080_60_8bit_420,2,28,95.46835
WITCHER3_1920x1080_60_8bit_420,2,29,94.956096
WITCHER3_1920x1080_60_8bit_420,2,30,94.450394
WITCHER3_1920x1080_60_8bit_420,2,31,93.752928
WITCHER3_1920x1080_60_8bit_420,2,32,92.892263
WITCHER3_1920x1080_60_8bit_420,2,33,92.268074
WITCHER3_1920x1080_60_8bit_420,2,34,91.595786
WITCHER3_1920x1080_60_8bit_420,2,35,90.709718
WITCHER3_1920x1080_60_8bit_420,2,36,89.732257
WITCHER3_1920x1080_60_8bit_420,2,37,88.841945
WITCHER3_1920x1080_60_8bit_420,2,38,87.895891
WITCHER3_1920x1080_60_8bit_420,2,39,86.844031
WITCHER3_1920x1080_60_8bit_420,2,40,85.86596
WITCHER3_1920x1080_60_8bit_420,2,41,84.786644
WITCHER3_1920x1080_60_8bit_420,2,42,83.756901
WITCHER3_1920x1080_60_8bit_420,2,43,82.555913
WITCHER3_1920x1080_60_8bit_420,2,44,81.400204
WITCHER3_1920x1080_60_8bit_420,2,45,80.195593
WITCHER3_1920x1080_60_8bit_420,2,46,79.002852
WITCHER3_1920x1080_60_8bit_420,2,47,77.797093
WITCHER3_1920x1080_60_8bit_420,2,48,76.614222
WITCHER3_1920x1080_60_8bit_420,2,49,75.361578
WITCHER3_1920x1080_60_8bit_420,2,50,74.192505
WITCHER3_1920x1080_60_8bit_420,2,51,72.912674
WITCHER3_1920x1080_60_8bit_420,2,52,71.588023
WITCHER3_1920x1080_60_8bit_420,2,53,70.08968
WITCHER3_1920x1080_60_8bit_420,2,54,68.679299
WITCHER3_1920x1080_60_8bit_420,2,55,67.196782
WITCHER3_1920x1080_60_8bit_420,2,56,65.16022
WITCHER3_1920x1080_60_8bit_420,2,58,61.760806
WITCHER3_1920x1080_60_8bit_420,2,60,57.516185
WITCHER3_1920x1080_60_8bit_420,2,63,46.42995
WalkingInStreet_1920x1080_30fps,2,20,99.960633
WalkingInStreet_1920x1080_30fps,2,24,99.956738
WalkingInStreet_1920x1080_30fps,2,27,99.95045
WalkingInStreet_1920x1080_30fps,2,28,99.94807
WalkingInStreet_1920x1080_30fps,2,29,99.945707
WalkingInStreet_1920x1080_30fps,2,30,99.939891
WalkingInStreet_1920x1080_30fps,2,31,99.915497
WalkingInStreet_1920x1080_30fps,2,32,99.878254
WalkingInStreet_1920x1080_30fps,2,33,99.833546
WalkingInStreet_1920x1080_30fps,2,34,99.762712
WalkingInStreet_1920x1080_30fps,2,35,99.637895
WalkingInStreet_1920x1080_30fps,2,36,99.503623
WalkingInStreet_1920x1080_30fps,2,37,99.3593
WalkingInStreet_1920x1080_30fps,2,38,99.153866
WalkingInStreet_1920x1080_30fps,2,39,98.911362
WalkingInStreet_1920x1080_30fps,2,40,98.650632
WalkingInStreet_1920x1080_30fps,2,41,98.295532
WalkingInStreet_1920x1080_30fps,2,42,97.968653
WalkingInStreet_1920x1080_30fps,2,43,97.541712
WalkingInStreet_1920x1080_30fps,2,44,97.07101
WalkingInStreet_1920x1080_30fps,2,45,96.481091
WalkingInStreet_1920x1080_30fps,2,46,95.726407
WalkingInStreet_1920x1080_30fps,2,47,95.099722
WalkingInStreet_1920x1080_30fps,2,48,94.249705
WalkingInStreet_1920x1080_30fps,2,49,93.424675
WalkingInStreet_1920x1080_30fps,2,50,92.590001
WalkingInStreet_1920x1080_30fps,2,51,91.604896
WalkingInStreet_1920x1080_30fps,2,52,90.54852
WalkingInStreet_1920x1080_30fps,2,53,89.499433
WalkingInStreet_1920x1080_30fps,2,54,88.329705
WalkingInStreet_1920x1080_30fps,2,55,87.016555
WalkingInStreet_1920x1080_30fps,2,56,85.362469
WalkingInStreet_1920x1080_30fps,2,58,81.538142
WalkingInStreet_1920x1080_30fps,2,60,76.227338
WalkingInStreet_1920x1080_30fps,2,63,58.982893
ToddlerFountain_1920x1080_2997fps_10bit_420,2,20,99.955296
ToddlerFountain_1920x1080_2997fps_10bit_420,2,24,99.948768
ToddlerFountain_1920x1080_2997fps_10bit_420,2,27,99.940025
ToddlerFountain_1920x1080_2997fps_10bit_420,2,28,99.935968
ToddlerFountain_1920x1080_2997fps_10bit_420,2,29,99.933166
ToddlerFountain_1920x1080_2997fps_10bit_420,2,30,99.928932
ToddlerFountain_1920x1080_2997fps_10bit_420,2,31,99.924548
ToddlerFountain_1920x1080_2997fps_10bit_420,2,32,99.874238
ToddlerFountain_1920x1080_2997fps_10bit_420,2,33,99.720309
ToddlerFountain_1920x1080_2997fps_10bit_420,2,34,99.350815
ToddlerFountain_1920x1080_2997fps_10bit_420,2,35,98.52061
ToddlerFountain_1920x1080_2997fps_10bit_420,2,36,97.403358
ToddlerFountain_1920x1080_2997fps_10bit_420,2,37,96.145871
ToddlerFountain_1920x1080_2997fps_10bit_420,2,38,94.671367
ToddlerFountain_1920x1080_2997fps_10bit_420,2,39,93.14104
ToddlerFountain_1920x1080_2997fps_10bit_420,2,40,91.619136
ToddlerFountain_1920x1080_2997fps_10bit_420,2,41,89.80944
ToddlerFountain_1920x1080_2997fps_10bit_420,2,42,88.265099
ToddlerFountain_1920x1080_2997fps_10bit_420,2,43,86.389484
ToddlerFountain_1920x1080_2997fps_10bit_420,2,44,84.533588
ToddlerFountain_1920x1080_2997fps_10bit_420,2,45,82.487059
ToddlerFountain_1920x1080_2997fps_10bit_420,2,46,80.321018
ToddlerFountain_1920x1080_2997fps_10bit_420,2,47,78.326915
ToddlerFountain_1920x1080_2997fps_10bit_420,2,48,75.845696
ToddlerFountain_1920x1080_2997fps_10bit_420,2,49,73.725044
ToddlerFountain_1920x1080_2997fps_10bit_420,2,50,71.413718
ToddlerFountain_1920x1080_2997fps_10bit_420,2,51,69.110944
ToddlerFountain_1920x1080_2997fps_10bit_420,2,52,66.837285
ToddlerFountain_1920x1080_2997fps_10bit_420,2,53,64.315668
ToddlerFountain_1920x1080_2997fps_10bit_420,2,54,61.907519
ToddlerFountain_1920x1080_2997fps_10bit_420,2,55,58.862982
ToddlerFountain_1920x1080_2997fps_10bit_420,2,56,55.262861
ToddlerFountain_1920x1080_2997fps_10bit_420,2,58,48.89019
ToddlerFountain_1920x1080_2997fps_10bit_420,2,60,41.729674
ToddlerFountain_1920x1080_2997fps_10bit_420,2,63,20.196592
Vertical_bees_1080x1920_2997,2,20,99.086353
Vertical_bees_1080x1920_2997,2,24,98.896337
Vertical_bees_1080x1920_2997,2,27,98.639481
Vertical_bees_1080x1920_2997,2,28,98.551933
Vertical_bees_1080x1920_2997,2,29,98.479181
Vertical_bees_1080x1920_2997,2,30,98.38087
Vertical_bees_1080x1920_2997,2,31,98.260232
Vertical_bees_1080x1920_2997,2,32,98.147844
Vertical_bees_1080x1920_2997,2,33,98.001747
Vertical_bees_1080x1920_2997,2,34,97.89779
Vertical_bees_1080x1920_2997,2,35,97.688472
Vertical_bees_1080x1920_2997,2,36,97.511741
Vertical_bees_1080x1920_2997,2,37,97.276311
Vertical_bees_1080x1920_2997,2,38,97.066057
Vertical_bees_1080x1920_2997,2,39,96.875171
Vertical_bees_1080x1920_2997,2,40,96.672215
Vertical_bees_1080x1920_2997,2,41,96.436861
Vertical_bees_1080x1920_2997,2,42,96.15951
Vertical_bees_1080x1920_2997,2,43,95.905883
Vertical_bees_1080x1920_2997,2,44,95.576518
Vertical_bees_1080x1920_2997,2,45,95.335672
Vertical_bees_1080x1920_2997,2,46,95.0332
Vertical_bees_1080x1920_2997,2,47,94.74765
Vertical_bees_1080x1920_2997,2,48,94.380812
Vertical_bees_1080x1920_2997,2,49,94.103053
Vertical_bees_1080x1920_2997,2,50,93.697107
Vertical_bees_1080x1920_2997,2,51,93.360631
Vertical_bees_1080x1920_2997,2,52,92.972371
Vertical_bees_1080x1920_2997,2,53,92.509216
Vertical_bees_1080x1920_2997,2,54,92.015338
Vertical_bees_1080x1920_2997,2,55,91.394498
Vertical_bees_1080x1920_2997,2,56,90.688607
Vertical_bees_1080x1920_2997,2,58,89.470988
Vertical_bees_1080x1920_2997,2,60,87.236877
Vertical_bees_1080x1920_2997,2,63,78.114427
Wikipedia_1920x1080p30,2,20,98.715501
Wikipedia_1920x1080p30,2,24,98.710409
Wikipedia_1920x1080p30,2,27,98.705287
Wikipedia_1920x1080p30,2,28,98.706132
Wikipedia_1920x1080p30,2,29,98.707587
Wikipedia_1920x1080p30,2,30,98.703844
Wikipedia_1920x1080p30,2,31,98.69789
Wikipedia_1920x1080p30,2,32,98.702134
Wikipedia_1920x1080p30,2,33,98.705098
Wikipedia_1920x1080p30,2,34,98.707327
Wikipedia_1920x1080p30,2,35,98.696488
Wikipedia_1920x1080p30,2,36,98.697233
Wikipedia_1920x1080p30,2,37,98.692226
Wikipedia_1920x1080p30,2,38,98.683409
Wikipedia_1920x1080p30,2,39,98.668315
Wikipedia_1920x1080p30,2,40,98.671088
Wikipedia_1920x1080p30,2,41,98.659757
Wikipedia_1920x1080p30,2,42,98.644605
Wikipedia_1920x1080p30,2,43,98.64315
Wikipedia_1920x1080p30,2,44,98.620156
Wikipedia_1920x1080p30,2,45,98.610151
Wikipedia_1920x1080p30,2,46,98.620229
Wikipedia_1920x1080p30,2,47,98.600831
Wikipedia_1920x1080p30,2,48,98.605499
Wikipedia_1920x1080p30,2,49,98.577413
Wikipedia_1920x1080p30,2,50,98.57543
Wikipedia_1920x1080p30,2,51,98.540266
Wikipedia_1920x1080p30,2,52,98.504808
Wikipedia_1920x1080p30,2,53,98.475588
Wikipedia_1920x1080p30,2,54,98.447496
Wikipedia_1920x1080p30,2,55,98.401875
Wikipedia_1920x1080p30,2,56,98.331568
Wikipedia_1920x1080p30,2,58,98.176871
Wikipedia_1920x1080p30,2,60,98.087094
Wikipedia_1920x1080p30,2,63,96.976262
Spreadsheet_1920x1080_30fps_8bit_420_130f,2,20,97.466083
Spreadsheet_1920x1080_30fps_8bit_420_130f,2,24,97.427957
Spreadsheet_1920x1080_30fps_8bit_420_130f,2,27,97.367934
Spreadsheet_1920x1080_30fps_8bit_420_130f,2,28,97.353376
Spreadsheet_1920x1080_30fps_8bit_420_130f,2,29,97.334401
Spreadsheet_1920x1080_30fps_8bit_420_130f,2,30,97.310481
Spreadsheet_1920x1080_30fps_8bit_420_130f,2,31,97.296025
Spreadsheet_1920x1080_30fps_8bit_420_130f,2,32,97.270588
Spreadsheet_1920x1080_30fps_8bit_420_130f,2,33,97.237504
Spreadsheet_1920x1080_30fps_8bit_420_130f,2,34,97.21438
Spreadsheet_1920x1080_30fps_8bit_420_130f,2,35,97.172903
Spreadsheet_1920x1080_30fps_8bit_420_130f,2,36,97.146576
Spreadsheet_1920x1080_30fps_8bit_420_130f,2,37,97.102742
Spreadsheet_1920x1080_30fps_8bit_420_130f,2,38,97.042998
Spreadsheet_1920x1080_30fps_8bit_420_130f,2,39,96.997139
Spreadsheet_1920x1080_30fps_8bit_420_130f,2,40,96.975447
Spreadsheet_1920x1080_30fps_8bit_420_130f,2,41,96.916405
Spreadsheet_1920x1080_30fps_8bit_420_130f,2,42,96.879767
Spreadsheet_1920x1080_30fps_8bit_420_130f,2,43,96.818553
Spreadsheet_1920x1080_30fps_8bit_420_130f,2,44,96.774833
Spreadsheet_1920x1080_30fps_8bit_420_130f,2,45,96.716079
Spreadsheet_1920x1080_30fps_8bit_420_130f,2,46,96.669076
Spreadsheet_1920x1080_30fps_8bit_420_130f,2,47,96.586004
Spreadsheet_1920x1080_30fps_8bit_420_130f,2,48,96.572031
Spreadsheet_1920x1080_30fps_8bit_420_130f,2,49,96.479839
Spreadsheet_1920x1080_30fps_8bit_420_130f,2,50,96.398006
Spreadsheet_1920x1080_30fps_8bit_420_130f,2,51,96.314876
Spreadsheet_1920x1080_30fps_8bit_420_130f,2,52,96.227299
Spreadsheet_1920x1080_30fps_8bit_420_130f,2,53,96.116341
Spreadsheet_1920x1080_30fps_8bit_420_130f,2,54,96.06198
Spreadsheet_1920x1080_30fps_8bit_420_130f,2,55,95.938601
Spreadsheet_1920x1080_30fps_8bit_420_130f,2,56,95.792842
Spreadsheet_1920x1080_30fps_8bit_420_130f,2,58,95.446897
Spreadsheet_1920x1080_30fps_8bit_420_130f,2,60,94.822569
Spreadsheet_1920x1080_30fps_8bit_420_130f,2,63,92.286787
TreesAndGrass_1920_1080_30fps_8bit,2,20,99.967034
TreesAndGrass_1920_1080_30fps_8bit,2,24,99.963653
TreesAndGrass_1920_1080_30fps_8bit,2,27,99.958632
TreesAndGrass_1920_1080_30fps_8bit,2,28,99.956555
TreesAndGrass_1920_1080_30fps_8bit,2,29,99.955505
TreesAndGrass_1920_1080_30fps_8bit,2,30,99.948035
TreesAndGrass_1920_1080_30fps_8bit,2,31,99.939629
TreesAndGrass_1920_1080_30fps_8bit,2,32,99.933032
TreesAndGrass_1920_1080_30fps_8bit,2,33,99.923626
TreesAndGrass_1920_1080_30fps_8bit,2,34,99.914218
TreesAndGrass_1920_1080_30fps_8bit,2,35,99.902641
TreesAndGrass_1920_1080_30fps_8bit,2,36,99.884701
TreesAndGrass_1920_1080_30fps_8bit,2,37,99.872331
TreesAndGrass_1920_1080_30fps_8bit,2,38,99.85358
TreesAndGrass_1920_1080_30fps_8bit,2,39,99.823326
TreesAndGrass_1920_1080_30fps_8bit,2,40,99.803172
TreesAndGrass_1920_1080_30fps_8bit,2,41,99.770509
TreesAndGrass_1920_1080_30fps_8bit,2,42,99.736511
TreesAndGrass_1920_1080_30fps_8bit,2,43,99.691178
TreesAndGrass_1920_1080_30fps_8bit,2,44,99.643736
TreesAndGrass_1920_1080_30fps_8bit,2,45,99.60008
TreesAndGrass_1920_1080_30fps_8bit,2,46,99.572523
TreesAndGrass_1920_1080_30fps_8bit,2,47,99.522679
TreesAndGrass_1920_1080_30fps_8bit,2,48,99.448587
TreesAndGrass_1920_1080_30fps_8bit,2,49,99.341657
TreesAndGrass_1920_1080_30fps_8bit,2,50,99.137792
TreesAndGrass_1920_1080_30fps_8bit,2,51,98.860003
TreesAndGrass_1920_1080_30fps_8bit,2,52,98.485318
TreesAndGrass_1920_1080_30fps_8bit,2,53,98.036051
TreesAndGrass_1920_1080_30fps_8bit,2,54,97.383403
TreesAndGrass_1920_1080_30fps_8bit,2,55,96.621059
TreesAndGrass_1920_1080_30fps_8bit,2,56,95.629069
TreesAndGrass_1920_1080_30fps_8bit,2,58,92.795624
TreesAndGrass_1920_1080_30fps_8bit,2,60,88.115084
TreesAndGrass_1920_1080_30fps_8bit,2,63,71.438882
Crosswalk_3840x2160_5994fps_10bit_420,2,20,96.00791
Crosswalk_3840x2160_5994fps_10bit_420,2,24,95.015773
Crosswalk_3840x2160_5994fps_10bit_420,2,27,93.723096
Crosswalk_3840x2160_5994fps_10bit_420,2,28,93.324088
Crosswalk_3840x2160_5994fps_10bit_420,2,29,92.943162
Crosswalk_3840x2160_5994fps_10bit_420,2,30,92.560709
Crosswalk_3840x2160_5994fps_10bit_420,2,31,92.040301
Crosswalk_3840x2160_5994fps_10bit_420,2,32,91.474917
Crosswalk_3840x2160_5994fps_10bit_420,2,33,90.973238
Crosswalk_3840x2160_5994fps_10bit_420,2,34,90.458903
Crosswalk_3840x2160_5994fps_10bit_420,2,35,89.861559
Crosswalk_3840x2160_5994fps_10bit_420,2,36,89.247923
Crosswalk_3840x2160_5994fps_10bit_420,2,37,88.724359
Crosswalk_3840x2160_5994fps_10bit_420,2,38,88.113699
Crosswalk_3840x2160_5994fps_10bit_420,2,39,87.490635
Crosswalk_3840x2160_5994fps_10bit_420,2,40,86.890188
Crosswalk_3840x2160_5994fps_10bit_420,2,41,86.083013
Crosswalk_3840x2160_5994fps_10bit_420,2,42,85.461236
Crosswalk_3840x2160_5994fps_10bit_420,2,43,84.746561
Crosswalk_3840x2160_5994fps_10bit_420,2,44,84.042354
Crosswalk_3840x2160_5994fps_10bit_420,2,45,83.251729
Crosswalk_3840x2160_5994fps_10bit_420,2,46,82.448986
Crosswalk_3840x2160_5994fps_10bit_420,2,47,81.730651
Crosswalk_3840x2160_5994fps_10bit_420,2,48,80.81922
Crosswalk_3840x2160_5994fps_10bit_420,2,49,80.040899
Crosswalk_3840x2160_5994fps_10bit_420,2,50,79.117179
Crosswalk_3840x2160_5994fps_10bit_420,2,51,78.064726
Crosswalk_3840x2160_5994fps_10bit_420,2,52,77.049838
Crosswalk_3840x2160_5994fps_10bit_420,2,53,75.978168
Crosswalk_3840x2160_5994fps_10bit_420,2,54,74.894875
Crosswalk_3840x2160_5994fps_10bit_420,2,55,73.650999
Crosswalk_3840x2160_5994fps_10bit_420,2,56,71.876456
Crosswalk_3840x2160_5994fps_10bit_420,2,58,69.083492
Crosswalk_3840x2160_5994fps_10bit_420,2,60,64.715289
Crosswalk_3840x2160_5994fps_10bit_420,2,63,48.644679
NocturneDance_3840x2160p_10bit_60fps,2,20,96.102111
NocturneDance_3840x2160p_10bit_60fps,2,24,94.532356
NocturneDance_3840x2160p_10bit_60fps,2,27,92.395849
NocturneDance_3840x2160p_10bit_60fps,2,28,91.623311
NocturneDance_3840x2160p_10bit_60fps,2,29,90.880172
NocturneDance_3840x2160p_10bit_60fps,2,30,90.131753
NocturneDance_3840x2160p_10bit_60fps,2,31,89.085821
NocturneDance_3840x2160p_10bit_60fps,2,32,88.04772
NocturneDance_3840x2160p_10bit_60fps,2,33,87.005605
NocturneDance_3840x2160p_10bit_60fps,2,34,85.942446
NocturneDance_3840x2160p_10bit_60fps,2,35,84.648263
NocturneDance_3840x2160p_10bit_60fps,2,36,83.303218
NocturneDance_3840x2160p_10bit_60fps,2,37,82.036484
NocturneDance_3840x2160p_10bit_60fps,2,38,80.570913
NocturneDance_3840x2160p_10bit_60fps,2,39,79.103221
NocturneDance_3840x2160p_10bit_60fps,2,40,77.766215
NocturneDance_3840x2160p_10bit_60fps,2,41,76.192559
NocturneDance_3840x2160p_10bit_60fps,2,42,74.664435
NocturneDance_3840x2160p_10bit_60fps,2,43,72.899567
NocturneDance_3840x2160p_10bit_60fps,2,44,71.385728
NocturneDance_3840x2160p_10bit_60fps,2,45,69.606582
NocturneDance_3840x2160p_10bit_60fps,2,46,67.975253
NocturneDance_3840x2160p_10bit_60fps,2,47,66.375324
NocturneDance_3840x2160p_10bit_60fps,2,48,64.649103
NocturneDance_3840x2160p_10bit_60fps,2,49,62.91188
NocturneDance_3840x2160p_10bit_60fps,2,50,61.143897
NocturneDance_3840x2160p_10bit_60fps,2,51,59.307696
NocturneDance_3840x2160p_10bit_60fps,2,52,57.350679
NocturneDance_3840x2160p_10bit_60fps,2,53,55.269996
NocturneDance_3840x2160p_10bit_60fps,2,54,52.950347
NocturneDance_3840x2160p_10bit_60fps,2,55,50.543829
NocturneDance_3840x2160p_10bit_60fps,2,56,46.98173
NocturneDance_3840x2160p_10bit_60fps,2,58,41.982299
NocturneDance_3840x2160p_10bit_60fps,2,60,34.890369
NocturneDance_3840x2160p_10bit_60fps,2,63,15.928745
Neon1224_3840x2160_2997fps,2,20,99.953278
Neon1224_3840x2160_2997fps,2,24,99.948781
Neon1224_3840x2160_2997fps,2,27,99.943031
Neon1224_3840x2160_2997fps,2,28,99.94014
Neon1224_3840x2160_2997fps,2,29,99.937897
Neon1224_3840x2160_2997fps,2,30,99.928918
Neon1224_3840x2160_2997fps,2,31,99.910803
Neon1224_3840x2160_2997fps,2,32,99.881414
Neon1224_3840x2160_2997fps,2,33,99.81882
Neon1224_3840x2160_2997fps,2,34,99.72893
Neon1224_3840x2160_2997fps,2,35,99.560116
Neon1224_3840x2160_2997fps,2,36,99.304651
Neon1224_3840x2160_2997fps,2,37,98.997866
Neon1224_3840x2160_2997fps,2,38,98.548056
Neon1224_3840x2160_2997fps,2,39,98.065058
Neon1224_3840x2160_2997fps,2,40,97.483196
Neon1224_3840x2160_2997fps,2,41,96.742948
Neon1224_3840x2160_2997fps,2,42,95.981227
Neon1224_3840x2160_2997fps,2,43,95.077093
Neon1224_3840x2160_2997fps,2,44,94.081764
Neon1224_3840x2160_2997fps,2,45,93.029764
Neon1224_3840x2160_2997fps,2,46,91.889889
Neon1224_3840x2160_2997fps,2,47,90.642338
Neon1224_3840x2160_2997fps,2,48,89.145811
Neon1224_3840x2160_2997fps,2,49,87.881529
Neon1224_3840x2160_2997fps,2,50,86.346971
Neon1224_3840x2160_2997fps,2,51,84.824941
Neon1224_3840x2160_2997fps,2,52,83.372202
Neon1224_3840x2160_2997fps,2,53,81.698505
Neon1224_3840x2160_2997fps,2,54,79.810527
Neon1224_3840x2160_2997fps,2,55,77.850334
Neon1224_3840x2160_2997fps,2,56,75.182443
Neon1224_3840x2160_2997fps,2,58,69.857655
Neon1224_3840x2160_2997fps,2,60,63.299545
Neon1224_3840x2160_2997fps,2,63,39.089559
PierSeaSide_3840x2160_2997fps_10bit_420_v2,2,20,99.806197
PierSeaSide_3840x2160_2997fps_10bit_420_v2,2,24,99.67406
PierSeaSide_3840x2160_2997fps_10bit_420_v2,2,27,99.470297
PierSeaSide_3840x2160_2997fps_10bit_420_v2,2,28,99.388418
PierSeaSide_3840x2160_2997fps_10bit_420_v2,2,29,99.305055
PierSeaSide_3840x2160_2997fps_10bit_420_v2,2,30,99.243918
PierSeaSide_3840x2160_2997fps_10bit_420_v2,2,31,99.12452
PierSeaSide_3840x2160_2997fps_10bit_420_v2,2,32,99.015068
PierSeaSide_3840x2160_2997fps_10bit_420_v2,2,33,98.770717
PierSeaSide_3840x2160_2997fps_10bit_420_v2,2,34,98.796451
PierSeaSide_3840x2160_2997fps_10bit_420_v2,2,35,98.467102
PierSeaSide_3840x2160_2997fps_10bit_420_v2,2,36,98.277099
PierSeaSide_3840x2160_2997fps_10bit_420_v2,2,37,98.359798
PierSeaSide_3840x2160_2997fps_10bit_420_v2,2,38,98.202903
PierSeaSide_3840x2160_2997fps_10bit_420_v2,2,39,98.001381
PierSeaSide_3840x2160_2997fps_10bit_420_v2,2,40,97.847256
PierSeaSide_3840x2160_2997fps_10bit_420_v2,2,41,97.119786
PierSeaSide_3840x2160_2997fps_10bit_420_v2,2,42,96.900225
PierSeaSide_3840x2160_2997fps_10bit_420_v2,2,43,97.123485
PierSeaSide_3840x2160_2997fps_10bit_420_v2,2,44,96.861015
PierSeaSide_3840x2160_2997fps_10bit_420_v2,2,45,95.916643
PierSeaSide_3840x2160_2997fps_10bit_420_v2,2,46,95.578585
PierSeaSide_3840x2160_2997fps_10bit_420_v2,2,47,95.970459
PierSeaSide_3840x2160_2997fps_10bit_420_v2,2,48,94.853132
PierSeaSide_3840x2160_2997fps_10bit_420_v2,2,49,94.471558
PierSeaSide_3840x2160_2997fps_10bit_420_v2,2,50,94.73677
PierSeaSide_3840x2160_2997fps_10bit_420_v2,2,51,93.596453
PierSeaSide_3840x2160_2997fps_10bit_420_v2,2,52,94.036786
PierSeaSide_3840x2160_2997fps_10bit_420_v2,2,53,93.595501
PierSeaSide_3840x2160_2997fps_10bit_420_v2,2,54,93.00263
PierSeaSide_3840x2160_2997fps_10bit_420_v2,2,55,92.372695
PierSeaSide_3840x2160_2997fps_10bit_420_v2,2,56,91.829887
PierSeaSide_3840x2160_2997fps_10bit_420_v2,2,58,89.816156
PierSeaSide_3840x2160_2997fps_10bit_420_v2,2,60,88.415821
PierSeaSide_3840x2160_2997fps_10bit_420_v2,2,63,79.256504
FoodMarket2_3840x2160_5994fps_10bit_420,2,20,99.958588
FoodMarket2_3840x2160_5994fps_10bit_420,2,24,99.95473
FoodMarket2_3840x2160_5994fps_10bit_420,2,27,99.950754
FoodMarket2_3840x2160_5994fps_10bit_420,2,28,99.946249
FoodMarket2_3840x2160_5994fps_10bit_420,2,29,99.944632
FoodMarket2_3840x2160_5994fps_10bit_420,2,30,99.942506
FoodMarket2_3840x2160_5994fps_10bit_420,2,31,99.938927
FoodMarket2_3840x2160_5994fps_10bit_420,2,32,99.936049
FoodMarket2_3840x2160_5994fps_10bit_420,2,33,99.932466
FoodMarket2_3840x2160_5994fps_10bit_420,2,34,99.929955
FoodMarket2_3840x2160_5994fps_10bit_420,2,35,99.929109
FoodMarket2_3840x2160_5994fps_10bit_420,2,36,99.926629
FoodMarket2_3840x2160_5994fps_10bit_420,2,37,99.922584
FoodMarket2_3840x2160_5994fps_10bit_420,2,38,99.919224
FoodMarket2_3840x2160_5994fps_10bit_420,2,39,99.916289
FoodMarket2_3840x2160_5994fps_10bit_420,2,40,99.912588
FoodMarket2_3840x2160_5994fps_10bit_420,2,41,99.907384
FoodMarket2_3840x2160_5994fps_10bit_420,2,42,99.875421
FoodMarket2_3840x2160_5994fps_10bit_420,2,43,99.794527
FoodMarket2_3840x2160_5994fps_10bit_420,2,44,99.767761
FoodMarket2_3840x2160_5994fps_10bit_420,2,45,99.613077
FoodMarket2_3840x2160_5994fps_10bit_420,2,46,99.493041
FoodMarket2_3840x2160_5994fps_10bit_420,2,47,99.378173
FoodMarket2_3840x2160_5994fps_10bit_420,2,48,99.175182
FoodMarket2_3840x2160_5994fps_10bit_420,2,49,98.883089
FoodMarket2_3840x2160_5994fps_10bit_420,2,50,98.59603
FoodMarket2_3840x2160_5994fps_10bit_420,2,51,98.198864
FoodMarket2_3840x2160_5994fps_10bit_420,2,52,97.676991
FoodMarket2_3840x2160_5994fps_10bit_420,2,53,97.055846
FoodMarket2_3840x2160_5994fps_10bit_420,2,54,96.281504
FoodMarket2_3840x2160_5994fps_10bit_420,2,55,95.302534
FoodMarket2_3840x2160_5994fps_10bit_420,2,56,94.053611
FoodMarket2_3840x2160_5994fps_10bit_420,2,58,91.972757
FoodMarket2_3840x2160_5994fps_10bit_420,2,60,87.749608
FoodMarket2_3840x2160_5994fps_10bit_420,2,63,71.932425
BoxingPractice_3840x2160_5994fps_10bit_420,2,20,99.964001
BoxingPractice_3840x2160_5994fps_10bit_420,2,24,99.961853
BoxingPractice_3840x2160_5994fps_10bit_420,2,27,99.959751
BoxingPractice_3840x2160_5994fps_10bit_420,2,28,99.95909
BoxingPractice_3840x2160_5994fps_10bit_420,2,29,99.958067
BoxingPractice_3840x2160_5994fps_10bit_420,2,30,99.957242
BoxingPractice_3840x2160_5994fps_10bit_420,2,31,99.956811
BoxingPractice_3840x2160_5994fps_10bit_420,2,32,99.954333
BoxingPractice_3840x2160_5994fps_10bit_420,2,33,99.947263
BoxingPractice_3840x2160_5994fps_10bit_420,2,34,99.92992
BoxingPractice_3840x2160_5994fps_10bit_420,2,35,99.913574
BoxingPractice_3840x2160_5994fps_10bit_420,2,36,99.731398
BoxingPractice_3840x2160_5994fps_10bit_420,2,37,99.808499
BoxingPractice_3840x2160_5994fps_10bit_420,2,38,99.369248
BoxingPractice_3840x2160_5994fps_10bit_420,2,39,99.463513
BoxingPractice_3840x2160_5994fps_10bit_420,2,40,98.86945
BoxingPractice_3840x2160_5994fps_10bit_420,2,41,98.641609
BoxingPractice_3840x2160_5994fps_10bit_420,2,42,98.250602
BoxingPractice_3840x2160_5994fps_10bit_420,2,43,98.021907
BoxingPractice_3840x2160_5994fps_10bit_420,2,44,97.985405
BoxingPractice_3840x2160_5994fps_10bit_420,2,45,97.202995
BoxingPractice_3840x2160_5994fps_10bit_420,2,46,96.836211
BoxingPractice_3840x2160_5994fps_10bit_420,2,47,96.887775
BoxingPractice_3840x2160_5994fps_10bit_420,2,48,96.003105
BoxingPractice_3840x2160_5994fps_10bit_420,2,49,96.061472
BoxingPractice_3840x2160_5994fps_10bit_420,2,50,95.162735
BoxingPractice_3840x2160_5994fps_10bit_420,2,51,95.170501
BoxingPractice_3840x2160_5994fps_10bit_420,2,52,94.271236
BoxingPractice_3840x2160_5994fps_10bit_420,2,53,93.730854
BoxingPractice_3840x2160_5994fps_10bit_420,2,54,93.172069
BoxingPractice_3840x2160_5994fps_10bit_420,2,55,92.459281
BoxingPractice_3840x2160_5994fps_10bit_420,2,56,91.503769
BoxingPractice_3840x2160_5994fps_10bit_420,2,58,90.177046
BoxingPractice_3840x2160_5994fps_10bit_420,2,60,87.5807
BoxingPractice_3840x2160_5994fps_10bit_420,2,63,76.295147
Tango_3840x2160_5994fps_10bit_420,2,20,98.240692
Tango_3840x2160_5994fps_10bit_420,2,24,97.171912
Tango_3840x2160_5994fps_10bit_420,2,27,95.865208
Tango_3840x2160_5994fps_10bit_420,2,28,95.483294
Tango_3840x2160_5994fps_10bit_420,2,29,95.144548
Tango_3840x2160_5994fps_10bit_420,2,30,94.783947
Tango_3840x2160_5994fps_10bit_420,2,31,94.277017
Tango_3840x2160_5994fps_10bit_420,2,32,93.764368
Tango_3840x2160_5994fps_10bit_420,2,33,93.230104
Tango_3840x2160_5994fps_10bit_420,2,34,92.770606
Tango_3840x2160_5994fps_10bit_420,2,35,92.281723
Tango_3840x2160_5994fps_10bit_420,2,36,91.753799
Tango_3840x2160_5994fps_10bit_420,2,37,91.182801
Tango_3840x2160_5994fps_10bit_420,2,38,90.5357
Tango_3840x2160_5994fps_10bit_420,2,39,89.926938
Tango_3840x2160_5994fps_10bit_420,2,40,89.340113
Tango_3840x2160_5994fps_10bit_420,2,41,88.539525
Tango_3840x2160_5994fps_10bit_420,2,42,87.853455
Tango_3840x2160_5994fps_10bit_420,2,43,87.109055
Tango_3840x2160_5994fps_10bit_420,2,44,86.441785
Tango_3840x2160_5994fps_10bit_420,2,45,85.668692
Tango_3840x2160_5994fps_10bit_420,2,46,84.901867
Tango_3840x2160_5994fps_10bit_420,2,47,84.0841
Tango_3840x2160_5994fps_10bit_420,2,48,83.291026
Tango_3840x2160_5994fps_10bit_420,2,49,82.514087
Tango_3840x2160_5994fps_10bit_420,2,50,81.677896
Tango_3840x2160_5994fps_10bit_420,2,51,80.695949
Tango_3840x2160_5994fps_10bit_420,2,52,79.806582
Tango_3840x2160_5994fps_10bit_420,2,53,78.685911
Tango_3840x2160_5994fps_10bit_420,2,54,77.649185
Tango_3840x2160_5994fps_10bit_420,2,55,76.402075
Tango_3840x2160_5994fps_10bit_420,2,56,74.708896
Tango_3840x2160_5994fps_10bit_420,2,58,71.838902
Tango_3840x2160_5994fps_10bit_420,2,60,67.439514
Tango_3840x2160_5994fps_10bit_420,2,63,51.855135
TimeLapse_3840x2160_5994fps_10bit_420,2,20,95.680976
TimeLapse_3840x2160_5994fps_10bit_420,2,24,95.262529
TimeLapse_3840x2160_5994fps_10bit_420,2,27,94.739631
TimeLapse_3840x2160_5994fps_10bit_420,2,28,94.562931
TimeLapse_3840x2160_5994fps_10bit_420,2,29,94.379497
TimeLapse_3840x2160_5994fps_10bit_420,2,30,94.226642
TimeLapse_3840x2160_5994fps_10bit_420,2,31,93.992979
TimeLapse_3840x2160_5994fps_10bit_420,2,32,93.758846
TimeLapse_3840x2160_5994fps_10bit_420,2,33,93.538176
TimeLapse_3840x2160_5994fps_10bit_420,2,34,93.307287
TimeLapse_3840x2160_5994fps_10bit_420,2,35,93.027804
TimeLapse_3840x2160_5994fps_10bit_420,2,36,92.786874
TimeLapse_3840x2160_5994fps_10bit_420,2,37,92.52451
TimeLapse_3840x2160_5994fps_10bit_420,2,38,92.276978
TimeLapse_3840x2160_5994fps_10bit_420,2,39,91.964151
TimeLapse_3840x2160_5994fps_10bit_420,2,40,91.756462
TimeLapse_3840x2160_5994fps_10bit_420,2,41,91.423232
TimeLapse_3840x2160_5994fps_10bit_420,2,42,91.143445
TimeLapse_3840x2160_5994fps_10bit_420,2,43,90.805168
TimeLapse_3840x2160_5994fps_10bit_420,2,44,90.513647
TimeLapse_3840x2160_5994fps_10bit_420,2,45,90.154526
TimeLapse_3840x2160_5994fps_10bit_420,2,46,89.856039
TimeLapse_3840x2160_5994fps_10bit_420,2,47,89.522048
TimeLapse_3840x2160_5994fps_10bit_420,2,48,89.138005
TimeLapse_3840x2160_5994fps_10bit_420,2,49,88.792898
TimeLapse_3840x2160_5994fps_10bit_420,2,50,88.415485
TimeLapse_3840x2160_5994fps_10bit_420,2,51,88.035204
TimeLapse_3840x2160_5994fps_10bit_420,2,52,87.564302
TimeLapse_3840x2160_5994fps_10bit_420,2,53,87.140617
TimeLapse_3840x2160_5994fps_10bit_420,2,54,86.583806
TimeLapse_3840x2160_5994fps_10bit_420,2,55,86.043846
TimeLapse_3840x2160_5994fps_10bit_420,2,56,85.331417
TimeLapse_3840x2160_5994fps_10bit_420,2,58,83.848191
TimeLapse_3840x2160_5994fps_10bit_420,2,60,81.685064
TimeLapse_3840x2160_5994fps_10bit_420,2,63,73.407018
SparksElevator_480x270p_5994_10bit,1,20,97.425856
SparksElevator_480x270p_5994_10bit,1,24,96.761325
SparksElevator_480x270p_5994_10bit,1,27,95.884464
SparksElevator_480x270p_5994_10bit,1,28,95.580658
SparksElevator_480x270p_5994_10bit,1,29,95.163857
SparksElevator_480x270p_5994_10bit,1,30,94.959179
SparksElevator_480x270p_5994_10bit,1,31,94.580516
SparksElevator_480x270p_5994_10bit,1,32,94.136844
SparksElevator_480x270p_5994_10bit,1,33,93.72847
SparksElevator_480x270p_5994_10bit,1,34,93.327542
SparksElevator_480x270p_5994_10bit,1,35,92.875155
SparksElevator_480x270p_5994_10bit,1,36,92.41194
SparksElevator_480x270p_5994_10bit,1,37,91.926708
SparksElevator_480x270p_5994_10bit,1,38,91.40191
SparksElevator_480x270p_5994_10bit,1,39,90.883402
SparksElevator_480x270p_5994_10bit,1,40,90.440692
SparksElevator_480x270p_5994_10bit,1,41,89.782675
SparksElevator_480x270p_5994_10bit,1,42,89.181802
SparksElevator_480x270p_5994_10bit,1,43,88.630462
SparksElevator_480x270p_5994_10bit,1,44,88.075838
SparksElevator_480x270p_5994_10bit,1,45,87.455584
SparksElevator_480x270p_5994_10bit,1,46,86.853866
SparksElevator_480x270p_5994_10bit,1,47,86.325836
SparksElevator_480x270p_5994_10bit,1,48,85.638908
SparksElevator_480x270p_5994_10bit,1,49,84.896482
SparksElevator_480x270p_5994_10bit,1,50,84.076412
SparksElevator_480x270p_5994_10bit,1,51,83.404881
SparksElevator_480x270p_5994_10bit,1,52,82.683232
SparksElevator_480x270p_5994_10bit,1,53,81.722401
SparksElevator_480x270p_5994_10bit,1,54,80.944535
SparksElevator_480x270p_5994_10bit,1,55,79.775867
SparksElevator_480x270p_5994_10bit,1,56,78.621082
SparksElevator_480x270p_5994_10bit,1,58,76.038635
SparksElevator_480x270p_5994_10bit,1,60,71.917036
SparksElevator_480x270p_5994_10bit,1,63,58.179311
ParkJoy_480x270_50,1,20,99.788247
ParkJoy_480x270_50,1,24,99.540307
ParkJoy_480x270_50,1,27,99.153268
ParkJoy_480x270_50,1,28,98.979198
ParkJoy_480x270_50,1,29,98.798342
ParkJoy_480x270_50,1,30,98.584167
ParkJoy_480x270_50,1,31,98.315893
ParkJoy_480x270_50,1,32,98.011025
ParkJoy_480x270_50,1,33,97.688512
ParkJoy_480x270_50,1,34,97.414102
ParkJoy_480x270_50,1,35,96.929925
ParkJoy_480x270_50,1,36,96.486237
ParkJoy_480x270_50,1,37,96.028816
ParkJoy_480x270_50,1,38,95.410607
ParkJoy_480x270_50,1,39,94.891015
ParkJoy_480x270_50,1,40,94.471025
ParkJoy_480x270_50,1,41,93.882704
ParkJoy_480x270_50,1,42,93.291685
ParkJoy_480x270_50,1,43,92.821332
ParkJoy_480x270_50,1,44,92.192422
ParkJoy_480x270_50,1,45,91.543974
ParkJoy_480x270_50,1,46,90.987508
ParkJoy_480x270_50,1,47,90.303835
ParkJoy_480x270_50,1,48,89.607796
ParkJoy_480x270_50,1,49,88.79143
ParkJoy_480x270_50,1,50,88.139566
ParkJoy_480x270_50,1,51,87.267328
ParkJoy_480x270_50,1,52,86.202034
ParkJoy_480x270_50,1,53,85.294385
ParkJoy_480x270_50,1,54,84.111265
ParkJoy_480x270_50,1,55,82.924785
ParkJoy_480x270_50,1,56,81.503097
ParkJoy_480x270_50,1,58,77.549267
ParkJoy_480x270_50,1,60,72.182434
ParkJoy_480x270_50,1,63,52.546416
BlueSky_360p25,1,20,98.831693
BlueSky_360p25,1,24,98.760267
BlueSky_360p25,1,27,98.636512
BlueSky_360p25,1,28,98.584834
BlueSky_360p25,1,29,98.543622
BlueSky_360p25,1,30,98.51435
BlueSky_360p25,1,31,98.462449
BlueSky_360p25,1,32,98.400442
BlueSky_360p25,1,33,98.336347
BlueSky_360p25,1,34,98.300332
BlueSky_360p25,1,35,98.244228
BlueSky_360p25,1,36,98.188754
BlueSky_360p25,1,37,98.09846
BlueSky_360p25,1,38,98.032492
BlueSky_360p25,1,39,97.984427
BlueSky_360p25,1,40,97.918975
BlueSky_360p25,1,41,97.821528
BlueSky_360p25,1,42,97.765906
BlueSky_360p25,1,43,97.645518
BlueSky_360p25,1,44,97.586316
BlueSky_360p25,1,45,97.476446
BlueSky_360p25,1,46,97.40551
BlueSky_360p25,1,47,97.330705
BlueSky_360p25,1,48,97.200514
BlueSky_360p25,1,49,97.050551
BlueSky_360p25,1,50,96.825634
BlueSky_360p25,1,51,96.676322
BlueSky_360p25,1,52,96.46135
BlueSky_360p25,1,53,96.04243
BlueSky_360p25,1,54,95.740644
BlueSky_360p25,1,55,95.281048
BlueSky_360p25,1,56,94.621335
BlueSky_360p25,1,58,93.079967
BlueSky_360p25,1,60,90.666835
BlueSky_360p25,1,63,80.343642
SnowMountain_640x360_2997,1,20,95.974227
SnowMountain_640x360_2997,1,24,95.785449
SnowMountain_640x360_2997,1,27,95.613421
SnowMountain_640x360_2997,1,28,95.54147
SnowMountain_640x360_2997,1,29,95.514244
SnowMountain_640x360_2997,1,30,95.50026
SnowMountain_640x360_2997,1,31,95.410718
SnowMountain_640x360_2997,1,32,95.357365
SnowMountain_640x360_2997,1,33,95.295527
SnowMountain_640x360_2997,1,34,95.245543
SnowMountain_640x360_2997,1,35,95.159815
SnowMountain_640x360_2997,1,36,95.063941
SnowMountain_640x360_2997,1,37,95.028685
SnowMountain_640x360_2997,1,38,94.890935
SnowMountain_640x360_2997,1,39,94.837601
SnowMountain_640x360_2997,1,40,94.764962
SnowMountain_640x360_2997,1,41,94.711037
SnowMountain_640x360_2997,1,42,94.652372
SnowMountain_640x360_2997,1,43,94.51486
SnowMountain_640x360_2997,1,44,94.406219
SnowMountain_640x360_2997,1,45,94.344965
SnowMountain_640x360_2997,1,46,94.211285
SnowMountain_640x360_2997,1,47,94.217196
SnowMountain_640x360_2997,1,48,94.026729
SnowMountain_640x360_2997,1,49,93.990218
SnowMountain_640x360_2997,1,50,93.899935
SnowMountain_640x360_2997,1,51,93.61281
SnowMountain_640x360_2997,1,52,93.494968
SnowMountain_640x360_2997,1,53,93.386782
SnowMountain_640x360_2997,1,54,93.095104
SnowMountain_640x360_2997,1,55,92.933557
SnowMountain_640x360_2997,1,56,92.751934
SnowMountain_640x360_2997,1,58,92.050272
SnowMountain_640x360_2997,1,60,91.215632
SnowMountain_640x360_2997,1,63,86.702979
RedKayak_360_2997,1,20,99.953443
RedKayak_360_2997,1,24,99.944463
RedKayak_360_2997,1,27,99.915126
RedKayak_360_2997,1,28,99.860237
RedKayak_360_2997,1,29,99.737977
RedKayak_360_2997,1,30,99.58652
RedKayak_360_2997,1,31,99.267613
RedKayak_360_2997,1,32,98.801939
RedKayak_360_2997,1,33,98.161582
RedKayak_360_2997,1,34,97.302055
RedKayak_360_2997,1,35,96.104701
RedKayak_360_2997,1,36,94.450878
RedKayak_360_2997,1,37,93.06017
RedKayak_360_2997,1,38,91.192701
RedKayak_360_2997,1,39,89.432547
RedKayak_360_2997,1,40,87.70954
RedKayak_360_2997,1,41,85.581942
RedKayak_360_2997,1,42,83.672271
RedKayak_360_2997,1,43,81.444564
RedKayak_360_2997,1,44,79.23608
RedKayak_360_2997,1,45,76.951087
RedKayak_360_2997,1,46,74.565697
RedKayak_360_2997,1,47,72.274398
RedKayak_360_2997,1,48,69.799136
RedKayak_360_2997,1,49,67.513545
RedKayak_360_2997,1,50,64.919897
RedKayak_360_2997,1,51,62.208285
RedKayak_360_2997,1,52,59.280468
RedKayak_360_2997,1,53,56.188228
RedKayak_360_2997,1,54,52.954433
RedKayak_360_2997,1,55,49.474735
RedKayak_360_2997,1,56,43.395441
RedKayak_360_2997,1,58,34.966981
RedKayak_360_2997,1,60,26.113854
RedKayak_360_2997,1,63,8.286013
TouchdownPass_640x360_2997,1,20,98.141092
TouchdownPass_640x360_2997,1,24,97.842325
TouchdownPass_640x360_2997,1,27,97.403425
TouchdownPass_640x360_2997,1,28,97.276207
TouchdownPass_640x360_2997,1,29,97.144412
TouchdownPass_640x360_2997,1,30,96.982973
TouchdownPass_640x360_2997,1,31,96.855192
TouchdownPass_640x360_2997,1,32,96.607459
TouchdownPass_640x360_2997,1,33,96.501254
TouchdownPass_640x360_2997,1,34,96.342712
TouchdownPass_640x360_2997,1,35,96.104425
TouchdownPass_640x360_2997,1,36,95.798987
TouchdownPass_640x360_2997,1,37,95.608197
TouchdownPass_640x360_2997,1,38,95.297152
TouchdownPass_640x360_2997,1,39,95.030183
TouchdownPass_640x360_2997,1,40,94.772947
TouchdownPass_640x360_2997,1,41,94.418526
TouchdownPass_640x360_2997,1,42,94.12429
TouchdownPass_640x360_2997,1,43,93.878484
TouchdownPass_640x360_2997,1,44,93.544424
TouchdownPass_640x360_2997,1,45,93.094818
TouchdownPass_640x360_2997,1,46,92.681373
TouchdownPass_640x360_2997,1,47,92.36382
TouchdownPass_640x360_2997,1,48,91.929163
TouchdownPass_640x360_2997,1,49,91.430121
TouchdownPass_640x360_2997,1,50,90.93211
TouchdownPass_640x360_2997,1,51,90.42253
TouchdownPass_640x360_2997,1,52,89.895875
TouchdownPass_640x360_2997,1,53,89.134462
TouchdownPass_640x360_2997,1,54,88.53475
TouchdownPass_640x360_2997,1,55,87.615048
TouchdownPass_640x360_2997,1,56,86.595957
TouchdownPass_640x360_2997,1,58,84.522826
TouchdownPass_640x360_2997,1,60,80.633322
TouchdownPass_640x360_2997,1,63,65.558781
Stockholm_640x360_5994,1,20,99.967985
Stockholm_640x360_5994,1,24,99.966686
Stockholm_640x360_5994,1,27,99.962427
Stockholm_640x360_5994,1,28,99.961628
Stockholm_640x360_5994,1,29,99.963391
Stockholm_640x360_5994,1,30,99.957854
Stockholm_640x360_5994,1,31,99.953321
Stockholm_640x360_5994,1,32,99.943518
Stockholm_640x360_5994,1,33,99.942723
Stockholm_640x360_5994,1,34,99.943964
Stockholm_640x360_5994,1,35,99.920442
Stockholm_640x360_5994,1,36,99.906407
Stockholm_640x360_5994,1,37,99.878618
Stockholm_640x360_5994,1,38,99.818848
Stockholm_640x360_5994,1,39,99.801442
Stockholm_640x360_5994,1,40,99.772037
Stockholm_640x360_5994,1,41,99.694153
Stockholm_640x360_5994,1,42,99.675288
Stockholm_640x360_5994,1,43,99.582174
Stockholm_640x360_5994,1,44,99.568504
Stockholm_640x360_5994,1,45,99.468537
Stockholm_640x360_5994,1,46,99.33186
Stockholm_640x360_5994,1,47,99.134922
Stockholm_640x360_5994,1,48,99.129478
Stockholm_640x360_5994,1,49,98.970164
Stockholm_640x360_5994,1,50,98.776843
Stockholm_640x360_5994,1,51,98.502113
Stockholm_640x360_5994,1,52,98.319733
Stockholm_640x360_5994,1,53,98.035776
Stockholm_640x360_5994,1,54,97.801043
Stockholm_640x360_5994,1,55,97.384635
Stockholm_640x360_5994,1,56,97.05579
Stockholm_640x360_5994,1,58,96.084337
Stockholm_640x360_5994,1,60,94.126045
Stockholm_640x360_5994,1,63,86.162437
SpeedBag_640x360_2997,1,20,97.984821
SpeedBag_640x360_2997,1,24,97.807643
SpeedBag_640x360_2997,1,27,97.555945
SpeedBag_640x360_2997,1,28,97.416655
SpeedBag_640x360_2997,1,29,97.350302
SpeedBag_640x360_2997,1,30,97.26603
SpeedBag_640x360_2997,1,31,97.146684
SpeedBag_640x360_2997,1,32,96.959145
SpeedBag_640x360_2997,1,33,96.832098
SpeedBag_640x360_2997,1,34,96.606722
SpeedBag_640x360_2997,1,35,96.444956
SpeedBag_640x360_2997,1,36,96.340458
SpeedBag_640x360_2997,1,37,96.113038
SpeedBag_640x360_2997,1,38,95.818782
SpeedBag_640x360_2997,1,39,95.632973
SpeedBag_640x360_2997,1,40,95.384528
SpeedBag_640x360_2997,1,41,95.149409
SpeedBag_640x360_2997,1,42,94.941081
SpeedBag_640x360_2997,1,43,94.636307
SpeedBag_640x360_2997,1,44,94.200475
SpeedBag_640x360_2997,1,45,94.012748
SpeedBag_640x360_2997,1,46,93.731269
SpeedBag_640x360_2997,1,47,93.190607
SpeedBag_640x360_2997,1,48,92.826029
SpeedBag_640x360_2997,1,49,92.42844
SpeedBag_640x360_2997,1,50,92.144705
SpeedBag_640x360_2997,1,51,91.583661
SpeedBag_640x360_2997,1,52,90.831796
SpeedBag_640x360_2997,1,53,90.263529
SpeedBag_640x360_2997,1,54,89.687605
SpeedBag_640x360_2997,1,55,88.775911
SpeedBag_640x360_2997,1,56,87.903434
SpeedBag_640x360_2997,1,58,86.12687
SpeedBag_640x360_2997,1,60,82.524642
SpeedBag_640x360_2997,1,63,70.863779
KristenAndSara_1280x720_60,1,20,97.115245
KristenAndSara_1280x720_60,1,24,96.984412
KristenAndSara_1280x720_60,1,27,96.798961
KristenAndSara_1280x720_60,1,28,96.756219
KristenAndSara_1280x720_60,1,29,96.696733
KristenAndSara_1280x720_60,1,30,96.640831
KristenAndSara_1280x720_60,1,31,96.572179
KristenAndSara_1280x720_60,1,32,96.468793
KristenAndSara_1280x720_60,1,33,96.401595
KristenAndSara_1280x720_60,1,34,96.302181
KristenAndSara_1280x720_60,1,35,96.198377
KristenAndSara_1280x720_60,1,36,96.11096
KristenAndSara_1280x720_60,1,37,95.95727
KristenAndSara_1280x720_60,1,38,95.799105
KristenAndSara_1280x720_60,1,39,95.690345
KristenAndSara_1280x720_60,1,40,95.588288
KristenAndSara_1280x720_60,1,41,95.444501
KristenAndSara_1280x720_60,1,42,95.364422
KristenAndSara_1280x720_60,1,43,95.101483
KristenAndSara_1280x720_60,1,44,94.964814
KristenAndSara_1280x720_60,1,45,94.794268
KristenAndSara_1280x720_60,1,46,94.63709
KristenAndSara_1280x720_60,1,47,94.520994
KristenAndSara_1280x720_60,1,48,94.394058
KristenAndSara_1280x720_60,1,49,94.086247
KristenAndSara_1280x720_60,1,50,93.955941
KristenAndSara_1280x720_60,1,51,93.621005
KristenAndSara_1280x720_60,1,52,93.454143
KristenAndSara_1280x720_60,1,53,93.219741
KristenAndSara_1280x720_60,1,54,92.835743
KristenAndSara_1280x720_60,1,55,92.639331
KristenAndSara_1280x720_60,1,56,92.078458
KristenAndSara_1280x720_60,1,58,91.401515
KristenAndSara_1280x720_60,1,60,89.784348
KristenAndSara_1280x720_60,1,63,84.178447
RollerCoaster_1280x720p_5994_10bit_420,1,20,99.964974
RollerCoaster_1280x720p_5994_10bit_420,1,24,99.964493
RollerCoaster_1280x720p_5994_10bit_420,1,27,99.961685
RollerCoaster_1280x720p_5994_10bit_420,1,28,99.959085
RollerCoaster_1280x720p_5994_10bit_420,1,29,99.95621
RollerCoaster_1280x720p_5994_10bit_420,1,30,99.952738
RollerCoaster_1280x720p_5994_10bit_420,1,31,99.945112
RollerCoaster_1280x720p_5994_10bit_420,1,32,99.925978
RollerCoaster_1280x720p_5994_10bit_420,1,33,99.895842
RollerCoaster_1280x720p_5994_10bit_420,1,34,99.872256
RollerCoaster_1280x720p_5994_10bit_420,1,35,99.821182
RollerCoaster_1280x720p_5994_10bit_420,1,36,99.740155
RollerCoaster_1280x720p_5994_10bit_420,1,37,99.680626
RollerCoaster_1280x720p_5994_10bit_420,1,38,99.524597
RollerCoaster_1280x720p_5994_10bit_420,1,39,99.390641
RollerCoaster_1280x720p_5994_10bit_420,1,40,99.233948
RollerCoaster_1280x720p_5994_10bit_420,1,41,98.996257
RollerCoaster_1280x720p_5994_10bit_420,1,42,98.784922
RollerCoaster_1280x720p_5994_10bit_420,1,43,98.446733
RollerCoaster_1280x720p_5994_10bit_420,1,44,98.111557
RollerCoaster_1280x720p_5994_10bit_420,1,45,97.736587
RollerCoaster_1280x720p_5994_10bit_420,1,46,97.32562
RollerCoaster_1280x720p_5994_10bit_420,1,47,96.934558
RollerCoaster_1280x720p_5994_10bit_420,1,48,96.377285
RollerCoaster_1280x720p_5994_10bit_420,1,49,95.87514
RollerCoaster_1280x720p_5994_10bit_420,1,50,95.344729
RollerCoaster_1280x720p_5994_10bit_420,1,51,94.678537
RollerCoaster_1280x720p_5994_10bit_420,1,52,93.971896
RollerCoaster_1280x720p_5994_10bit_420,1,53,93.183233
RollerCoaster_1280x720p_5994_10bit_420,1,54,92.367308
RollerCoaster_1280x720p_5994_10bit_420,1,55,91.453562
RollerCoaster_1280x720p_5994_10bit_420,1,56,89.896337
RollerCoaster_1280x720p_5994_10bit_420,1,58,87.221172
RollerCoaster_1280x720p_5994_10bit_420,1,60,82.80323
RollerCoaster_1280x720p_5994_10bit_420,1,63,65.788342
WestWindEasy_1280x720p30_420,1,20,99.965453
WestWindEasy_1280x720p30_420,1,24,99.96304
WestWindEasy_1280x720p30_420,1,27,99.960499
WestWindEasy_1280x720p30_420,1,28,99.959615
WestWindEasy_1280x720p30_420,1,29,99.959257
WestWindEasy_1280x720p30_420,1,30,99.95861
WestWindEasy_1280x720p30_420,1,31,99.957595
WestWindEasy_1280x720p30_420,1,32,99.956755
WestWindEasy_1280x720p30_420,1,33,99.955601
WestWindEasy_1280x720p30_420,1,34,99.954787
WestWindEasy_1280x720p30_420,1,35,99.953751
WestWindEasy_1280x720p30_420,1,36,99.952773
WestWindEasy_1280x720p30_420,1,37,99.951939
WestWindEasy_1280x720p30_420,1,38,99.950647
WestWindEasy_1280x720p30_420,1,39,99.948351
WestWindEasy_1280x720p30_420,1,40,99.932446
WestWindEasy_1280x720p30_420,1,41,99.835418
WestWindEasy_1280x720p30_420,1,42,99.667641
WestWindEasy_1280x720p30_420,1,43,99.341491
WestWindEasy_1280x720p30_420,1,44,98.903761
WestWindEasy_1280x720p30_420,1,45,98.341699
WestWindEasy_1280x720p30_420,1,46,97.642822
WestWindEasy_1280x720p30_420,1,47,96.674456
WestWindEasy_1280x720p30_420,1,48,95.791801
WestWindEasy_1280x720p30_420,1,49,94.780835
WestWindEasy_1280x720p30_420,1,50,93.869681
WestWindEasy_1280x720p30_420,1,51,92.779669
WestWindEasy_1280x720p30_420,1,52,91.600517
WestWindEasy_1280x720p30_420,1,53,90.370699
WestWindEasy_1280x720p30_420,1,54,89.200448
WestWindEasy_1280x720p30_420,1,55,87.90987
WestWindEasy_1280x720p30_420,1,56,85.862168
WestWindEasy_1280x720p30_420,1,58,82.580741
WestWindEasy_1280x720p30_420,1,60,78.565522
WestWindEasy_1280x720p30_420,1,63,68.197478
Vidyo4_1280x720p_60fps,1,20,97.397851
Vidyo4_1280x720p_60fps,1,24,97.057788
Vidyo4_1280x720p_60fps,1,27,96.762679
Vidyo4_1280x720p_60fps,1,28,96.673822
Vidyo4_1280x720p_60fps,1,29,96.576365
Vidyo4_1280x720p_60fps,1,30,96.497908
Vidyo4_1280x720p_60fps,1,31,96.398936
Vidyo4_1280x720p_60fps,1,32,96.304654
Vidyo4_1280x720p_60fps,1,33,96.201435
Vidyo4_1280x720p_60fps,1,34,96.086336
Vidyo4_1280x720p_60fps,1,35,95.959679
Vidyo4_1280x720p_60fps,1,36,95.818711
Vidyo4_1280x720p_60fps,1,37,95.690021
Vidyo4_1280x720p_60fps,1,38,95.536823
Vidyo4_1280x720p_60fps,1,39,95.40312
Vidyo4_1280x720p_60fps,1,40,95.277548
Vidyo4_1280x720p_60fps,1,41,95.073293
Vidyo4_1280x720p_60fps,1,42,94.938133
Vidyo4_1280x720p_60fps,1,43,94.713794
Vidyo4_1280x720p_60fps,1,44,94.484346
Vidyo4_1280x720p_60fps,1,45,94.356672
Vidyo4_1280x720p_60fps,1,46,94.123403
Vidyo4_1280x720p_60fps,1,47,93.840686
Vidyo4_1280x720p_60fps,1,48,93.570151
Vidyo4_1280x720p_60fps,1,49,93.401114
Vidyo4_1280x720p_60fps,1,50,93.010129
Vidyo4_1280x720p_60fps,1,51,92.773077
Vidyo4_1280x720p_60fps,1,52,92.422029
Vidyo4_1280x720p_60fps,1,53,92.120452
Vidyo4_1280x720p_60fps,1,54,91.722418
Vidyo4_1280x720p_60fps,1,55,91.134342
Vidyo4_1280x720p_60fps,1,56,90.807148
Vidyo4_1280x720p_60fps,1,58,89.640579
Vidyo4_1280x720p_60fps,1,60,87.798481
Vidyo4_1280x720p_60fps,1,63,80.088801
Vidyo3_1280x720p_60fps,1,20,96.680915
Vidyo3_1280x720p_60fps,1,24,96.32332
Vidyo3_1280x720p_60fps,1,27,95.96195
Vidyo3_1280x720p_60fps,1,28,95.829871
Vidyo3_1280x720p_60fps,1,29,95.706277
Vidyo3_1280x720p_60fps,1,30,95.691087
Vidyo3_1280x720p_60fps,1,31,95.552429
Vidyo3_1280x720p_60fps,1,32,95.417953
Vidyo3_1280x720p_60fps,1,33,95.31569
Vidyo3_1280x720p_60fps,1,34,95.278848
Vidyo3_1280x720p_60fps,1,35,95.141621
Vidyo3_1280x720p_60fps,1,36,94.974308
Vidyo3_1280x720p_60fps,1,37,94.862221
Vidyo3_1280x720p_60fps,1,38,94.680341
Vidyo3_1280x720p_60fps,1,39,94.572648
Vidyo3_1280x720p_60fps,1,40,94.483417
Vidyo3_1280x720p_60fps,1,41,94.227099
Vidyo3_1280x720p_60fps,1,42,94.197693
Vidyo3_1280x720p_60fps,1,43,93.823975
Vidyo3_1280x720p_60fps,1,44,93.555629
Vidyo3_1280x720p_60fps,1,45,93.363429
Vidyo3_1280x720p_60fps,1,46,93.262804
Vidyo3_1280x720p_60fps,1,47,93.001776
Vidyo3_1280x720p_60fps,1,48,92.739653
Vidyo3_1280x720p_60fps,1,49,92.834306
Vidyo3_1280x720p_60fps,1,50,92.622759
Vidyo3_1280x720p_60fps,1,51,91.998285
Vidyo3_1280x720p_60fps,1,52,91.698486
Vidyo3_1280x720p_60fps,1,53,91.38495
Vidyo3_1280x720p_60fps,1,54,91.066719
Vidyo3_1280x720p_60fps,1,55,90.477144
Vidyo3_1280x720p_60fps,1,56,90.015927
Vidyo3_1280x720p_60fps,1,58,88.939835
Vidyo3_1280x720p_60fps,1,60,86.987843
Vidyo3_1280x720p_60fps,1,63,78.649903
ControlledBurn_1280x720p30_420,1,20,97.543558
ControlledBurn_1280x720p30_420,1,24,96.780562
ControlledBurn_1280x720p30_420,1,27,95.755574
ControlledBurn_1280x720p30_420,1,28,95.383587
ControlledBurn_1280x720p30_420,1,29,95.020588
ControlledBurn_1280x720p30_420,1,30,94.66084
ControlledBurn_1280x720p30_420,1,31,94.197746
ControlledBurn_1280x720p30_420,1,32,93.638732
ControlledBurn_1280x720p30_420,1,33,93.128944
ControlledBurn_1280x720p30_420,1,34,92.620239
ControlledBurn_1280x720p30_420,1,35,92.015008
ControlledBurn_1280x720p30_420,1,36,91.332777
ControlledBurn_1280x720p30_420,1,37,90.737777
ControlledBurn_1280x720p30_420,1,38,89.988943
ControlledBurn_1280x720p30_420,1,39,89.265176
ControlledBurn_1280x720p30_420,1,40,88.493175
ControlledBurn_1280x720p30_420,1,41,87.688425
ControlledBurn_1280x720p30_420,1,42,86.907502
ControlledBurn_1280x720p30_420,1,43,85.962092
ControlledBurn_1280x720p30_420,1,44,85.153069
ControlledBurn_1280x720p30_420,1,45,84.211958
ControlledBurn_1280x720p30_420,1,46,83.362409
ControlledBurn_1280x720p30_420,1,47,82.494266
ControlledBurn_1280x720p30_420,1,48,81.420589
ControlledBurn_1280x720p30_420,1,49,80.499417
ControlledBurn_1280x720p30_420,1,50,79.533772
ControlledBurn_1280x720p30_420,1,51,78.483424
ControlledBurn_1280x720p30_420,1,52,77.405424
ControlledBurn_1280x720p30_420,1,53,76.166545
ControlledBurn_1280x720p30_420,1,54,75.020234
ControlledBurn_1280x720p30_420,1,55,73.776402
ControlledBurn_1280x720p30_420,1,56,71.935148
ControlledBurn_1280x720p30_420,1,58,68.844586
ControlledBurn_1280x720p30_420,1,60,65.119426
ControlledBurn_1280x720p30_420,1,63,53.589676
DrivingPOV_1280x720p_5994_10bit_420,1,20,99.896598
DrivingPOV_1280x720p_5994_10bit_420,1,24,99.851018
DrivingPOV_1280x720p_5994_10bit_420,1,27,99.779835
DrivingPOV_1280x720p_5994_10bit_420,1,28,99.742391
DrivingPOV_1280x720p_5994_10bit_420,1,29,99.696574
DrivingPOV_1280x720p_5994_10bit_420,1,30,99.650703
DrivingPOV_1280x720p_5994_10bit_420,1,31,99.595148
DrivingPOV_1280x720p_5994_10bit_420,1,32,99.515324
DrivingPOV_1280x720p_5994_10bit_420,1,33,99.42621
DrivingPOV_1280x720p_5994_10bit_420,1,34,99.360227
DrivingPOV_1280x720p_5994_10bit_420,1,35,99.20431
DrivingPOV_1280x720p_5994_10bit_420,1,36,99.08567
DrivingPOV_1280x720p_5994_10bit_420,1,37,98.975147
DrivingPOV_1280x720p_5994_10bit_420,1,38,98.808845
DrivingPOV_1280x720p_5994_10bit_420,1,39,98.657474
DrivingPOV_1280x720p_5994_10bit_420,1,40,98.482324
DrivingPOV_1280x720p_5994_10bit_420,1,41,98.259486
DrivingPOV_1280x720p_5994_10bit_420,1,42,98.065761
DrivingPOV_1280x720p_5994_10bit_420,1,43,97.867812
DrivingPOV_1280x720p_5994_10bit_420,1,44,97.586646
DrivingPOV_1280x720p_5994_10bit_420,1,45,97.322599
DrivingPOV_1280x720p_5994_10bit_420,1,46,97.082706
DrivingPOV_1280x720p_5994_10bit_420,1,47,96.813698
DrivingPOV_1280x720p_5994_10bit_420,1,48,96.508604
DrivingPOV_1280x720p_5994_10bit_420,1,49,96.206949
DrivingPOV_1280x720p_5994_10bit_420,1,50,95.836858
DrivingPOV_1280x720p_5994_10bit_420,1,51,95.493792
DrivingPOV_1280x720p_5994_10bit_420,1,52,95.0651
DrivingPOV_1280x720p_5994_10bit_420,1,53,94.62306
DrivingPOV_1280x720p_5994_10bit_420,1,54,94.140242
DrivingPOV_1280x720p_5994_10bit_420,1,55,93.618007
DrivingPOV_1280x720p_5994_10bit_420,1,56,92.820733
DrivingPOV_1280x720p_5994_10bit_420,1,58,91.371835
DrivingPOV_1280x720p_5994_10bit_420,1,60,88.812751
DrivingPOV_1280x720p_5994_10bit_420,1,63,77.340682
Johnny_1280x720_60,1,20,96.912112
Johnny_1280x720_60,1,24,96.778454
Johnny_1280x720_60,1,27,96.610326
Johnny_1280x720_60,1,28,96.584392
Johnny_1280x720_60,1,29,96.511222
Johnny_1280x720_60,1,30,96.458495
Johnny_1280x720_60,1,31,96.400567
Johnny_1280x720_60,1,32,96.289342
Johnny_1280x720_60,1,33,96.224826
Johnny_1280x720_60,1,34,96.159278
Johnny_1280x720_60,1,35,96.067711
Johnny_1280x720_60,1,36,95.989643
Johnny_1280x720_60,1,37,95.922847
Johnny_1280x720_60,1,38,95.763437
Johnny_1280x720_60,1,39,95.7319
Johnny_1280x720_60,1,40,95.595014
Johnny_1280x720_60,1,41,95.45396
Johnny_1280x720_60,1,42,95.426343
Johnny_1280x720_60,1,43,95.305397
Johnny_1280x720_60,1,44,95.095908
Johnny_1280x720_60,1,45,94.971991
Johnny_1280x720_60,1,46,94.861782
Johnny_1280x720_60,1,47,94.779795
Johnny_1280x720_60,1,48,94.611181
Johnny_1280x720_60,1,49,94.441404
Johnny_1280x720_60,1,50,94.036109
Johnny_1280x720_60,1,51,93.985426
Johnny_1280x720_60,1,52,93.736429
Johnny_1280x720_60,1,53,93.533666
Johnny_1280x720_60,1,54,93.183722
Johnny_1280x720_60,1,55,92.888121
Johnny_1280x720_60,1,56,92.531055
Johnny_1280x720_60,1,58,91.820412
Johnny_1280x720_60,1,60,90.396686
Johnny_1280x720_60,1,63,85.396148
RushFieldCuts_1920x1080_2997,1,20,99.395653
RushFieldCuts_1920x1080_2997,1,24,98.533869
RushFieldCuts_1920x1080_2997,1,27,97.208367
RushFieldCuts_1920x1080_2997,1,28,96.771014
RushFieldCuts_1920x1080_2997,1,29,96.316945
RushFieldCuts_1920x1080_2997,1,30,95.906351
RushFieldCuts_1920x1080_2997,1,31,95.367376
RushFieldCuts_1920x1080_2997,1,32,94.794955
RushFieldCuts_1920x1080_2997,1,33,94.317515
RushFieldCuts_1920x1080_2997,1,34,93.864688
RushFieldCuts_1920x1080_2997,1,35,93.341079
RushFieldCuts_1920x1080_2997,1,36,92.760225
RushFieldCuts_1920x1080_2997,1,37,92.243049
RushFieldCuts_1920x1080_2997,1,38,91.688513
RushFieldCuts_1920x1080_2997,1,39,91.117044
RushFieldCuts_1920x1080_2997,1,40,90.556573
RushFieldCuts_1920x1080_2997,1,41,89.906308
RushFieldCuts_1920x1080_2997,1,42,89.312894
RushFieldCuts_1920x1080_2997,1,43,88.639296
RushFieldCuts_1920x1080_2997,1,44,87.932294
RushFieldCuts_1920x1080_2997,1,45,87.265186
RushFieldCuts_1920x1080_2997,1,46,86.477071
RushFieldCuts_1920x1080_2997,1,47,85.734945
RushFieldCuts_1920x1080_2997,1,48,84.944058
RushFieldCuts_1920x1080_2997,1,49,84.074341
RushFieldCuts_1920x1080_2997,1,50,83.284311
RushFieldCuts_1920x1080_2997,1,51,82.359619
RushFieldCuts_1920x1080_2997,1,52,81.368198
RushFieldCuts_1920x1080_2997,1,53,80.346514
RushFieldCuts_1920x1080_2997,1,54,79.163086
RushFieldCuts_1920x1080_2997,1,55,77.95661
RushFieldCuts_1920x1080_2997,1,56,76.247445
RushFieldCuts_1920x1080_2997,1,58,72.78605
RushFieldCuts_1920x1080_2997,1,60,67.877809
RushFieldCuts_1920x1080_2997,1,63,52.122686
Riverbed_1920x1080p25,1,20,99.944479
Riverbed_1920x1080p25,1,24,99.932612
Riverbed_1920x1080p25,1,27,99.919844
Riverbed_1920x1080p25,1,28,99.913371
Riverbed_1920x1080p25,1,29,99.907138
Riverbed_1920x1080p25,1,30,99.90224
Riverbed_1920x1080p25,1,31,99.896159
Riverbed_1920x1080p25,1,32,99.888257
Riverbed_1920x1080p25,1,33,99.871213
Riverbed_1920x1080p25,1,34,99.679216
Riverbed_1920x1080p25,1,35,99.021303
Riverbed_1920x1080p25,1,36,97.745271
Riverbed_1920x1080p25,1,37,96.540547
Riverbed_1920x1080p25,1,38,94.913056
Riverbed_1920x1080p25,1,39,93.374226
Riverbed_1920x1080p25,1,40,91.761193
Riverbed_1920x1080p25,1,41,89.890578
Riverbed_1920x1080p25,1,42,88.099486
Riverbed_1920x1080p25,1,43,86.024793
Riverbed_1920x1080p25,1,44,84.037642
Riverbed_1920x1080p25,1,45,81.930769
Riverbed_1920x1080p25,1,46,79.621292
Riverbed_1920x1080p25,1,47,77.405714
Riverbed_1920x1080p25,1,48,75.226125
Riverbed_1920x1080p25,1,49,72.89028
Riverbed_1920x1080p25,1,50,70.497779
Riverbed_1920x1080p25,1,51,68.090641
Riverbed_1920x1080p25,1,52,65.734418
Riverbed_1920x1080p25,1,53,63.141708
Riverbed_1920x1080p25,1,54,60.546187
Riverbed_1920x1080p25,1,55,57.783257
Riverbed_1920x1080p25,1,56,53.917273
Riverbed_1920x1080p25,1,58,47.400411
Riverbed_1920x1080p25,1,60,40.744872
Riverbed_1920x1080p25,1,63,21.561978
Slides1_1920x1080_30fps_8bit_420,1,20,98.282562
Slides1_1920x1080_30fps_8bit_420,1,24,98.24671
Slides1_1920x1080_30fps_8bit_420,1,27,98.103241
Slides1_1920x1080_30fps_8bit_420,1,28,98.094183
Slides1_1920x1080_30fps_8bit_420,1,29,98.066274
Slides1_1920x1080_30fps_8bit_420,1,30,98.027743
Slides1_1920x1080_30fps_8bit_420,1,31,97.954795
Slides1_1920x1080_30fps_8bit_420,1,32,97.929128
Slides1_1920x1080_30fps_8bit_420,1,33,97.863382
Slides1_1920x1080_30fps_8bit_420,1,34,97.834421
Slides1_1920x1080_30fps_8bit_420,1,35,97.793089
Slides1_1920x1080_30fps_8bit_420,1,36,97.798897
Slides1_1920x1080_30fps_8bit_420,1,37,97.72244
Slides1_1920x1080_30fps_8bit_420,1,38,97.71595
Slides1_1920x1080_30fps_8bit_420,1,39,97.565246
Slides1_1920x1080_30fps_8bit_420,1,40,97.578184
Slides1_1920x1080_30fps_8bit_420,1,41,97.434745
Slides1_1920x1080_30fps_8bit_420,1,42,97.302777
Slides1_1920x1080_30fps_8bit_420,1,43,97.274162
Slides1_1920x1080_30fps_8bit_420,1,44,97.277725
Slides1_1920x1080_30fps_8bit_420,1,45,97.068765
Slides1_1920x1080_30fps_8bit_420,1,46,96.984271
Slides1_1920x1080_30fps_8bit_420,1,47,96.846808
Slides1_1920x1080_30fps_8bit_420,1,48,96.78557
Slides1_1920x1080_30fps_8bit_420,1,49,96.734798
Slides1_1920x1080_30fps_8bit_420,1,50,96.606861
Slides1_1920x1080_30fps_8bit_420,1,51,96.516557
Slides1_1920x1080_30fps_8bit_420,1,52,96.335379
Slides1_1920x1080_30fps_8bit_420,1,53,96.189193
Slides1_1920x1080_30fps_8bit_420,1,54,95.830765
Slides1_1920x1080_30fps_8bit_420,1,55,95.741292
Slides1_1920x1080_30fps_8bit_420,1,56,95.22594
Slides1_1920x1080_30fps_8bit_420,1,58,94.8726
Slides1_1920x1080_30fps_8bit_420,1,60,94.359769
Slides1_1920x1080_30fps_8bit_420,1,63,89.700077
MissionControlClip3_1920x1080_60_420,1,20,97.726815
MissionControlClip3_1920x1080_60_420,1,24,97.691408
MissionControlClip3_1920x1080_60_420,1,27,97.628495
MissionControlClip3_1920x1080_60_420,1,28,97.611196
MissionControlClip3_1920x1080_60_420,1,29,97.594076
MissionControlClip3_1920x1080_60_420,1,30,97.57935
MissionControlClip3_1920x1080_60_420,1,31,97.55862
MissionControlClip3_1920x1080_60_420,1,32,97.536601
MissionControlClip3_1920x1080_60_420,1,33,97.505304
MissionControlClip3_1920x1080_60_420,1,34,97.477501
MissionControlClip3_1920x1080_60_420,1,35,97.464359
MissionControlClip3_1920x1080_60_420,1,36,97.425122
MissionControlClip3_1920x1080_60_420,1,37,97.400664
MissionControlClip3_1920x1080_60_420,1,38,97.350533
MissionControlClip3_1920x1080_60_420,1,39,97.315227
MissionControlClip3_1920x1080_60_420,1,40,97.271547
MissionControlClip3_1920x1080_60_420,1,41,97.246883
MissionControlClip3_1920x1080_60_420,1,42,97.220309
MissionControlClip3_1920x1080_60_420,1,43,97.151515
MissionControlClip3_1920x1080_60_420,1,44,97.110284
MissionControlClip3_1920x1080_60_420,1,45,97.062793
MissionControlClip3_1920x1080_60_420,1,46,97.015441
MissionControlClip3_1920x1080_60_420,1,47,96.981162
MissionControlClip3_1920x1080_60_420,1,48,96.914844
MissionControlClip3_1920x1080_60_420,1,49,96.827931
MissionControlClip3_1920x1080_60_420,1,50,96.763813
MissionControlClip3_1920x1080_60_420,1,51,96.661831
MissionControlClip3_1920x1080_60_420,1,52,96.585293
MissionControlClip3_1920x1080_60_420,1,53,96.515396
MissionControlClip3_1920x1080_60_420,1,54,96.389867
MissionControlClip3_1920x1080_60_420,1,55,96.291712
MissionControlClip3_1920x1080_60_420,1,56,96.158596
MissionControlClip3_1920x1080_60_420,1,58,95.848
MissionControlClip3_1920x1080_60_420,1,60,95.276637
MissionControlClip3_1920x1080_60_420,1,63,92.893301
EuroTruckSimulator2_1920x1080p60,1,20,99.960983
EuroTruckSimulator2_1920x1080p60,1,24,99.956434
EuroTruckSimulator2_1920x1080p60,1,27,99.950938
EuroTruckSimulator2_1920x1080p60,1,28,99.948804
EuroTruckSimulator2_1920x1080p60,1,29,99.947163
EuroTruckSimulator2_1920x1080p60,1,30,99.945157
EuroTruckSimulator2_1920x1080p60,1,31,99.922763
EuroTruckSimulator2_1920x1080p60,1,32,99.785543
EuroTruckSimulator2_1920x1080p60,1,33,99.502478
EuroTruckSimulator2_1920x1080p60,1,34,99.142265
EuroTruckSimulator2_1920x1080p60,1,35,98.658059
EuroTruckSimulator2_1920x1080p60,1,36,98.036901
EuroTruckSimulator2_1920x1080p60,1,37,97.506646
EuroTruckSimulator2_1920x1080p60,1,38,96.772702
EuroTruckSimulator2_1920x1080p60,1,39,96.173027
EuroTruckSimulator2_1920x1080p60,1,40,95.587601
EuroTruckSimulator2_1920x1080p60,1,41,94.865352
EuroTruckSimulator2_1920x1080p60,1,42,94.304423
EuroTruckSimulator2_1920x1080p60,1,43,93.710066
EuroTruckSimulator2_1920x1080p60,1,44,93.185514
EuroTruckSimulator2_1920x1080p60,1,45,92.61853
EuroTruckSimulator2_1920x1080p60,1,46,92.086248
EuroTruckSimulator2_1920x1080p60,1,47,91.624469
EuroTruckSimulator2_1920x1080p60,1,48,91.107352
EuroTruckSimulator2_1920x1080p60,1,49,90.58884
EuroTruckSimulator2_1920x1080p60,1,50,90.086562
EuroTruckSimulator2_1920x1080p60,1,51,89.492848
EuroTruckSimulator2_1920x1080p60,1,52,89.021943
EuroTruckSimulator2_1920x1080p60,1,53,88.194854
EuroTruckSimulator2_1920x1080p60,1,54,87.605436
EuroTruckSimulator2_1920x1080p60,1,55,86.806382
EuroTruckSimulator2_1920x1080p60,1,56,85.72358
EuroTruckSimulator2_1920x1080p60,1,58,83.407539
EuroTruckSimulator2_1920x1080p60,1,60,79.640392
EuroTruckSimulator2_1920x1080p60,1,63,65.987128
PedestrianArea_1920x1080p25,1,20,99.790556
PedestrianArea_1920x1080p25,1,24,99.64417
PedestrianArea_1920x1080p25,1,27,99.331083
PedestrianArea_1920x1080p25,1,28,99.209916
PedestrianArea_1920x1080p25,1,29,99.064228
PedestrianArea_1920x1080p25,1,30,98.858046
PedestrianArea_1920x1080p25,1,31,98.637792
PedestrianArea_1920x1080p25,1,32,98.349123
PedestrianArea_1920x1080p25,1,33,97.997895
PedestrianArea_1920x1080p25,1,34,97.651308
PedestrianArea_1920x1080p25,1,35,97.201729
PedestrianArea_1920x1080p25,1,36,96.691592
PedestrianArea_1920x1080p25,1,37,96.207565
PedestrianArea_1920x1080p25,1,38,95.556781
PedestrianArea_1920x1080p25,1,39,94.952821
PedestrianArea_1920x1080p25,1,40,94.346206
PedestrianArea_1920x1080p25,1,41,93.653217
PedestrianArea_1920x1080p25,1,42,93.040055
PedestrianArea_1920x1080p25,1,43,92.297723
PedestrianArea_1920x1080p25,1,44,91.529064
PedestrianArea_1920x1080p25,1,45,90.731719
PedestrianArea_1920x1080p25,1,46,90.021172
PedestrianArea_1920x1080p25,1,47,89.208946
PedestrianArea_1920x1080p25,1,48,88.369834
PedestrianArea_1920x1080p25,1,49,87.547587
PedestrianArea_1920x1080p25,1,50,86.716228
PedestrianArea_1920x1080p25,1,51,85.764006
PedestrianArea_1920x1080p25,1,52,84.707118
PedestrianArea_1920x1080p25,1,53,83.627262
PedestrianArea_1920x1080p25,1,54,82.560156
PedestrianArea_1920x1080p25,1,55,81.210736
PedestrianArea_1920x1080p25,1,56,79.393336
PedestrianArea_1920x1080p25,1,58,76.196526
PedestrianArea_1920x1080p25,1,60,71.796356
PedestrianArea_1920x1080p25,1,63,55.212483
MountainBike_1920x1080_30fps_8bit,1,20,99.899614
MountainBike_1920x1080_30fps_8bit,1,24,99.885809
MountainBike_1920x1080_30fps_8bit,1,27,99.867062
MountainBike_1920x1080_30fps_8bit,1,28,99.858698
MountainBike_1920x1080_30fps_8bit,1,29,99.851413
MountainBike_1920x1080_30fps_8bit,1,30,99.846599
MountainBike_1920x1080_30fps_8bit,1,31,99.838115
MountainBike_1920x1080_30fps_8bit,1,32,99.826057
MountainBike_1920x1080_30fps_8bit,1,33,99.816402
MountainBike_1920x1080_30fps_8bit,1,34,99.802905
MountainBike_1920x1080_30fps_8bit,1,35,99.791502
MountainBike_1920x1080_30fps_8bit,1,36,99.779231
MountainBike_1920x1080_30fps_8bit,1,37,99.759729
MountainBike_1920x1080_30fps_8bit,1,38,99.74442
MountainBike_1920x1080_30fps_8bit,1,39,99.727235
MountainBike_1920x1080_30fps_8bit,1,40,99.7098
MountainBike_1920x1080_30fps_8bit,1,41,99.677133
MountainBike_1920x1080_30fps_8bit,1,42,99.582616
MountainBike_1920x1080_30fps_8bit,1,43,99.435965
MountainBike_1920x1080_30fps_8bit,1,44,99.228875
MountainBike_1920x1080_30fps_8bit,1,45,98.893515
MountainBike_1920x1080_30fps_8bit,1,46,98.409941
MountainBike_1920x1080_30fps_8bit,1,47,97.780976
MountainBike_1920x1080_30fps_8bit,1,48,96.777231
MountainBike_1920x1080_30fps_8bit,1,49,95.634208
MountainBike_1920x1080_30fps_8bit,1,50,94.314359
MountainBike_1920x1080_30fps_8bit,1,51,92.851967
MountainBike_1920x1080_30fps_8bit,1,52,91.134079
MountainBike_1920x1080_30fps_8bit,1,53,89.23042
MountainBike_1920x1080_30fps_8bit,1,54,87.326508
MountainBike_1920x1080_30fps_8bit,1,55,85.05236
MountainBike_1920x1080_30fps_8bit,1,56,81.969897
MountainBike_1920x1080_30fps_8bit,1,58,76.177404
MountainBike_1920x1080_30fps_8bit,1,60,69.505427
MountainBike_1920x1080_30fps_8bit,1,63,51.471934
OldTownCross_1920x1080p50,1,20,96.678743
OldTownCross_1920x1080p50,1,24,96.194293
OldTownCross_1920x1080p50,1,27,96.215125
OldTownCross_1920x1080p50,1,28,96.233016
OldTownCross_1920x1080p50,1,29,96.183131
OldTownCross_1920x1080p50,1,30,96.159618
OldTownCross_1920x1080p50,1,31,96.128357
OldTownCross_1920x1080p50,1,32,96.053571
OldTownCross_1920x1080p50,1,33,95.992505
OldTownCross_1920x1080p50,1,34,95.931849
OldTownCross_1920x1080p50,1,35,95.863628
OldTownCross_1920x1080p50,1,36,95.76222
OldTownCross_1920x1080p50,1,37,95.673066
OldTownCross_1920x1080p50,1,38,95.579521
OldTownCross_1920x1080p50,1,39,95.485058
OldTownCross_1920x1080p50,1,40,95.365169
OldTownCross_1920x1080p50,1,41,95.260713
OldTownCross_1920x1080p50,1,42,95.150928
OldTownCross_1920x1080p50,1,43,94.997254
OldTownCross_1920x1080p50,1,44,94.885617
OldTownCross_1920x1080p50,1,45,94.772052
OldTownCross_1920x1080p50,1,46,94.509659
OldTownCross_1920x1080p50,1,47,94.283856
OldTownCross_1920x1080p50,1,48,93.98492
OldTownCross_1920x1080p50,1,49,93.690102
OldTownCross_1920x1080p50,1,50,93.43861
OldTownCross_1920x1080p50,1,51,93.173232
OldTownCross_1920x1080p50,1,52,92.85489
OldTownCross_1920x1080p50,1,53,92.372034
OldTownCross_1920x1080p50,1,54,92.026828
OldTownCross_1920x1080p50,1,55,91.492722
OldTownCross_1920x1080p50,1,56,90.78349
OldTownCross_1920x1080p50,1,58,89.975945
OldTownCross_1920x1080p50,1,60,87.718935
OldTownCross_1920x1080p50,1,63,77.048304
SolLevanteFace_sdr_1920x1080_24_10bit,1,20,96.537924
SolLevanteFace_sdr_1920x1080_24_10bit,1,24,95.332113
SolLevanteFace_sdr_1920x1080_24_10bit,1,27,93.633406
SolLevanteFace_sdr_1920x1080_24_10bit,1,28,93.007077
SolLevanteFace_sdr_1920x1080_24_10bit,1,29,92.401644
SolLevanteFace_sdr_1920x1080_24_10bit,1,30,91.849277
SolLevanteFace_sdr_1920x1080_24_10bit,1,31,90.932534
SolLevanteFace_sdr_1920x1080_24_10bit,1,32,90.058744
SolLevanteFace_sdr_1920x1080_24_10bit,1,33,89.197936
SolLevanteFace_sdr_1920x1080_24_10bit,1,34,88.293679
SolLevanteFace_sdr_1920x1080_24_10bit,1,35,87.090234
SolLevanteFace_sdr_1920x1080_24_10bit,1,36,85.932917
SolLevanteFace_sdr_1920x1080_24_10bit,1,37,84.681373
SolLevanteFace_sdr_1920x1080_24_10bit,1,38,83.183511
SolLevanteFace_sdr_1920x1080_24_10bit,1,39,81.724194
SolLevanteFace_sdr_1920x1080_24_10bit,1,40,80.261849
SolLevanteFace_sdr_1920x1080_24_10bit,1,41,78.619002
SolLevanteFace_sdr_1920x1080_24_10bit,1,42,76.994849
SolLevanteFace_sdr_1920x1080_24_10bit,1,43,75.148466
SolLevanteFace_sdr_1920x1080_24_10bit,1,44,73.435385
SolLevanteFace_sdr_1920x1080_24_10bit,1,45,71.562219
SolLevanteFace_sdr_1920x1080_24_10bit,1,46,69.822222
SolLevanteFace_sdr_1920x1080_24_10bit,1,47,67.946919
SolLevanteFace_sdr_1920x1080_24_10bit,1,48,66.100317
SolLevanteFace_sdr_1920x1080_24_10bit,1,49,64.157785
SolLevanteFace_sdr_1920x1080_24_10bit,1,50,62.139548
SolLevanteFace_sdr_1920x1080_24_10bit,1,51,60.052486
SolLevanteFace_sdr_1920x1080_24_10bit,1,52,57.919467
SolLevanteFace_sdr_1920x1080_24_10bit,1,53,55.609914
SolLevanteFace_sdr_1920x1080_24_10bit,1,54,53.335283
SolLevanteFace_sdr_1920x1080_24_10bit,1,55,50.652262
SolLevanteFace_sdr_1920x1080_24_10bit,1,56,47.179771
SolLevanteFace_sdr_1920x1080_24_10bit,1,58,41.343852
SolLevanteFace_sdr_1920x1080_24_10bit,1,60,33.920569
SolLevanteFace_sdr_1920x1080_24_10bit,1,63,16.493957
RitualDance_1920x1080_5994_10bit_420,1,20,99.831185
RitualDance_1920x1080_5994_10bit_420,1,24,99.686049
RitualDance_1920x1080_5994_10bit_420,1,27,99.336808
RitualDance_1920x1080_5994_10bit_420,1,28,99.171893
RitualDance_1920x1080_5994_10bit_420,1,29,98.989529
RitualDance_1920x1080_5994_10bit_420,1,30,98.798696
RitualDance_1920x1080_5994_10bit_420,1,31,98.474599
RitualDance_1920x1080_5994_10bit_420,1,32,98.147812
RitualDance_1920x1080_5994_10bit_420,1,33,97.811678
RitualDance_1920x1080_5994_10bit_420,1,34,97.452859
RitualDance_1920x1080_5994_10bit_420,1,35,96.98598
RitualDance_1920x1080_5994_10bit_420,1,36,96.494923
RitualDance_1920x1080_5994_10bit_420,1,37,95.98586
RitualDance_1920x1080_5994_10bit_420,1,38,95.393127
RitualDance_1920x1080_5994_10bit_420,1,39,94.773216
RitualDance_1920x1080_5994_10bit_420,1,40,94.227441
RitualDance_1920x1080_5994_10bit_420,1,41,93.467376
RitualDance_1920x1080_5994_10bit_420,1,42,92.779428
RitualDance_1920x1080_5994_10bit_420,1,43,92.028471
RitualDance_1920x1080_5994_10bit_420,1,44,91.244052
RitualDance_1920x1080_5994_10bit_420,1,45,90.446615
RitualDance_1920x1080_5994_10bit_420,1,46,89.630154
RitualDance_1920x1080_5994_10bit_420,1,47,88.691915
RitualDance_1920x1080_5994_10bit_420,1,48,87.828675
RitualDance_1920x1080_5994_10bit_420,1,49,86.793331
RitualDance_1920x1080_5994_10bit_420,1,50,85.949505
RitualDance_1920x1080_5994_10bit_420,1,51,84.87446
RitualDance_1920x1080_5994_10bit_420,1,52,83.729395
RitualDance_1920x1080_5994_10bit_420,1,53,82.549774
RitualDance_1920x1080_5994_10bit_420,1,54,81.101697
RitualDance_1920x1080_5994_10bit_420,1,55,79.723878
RitualDance_1920x1080_5994_10bit_420,1,56,77.578276
RitualDance_1920x1080_5994_10bit_420,1,58,74.165482
RitualDance_1920x1080_5994_10bit_420,1,60,68.287806
RitualDance_1920x1080_5994_10bit_420,1,63,47.69703
GlassHalf_1920x1080p_24p_8bit_420,1,20,99.297554
GlassHalf_1920x1080p_24p_8bit_420,1,24,99.222245
GlassHalf_1920x1080p_24p_8bit_420,1,27,99.103852
GlassHalf_1920x1080p_24p_8bit_420,1,28,99.047599
GlassHalf_1920x1080p_24p_8bit_420,1,29,98.996703
GlassHalf_1920x1080p_24p_8bit_420,1,30,98.937831
GlassHalf_1920x1080p_24p_8bit_420,1,31,98.825721
GlassHalf_1920x1080p_24p_8bit_420,1,32,98.715687
GlassHalf_1920x1080p_24p_8bit_420,1,33,98.595125
GlassHalf_1920x1080p_24p_8bit_420,1,34,98.488037
GlassHalf_1920x1080p_24p_8bit_420,1,35,98.328826
GlassHalf_1920x1080p_24p_8bit_420,1,36,98.159427
GlassHalf_1920x1080p_24p_8bit_420,1,37,97.974282
GlassHalf_1920x1080p_24p_8bit_420,1,38,97.793147
GlassHalf_1920x1080p_24p_8bit_420,1,39,97.56977
GlassHalf_1920x1080p_24p_8bit_420,1,40,97.386087
GlassHalf_1920x1080p_24p_8bit_420,1,41,97.125167
GlassHalf_1920x1080p_24p_8bit_420,1,42,96.900287
GlassHalf_1920x1080p_24p_8bit_420,1,43,96.572274
GlassHalf_1920x1080p_24p_8bit_420,1,44,96.265299
GlassHalf_1920x1080p_24p_8bit_420,1,45,95.985041
GlassHalf_1920x1080p_24p_8bit_420,1,46,95.62462
GlassHalf_1920x1080p_24p_8bit_420,1,47,95.342678
GlassHalf_1920x1080p_24p_8bit_420,1,48,94.89915
GlassHalf_1920x1080p_24p_8bit_420,1,49,94.478703
GlassHalf_1920x1080p_24p_8bit_420,1,50,94.055866
GlassHalf_1920x1080p_24p_8bit_420,1,51,93.561427
GlassHalf_1920x1080p_24p_8bit_420,1,52,93.054167
GlassHalf_1920x1080p_24p_8bit_420,1,53,92.461929
GlassHalf_1920x1080p_24p_8bit_420,1,54,91.814413
GlassHalf_1920x1080p_24p_8bit_420,1,55,91.109534
GlassHalf_1920x1080p_24p_8bit_420,1,56,89.830489
GlassHalf_1920x1080p_24p_8bit_420,1,58,88.05224
GlassHalf_1920x1080p_24p_8bit_420,1,60,84.62373
GlassHalf_1920x1080p_24p_8bit_420,1,63,70.236431
MINECRAFT_1080p_60_8bit,1,20,99.852185
MINECRAFT_1080p_60_8bit,1,24,99.753703
MINECRAFT_1080p_60_8bit,1,27,99.603217
MINECRAFT_1080p_60_8bit,1,28,99.554062
MINECRAFT_1080p_60_8bit,1,29,99.494271
MINECRAFT_1080p_60_8bit,1,30,99.435129
MINECRAFT_1080p_60_8bit,1,31,99.363625
MINECRAFT_1080p_60_8bit,1,32,99.274432
MINECRAFT_1080p_60_8bit,1,33,99.186391
MINECRAFT_1080p_60_8bit,1,34,99.077755
MINECRAFT_1080p_60_8bit,1,35,98.942461
MINECRAFT_1080p_60_8bit,1,36,98.667007
MINECRAFT_1080p_60_8bit,1,37,98.405364
MINECRAFT_1080p_60_8bit,1,38,98.018728
MINECRAFT_1080p_60_8bit,1,39,97.541013
MINECRAFT_1080p_60_8bit,1,40,97.064061
MINECRAFT_1080p_60_8bit,1,41,96.41825
MINECRAFT_1080p_60_8bit,1,42,95.707063
MINECRAFT_1080p_60_8bit,1,43,94.926098
MINECRAFT_1080p_60_8bit,1,44,94.050453
MINECRAFT_1080p_60_8bit,1,45,93.12892
MINECRAFT_1080p_60_8bit,1,46,92.178929
MINECRAFT_1080p_60_8bit,1,47,91.240754
MINECRAFT_1080p_60_8bit,1,48,90.162197
MINECRAFT_1080p_60_8bit,1,49,89.171413
MINECRAFT_1080p_60_8bit,1,50,88.069922
MINECRAFT_1080p_60_8bit,1,51,86.875534
MINECRAFT_1080p_60_8bit,1,52,85.499354
MINECRAFT_1080p_60_8bit,1,53,84.179382
MINECRAFT_1080p_60_8bit,1,54,82.769179
MINECRAFT_1080p_60_8bit,1,55,81.110602
MINECRAFT_1080p_60_8bit,1,56,78.774602
MINECRAFT_1080p_60_8bit,1,58,74.293521
MINECRAFT_1080p_60_8bit,1,60,67.811366
MINECRAFT_1080p_60_8bit,1,63,49.000924
MeridianTalk_sdr_1920x1080p_5994_10bit,1,20,95.356538
MeridianTalk_sdr_1920x1080p_5994_10bit,1,24,94.936786
MeridianTalk_sdr_1920x1080p_5994_10bit,1,27,94.412258
MeridianTalk_sdr_1920x1080p_5994_10bit,1,28,94.224485
MeridianTalk_sdr_1920x1080p_5994_10bit,1,29,94.061557
MeridianTalk_sdr_1920x1080p_5994_10bit,1,30,93.870705
MeridianTalk_sdr_1920x1080p_5994_10bit,1,31,93.657911
MeridianTalk_sdr_1920x1080p_5994_10bit,1,32,93.404728
MeridianTalk_sdr_1920x1080p_5994_10bit,1,33,93.207583
MeridianTalk_sdr_1920x1080p_5994_10bit,1,34,92.965399
MeridianTalk_sdr_1920x1080p_5994_10bit,1,35,92.688857
MeridianTalk_sdr_1920x1080p_5994_10bit,1,36,92.418783
MeridianTalk_sdr_1920x1080p_5994_10bit,1,37,92.165306
MeridianTalk_sdr_1920x1080p_5994_10bit,1,38,91.817311
MeridianTalk_sdr_1920x1080p_5994_10bit,1,39,91.512809
MeridianTalk_sdr_1920x1080p_5994_10bit,1,40,91.209338
MeridianTalk_sdr_1920x1080p_5994_10bit,1,41,90.854462
MeridianTalk_sdr_1920x1080p_5994_10bit,1,42,90.5557
MeridianTalk_sdr_1920x1080p_5994_10bit,1,43,90.221185
MeridianTalk_sdr_1920x1080p_5994_10bit,1,44,89.83574
MeridianTalk_sdr_1920x1080p_5994_10bit,1,45,89.518365
MeridianTalk_sdr_1920x1080p_5994_10bit,1,46,89.031402
MeridianTalk_sdr_1920x1080p_5994_10bit,1,47,88.573648
MeridianTalk_sdr_1920x1080p_5994_10bit,1,48,88.111619
MeridianTalk_sdr_1920x1080p_5994_10bit,1,49,87.66413
MeridianTalk_sdr_1920x1080p_5994_10bit,1,50,87.242229
MeridianTalk_sdr_1920x1080p_5994_10bit,1,51,86.692053
MeridianTalk_sdr_1920x1080p_5994_10bit,1,52,86.20916
MeridianTalk_sdr_1920x1080p_5994_10bit,1,53,85.532273
MeridianTalk_sdr_1920x1080p_5994_10bit,1,54,85.119949
MeridianTalk_sdr_1920x1080p_5994_10bit,1,55,84.164591
MeridianTalk_sdr_1920x1080p_5994_10bit,1,56,83.400889
MeridianTalk_sdr_1920x1080p_5994_10bit,1,58,81.841257
MeridianTalk_sdr_1920x1080p_5994_10bit,1,60,79.659011
MeridianTalk_sdr_1920x1080p_5994_10bit,1,63,71.545634
Debugging_1920x1080_30fps_8bit_420,1,20,97.571522
Debugging_1920x1080_30fps_8bit_420,1,24,97.579694
Debugging_1920x1080_30fps_8bit_420,1,27,97.53907
Debugging_1920x1080_30fps_8bit_420,1,28,97.554436
Debugging_1920x1080_30fps_8bit_420,1,29,97.531065
Debugging_1920x1080_30fps_8bit_420,1,30,97.522909
Debugging_1920x1080_30fps_8bit_420,1,31,97.518756
Debugging_1920x1080_30fps_8bit_420,1,32,97.503464
Debugging_1920x1080_30fps_8bit_420,1,33,97.495232
Debugging_1920x1080_30fps_8bit_420,1,34,97.46583
Debugging_1920x1080_30fps_8bit_420,1,35,97.469588
Debugging_1920x1080_30fps_8bit_420,1,36,97.419489
Debugging_1920x1080_30fps_8bit_420,1,37,97.399268
Debugging_1920x1080_30fps_8bit_420,1,38,97.414947
Debugging_1920x1080_30fps_8bit_420,1,39,97.402245
Debugging_1920x1080_30fps_8bit_420,1,40,97.336835
Debugging_1920x1080_30fps_8bit_420,1,41,97.273017
Debugging_1920x1080_30fps_8bit_420,1,42,97.188922
Debugging_1920x1080_30fps_8bit_420,1,43,97.215319
Debugging_1920x1080_30fps_8bit_420,1,44,97.157547
Debugging_1920x1080_30fps_8bit_420,1,45,97.105449
Debugging_1920x1080_30fps_8bit_420,1,46,97.076666
Debugging_1920x1080_30fps_8bit_420,1,47,97.060027
Debugging_1920x1080_30fps_8bit_420,1,48,97.025793
Debugging_1920x1080_30fps_8bit_420,1,49,96.97812
Debugging_1920x1080_30fps_8bit_420,1,50,96.913978
Debugging_1920x1080_30fps_8bit_420,1,51,96.812122
Debugging_1920x1080_30fps_8bit_420,1,52,96.745979
Debugging_1920x1080_30fps_8bit_420,1,53,96.665
Debugging_1920x1080_30fps_8bit_420,1,54,96.616755
Debugging_1920x1080_30fps_8bit_420,1,55,96.536232
Debugging_1920x1080_30fps_8bit_420,1,56,96.38722
Debugging_1920x1080_30fps_8bit_420,1,58,96.209288
Debugging_1920x1080_30fps_8bit_420,1,60,95.707679
Debugging_1920x1080_30fps_8bit_420,1,63,93.805766
DOTA2_1920x1080_60_8bit_420,1,20,96.330416
DOTA2_1920x1080_60_8bit_420,1,24,95.971589
DOTA2_1920x1080_60_8bit_420,1,27,95.451641
DOTA2_1920x1080_60_8bit_420,1,28,95.274509
DOTA2_1920x1080_60_8bit_420,1,29,95.102015
DOTA2_1920x1080_60_8bit_420,1,30,94.956677
DOTA2_1920x1080_60_8bit_420,1,31,94.720149
DOTA2_1920x1080_60_8bit_420,1,32,94.453422
DOTA2_1920x1080_60_8bit_420,1,33,94.211962
DOTA2_1920x1080_60_8bit_420,1,34,93.942873
DOTA2_1920x1080_60_8bit_420,1,35,93.641614
DOTA2_1920x1080_60_8bit_420,1,36,93.31381
DOTA2_1920x1080_60_8bit_420,1,37,93.016323
DOTA2_1920x1080_60_8bit_420,1,38,92.634698
DOTA2_1920x1080_60_8bit_420,1,39,92.283891
DOTA2_1920x1080_60_8bit_420,1,40,91.894957
DOTA2_1920x1080_60_8bit_420,1,41,91.459692
DOTA2_1920x1080_60_8bit_420,1,42,90.976538
DOTA2_1920x1080_60_8bit_420,1,43,90.501791
DOTA2_1920x1080_60_8bit_420,1,44,90.022157
DOTA2_1920x1080_60_8bit_420,1,45,89.48929
DOTA2_1920x1080_60_8bit_420,1,46,88.944911
DOTA2_1920x1080_60_8bit_420,1,47,88.463658
DOTA2_1920x1080_60_8bit_420,1,48,87.797724
DOTA2_1920x1080_60_8bit_420,1,49,87.170035
DOTA2_1920x1080_60_8bit_420,1,50,86.494552
DOTA2_1920x1080_60_8bit_420,1,51,85.801399
DOTA2_1920x1080_60_8bit_420,1,52,85.007649
DOTA2_1920x1080_60_8bit_420,1,53,84.042656
DOTA2_1920x1080_60_8bit_420,1,54,83.245542
DOTA2_1920x1080_60_8bit_420,1,55,82.158275
DOTA2_1920x1080_60_8bit_420,1,56,80.920677
DOTA2_1920x1080_60_8bit_420,1,58,78.06862
DOTA2_1920x1080_60_8bit_420,1,60,73.436906
DOTA2_1920x1080_60_8bit_420,1,63,59.650898
CrowdRun_1920x1080p50,1,20,99.962124
CrowdRun_1920x1080p50,1,24,99.957658
CrowdRun_1920x1080p50,1,27,99.949694
CrowdRun_1920x1080p50,1,28,99.930846
CrowdRun_1920x1080p50,1,29,99.874622
CrowdRun_1920x1080p50,1,30,99.765394
CrowdRun_1920x1080p50,1,31,99.555286
CrowdRun_1920x1080p50,1,32,99.234515
CrowdRun_1920x1080p50,1,33,98.905054
CrowdRun_1920x1080p50,1,34,98.505111
CrowdRun_1920x1080p50,1,35,98.013156
CrowdRun_1920x1080p50,1,36,97.408249
CrowdRun_1920x1080p50,1,37,96.864525
CrowdRun_1920x1080p50,1,38,96.152089
CrowdRun_1920x1080p50,1,39,95.489718
CrowdRun_1920x1080p50,1,40,94.799293
CrowdRun_1920x1080p50,1,41,94.001071
CrowdRun_1920x1080p50,1,42,93.269667
CrowdRun_1920x1080p50,1,43,92.445274
CrowdRun_1920x1080p50,1,44,91.579658
CrowdRun_1920x1080p50,1,45,90.716527
CrowdRun_1920x1080p50,1,46,89.780536
CrowdRun_1920x1080p50,1,47,88.906305
CrowdRun_1920x1080p50,1,48,87.908855
CrowdRun_1920x1080p50,1,49,86.9363
CrowdRun_1920x1080p50,1,50,85.882413
CrowdRun_1920x1080p50,1,51,84.739583
CrowdRun_1920x1080p50,1,52,83.531417
CrowdRun_1920x1080p50,1,53,82.201303
CrowdRun_1920x1080p50,1,54,80.8835
CrowdRun_1920x1080p50,1,55,79.357064
CrowdRun_1920x1080p50,1,56,77.271345
CrowdRun_1920x1080p50,1,58,73.257368
CrowdRun_1920x1080p50,1,60,66.916679
CrowdRun_1920x1080p50,1,63,46.484948
WITCHER3_1920x1080_60_8bit_420,1,20,98.37907
WITCHER3_1920x1080_60_8bit_420,1,24,97.469111
WITCHER3_1920x1080_60_8bit_420,1,27,96.142093
WITCHER3_1920x1080_60_8bit_420,1,28,95.668585
WITCHER3_1920x1080_60_8bit_420,1,29,95.196841
WITCHER3_1920x1080_60_8bit_420,1,30,94.654925
WITCHER3_1920x1080_60_8bit_420,1,31,93.98673
WITCHER3_1920x1080_60_8bit_420,1,32,93.224191
WITCHER3_1920x1080_60_8bit_420,1,33,92.501226
WITCHER3_1920x1080_60_8bit_420,1,34,91.86189
WITCHER3_1920x1080_60_8bit_420,1,35,90.980755
WITCHER3_1920x1080_60_8bit_420,1,36,90.07767
WITCHER3_1920x1080_60_8bit_420,1,37,89.169748
WITCHER3_1920x1080_60_8bit_420,1,38,88.138296
WITCHER3_1920x1080_60_8bit_420,1,39,87.181377
WITCHER3_1920x1080_60_8bit_420,1,40,86.198526
WITCHER3_1920x1080_60_8bit_420,1,41,85.09185
WITCHER3_1920x1080_60_8bit_420,1,42,84.06244
WITCHER3_1920x1080_60_8bit_420,1,43,82.884602
WITCHER3_1920x1080_60_8bit_420,1,44,81.823462
WITCHER3_1920x1080_60_8bit_420,1,45,80.625632
WITCHER3_1920x1080_60_8bit_420,1,46,79.487853
WITCHER3_1920x1080_60_8bit_420,1,47,78.207206
WITCHER3_1920x1080_60_8bit_420,1,48,77.091083
WITCHER3_1920x1080_60_8bit_420,1,49,75.928622
WITCHER3_1920x1080_60_8bit_420,1,50,74.653093
WITCHER3_1920x1080_60_8bit_420,1,51,73.49653
WITCHER3_1920x1080_60_8bit_420,1,52,72.029206
WITCHER3_1920x1080_60_8bit_420,1,53,70.776796
WITCHER3_1920x1080_60_8bit_420,1,54,69.236867
WITCHER3_1920x1080_60_8bit_420,1,55,67.855062
WITCHER3_1920x1080_60_8bit_420,1,56,65.910189
WITCHER3_1920x1080_60_8bit_420,1,58,62.489521
WITCHER3_1920x1080_60_8bit_420,1,60,58.124059
WITCHER3_1920x1080_60_8bit_420,1,63,46.906301
WalkingInStreet_1920x1080_30fps,1,20,99.962137
WalkingInStreet_1920x1080_30fps,1,24,99.958564
WalkingInStreet_1920x1080_30fps,1,27,99.952421
WalkingInStreet_1920x1080_30fps,1,28,99.948803
WalkingInStreet_1920x1080_30fps,1,29,99.946713
WalkingInStreet_1920x1080_30fps,1,30,99.945867
WalkingInStreet_1920x1080_30fps,1,31,99.938607
WalkingInStreet_1920x1080_30fps,1,32,99.912282
WalkingInStreet_1920x1080_30fps,1,33,99.875611
WalkingInStreet_1920x1080_30fps,1,34,99.82894
WalkingInStreet_1920x1080_30fps,1,35,99.730032
WalkingInStreet_1920x1080_30fps,1,36,99.606631
WalkingInStreet_1920x1080_30fps,1,37,99.473968
WalkingInStreet_1920x1080_30fps,1,38,99.30599
WalkingInStreet_1920x1080_30fps,1,39,99.099952
WalkingInStreet_1920x1080_30fps,1,40,98.842251
WalkingInStreet_1920x1080_30fps,1,41,98.543361
WalkingInStreet_1920x1080_30fps,1,42,98.27489
WalkingInStreet_1920x1080_30fps,1,43,97.828556
WalkingInStreet_1920x1080_30fps,1,44,97.36522
WalkingInStreet_1920x1080_30fps,1,45,96.854159
WalkingInStreet_1920x1080_30fps,1,46,96.182216
WalkingInStreet_1920x1080_30fps,1,47,95.553744
WalkingInStreet_1920x1080_30fps,1,48,94.796679
WalkingInStreet_1920x1080_30fps,1,49,93.968632
WalkingInStreet_1920x1080_30fps,1,50,93.136097
WalkingInStreet_1920x1080_30fps,1,51,92.25088
WalkingInStreet_1920x1080_30fps,1,52,91.232434
WalkingInStreet_1920x1080_30fps,1,53,90.193521
WalkingInStreet_1920x1080_30fps,1,54,89.130361
WalkingInStreet_1920x1080_30fps,1,55,87.811682
WalkingInStreet_1920x1080_30fps,1,56,86.140817
WalkingInStreet_1920x1080_30fps,1,58,82.422818
WalkingInStreet_1920x1080_30fps,1,60,77.339155
WalkingInStreet_1920x1080_30fps,1,63,60.412205
ToddlerFountain_1920x1080_2997fps_10bit_420,1,20,99.956982
ToddlerFountain_1920x1080_2997fps_10bit_420,1,24,99.950886
ToddlerFountain_1920x1080_2997fps_10bit_420,1,27,99.943163
ToddlerFountain_1920x1080_2997fps_10bit_420,1,28,99.939548
ToddlerFountain_1920x1080_2997fps_10bit_420,1,29,99.934858
ToddlerFountain_1920x1080_2997fps_10bit_420,1,30,99.932504
ToddlerFountain_1920x1080_2997fps_10bit_420,1,31,99.927236
ToddlerFountain_1920x1080_2997fps_10bit_420,1,32,99.903976
ToddlerFountain_1920x1080_2997fps_10bit_420,1,33,99.779535
ToddlerFountain_1920x1080_2997fps_10bit_420,1,34,99.506808
ToddlerFountain_1920x1080_2997fps_10bit_420,1,35,98.739862
ToddlerFountain_1920x1080_2997fps_10bit_420,1,36,97.752295
ToddlerFountain_1920x1080_2997fps_10bit_420,1,37,96.560674
ToddlerFountain_1920x1080_2997fps_10bit_420,1,38,95.141718
ToddlerFountain_1920x1080_2997fps_10bit_420,1,39,93.69285
ToddlerFountain_1920x1080_2997fps_10bit_420,1,40,92.215538
ToddlerFountain_1920x1080_2997fps_10bit_420,1,41,90.469263
ToddlerFountain_1920x1080_2997fps_10bit_420,1,42,88.888533
ToddlerFountain_1920x1080_2997fps_10bit_420,1,43,87.088833
ToddlerFountain_1920x1080_2997fps_10bit_420,1,44,85.310056
ToddlerFountain_1920x1080_2997fps_10bit_420,1,45,83.395242
ToddlerFountain_1920x1080_2997fps_10bit_420,1,46,81.338883
ToddlerFountain_1920x1080_2997fps_10bit_420,1,47,79.349274
ToddlerFountain_1920x1080_2997fps_10bit_420,1,48,77.227042
ToddlerFountain_1920x1080_2997fps_10bit_420,1,49,75.28391
ToddlerFountain_1920x1080_2997fps_10bit_420,1,50,72.816912
ToddlerFountain_1920x1080_2997fps_10bit_420,1,51,70.437319
ToddlerFountain_1920x1080_2997fps_10bit_420,1,52,68.428499
ToddlerFountain_1920x1080_2997fps_10bit_420,1,53,66.023296
ToddlerFountain_1920x1080_2997fps_10bit_420,1,54,63.462106
ToddlerFountain_1920x1080_2997fps_10bit_420,1,55,60.881896
ToddlerFountain_1920x1080_2997fps_10bit_420,1,56,57.116183
ToddlerFountain_1920x1080_2997fps_10bit_420,1,58,50.477589
ToddlerFountain_1920x1080_2997fps_10bit_420,1,60,43.035109
ToddlerFountain_1920x1080_2997fps_10bit_420,1,63,21.619864
Vertical_bees_1080x1920_2997,1,20,99.209725
Vertical_bees_1080x1920_2997,1,24,98.997431
Vertical_bees_1080x1920_2997,1,27,98.769465
Vertical_bees_1080x1920_2997,1,28,98.683508
Vertical_bees_1080x1920_2997,1,29,98.591354
Vertical_bees_1080x1920_2997,1,30,98.489534
Vertical_bees_1080x1920_2997,1,31,98.354005
Vertical_bees_1080x1920_2997,1,32,98.252841
Vertical_bees_1080x1920_2997,1,33,98.132301
Vertical_bees_1080x1920_2997,1,34,97.971946
Vertical_bees_1080x1920_2997,1,35,97.827474
Vertical_bees_1080x1920_2997,1,36,97.715508
Vertical_bees_1080x1920_2997,1,37,97.445822
Vertical_bees_1080x1920_2997,1,38,97.267614
Vertical_bees_1080x1920_2997,1,39,97.198764
Vertical_bees_1080x1920_2997,1,40,96.854892
Vertical_bees_1080x1920_2997,1,41,96.609408
Vertical_bees_1080x1920_2997,1,42,96.348343
Vertical_bees_1080x1920_2997,1,43,96.080843
Vertical_bees_1080x1920_2997,1,44,95.837928
Vertical_bees_1080x1920_2997,1,45,95.541333
Vertical_bees_1080x1920_2997,1,46,95.26279
Vertical_bees_1080x1920_2997,1,47,94.981639
Vertical_bees_1080x1920_2997,1,48,94.72924
Vertical_bees_1080x1920_2997,1,49,94.325829
Vertical_bees_1080x1920_2997,1,50,93.955309
Vertical_bees_1080x1920_2997,1,51,93.602543
Vertical_bees_1080x1920_2997,1,52,93.259926
Vertical_bees_1080x1920_2997,1,53,92.808646
Vertical_bees_1080x1920_2997,1,54,92.297372
Vertical_bees_1080x1920_2997,1,55,91.752183
Vertical_bees_1080x1920_2997,1,56,90.950276
Vertical_bees_1080x1920_2997,1,58,89.77515
Vertical_bees_1080x1920_2997,1,60,87.497523
Vertical_bees_1080x1920_2997,1,63,78.508271
Wikipedia_1920x1080p30,1,20,98.720658
Wikipedia_1920x1080p30,1,24,98.723362
Wikipedia_1920x1080p30,1,27,98.716157
Wikipedia_1920x1080p30,1,28,98.716136
Wikipedia_1920x1080p30,1,29,98.716385
Wikipedia_1920x1080p30,1,30,98.711229
Wikipedia_1920x1080p30,1,31,98.71471
Wikipedia_1920x1080p30,1,32,98.714978
Wikipedia_1920x1080p30,1,33,98.715287
Wikipedia_1920x1080p30,1,34,98.71787
Wikipedia_1920x1080p30,1,35,98.712199
Wikipedia_1920x1080p30,1,36,98.711914
Wikipedia_1920x1080p30,1,37,98.698765
Wikipedia_1920x1080p30,1,38,98.712076
Wikipedia_1920x1080p30,1,39,98.689909
Wikipedia_1920x1080p30,1,40,98.684099
Wikipedia_1920x1080p30,1,41,98.694177
Wikipedia_1920x1080p30,1,42,98.666998
Wikipedia_1920x1080p30,1,43,98.677985
Wikipedia_1920x1080p30,1,44,98.661096
Wikipedia_1920x1080p30,1,45,98.623809
Wikipedia_1920x1080p30,1,46,98.639026
Wikipedia_1920x1080p30,1,47,98.619449
Wikipedia_1920x1080p30,1,48,98.625993
Wikipedia_1920x1080p30,1,49,98.595386
Wikipedia_1920x1080p30,1,50,98.582786
Wikipedia_1920x1080p30,1,51,98.576726
Wikipedia_1920x1080p30,1,52,98.534663
Wikipedia_1920x1080p30,1,53,98.520738
Wikipedia_1920x1080p30,1,54,98.521174
Wikipedia_1920x1080p30,1,55,98.444632
Wikipedia_1920x1080p30,1,56,98.409743
Wikipedia_1920x1080p30,1,58,98.273877
Wikipedia_1920x1080p30,1,60,98.03659
Wikipedia_1920x1080p30,1,63,97.069277
Spreadsheet_1920x1080_30fps_8bit_420_130f,1,20,97.459377
Spreadsheet_1920x1080_30fps_8bit_420_130f,1,24,97.422557
Spreadsheet_1920x1080_30fps_8bit_420_130f,1,27,97.368608
Spreadsheet_1920x1080_30fps_8bit_420_130f,1,28,97.342835
Spreadsheet_1920x1080_30fps_8bit_420_130f,1,29,97.333324
Spreadsheet_1920x1080_30fps_8bit_420_130f,1,30,97.306458
Spreadsheet_1920x1080_30fps_8bit_420_130f,1,31,97.2875
Spreadsheet_1920x1080_30fps_8bit_420_130f,1,32,97.257647
Spreadsheet_1920x1080_30fps_8bit_420_130f,1,33,97.221992
Spreadsheet_1920x1080_30fps_8bit_420_130f,1,34,97.192927
Spreadsheet_1920x1080_30fps_8bit_420_130f,1,35,97.173578
Spreadsheet_1920x1080_30fps_8bit_420_130f,1,36,97.143188
Spreadsheet_1920x1080_30fps_8bit_420_130f,1,37,97.106511
Spreadsheet_1920x1080_30fps_8bit_420_130f,1,38,97.056474
Spreadsheet_1920x1080_30fps_8bit_420_130f,1,39,97.006102
Spreadsheet_1920x1080_30fps_8bit_420_130f,1,40,96.977556
Spreadsheet_1920x1080_30fps_8bit_420_130f,1,41,96.938427
Spreadsheet_1920x1080_30fps_8bit_420_130f,1,42,96.877615
Spreadsheet_1920x1080_30fps_8bit_420_130f,1,43,96.847279
Spreadsheet_1920x1080_30fps_8bit_420_130f,1,44,96.802473
Spreadsheet_1920x1080_30fps_8bit_420_130f,1,45,96.76413
Spreadsheet_1920x1080_30fps_8bit_420_130f,1,46,96.708735
Spreadsheet_1920x1080_30fps_8bit_420_130f,1,47,96.650482
Spreadsheet_1920x1080_30fps_8bit_420_130f,1,48,96.574851
Spreadsheet_1920x1080_30fps_8bit_420_130f,1,49,96.478219
Spreadsheet_1920x1080_30fps_8bit_420_130f,1,50,96.438124
Spreadsheet_1920x1080_30fps_8bit_420_130f,1,51,96.358914
Spreadsheet_1920x1080_30fps_8bit_420_130f,1,52,96.259421
Spreadsheet_1920x1080_30fps_8bit_420_130f,1,53,96.190398
Spreadsheet_1920x1080_30fps_8bit_420_130f,1,54,96.096989
Spreadsheet_1920x1080_30fps_8bit_420_130f,1,55,96.006262
Spreadsheet_1920x1080_30fps_8bit_420_130f,1,56,95.815672
Spreadsheet_1920x1080_30fps_8bit_420_130f,1,58,95.514299
Spreadsheet_1920x1080_30fps_8bit_420_130f,1,60,94.965661
Spreadsheet_1920x1080_30fps_8bit_420_130f,1,63,92.557411
TreesAndGrass_1920_1080_30fps_8bit,1,20,99.967527
TreesAndGrass_1920_1080_30fps_8bit,1,24,99.963668
TreesAndGrass_1920_1080_30fps_8bit,1,27,99.959001
TreesAndGrass_1920_1080_30fps_8bit,1,28,99.957375
TreesAndGrass_1920_1080_30fps_8bit,1,29,99.95566
TreesAndGrass_1920_1080_30fps_8bit,1,30,99.95365
TreesAndGrass_1920_1080_30fps_8bit,1,31,99.951302
TreesAndGrass_1920_1080_30fps_8bit,1,32,99.942915
TreesAndGrass_1920_1080_30fps_8bit,1,33,99.935658
TreesAndGrass_1920_1080_30fps_8bit,1,34,99.929698
TreesAndGrass_1920_1080_30fps_8bit,1,35,99.920456
TreesAndGrass_1920_1080_30fps_8bit,1,36,99.907081
TreesAndGrass_1920_1080_30fps_8bit,1,37,99.893601
TreesAndGrass_1920_1080_30fps_8bit,1,38,99.878182
TreesAndGrass_1920_1080_30fps_8bit,1,39,99.862156
TreesAndGrass_1920_1080_30fps_8bit,1,40,99.854577
TreesAndGrass_1920_1080_30fps_8bit,1,41,99.833346
TreesAndGrass_1920_1080_30fps_8bit,1,42,99.807524
TreesAndGrass_1920_1080_30fps_8bit,1,43,99.771142
TreesAndGrass_1920_1080_30fps_8bit,1,44,99.73439
TreesAndGrass_1920_1080_30fps_8bit,1,45,99.685876
TreesAndGrass_1920_1080_30fps_8bit,1,46,99.64514
TreesAndGrass_1920_1080_30fps_8bit,1,47,99.603793
TreesAndGrass_1920_1080_30fps_8bit,1,48,99.551086
TreesAndGrass_1920_1080_30fps_8bit,1,49,99.486723
TreesAndGrass_1920_1080_30fps_8bit,1,50,99.398769
TreesAndGrass_1920_1080_30fps_8bit,1,51,99.216987
TreesAndGrass_1920_1080_30fps_8bit,1,52,98.94371
TreesAndGrass_1920_1080_30fps_8bit,1,53,98.567433
TreesAndGrass_1920_1080_30fps_8bit,1,54,98.095428
TreesAndGrass_1920_1080_30fps_8bit,1,55,97.438631
TreesAndGrass_1920_1080_30fps_8bit,1,56,96.539195
TreesAndGrass_1920_1080_30fps_8bit,1,58,94.018178
TreesAndGrass_1920_1080_30fps_8bit,1,60,89.549779
TreesAndGrass_1920_1080_30fps_8bit,1,63,72.933706
Crosswalk_3840x2160_5994fps_10bit_420,1,20,96.061129
Crosswalk_3840x2160_5994fps_10bit_420,1,24,95.106126
Crosswalk_3840x2160_5994fps_10bit_420,1,27,93.840077
Crosswalk_3840x2160_5994fps_10bit_420,1,28,93.479097
Crosswalk_3840x2160_5994fps_10bit_420,1,29,93.081745
Crosswalk_3840x2160_5994fps_10bit_420,1,30,92.712301
Crosswalk_3840x2160_5994fps_10bit_420,1,31,92.183877
Crosswalk_3840x2160_5994fps_10bit_420,1,32,91.659604
Crosswalk_3840x2160_5994fps_10bit_420,1,33,91.155466
Crosswalk_3840x2160_5994fps_10bit_420,1,34,90.657128
Crosswalk_3840x2160_5994fps_10bit_420,1,35,90.095016
Crosswalk_3840x2160_5994fps_10bit_420,1,36,89.457757
Crosswalk_3840x2160_5994fps_10bit_420,1,37,88.873762
Crosswalk_3840x2160_5994fps_10bit_420,1,38,88.23823
Crosswalk_3840x2160_5994fps_10bit_420,1,39,87.575876
Crosswalk_3840x2160_5994fps_10bit_420,1,40,87.081526
Crosswalk_3840x2160_5994fps_10bit_420,1,41,86.379447
Crosswalk_3840x2160_5994fps_10bit_420,1,42,85.766769
Crosswalk_3840x2160_5994fps_10bit_420,1,43,84.948377
Crosswalk_3840x2160_5994fps_10bit_420,1,44,84.334614
Crosswalk_3840x2160_5994fps_10bit_420,1,45,83.570505
Crosswalk_3840x2160_5994fps_10bit_420,1,46,82.808315
Crosswalk_3840x2160_5994fps_10bit_420,1,47,81.974701
Crosswalk_3840x2160_5994fps_10bit_420,1,48,81.164201
Crosswalk_3840x2160_5994fps_10bit_420,1,49,80.322043
Crosswalk_3840x2160_5994fps_10bit_420,1,50,79.473041
Crosswalk_3840x2160_5994fps_10bit_420,1,51,78.412168
Crosswalk_3840x2160_5994fps_10bit_420,1,52,77.483924
Crosswalk_3840x2160_5994fps_10bit_420,1,53,76.432938
Crosswalk_3840x2160_5994fps_10bit_420,1,54,75.352722
Crosswalk_3840x2160_5994fps_10bit_420,1,55,74.011962
Crosswalk_3840x2160_5994fps_10bit_420,1,56,72.317581
Crosswalk_3840x2160_5994fps_10bit_420,1,58,69.621669
Crosswalk_3840x2160_5994fps_10bit_420,1,60,65.163267
Crosswalk_3840x2160_5994fps_10bit_420,1,63,49.236033
NocturneDance_3840x2160p_10bit_60fps,1,20,96.242119
NocturneDance_3840x2160p_10bit_60fps,1,24,94.667636
NocturneDance_3840x2160p_10bit_60fps,1,27,92.513183
NocturneDance_3840x2160p_10bit_60fps,1,28,91.786519
NocturneDance_3840x2160p_10bit_60fps,1,29,91.063606
NocturneDance_3840x2160p_10bit_60fps,1,30,90.329042
NocturneDance_3840x2160p_10bit_60fps,1,31,89.300227
NocturneDance_3840x2160p_10bit_60fps,1,32,88.275507
NocturneDance_3840x2160p_10bit_60fps,1,33,87.268035
NocturneDance_3840x2160p_10bit_60fps,1,34,86.204641
NocturneDance_3840x2160p_10bit_60fps,1,35,85.001296
NocturneDance_3840x2160p_10bit_60fps,1,36,83.724573
NocturneDance_3840x2160p_10bit_60fps,1,37,82.506221
NocturneDance_3840x2160p_10bit_60fps,1,38,81.129764
NocturneDance_3840x2160p_10bit_60fps,1,39,79.705655
NocturneDance_3840x2160p_10bit_60fps,1,40,78.371987
NocturneDance_3840x2160p_10bit_60fps,1,41,76.778553
NocturneDance_3840x2160p_10bit_60fps,1,42,75.337199
NocturneDance_3840x2160p_10bit_60fps,1,43,73.672362
NocturneDance_3840x2160p_10bit_60fps,1,44,72.133862
NocturneDance_3840x2160p_10bit_60fps,1,45,70.50876
NocturneDance_3840x2160p_10bit_60fps,1,46,68.975179
NocturneDance_3840x2160p_10bit_60fps,1,47,67.455793
NocturneDance_3840x2160p_10bit_60fps,1,48,65.843702
NocturneDance_3840x2160p_10bit_60fps,1,49,64.165675
NocturneDance_3840x2160p_10bit_60fps,1,50,62.461154
NocturneDance_3840x2160p_10bit_60fps,1,51,60.709125
NocturneDance_3840x2160p_10bit_60fps,1,52,58.810056
NocturneDance_3840x2160p_10bit_60fps,1,53,56.930263
NocturneDance_3840x2160p_10bit_60fps,1,54,54.785979
NocturneDance_3840x2160p_10bit_60fps,1,55,52.265955
NocturneDance_3840x2160p_10bit_60fps,1,56,48.947334
NocturneDance_3840x2160p_10bit_60fps,1,58,44.184078
NocturneDance_3840x2160p_10bit_60fps,1,60,37.162268
NocturneDance_3840x2160p_10bit_60fps,1,63,16.916639
Neon1224_3840x2160_2997fps,1,20,99.955307
Neon1224_3840x2160_2997fps,1,24,99.950417
Neon1224_3840x2160_2997fps,1,27,99.943987
Neon1224_3840x2160_2997fps,1,28,99.942047
Neon1224_3840x2160_2997fps,1,29,99.940403
Neon1224_3840x2160_2997fps,1,30,99.935857
Neon1224_3840x2160_2997fps,1,31,99.919503
Neon1224_3840x2160_2997fps,1,32,99.890881
Neon1224_3840x2160_2997fps,1,33,99.833296
Neon1224_3840x2160_2997fps,1,34,99.755683
Neon1224_3840x2160_2997fps,1,35,99.604722
Neon1224_3840x2160_2997fps,1,36,99.356375
Neon1224_3840x2160_2997fps,1,37,99.056574
Neon1224_3840x2160_2997fps,1,38,98.656142
Neon1224_3840x2160_2997fps,1,39,98.170617
Neon1224_3840x2160_2997fps,1,40,97.663408
Neon1224_3840x2160_2997fps,1,41,96.900751
Neon1224_3840x2160_2997fps,1,42,96.183406
Neon1224_3840x2160_2997fps,1,43,95.304218
Neon1224_3840x2160_2997fps,1,44,94.387603
Neon1224_3840x2160_2997fps,1,45,93.339842
Neon1224_3840x2160_2997fps,1,46,92.250768
Neon1224_3840x2160_2997fps,1,47,91.065189
Neon1224_3840x2160_2997fps,1,48,89.763258
Neon1224_3840x2160_2997fps,1,49,88.419437
Neon1224_3840x2160_2997fps,1,50,87.038624
Neon1224_3840x2160_2997fps,1,51,85.596039
Neon1224_3840x2160_2997fps,1,52,84.099631
Neon1224_3840x2160_2997fps,1,53,82.503339
Neon1224_3840x2160_2997fps,1,54,80.801848
Neon1224_3840x2160_2997fps,1,55,78.963576
Neon1224_3840x2160_2997fps,1,56,76.149986
Neon1224_3840x2160_2997fps,1,58,71.163184
Neon1224_3840x2160_2997fps,1,60,64.560585
Neon1224_3840x2160_2997fps,1,63,41.137874
PierSeaSide_3840x2160_2997fps_10bit_420_v2,1,20,99.83979
PierSeaSide_3840x2160_2997fps_10bit_420_v2,1,24,99.715852
PierSeaSide_3840x2160_2997fps_10bit_420_v2,1,27,99.53526
PierSeaSide_3840x2160_2997fps_10bit_420_v2,1,28,99.469715
PierSeaSide_3840x2160_2997fps_10bit_420_v2,1,29,99.389889
PierSeaSide_3840x2160_2997fps_10bit_420_v2,1,30,99.326439
PierSeaSide_3840x2160_2997fps_10bit_420_v2,1,31,99.137167
PierSeaSide_3840x2160_2997fps_10bit_420_v2,1,32,99.125699
PierSeaSide_3840x2160_2997fps_10bit_420_v2,1,33,99.018443
PierSeaSide_3840x2160_2997fps_10bit_420_v2,1,34,98.745615
PierSeaSide_3840x2160_2997fps_10bit_420_v2,1,35,98.58301
PierSeaSide_3840x2160_2997fps_10bit_420_v2,1,36,98.650816
PierSeaSide_3840x2160_2997fps_10bit_420_v2,1,37,98.499755
PierSeaSide_3840x2160_2997fps_10bit_420_v2,1,38,98.357931
PierSeaSide_3840x2160_2997fps_10bit_420_v2,1,39,98.167588
PierSeaSide_3840x2160_2997fps_10bit_420_v2,1,40,98.003232
PierSeaSide_3840x2160_2997fps_10bit_420_v2,1,41,97.792462
PierSeaSide_3840x2160_2997fps_10bit_420_v2,1,42,97.029342
PierSeaSide_3840x2160_2997fps_10bit_420_v2,1,43,96.762887
PierSeaSide_3840x2160_2997fps_10bit_420_v2,1,44,96.491251
PierSeaSide_3840x2160_2997fps_10bit_420_v2,1,45,96.141252
PierSeaSide_3840x2160_2997fps_10bit_420_v2,1,46,95.808716
PierSeaSide_3840x2160_2997fps_10bit_420_v2,1,47,96.191616
PierSeaSide_3840x2160_2997fps_10bit_420_v2,1,48,95.844871
PierSeaSide_3840x2160_2997fps_10bit_420_v2,1,49,95.392043
PierSeaSide_3840x2160_2997fps_10bit_420_v2,1,50,94.301698
PierSeaSide_3840x2160_2997fps_10bit_420_v2,1,51,94.641994
PierSeaSide_3840x2160_2997fps_10bit_420_v2,1,52,93.483573
PierSeaSide_3840x2160_2997fps_10bit_420_v2,1,53,93.009435
PierSeaSide_3840x2160_2997fps_10bit_420_v2,1,54,93.364121
PierSeaSide_3840x2160_2997fps_10bit_420_v2,1,55,91.919211
PierSeaSide_3840x2160_2997fps_10bit_420_v2,1,56,92.123232
PierSeaSide_3840x2160_2997fps_10bit_420_v2,1,58,91.159519
PierSeaSide_3840x2160_2997fps_10bit_420_v2,1,60,88.047271
PierSeaSide_3840x2160_2997fps_10bit_420_v2,1,63,79.309865
FoodMarket2_3840x2160_5994fps_10bit_420,1,20,99.960452
FoodMarket2_3840x2160_5994fps_10bit_420,1,24,99.955739
FoodMarket2_3840x2160_5994fps_10bit_420,1,27,99.950565
FoodMarket2_3840x2160_5994fps_10bit_420,1,28,99.946687
FoodMarket2_3840x2160_5994fps_10bit_420,1,29,99.944587
FoodMarket2_3840x2160_5994fps_10bit_420,1,30,99.943433
FoodMarket2_3840x2160_5994fps_10bit_420,1,31,99.939516
FoodMarket2_3840x2160_5994fps_10bit_420,1,32,99.936572
FoodMarket2_3840x2160_5994fps_10bit_420,1,33,99.933217
FoodMarket2_3840x2160_5994fps_10bit_420,1,34,99.931194
FoodMarket2_3840x2160_5994fps_10bit_420,1,35,99.929627
FoodMarket2_3840x2160_5994fps_10bit_420,1,36,99.925691
FoodMarket2_3840x2160_5994fps_10bit_420,1,37,99.923341
FoodMarket2_3840x2160_5994fps_10bit_420,1,38,99.919944
FoodMarket2_3840x2160_5994fps_10bit_420,1,39,99.918104
FoodMarket2_3840x2160_5994fps_10bit_420,1,40,99.914417
FoodMarket2_3840x2160_5994fps_10bit_420,1,41,99.910671
FoodMarket2_3840x2160_5994fps_10bit_420,1,42,99.882943
FoodMarket2_3840x2160_5994fps_10bit_420,1,43,99.846768
FoodMarket2_3840x2160_5994fps_10bit_420,1,44,99.788761
FoodMarket2_3840x2160_5994fps_10bit_420,1,45,99.648393
FoodMarket2_3840x2160_5994fps_10bit_420,1,46,99.570852
FoodMarket2_3840x2160_5994fps_10bit_420,1,47,99.387244
FoodMarket2_3840x2160_5994fps_10bit_420,1,48,99.233303
FoodMarket2_3840x2160_5994fps_10bit_420,1,49,99.025903
FoodMarket2_3840x2160_5994fps_10bit_420,1,50,98.770191
FoodMarket2_3840x2160_5994fps_10bit_420,1,51,98.443059
FoodMarket2_3840x2160_5994fps_10bit_420,1,52,97.966103
FoodMarket2_3840x2160_5994fps_10bit_420,1,53,97.372552
FoodMarket2_3840x2160_5994fps_10bit_420,1,54,96.706133
FoodMarket2_3840x2160_5994fps_10bit_420,1,55,95.739309
FoodMarket2_3840x2160_5994fps_10bit_420,1,56,94.416689
FoodMarket2_3840x2160_5994fps_10bit_420,1,58,92.428039
FoodMarket2_3840x2160_5994fps_10bit_420,1,60,88.334703
FoodMarket2_3840x2160_5994fps_10bit_420,1,63,72.715
BoxingPractice_3840x2160_5994fps_10bit_420,1,20,99.96427
BoxingPractice_3840x2160_5994fps_10bit_420,1,24,99.961945
BoxingPractice_3840x2160_5994fps_10bit_420,1,27,99.960026
BoxingPractice_3840x2160_5994fps_10bit_420,1,28,99.958856
BoxingPractice_3840x2160_5994fps_10bit_420,1,29,99.958557
BoxingPractice_3840x2160_5994fps_10bit_420,1,30,99.958245
BoxingPractice_3840x2160_5994fps_10bit_420,1,31,99.956551
BoxingPractice_3840x2160_5994fps_10bit_420,1,32,99.952866
BoxingPractice_3840x2160_5994fps_10bit_420,1,33,99.954495
BoxingPractice_3840x2160_5994fps_10bit_420,1,34,99.944844
BoxingPractice_3840x2160_5994fps_10bit_420,1,35,99.89413
BoxingPractice_3840x2160_5994fps_10bit_420,1,36,99.89731
BoxingPractice_3840x2160_5994fps_10bit_420,1,37,99.864109
BoxingPractice_3840x2160_5994fps_10bit_420,1,38,99.75589
BoxingPractice_3840x2160_5994fps_10bit_420,1,39,99.594737
BoxingPractice_3840x2160_5994fps_10bit_420,1,40,99.386922
BoxingPractice_3840x2160_5994fps_10bit_420,1,41,98.742315
BoxingPractice_3840x2160_5994fps_10bit_420,1,42,98.415573
BoxingPractice_3840x2160_5994fps_10bit_420,1,43,98.089002
BoxingPractice_3840x2160_5994fps_10bit_420,1,44,97.719217
BoxingPractice_3840x2160_5994fps_10bit_420,1,45,97.757196
BoxingPractice_3840x2160_5994fps_10bit_420,1,46,97.037805
BoxingPractice_3840x2160_5994fps_10bit_420,1,47,97.085726
BoxingPractice_3840x2160_5994fps_10bit_420,1,48,96.71126
BoxingPractice_3840x2160_5994fps_10bit_420,1,49,96.229898
BoxingPractice_3840x2160_5994fps_10bit_420,1,50,95.806875
BoxingPractice_3840x2160_5994fps_10bit_420,1,51,95.366694
BoxingPractice_3840x2160_5994fps_10bit_420,1,52,94.517618
BoxingPractice_3840x2160_5994fps_10bit_420,1,53,94.358005
BoxingPractice_3840x2160_5994fps_10bit_420,1,54,93.416378
BoxingPractice_3840x2160_5994fps_10bit_420,1,55,92.686868
BoxingPractice_3840x2160_5994fps_10bit_420,1,56,91.770651
BoxingPractice_3840x2160_5994fps_10bit_420,1,58,90.531984
BoxingPractice_3840x2160_5994fps_10bit_420,1,60,87.882762
BoxingPractice_3840x2160_5994fps_10bit_420,1,63,76.454637
Tango_3840x2160_5994fps_10bit_420,1,20,98.37455
Tango_3840x2160_5994fps_10bit_420,1,24,97.254644
Tango_3840x2160_5994fps_10bit_420,1,27,95.947032
Tango_3840x2160_5994fps_10bit_420,1,28,95.582464
Tango_3840x2160_5994fps_10bit_420,1,29,95.215416
Tango_3840x2160_5994fps_10bit_420,1,30,94.890833
Tango_3840x2160_5994fps_10bit_420,1,31,94.387009
Tango_3840x2160_5994fps_10bit_420,1,32,93.880458
Tango_3840x2160_5994fps_10bit_420,1,33,93.398729
Tango_3840x2160_5994fps_10bit_420,1,34,92.938691
Tango_3840x2160_5994fps_10bit_420,1,35,92.361825
Tango_3840x2160_5994fps_10bit_420,1,36,91.872218
Tango_3840x2160_5994fps_10bit_420,1,37,91.329333
Tango_3840x2160_5994fps_10bit_420,1,38,90.746655
Tango_3840x2160_5994fps_10bit_420,1,39,90.091731
Tango_3840x2160_5994fps_10bit_420,1,40,89.496369
Tango_3840x2160_5994fps_10bit_420,1,41,88.780834
Tango_3840x2160_5994fps_10bit_420,1,42,88.155302
Tango_3840x2160_5994fps_10bit_420,1,43,87.398684
Tango_3840x2160_5994fps_10bit_420,1,44,86.704839
Tango_3840x2160_5994fps_10bit_420,1,45,85.926874
Tango_3840x2160_5994fps_10bit_420,1,46,85.167341
Tango_3840x2160_5994fps_10bit_420,1,47,84.343696
Tango_3840x2160_5994fps_10bit_420,1,48,83.639361
Tango_3840x2160_5994fps_10bit_420,1,49,82.855083
Tango_3840x2160_5994fps_10bit_420,1,50,81.992891
Tango_3840x2160_5994fps_10bit_420,1,51,81.045143
Tango_3840x2160_5994fps_10bit_420,1,52,80.128326
Tango_3840x2160_5994fps_10bit_420,1,53,79.151883
Tango_3840x2160_5994fps_10bit_420,1,54,78.110525
Tango_3840x2160_5994fps_10bit_420,1,55,76.78456
Tango_3840x2160_5994fps_10bit_420,1,56,75.152531
Tango_3840x2160_5994fps_10bit_420,1,58,72.292848
Tango_3840x2160_5994fps_10bit_420,1,60,67.942147
Tango_3840x2160_5994fps_10bit_420,1,63,52.477199
TimeLapse_3840x2160_5994fps_10bit_420,1,20,95.755337
TimeLapse_3840x2160_5994fps_10bit_420,1,24,95.344481
TimeLapse_3840x2160_5994fps_10bit_420,1,27,94.809581
TimeLapse_3840x2160_5994fps_10bit_420,1,28,94.639419
TimeLapse_3840x2160_5994fps_10bit_420,1,29,94.477604
TimeLapse_3840x2160_5994fps_10bit_420,1,30,94.309403
TimeLapse_3840x2160_5994fps_10bit_420,1,31,94.08664
TimeLapse_3840x2160_5994fps_10bit_420,1,32,93.858697
TimeLapse_3840x2160_5994fps_10bit_420,1,33,93.643772
TimeLapse_3840x2160_5994fps_10bit_420,1,34,93.538919
TimeLapse_3840x2160_5994fps_10bit_420,1,35,93.194381
TimeLapse_3840x2160_5994fps_10bit_420,1,36,92.928355
TimeLapse_3840x2160_5994fps_10bit_420,1,37,92.665682
TimeLapse_3840x2160_5994fps_10bit_420,1,38,92.40207
TimeLapse_3840x2160_5994fps_10bit_420,1,39,92.132171
TimeLapse_3840x2160_5994fps_10bit_420,1,40,91.866651
TimeLapse_3840x2160_5994fps_10bit_420,1,41,91.536748
TimeLapse_3840x2160_5994fps_10bit_420,1,42,91.264271
TimeLapse_3840x2160_5994fps_10bit_420,1,43,90.932601
TimeLapse_3840x2160_5994fps_10bit_420,1,44,90.641155
TimeLapse_3840x2160_5994fps_10bit_420,1,45,90.276579
TimeLapse_3840x2160_5994fps_10bit_420,1,46,89.969684
TimeLapse_3840x2160_5994fps_10bit_420,1,47,89.618109
TimeLapse_3840x2160_5994fps_10bit_420,1,48,89.262125
TimeLapse_3840x2160_5994fps_10bit_420,1,49,88.901339
TimeLapse_3840x2160_5994fps_10bit_420,1,50,88.532766
TimeLapse_3840x2160_5994fps_10bit_420,1,51,88.070355
TimeLapse_3840x2160_5994fps_10bit_420,1,52,87.700426
TimeLapse_3840x2160_5994fps_10bit_420,1,53,87.226275
TimeLapse_3840x2160_5994fps_10bit_420,1,54,86.740786
TimeLapse_3840x2160_5994fps_10bit_420,1,55,86.125433
TimeLapse_3840x2160_5994fps_10bit_420,1,56,85.427562
TimeLapse_3840x2160_5994fps_10bit_420,1,58,83.961269
TimeLapse_3840x2160_5994fps_10bit_420,1,60,81.644539
TimeLapse_3840x2160_5994fps_10bit_420,1,63,73.436088
