source,preset,target,err_search,probes_search,err_ours,err_oracle,crf_search,crf_ours,crf_oracle,err_fixed
Aerial3200_1920x1080_5994_10bit_420,1,80,4.261842999999999,8,4.261842999999999,4.261842999999999,63.0,63.0,63.0,9.964454195890411
Aerial3200_1920x1080_5994_10bit_420,1,85,1.5466660000000019,8,9.261842999999999,1.5466660000000019,60.0,63.0,60.0,7.497000954794521
Aerial3200_1920x1080_5994_10bit_420,1,90,0.42276200000000586,7,3.453333999999998,0.42276200000000586,56.0,60.0,56.0,4.904741536111111
Aerial3200_1920x1080_5994_10bit_420,1,95,0.038649000000006595,7,2.552482999999995,0.038649000000006595,44.0,52.0,44.0,2.6415152306501546
Aerial3200_1920x1080_5994_10bit_420,2,80,4.428799999999995,8,4.428799999999995,4.428799999999995,63.0,63.0,63.0,9.964454195890411
Aerial3200_1920x1080_5994_10bit_420,2,85,1.032792999999998,8,9.428799999999995,1.032792999999998,60.0,63.0,60.0,7.497000954794521
Aerial3200_1920x1080_5994_10bit_420,2,90,0.16174999999999784,7,3.967207000000002,0.16174999999999784,56.0,60.0,56.0,4.904741536111111
Aerial3200_1920x1080_5994_10bit_420,2,95,0.04086700000000576,7,2.2798779999999965,0.04086700000000576,43.0,51.0,43.0,2.6415152306501546
Aerial3200_1920x1080_5994_10bit_420,3,80,4.875737000000001,8,4.875737000000001,4.875737000000001,63.0,63.0,63.0,9.964454195890411
Aerial3200_1920x1080_5994_10bit_420,3,85,0.5189570000000003,8,9.875737,0.5189570000000003,60.0,63.0,60.0,7.497000954794521
Aerial3200_1920x1080_5994_10bit_420,3,90,0.24816199999999355,7,4.481043,0.24816199999999355,55.0,60.0,55.0,4.904741536111111
Aerial3200_1920x1080_5994_10bit_420,3,95,0.021506000000002246,7,2.404239000000004,0.021506000000002246,36.0,49.0,36.0,2.6415152306501546
Aerial3200_1920x1080_5994_10bit_420,4,80,5.222026,8,5.222026,5.222026,63.0,63.0,63.0,9.964454195890411
Aerial3200_1920x1080_5994_10bit_420,4,85,0.27320100000000025,8,10.222026,0.27320100000000025,60.0,63.0,60.0,7.497000954794521
Aerial3200_1920x1080_5994_10bit_420,4,90,0.02620600000000195,7,4.726799,0.02620600000000195,55.0,60.0,55.0,4.904741536111111
Aerial3200_1920x1080_5994_10bit_420,4,95,0.053848000000002116,7,2.3958669999999955,0.053848000000002116,35.0,48.0,35.0,2.6415152306501546
Aerial3200_1920x1080_5994_10bit_420,5,80,5.30565,8,5.3175310000000025,5.30565,60.0,63.0,60.0,9.964454195890411
Aerial3200_1920x1080_5994_10bit_420,5,85,0.30565,8,10.317531000000002,0.30565,60.0,63.0,60.0,7.497000954794521
Aerial3200_1920x1080_5994_10bit_420,5,90,0.20251399999999364,7,4.69435,0.20251399999999364,55.0,60.0,55.0,4.904741536111111
Aerial3200_1920x1080_5994_10bit_420,5,95,0.0232249999999965,7,2.213487999999998,0.0232249999999965,35.0,47.0,35.0,2.6415152306501546
Aerial3200_1920x1080_5994_10bit_420,6,80,3.3068150000000003,8,9.163990999999996,3.3068150000000003,60.0,63.0,60.0,9.964454195890411
Aerial3200_1920x1080_5994_10bit_420,6,85,1.2545319999999975,8,14.163990999999996,1.2545319999999975,58.0,63.0,58.0,7.497000954794521
Aerial3200_1920x1080_5994_10bit_420,6,90,0.13812699999999722,7,6.693185,0.13812699999999722,53.0,60.0,53.0,4.904741536111111
Aerial3200_1920x1080_5994_10bit_420,6,95,0.07189700000000698,7,1.850100999999995,0.07189700000000698,35.0,44.0,35.0,2.6415152306501546
Aerial3200_1920x1080_5994_10bit_420,7,80,2.237611000000001,8,10.090288000000001,2.237611000000001,60.0,63.0,60.0,9.964454195890411
Aerial3200_1920x1080_5994_10bit_420,7,85,0.3738689999999991,8,15.090288000000001,0.3738689999999991,58.0,63.0,58.0,7.497000954794521
Aerial3200_1920x1080_5994_10bit_420,7,90,0.04904500000000667,7,7.762388999999999,0.04904500000000667,52.0,60.0,52.0,4.904741536111111
Aerial3200_1920x1080_5994_10bit_420,7,95,0.04158099999999365,7,1.716823000000005,0.04158099999999365,34.0,42.0,34.0,2.6415152306501546
Aerial3200_1920x1080_5994_10bit_420,8,80,2.613952999999995,8,11.728159000000005,2.613952999999995,60.0,63.0,60.0,9.964454195890411
Aerial3200_1920x1080_5994_10bit_420,8,85,0.7586739999999992,8,16.728159000000005,0.7586739999999992,58.0,63.0,58.0,7.497000954794521
Aerial3200_1920x1080_5994_10bit_420,8,90,0.28593100000000504,7,7.386047000000005,0.28593100000000504,53.0,60.0,53.0,4.904741536111111
Aerial3200_1920x1080_5994_10bit_420,8,95,0.023005999999995197,7,0.5004239999999953,0.023005999999995197,36.0,40.0,36.0,2.6415152306501546
Aerial3200_1920x1080_5994_10bit_420,9,80,0.465289999999996,7,5.071173000000002,0.465289999999996,58.0,60.0,58.0,9.964454195890411
Aerial3200_1920x1080_5994_10bit_420,9,85,0.20940299999999468,7,10.071173000000002,0.20940299999999468,54.0,60.0,54.0,7.497000954794521
Aerial3200_1920x1080_5994_10bit_420,9,90,0.08925299999999936,7,5.947900000000004,0.08925299999999936,46.0,55.0,46.0,4.904741536111111
Aerial3200_1920x1080_5994_10bit_420,9,95,0.05549700000000257,7,0.8340879999999942,0.05549700000000257,30.0,34.0,30.0,2.6415152306501546
Aerial3200_1920x1080_5994_10bit_420,10,80,1.1060740000000067,7,5.606217000000001,1.1060740000000067,58.0,60.0,58.0,9.964454195890411
Aerial3200_1920x1080_5994_10bit_420,10,85,0.10050099999999418,7,10.606217000000001,0.10050099999999418,53.0,60.0,53.0,7.497000954794521
Aerial3200_1920x1080_5994_10bit_420,10,90,0.1069439999999986,7,4.899499000000006,0.1069439999999986,45.0,53.0,45.0,4.904741536111111
Aerial3200_1920x1080_5994_10bit_420,10,95,0.1830709999999982,7,0.3876730000000066,0.1830709999999982,24.0,28.0,24.0,2.6415152306501546
BigBuckBunnyStudio1_1920x1080_60fps_10bit_420_020_0149,1,80,3.362226000000007,8,3.362226000000007,3.362226000000007,63.0,63.0,63.0,9.964454195890411
BigBuckBunnyStudio1_1920x1080_60fps_10bit_420_020_0149,1,85,1.6377739999999932,8,5.216362000000004,1.6377739999999932,63.0,60.0,63.0,7.497000954794521
BigBuckBunnyStudio1_1920x1080_60fps_10bit_420_020_0149,1,90,0.21636200000000372,8,1.8387689999999992,0.21636200000000372,60.0,58.0,60.0,4.904741536111111
BigBuckBunnyStudio1_1920x1080_60fps_10bit_420_020_0149,1,95,0.030343000000002007,7,1.3381640000000061,0.030343000000002007,51.0,45.0,51.0,2.6415152306501546
BigBuckBunnyStudio1_1920x1080_60fps_10bit_420_020_0149,2,80,2.8467600000000033,8,2.8467600000000033,2.8467600000000033,63.0,63.0,63.0,9.964454195890411
BigBuckBunnyStudio1_1920x1080_60fps_10bit_420_020_0149,2,85,2.1532399999999967,8,5.182091,2.1532399999999967,63.0,60.0,63.0,7.497000954794521
BigBuckBunnyStudio1_1920x1080_60fps_10bit_420_020_0149,2,90,0.18209099999999978,8,2.059490999999994,0.18209099999999978,60.0,58.0,60.0,4.904741536111111
BigBuckBunnyStudio1_1920x1080_60fps_10bit_420_020_0149,2,95,0.08557399999999404,7,1.421289999999999,0.08557399999999404,51.0,45.0,51.0,2.6415152306501546
BigBuckBunnyStudio1_1920x1080_60fps_10bit_420_020_0149,3,80,2.4580799999999954,8,2.4580799999999954,2.4580799999999954,63.0,63.0,63.0,9.964454195890411
BigBuckBunnyStudio1_1920x1080_60fps_10bit_420_020_0149,3,85,2.5419200000000046,8,4.904343999999995,2.5419200000000046,63.0,60.0,63.0,7.497000954794521
BigBuckBunnyStudio1_1920x1080_60fps_10bit_420_020_0149,3,90,0.09565600000000529,8,2.613304999999997,0.09565600000000529,60.0,56.0,60.0,4.904741536111111
BigBuckBunnyStudio1_1920x1080_60fps_10bit_420_020_0149,3,95,0.0018929999999954816,7,1.6323749999999961,0.0018929999999954816,50.0,43.0,50.0,2.6415152306501546
BigBuckBunnyStudio1_1920x1080_60fps_10bit_420_020_0149,4,80,2.278350000000003,8,2.278350000000003,2.278350000000003,63.0,63.0,63.0,9.964454195890411
BigBuckBunnyStudio1_1920x1080_60fps_10bit_420_020_0149,4,85,2.721649999999997,8,4.826350000000005,2.721649999999997,63.0,60.0,63.0,7.497000954794521
BigBuckBunnyStudio1_1920x1080_60fps_10bit_420_020_0149,4,90,0.17364999999999498,8,2.457451000000006,0.17364999999999498,60.0,56.0,60.0,4.904741536111111
BigBuckBunnyStudio1_1920x1080_60fps_10bit_420_020_0149,4,95,0.040702999999993494,7,1.5406739999999957,0.040702999999993494,50.0,43.0,50.0,2.6415152306501546
BigBuckBunnyStudio1_1920x1080_60fps_10bit_420_020_0149,5,80,2.2843270000000047,8,2.2843270000000047,2.2843270000000047,63.0,63.0,63.0,9.964454195890411
BigBuckBunnyStudio1_1920x1080_60fps_10bit_420_020_0149,5,85,2.7156729999999953,8,4.568117000000001,2.7156729999999953,63.0,60.0,63.0,7.497000954794521
BigBuckBunnyStudio1_1920x1080_60fps_10bit_420_020_0149,5,90,0.43188299999999913,8,2.4806059999999945,0.43188299999999913,60.0,56.0,60.0,4.904741536111111
BigBuckBunnyStudio1_1920x1080_60fps_10bit_420_020_0149,5,95,0.12342499999999745,7,1.714256000000006,0.12342499999999745,49.0,42.0,49.0,2.6415152306501546
BigBuckBunnyStudio1_1920x1080_60fps_10bit_420_020_0149,6,80,1.284203000000005,8,1.284203000000005,1.284203000000005,63.0,63.0,63.0,9.964454195890411
BigBuckBunnyStudio1_1920x1080_60fps_10bit_420_020_0149,6,85,2.5188930000000056,8,2.5188930000000056,2.5188930000000056,60.0,60.0,60.0,7.497000954794521
BigBuckBunnyStudio1_1920x1080_60fps_10bit_420_020_0149,6,90,0.2811020000000042,7,1.9401119999999992,0.2811020000000042,58.0,55.0,58.0,4.904741536111111
BigBuckBunnyStudio1_1920x1080_60fps_10bit_420_020_0149,6,95,0.12527300000000707,7,1.099076999999994,0.12527300000000707,46.0,42.0,46.0,2.6415152306501546
BigBuckBunnyStudio1_1920x1080_60fps_10bit_420_020_0149,7,80,1.5170379999999994,8,1.5170379999999994,1.5170379999999994,63.0,63.0,63.0,9.964454195890411
BigBuckBunnyStudio1_1920x1080_60fps_10bit_420_020_0149,7,85,2.2505680000000012,8,2.2505680000000012,2.2505680000000012,60.0,60.0,60.0,7.497000954794521
BigBuckBunnyStudio1_1920x1080_60fps_10bit_420_020_0149,7,90,0.6076869999999985,7,2.0054779999999965,0.6076869999999985,58.0,54.0,58.0,4.904741536111111
BigBuckBunnyStudio1_1920x1080_60fps_10bit_420_020_0149,7,95,0.1547039999999953,7,1.071511000000001,0.1547039999999953,46.0,41.0,46.0,2.6415152306501546
BigBuckBunnyStudio1_1920x1080_60fps_10bit_420_020_0149,8,80,3.8880510000000044,8,3.8880510000000044,3.8880510000000044,63.0,63.0,63.0,9.964454195890411
BigBuckBunnyStudio1_1920x1080_60fps_10bit_420_020_0149,8,85,1.1415510000000069,8,1.1415510000000069,1.1415510000000069,60.0,60.0,60.0,7.497000954794521
BigBuckBunnyStudio1_1920x1080_60fps_10bit_420_020_0149,8,90,0.15692199999999445,7,1.502201999999997,0.15692199999999445,56.0,54.0,56.0,4.904741536111111
BigBuckBunnyStudio1_1920x1080_60fps_10bit_420_020_0149,8,95,0.1393589999999989,7,1.000750999999994,0.1393589999999989,45.0,41.0,45.0,2.6415152306501546
BigBuckBunnyStudio1_1920x1080_60fps_10bit_420_020_0149,9,80,1.1551510000000036,8,1.1551510000000036,1.1551510000000036,60.0,60.0,60.0,9.964454195890411
BigBuckBunnyStudio1_1920x1080_60fps_10bit_420_020_0149,9,85,0.2273009999999971,7,1.6407240000000058,0.2273009999999971,58.0,56.0,58.0,7.497000954794521
BigBuckBunnyStudio1_1920x1080_60fps_10bit_420_020_0149,9,90,0.10907600000000173,7,0.9044200000000018,0.10907600000000173,52.0,50.0,52.0,4.904741536111111
BigBuckBunnyStudio1_1920x1080_60fps_10bit_420_020_0149,9,95,0.1212019999999967,7,0.1686239999999941,0.1212019999999967,39.0,38.0,39.0,2.6415152306501546
BigBuckBunnyStudio1_1920x1080_60fps_10bit_420_020_0149,10,80,0.45877000000000123,8,0.45877000000000123,0.45877000000000123,60.0,60.0,60.0,9.964454195890411
BigBuckBunnyStudio1_1920x1080_60fps_10bit_420_020_0149,10,85,0.22673799999999744,7,0.22673799999999744,0.22673799999999744,56.0,56.0,56.0,7.497000954794521
BigBuckBunnyStudio1_1920x1080_60fps_10bit_420_020_0149,10,90,0.1889460000000014,7,0.228391000000002,0.1889460000000014,48.0,49.0,48.0,4.904741536111111
BigBuckBunnyStudio1_1920x1080_60fps_10bit_420_020_0149,10,95,0.03889900000000068,7,0.3184190000000058,0.03889900000000068,34.0,35.0,34.0,2.6415152306501546
BlueSky_360p25,1,80,0.8008990000000011,8,0.8008990000000011,0.8008990000000011,63.0,63.0,63.0,9.964454195890411
BlueSky_360p25,1,85,4.199100999999999,8,5.3002170000000035,4.199100999999999,63.0,60.0,63.0,7.497000954794521
BlueSky_360p25,1,90,0.3002170000000035,8,0.3002170000000035,0.3002170000000035,60.0,60.0,60.0,4.904741536111111
BlueSky_360p25,1,95,0.1474240000000009,7,0.35437500000000455,0.1474240000000009,52.0,51.0,52.0,2.6415152306501546
BlueSky_360p25,2,80,0.6867419999999953,8,0.6867419999999953,0.6867419999999953,63.0,63.0,63.0,9.964454195890411
BlueSky_360p25,2,85,4.313258000000005,8,4.9647389999999945,4.313258000000005,63.0,60.0,63.0,7.497000954794521
BlueSky_360p25,2,90,0.03526100000000554,8,0.03526100000000554,0.03526100000000554,60.0,60.0,60.0,4.904741536111111
BlueSky_360p25,2,95,0.043163000000006946,7,0.22096999999999412,0.043163000000006946,52.0,51.0,52.0,2.6415152306501546
BlueSky_360p25,3,80,0.7154000000000025,8,0.7154000000000025,0.7154000000000025,63.0,63.0,63.0,9.964454195890411
BlueSky_360p25,3,85,3.457780999999997,8,3.457780999999997,3.457780999999997,60.0,60.0,60.0,7.497000954794521
BlueSky_360p25,3,90,0.1411200000000008,8,0.1411200000000008,0.1411200000000008,58.0,58.0,58.0,4.904741536111111
BlueSky_360p25,3,95,0.022791999999995483,8,0.5545950000000062,0.022791999999995483,42.0,40.0,42.0,2.6415152306501546
BlueSky_360p25,4,80,0.32771599999999523,8,0.32771599999999523,0.32771599999999523,63.0,63.0,63.0,9.964454195890411
BlueSky_360p25,4,85,3.235241000000002,8,3.235241000000002,3.235241000000002,60.0,60.0,60.0,7.497000954794521
BlueSky_360p25,4,90,0.10787600000000452,8,0.10787600000000452,0.10787600000000452,58.0,58.0,58.0,4.904741536111111
BlueSky_360p25,4,95,0.17208300000000065,8,0.628579000000002,0.17208300000000065,42.0,40.0,42.0,2.6415152306501546
BlueSky_360p25,5,80,0.4594189999999969,8,0.4594189999999969,0.4594189999999969,63.0,63.0,63.0,9.964454195890411
BlueSky_360p25,5,85,2.5906090000000006,8,2.5906090000000006,2.5906090000000006,60.0,60.0,60.0,7.497000954794521
BlueSky_360p25,5,90,0.15876299999999333,8,1.0547739999999948,0.15876299999999333,58.0,56.0,58.0,4.904741536111111
BlueSky_360p25,5,95,0.03150999999999726,8,0.344420999999997,0.03150999999999726,42.0,40.0,42.0,2.6415152306501546
BlueSky_360p25,6,80,1.386402000000004,8,1.386402000000004,1.386402000000004,63.0,63.0,63.0,9.964454195890411
BlueSky_360p25,6,85,2.445569000000006,8,2.445569000000006,2.445569000000006,60.0,60.0,60.0,7.497000954794521
BlueSky_360p25,6,90,0.39871800000000235,7,0.39871800000000235,0.39871800000000235,56.0,56.0,56.0,4.904741536111111
BlueSky_360p25,6,95,0.24626899999999807,7,0.7709349999999944,0.24626899999999807,42.0,40.0,42.0,2.6415152306501546
BlueSky_360p25,7,80,1.8118439999999936,8,1.8118439999999936,1.8118439999999936,63.0,63.0,63.0,9.964454195890411
BlueSky_360p25,7,85,1.903917000000007,8,1.903917000000007,1.903917000000007,60.0,60.0,60.0,7.497000954794521
BlueSky_360p25,7,90,0.5675240000000059,7,0.5675240000000059,0.5675240000000059,56.0,56.0,56.0,4.904741536111111
BlueSky_360p25,7,95,0.03726899999999489,8,0.7104779999999948,0.03726899999999489,42.0,40.0,42.0,2.6415152306501546
BlueSky_360p25,8,80,1.672306000000006,8,1.672306000000006,1.672306000000006,63.0,63.0,63.0,9.964454195890411
BlueSky_360p25,8,85,2.447920999999994,8,2.447920999999994,2.447920999999994,60.0,60.0,60.0,7.497000954794521
BlueSky_360p25,8,90,0.6375830000000065,7,0.8712909999999994,0.6375830000000065,58.0,56.0,58.0,4.904741536111111
BlueSky_360p25,8,95,0.09714599999999507,7,0.5606039999999979,0.09714599999999507,42.0,40.0,42.0,2.6415152306501546
BlueSky_360p25,9,80,5.223884999999996,8,5.223884999999996,5.223884999999996,60.0,60.0,60.0,9.964454195890411
BlueSky_360p25,9,85,0.22388499999999567,8,2.5928320000000014,0.22388499999999567,60.0,58.0,60.0,7.497000954794521
BlueSky_360p25,9,90,0.5288249999999977,7,0.5288249999999977,0.5288249999999977,54.0,54.0,54.0,4.904741536111111
BlueSky_360p25,9,95,0.24321299999999724,7,1.1277620000000042,0.24321299999999724,42.0,39.0,42.0,2.6415152306501546
BlueSky_360p25,10,80,3.405653000000001,8,3.405653000000001,3.405653000000001,60.0,60.0,60.0,9.964454195890411
BlueSky_360p25,10,85,1.3716770000000054,8,1.3716770000000054,1.3716770000000054,58.0,58.0,58.0,7.497000954794521
BlueSky_360p25,10,90,0.04730100000000448,7,0.8101190000000003,0.04730100000000448,53.0,51.0,53.0,4.904741536111111
BlueSky_360p25,10,95,0.06526499999999658,8,0.8982670000000041,0.06526499999999658,40.0,37.0,40.0,2.6415152306501546
BlueSky_360p25_v2,1,80,1.7390960000000035,8,1.7390960000000035,1.7390960000000035,63.0,63.0,63.0,9.964454195890411
BlueSky_360p25_v2,1,85,3.2609039999999965,8,3.2609039999999965,3.2609039999999965,63.0,63.0,63.0,7.497000954794521
BlueSky_360p25_v2,1,90,1.4819499999999977,8,1.4819499999999977,1.4819499999999977,60.0,60.0,60.0,4.904741536111111
BlueSky_360p25_v2,1,95,0.1197169999999943,7,2.1940060000000017,0.1197169999999943,56.0,51.0,56.0,2.6415152306501546
BlueSky_360p25_v2,2,80,1.5585880000000003,8,1.5585880000000003,1.5585880000000003,63.0,63.0,63.0,9.964454195890411
BlueSky_360p25_v2,2,85,3.4414119999999997,8,6.5396769999999975,3.4414119999999997,63.0,60.0,63.0,7.497000954794521
BlueSky_360p25_v2,2,90,1.5396769999999975,8,1.5396769999999975,1.5396769999999975,60.0,60.0,60.0,4.904741536111111
BlueSky_360p25_v2,2,95,0.024805999999998107,7,2.441796999999994,0.024805999999998107,56.0,50.0,56.0,2.6415152306501546
BlueSky_360p25_v2,3,80,1.2406600000000054,8,1.2406600000000054,1.2406600000000054,63.0,63.0,63.0,9.964454195890411
BlueSky_360p25_v2,3,85,3.7593399999999946,8,4.863674000000003,3.7593399999999946,63.0,60.0,63.0,7.497000954794521
BlueSky_360p25_v2,3,90,0.13632599999999684,8,1.4434399999999954,0.13632599999999684,60.0,58.0,60.0,4.904741536111111
BlueSky_360p25_v2,3,95,0.11898700000000417,7,0.5904249999999962,0.01961799999999414,46.0,45.0,47.0,2.6415152306501546
BlueSky_360p25_v2,4,80,0.2808899999999994,8,0.2808899999999994,0.2808899999999994,63.0,63.0,63.0,9.964454195890411
BlueSky_360p25_v2,4,85,5.086539000000002,8,5.086539000000002,5.086539000000002,60.0,60.0,60.0,7.497000954794521
BlueSky_360p25_v2,4,90,0.08653900000000192,8,1.2900949999999938,0.08653900000000192,60.0,58.0,60.0,4.904741536111111
BlueSky_360p25_v2,4,95,0.13552500000000123,7,0.4231860000000012,0.13552500000000123,46.0,45.0,46.0,2.6415152306501546
BlueSky_360p25_v2,5,80,0.8312360000000041,8,0.8312360000000041,0.8312360000000041,63.0,63.0,63.0,9.964454195890411
BlueSky_360p25_v2,5,85,4.139611000000002,8,4.139611000000002,4.139611000000002,60.0,60.0,60.0,7.497000954794521
BlueSky_360p25_v2,5,90,0.8603889999999978,8,1.302660000000003,0.8603889999999978,60.0,58.0,60.0,4.904741536111111
BlueSky_360p25_v2,5,95,0.0168689999999998,7,0.34386499999999387,0.0168689999999998,46.0,45.0,46.0,2.6415152306501546
BlueSky_360p25_v2,6,80,0.9337330000000037,8,0.9337330000000037,0.9337330000000037,63.0,63.0,63.0,9.964454195890411
BlueSky_360p25_v2,6,85,3.8701839999999947,8,3.8701839999999947,3.8701839999999947,60.0,60.0,60.0,7.497000954794521
BlueSky_360p25_v2,6,90,0.8372370000000018,8,2.291999000000004,0.8372370000000018,58.0,56.0,58.0,4.904741536111111
BlueSky_360p25_v2,6,95,0.047720999999995684,7,0.7170069999999953,0.047720999999995684,48.0,45.0,48.0,2.6415152306501546
BlueSky_360p25_v2,7,80,1.5109700000000004,8,1.5109700000000004,1.5109700000000004,63.0,63.0,63.0,9.964454195890411
BlueSky_360p25_v2,7,85,3.682893000000007,8,3.682893000000007,3.682893000000007,60.0,60.0,60.0,7.497000954794521
BlueSky_360p25_v2,7,90,0.36818700000000604,8,2.123437999999993,0.36818700000000604,58.0,56.0,58.0,4.904741536111111
BlueSky_360p25_v2,7,95,0.17712000000000216,7,0.9783089999999959,0.17712000000000216,48.0,44.0,48.0,2.6415152306501546
BlueSky_360p25_v2,8,80,0.27654699999999366,8,0.27654699999999366,0.27654699999999366,63.0,63.0,63.0,9.964454195890411
BlueSky_360p25_v2,8,85,4.135045000000005,8,4.135045000000005,4.135045000000005,60.0,60.0,60.0,7.497000954794521
BlueSky_360p25_v2,8,90,0.8649549999999948,8,2.355714000000006,0.8649549999999948,60.0,56.0,60.0,4.904741536111111
BlueSky_360p25_v2,8,95,0.07048199999999838,7,1.4581479999999942,0.07048199999999838,48.0,43.0,48.0,2.6415152306501546
BlueSky_360p25_v2,9,80,6.119825000000006,8,6.872687999999997,6.119825000000006,63.0,60.0,63.0,9.964454195890411
BlueSky_360p25_v2,9,85,1.8726879999999966,8,4.183507000000006,1.8726879999999966,60.0,58.0,60.0,7.497000954794521
BlueSky_360p25_v2,9,90,0.8164929999999941,7,2.3458870000000047,0.8164929999999941,58.0,54.0,58.0,4.904741536111111
BlueSky_360p25_v2,9,95,0.10520400000000052,7,1.6583920000000063,0.10520400000000052,47.0,43.0,47.0,2.6415152306501546
BlueSky_360p25_v2,10,80,5.183120000000002,8,5.183120000000002,5.183120000000002,60.0,60.0,60.0,9.964454195890411
BlueSky_360p25_v2,10,85,0.1831200000000024,8,3.037727000000004,0.1831200000000024,60.0,58.0,60.0,7.497000954794521
BlueSky_360p25_v2,10,90,0.23640100000000075,7,1.9975589999999954,0.23640100000000075,56.0,52.0,56.0,4.904741536111111
BlueSky_360p25_v2,10,95,0.28815099999999916,7,1.6328939999999932,0.28815099999999916,44.0,41.0,44.0,2.6415152306501546
Boat_1920x1080_5994_10bit_420,1,80,1.1340200000000067,8,1.1340200000000067,1.1340200000000067,63.0,63.0,63.0,9.964454195890411
Boat_1920x1080_5994_10bit_420,1,85,3.8659799999999933,8,3.8659799999999933,3.8659799999999933,63.0,63.0,63.0,7.497000954794521
Boat_1920x1080_5994_10bit_420,1,90,0.35290700000000186,8,1.9225339999999989,0.35290700000000186,60.0,58.0,60.0,4.904741536111111
Boat_1920x1080_5994_10bit_420,1,95,0.12571300000000463,7,1.377084999999994,0.12571300000000463,52.0,48.0,52.0,2.6415152306501546
Boat_1920x1080_5994_10bit_420,2,80,0.11889299999999992,8,0.11889299999999992,0.11889299999999992,63.0,63.0,63.0,9.964454195890411
Boat_1920x1080_5994_10bit_420,2,85,4.459478000000004,8,4.459478000000004,4.459478000000004,60.0,60.0,60.0,7.497000954794521
Boat_1920x1080_5994_10bit_420,2,90,0.5405219999999957,8,1.6326140000000038,0.5405219999999957,60.0,58.0,60.0,4.904741536111111
Boat_1920x1080_5994_10bit_420,2,95,0.0725879999999961,7,1.4829809999999952,0.0725879999999961,52.0,47.0,52.0,2.6415152306501546
Boat_1920x1080_5994_10bit_420,3,80,3.5759240000000005,8,3.5759240000000005,3.5759240000000005,63.0,63.0,63.0,9.964454195890411
Boat_1920x1080_5994_10bit_420,3,85,1.628186999999997,8,1.628186999999997,1.628186999999997,60.0,60.0,60.0,7.497000954794521
Boat_1920x1080_5994_10bit_420,3,90,0.676353000000006,7,0.8688649999999996,0.676353000000006,56.0,58.0,56.0,4.904741536111111
Boat_1920x1080_5994_10bit_420,3,95,0.12277100000000019,7,0.18519499999999312,0.12277100000000019,45.0,46.0,45.0,2.6415152306501546
Boat_1920x1080_5994_10bit_420,4,80,3.480368999999996,8,3.480368999999996,3.480368999999996,63.0,63.0,63.0,9.964454195890411
Boat_1920x1080_5994_10bit_420,4,85,1.6198720000000009,8,1.6198720000000009,1.6198720000000009,60.0,60.0,60.0,7.497000954794521
Boat_1920x1080_5994_10bit_420,4,90,0.5016379999999998,7,0.5016379999999998,0.5016379999999998,56.0,56.0,56.0,4.904741536111111
Boat_1920x1080_5994_10bit_420,4,95,0.02845800000000054,7,0.02845800000000054,0.02845800000000054,45.0,45.0,45.0,2.6415152306501546
Boat_1920x1080_5994_10bit_420,5,80,3.709986999999998,8,3.709986999999998,3.709986999999998,63.0,63.0,63.0,9.964454195890411
Boat_1920x1080_5994_10bit_420,5,85,1.4850490000000036,8,1.4850490000000036,1.4850490000000036,60.0,60.0,60.0,7.497000954794521
Boat_1920x1080_5994_10bit_420,5,90,0.018191999999999098,7,0.621619999999993,0.018191999999999098,56.0,55.0,56.0,4.904741536111111
Boat_1920x1080_5994_10bit_420,5,95,0.10436900000000549,7,0.10436900000000549,0.10436900000000549,44.0,44.0,44.0,2.6415152306501546
Boat_1920x1080_5994_10bit_420,6,80,4.510158000000004,8,6.344723999999999,4.510158000000004,60.0,63.0,60.0,9.964454195890411
Boat_1920x1080_5994_10bit_420,6,85,0.4898419999999959,8,0.4898419999999959,0.4898419999999959,60.0,60.0,60.0,7.497000954794521
Boat_1920x1080_5994_10bit_420,6,90,0.2496009999999984,7,0.2496009999999984,0.2496009999999984,55.0,55.0,55.0,4.904741536111111
Boat_1920x1080_5994_10bit_420,6,95,0.059368000000006305,7,0.3099990000000048,0.059368000000006305,45.0,44.0,45.0,2.6415152306501546
Boat_1920x1080_5994_10bit_420,7,80,3.633414000000002,8,3.633414000000002,3.633414000000002,60.0,60.0,60.0,9.964454195890411
Boat_1920x1080_5994_10bit_420,7,85,1.366585999999998,8,1.366585999999998,1.366585999999998,60.0,60.0,60.0,7.497000954794521
Boat_1920x1080_5994_10bit_420,7,90,0.29774899999999604,7,0.39276999999999873,0.29774899999999604,55.0,54.0,55.0,4.904741536111111
Boat_1920x1080_5994_10bit_420,7,95,0.13071800000000167,7,0.5403029999999944,0.13071800000000167,44.0,43.0,44.0,2.6415152306501546
Boat_1920x1080_5994_10bit_420,8,80,4.468757999999994,8,4.468757999999994,4.468757999999994,60.0,60.0,60.0,9.964454195890411
Boat_1920x1080_5994_10bit_420,8,85,0.531242000000006,8,2.532466999999997,0.531242000000006,60.0,58.0,60.0,7.497000954794521
Boat_1920x1080_5994_10bit_420,8,90,0.3154140000000041,7,1.6328639999999979,0.3154140000000041,55.0,53.0,55.0,4.904741536111111
Boat_1920x1080_5994_10bit_420,8,95,0.006604999999993311,7,1.0997129999999942,0.006604999999993311,45.0,42.0,45.0,2.6415152306501546
Boat_1920x1080_5994_10bit_420,9,80,1.0190510000000046,8,1.0190510000000046,1.0190510000000046,60.0,60.0,60.0,9.964454195890411
Boat_1920x1080_5994_10bit_420,9,85,0.6297440000000023,7,0.6297440000000023,0.6297440000000023,56.0,56.0,56.0,7.497000954794521
Boat_1920x1080_5994_10bit_420,9,90,0.2951350000000019,7,0.2951350000000019,0.2951350000000019,50.0,50.0,50.0,4.904741536111111
Boat_1920x1080_5994_10bit_420,9,95,0.1554529999999943,8,1.0829240000000055,0.1554529999999943,42.0,39.0,42.0,2.6415152306501546
Boat_1920x1080_5994_10bit_420,10,80,1.5995400000000046,8,1.5995400000000046,1.5995400000000046,58.0,58.0,58.0,9.964454195890411
Boat_1920x1080_5994_10bit_420,10,85,0.19879899999999395,7,0.6973229999999973,0.19879899999999395,56.0,55.0,56.0,7.497000954794521
Boat_1920x1080_5994_10bit_420,10,90,0.29581799999999703,7,0.9295699999999982,0.29581799999999703,49.0,48.0,49.0,4.904741536111111
Boat_1920x1080_5994_10bit_420,10,95,0.08812799999999754,7,0.9030620000000056,0.08812799999999754,40.0,37.0,40.0,2.6415152306501546
BoxingPractice_3840x2160_5994fps_10bit_420,1,80,4.387258000000003,8,6.134468999999996,4.387258000000003,63.0,60.0,63.0,9.964454195890411
BoxingPractice_3840x2160_5994fps_10bit_420,1,85,1.1344689999999957,8,3.5197689999999966,1.1344689999999957,60.0,58.0,60.0,7.497000954794521
BoxingPractice_3840x2160_5994fps_10bit_420,1,90,0.2246679999999941,7,2.0411100000000033,0.2246679999999941,56.0,52.0,56.0,4.904741536111111
BoxingPractice_3840x2160_5994fps_10bit_420,1,95,0.015950000000003683,7,0.015950000000003683,0.015950000000003683,43.0,43.0,43.0,2.6415152306501546
BoxingPractice_3840x2160_5994fps_10bit_420,2,80,4.677982,8,5.764970000000005,4.677982,63.0,60.0,63.0,9.964454195890411
BoxingPractice_3840x2160_5994fps_10bit_420,2,85,0.7649700000000053,8,3.1311369999999954,0.7649700000000053,60.0,58.0,60.0,7.497000954794521
BoxingPractice_3840x2160_5994fps_10bit_420,2,90,0.24498300000000484,7,1.746374000000003,0.24498300000000484,55.0,52.0,55.0,4.904741536111111
BoxingPractice_3840x2160_5994fps_10bit_420,2,95,0.09479000000000326,7,0.09479000000000326,0.09479000000000326,42.0,42.0,42.0,2.6415152306501546
BoxingPractice_3840x2160_5994fps_10bit_420,3,80,4.366050999999999,8,6.029094000000001,4.366050999999999,63.0,60.0,63.0,9.964454195890411
BoxingPractice_3840x2160_5994fps_10bit_420,3,85,1.0290940000000006,8,3.4268909999999977,1.0290940000000006,60.0,58.0,60.0,7.497000954794521
BoxingPractice_3840x2160_5994fps_10bit_420,3,90,0.27315299999999354,7,2.550830000000005,0.27315299999999354,55.0,50.0,55.0,4.904741536111111
BoxingPractice_3840x2160_5994fps_10bit_420,3,95,0.0544179999999983,8,0.9286649999999952,0.0544179999999983,42.0,38.0,42.0,2.6415152306501546
BoxingPractice_3840x2160_5994fps_10bit_420,4,80,4.941029999999998,8,5.682632999999996,4.941029999999998,63.0,60.0,63.0,9.964454195890411
BoxingPractice_3840x2160_5994fps_10bit_420,4,85,0.6826329999999956,8,4.110325000000003,0.6826329999999956,60.0,56.0,60.0,7.497000954794521
BoxingPractice_3840x2160_5994fps_10bit_420,4,90,0.08200999999999681,7,2.3415880000000016,0.08200999999999681,55.0,50.0,55.0,4.904741536111111
BoxingPractice_3840x2160_5994fps_10bit_420,4,95,0.003112000000001558,8,0.7065020000000004,0.003112000000001558,41.0,38.0,41.0,2.6415152306501546
BoxingPractice_3840x2160_5994fps_10bit_420,5,80,5.163872999999995,8,5.163872999999995,5.163872999999995,60.0,60.0,60.0,9.964454195890411
BoxingPractice_3840x2160_5994fps_10bit_420,5,85,0.16387299999999527,8,3.5598810000000043,0.16387299999999527,60.0,56.0,60.0,7.497000954794521
BoxingPractice_3840x2160_5994fps_10bit_420,5,90,0.06249200000000599,7,2.1150090000000006,0.06249200000000599,54.0,49.0,54.0,4.904741536111111
BoxingPractice_3840x2160_5994fps_10bit_420,5,95,0.07777799999999502,7,0.6266750000000059,0.07777799999999502,40.0,37.0,40.0,2.6415152306501546
BoxingPractice_3840x2160_5994fps_10bit_420,6,80,3.2767010000000028,8,3.2767010000000028,3.2767010000000028,60.0,60.0,60.0,9.964454195890411
BoxingPractice_3840x2160_5994fps_10bit_420,6,85,1.3844610000000017,8,4.053256000000005,1.3844610000000017,58.0,55.0,58.0,7.497000954794521
BoxingPractice_3840x2160_5994fps_10bit_420,6,90,0.2754199999999969,7,2.1679129999999986,0.2754199999999969,53.0,49.0,53.0,4.904741536111111
BoxingPractice_3840x2160_5994fps_10bit_420,6,95,0.13474100000000533,8,0.6342539999999985,0.13474100000000533,40.0,38.0,40.0,2.6415152306501546
BoxingPractice_3840x2160_5994fps_10bit_420,7,80,2.323172999999997,8,2.323172999999997,2.323172999999997,60.0,60.0,60.0,9.964454195890411
BoxingPractice_3840x2160_5994fps_10bit_420,7,85,0.3543679999999938,8,3.318828999999994,0.3543679999999938,58.0,55.0,58.0,7.497000954794521
BoxingPractice_3840x2160_5994fps_10bit_420,7,90,0.16733600000000592,7,1.9626360000000034,0.16733600000000592,52.0,48.0,52.0,4.904741536111111
BoxingPractice_3840x2160_5994fps_10bit_420,7,95,0.060460000000006175,7,0.35551800000000355,0.060460000000006175,39.0,38.0,39.0,2.6415152306501546
BoxingPractice_3840x2160_5994fps_10bit_420,8,80,1.4929319999999962,8,1.4929319999999962,1.4929319999999962,60.0,60.0,60.0,9.964454195890411
BoxingPractice_3840x2160_5994fps_10bit_420,8,85,0.18349700000000269,7,2.7198240000000027,0.18349700000000269,58.0,55.0,58.0,7.497000954794521
BoxingPractice_3840x2160_5994fps_10bit_420,8,90,0.2449670000000026,7,1.771485999999996,0.2449670000000026,52.0,48.0,52.0,4.904741536111111
BoxingPractice_3840x2160_5994fps_10bit_420,8,95,0.023903000000004226,7,0.4415910000000025,0.023903000000004226,40.0,38.0,40.0,2.6415152306501546
BoxingPractice_3840x2160_5994fps_10bit_420,9,80,0.6537550000000039,8,3.6208720000000056,0.6537550000000039,58.0,56.0,58.0,9.964454195890411
BoxingPractice_3840x2160_5994fps_10bit_420,9,85,0.3157510000000059,7,2.154281999999995,0.3157510000000059,55.0,52.0,55.0,7.497000954794521
BoxingPractice_3840x2160_5994fps_10bit_420,9,90,0.31427999999999656,7,1.4357109999999977,0.31427999999999656,48.0,45.0,48.0,4.904741536111111
BoxingPractice_3840x2160_5994fps_10bit_420,9,95,0.12658700000000067,7,0.12658700000000067,0.12658700000000067,36.0,36.0,36.0,2.6415152306501546
BoxingPractice_3840x2160_5994fps_10bit_420,10,80,0.6537550000000039,8,4.684248999999994,0.6537550000000039,58.0,55.0,58.0,9.964454195890411
BoxingPractice_3840x2160_5994fps_10bit_420,10,85,0.3157510000000059,7,3.576741999999996,0.3157510000000059,55.0,50.0,55.0,7.497000954794521
BoxingPractice_3840x2160_5994fps_10bit_420,10,90,0.31427999999999656,7,1.9005379999999974,0.31427999999999656,48.0,44.0,48.0,4.904741536111111
BoxingPractice_3840x2160_5994fps_10bit_420,10,95,0.12658700000000067,7,0.4496429999999947,0.12658700000000067,36.0,35.0,36.0,2.6415152306501546
ControlledBurn_1280x720p30_420,1,80,0.019845000000003665,7,1.142206999999999,0.019845000000003665,50.0,51.0,50.0,9.964454195890411
ControlledBurn_1280x720p30_420,1,85,0.3329080000000033,7,0.3329080000000033,0.3329080000000033,44.0,44.0,44.0,7.497000954794521
ControlledBurn_1280x720p30_420,1,90,0.03887100000000032,7,0.4740670000000051,0.03887100000000032,36.0,37.0,36.0,4.904741536111111
ControlledBurn_1280x720p30_420,1,95,0.0051430000000038945,7,1.0329930000000047,0.0051430000000038945,24.0,27.0,24.0,2.6415152306501546
ControlledBurn_1280x720p30_420,2,80,0.1804479999999984,7,1.1787199999999984,0.1804479999999984,49.0,50.0,49.0,9.964454195890411
ControlledBurn_1280x720p30_420,2,85,0.22228599999999687,7,0.9432680000000033,0.22228599999999687,43.0,44.0,43.0,7.497000954794521
ControlledBurn_1280x720p30_420,2,90,0.20480899999999735,7,0.20480899999999735,0.20480899999999735,36.0,36.0,36.0,4.904741536111111
ControlledBurn_1280x720p30_420,2,95,0.01676899999999648,7,1.0386529999999965,0.01676899999999648,24.0,27.0,24.0,2.6415152306501546
ControlledBurn_1280x720p30_420,3,80,0.06215100000000007,7,0.8619089999999971,0.06215100000000007,49.0,50.0,49.0,9.964454195890411
ControlledBurn_1280x720p30_420,3,85,0.2086879999999951,7,1.0131980000000027,0.2086879999999951,43.0,44.0,43.0,7.497000954794521
ControlledBurn_1280x720p30_420,3,90,0.18116000000000554,7,0.48959100000000433,0.18116000000000554,35.0,36.0,35.0,4.904741536111111
ControlledBurn_1280x720p30_420,3,95,0.0471160000000026,7,1.202980999999994,0.0471160000000026,24.0,27.0,24.0,2.6415152306501546
ControlledBurn_1280x720p30_420,4,80,0.35744200000000603,7,0.35744200000000603,0.35744200000000603,49.0,49.0,49.0,9.964454195890411
ControlledBurn_1280x720p30_420,4,85,0.4150690000000026,7,0.46466499999999655,0.4150690000000026,42.0,43.0,42.0,7.497000954794521
ControlledBurn_1280x720p30_420,4,90,0.12344299999999464,7,0.7603730000000013,0.12344299999999464,35.0,36.0,35.0,4.904741536111111
ControlledBurn_1280x720p30_420,4,95,0.10015199999999425,7,1.252908000000005,0.10015199999999425,24.0,27.0,24.0,2.6415152306501546
ControlledBurn_1280x720p30_420,5,80,0.48412299999999675,7,0.48412299999999675,0.48412299999999675,48.0,48.0,48.0,9.964454195890411
ControlledBurn_1280x720p30_420,5,85,0.23422399999999755,7,0.4956099999999992,0.23422399999999755,42.0,43.0,42.0,7.497000954794521
ControlledBurn_1280x720p30_420,5,90,0.12071000000000254,7,0.12071000000000254,0.12071000000000254,35.0,35.0,35.0,4.904741536111111
ControlledBurn_1280x720p30_420,5,95,0.061421999999993204,7,1.278377000000006,0.061421999999993204,24.0,27.0,24.0,2.6415152306501546
ControlledBurn_1280x720p30_420,6,80,0.21978099999999756,7,0.6928060000000045,0.21978099999999756,49.0,48.0,49.0,9.964454195890411
ControlledBurn_1280x720p30_420,6,85,0.1345850000000013,7,0.1345850000000013,0.1345850000000013,43.0,43.0,43.0,7.497000954794521
ControlledBurn_1280x720p30_420,6,90,0.2654899999999998,7,0.3595009999999945,0.2654899999999998,35.0,36.0,35.0,4.904741536111111
ControlledBurn_1280x720p30_420,6,95,0.1663599999999974,7,1.0668450000000007,0.1663599999999974,24.0,27.0,24.0,2.6415152306501546
ControlledBurn_1280x720p30_420,7,80,0.4643609999999967,7,0.4643609999999967,0.4643609999999967,48.0,48.0,48.0,9.964454195890411
ControlledBurn_1280x720p30_420,7,85,0.19248199999999827,7,0.5319669999999945,0.19248199999999827,43.0,42.0,43.0,7.497000954794521
ControlledBurn_1280x720p30_420,7,90,0.25845999999999947,7,0.4134350000000069,0.25845999999999947,35.0,36.0,35.0,4.904741536111111
ControlledBurn_1280x720p30_420,7,95,0.07579599999999687,7,1.106281999999993,0.07579599999999687,24.0,27.0,24.0,2.6415152306501546
ControlledBurn_1280x720p30_420,8,80,0.4620960000000025,7,0.4620960000000025,0.4620960000000025,48.0,48.0,48.0,9.964454195890411
ControlledBurn_1280x720p30_420,8,85,0.22088100000000566,7,0.498234999999994,0.22088100000000566,43.0,42.0,43.0,7.497000954794521
ControlledBurn_1280x720p30_420,8,90,0.2565440000000052,7,0.2565440000000052,0.2565440000000052,36.0,36.0,36.0,4.904741536111111
ControlledBurn_1280x720p30_420,8,95,0.3121969999999976,7,0.765665999999996,0.3121969999999976,24.0,27.0,24.0,2.6415152306501546
ControlledBurn_1280x720p30_420,9,80,0.4069729999999936,7,0.737487999999999,0.4069729999999936,47.0,46.0,47.0,9.964454195890411
ControlledBurn_1280x720p30_420,9,85,0.38620400000000643,8,0.42632700000000057,0.38620400000000643,42.0,41.0,42.0,7.497000954794521
ControlledBurn_1280x720p30_420,9,90,0.2769749999999931,7,0.2769749999999931,0.2769749999999931,35.0,35.0,35.0,4.904741536111111
ControlledBurn_1280x720p30_420,9,95,0.16696100000000058,7,1.0179430000000025,0.16696100000000058,24.0,27.0,24.0,2.6415152306501546
ControlledBurn_1280x720p30_420,10,80,0.35589400000000637,7,0.5346749999999929,0.35589400000000637,46.0,45.0,46.0,9.964454195890411
ControlledBurn_1280x720p30_420,10,85,0.1683919999999972,8,0.1683919999999972,0.1683919999999972,40.0,40.0,40.0,7.497000954794521
ControlledBurn_1280x720p30_420,10,90,0.010052000000001726,7,0.672655000000006,0.010052000000001726,33.0,34.0,33.0,4.904741536111111
ControlledBurn_1280x720p30_420,10,95,0.41578400000000215,7,0.41578400000000215,0.41578400000000215,24.0,24.0,24.0,2.6415152306501546
CosmosTreeTrunk_sdr_2048x858_25_8bit,1,80,0.2898349999999965,7,7.306888999999998,0.2898349999999965,50.0,56.0,50.0,9.964454195890411
CosmosTreeTrunk_sdr_2048x858_25_8bit,1,85,0.05483800000000372,7,4.431939,0.05483800000000372,44.0,49.0,44.0,7.497000954794521
CosmosTreeTrunk_sdr_2048x858_25_8bit,1,90,0.2426320000000004,7,1.9178469999999948,0.2426320000000004,37.0,40.0,37.0,4.904741536111111
CosmosTreeTrunk_sdr_2048x858_25_8bit,1,95,0.15240500000000168,7,0.5530650000000037,0.15240500000000168,28.0,29.0,28.0,2.6415152306501546
CosmosTreeTrunk_sdr_2048x858_25_8bit,2,80,0.2015219999999971,7,6.742020999999994,0.2015219999999971,49.0,55.0,49.0,9.964454195890411
CosmosTreeTrunk_sdr_2048x858_25_8bit,2,85,0.10967999999999734,7,3.3197409999999934,0.10967999999999734,43.0,47.0,43.0,7.497000954794521
CosmosTreeTrunk_sdr_2048x858_25_8bit,2,90,0.27035800000000165,7,1.7781300000000044,0.27035800000000165,36.0,39.0,36.0,4.904741536111111
CosmosTreeTrunk_sdr_2048x858_25_8bit,2,95,0.050375999999999976,7,0.508585999999994,0.050375999999999976,27.0,28.0,27.0,2.6415152306501546
CosmosTreeTrunk_sdr_2048x858_25_8bit,3,80,0.19055500000000336,7,5.9404480000000035,0.19055500000000336,48.0,54.0,48.0,9.964454195890411
CosmosTreeTrunk_sdr_2048x858_25_8bit,3,85,0.2336480000000023,7,2.9196019999999976,0.2336480000000023,43.0,46.0,43.0,7.497000954794521
CosmosTreeTrunk_sdr_2048x858_25_8bit,3,90,0.019970999999998185,7,1.4497980000000013,0.019970999999998185,36.0,38.0,36.0,4.904741536111111
CosmosTreeTrunk_sdr_2048x858_25_8bit,3,95,0.23092499999999916,7,0.5997030000000052,0.23092499999999916,27.0,28.0,27.0,2.6415152306501546
CosmosTreeTrunk_sdr_2048x858_25_8bit,4,80,0.12123900000000276,7,5.334192999999999,0.12123900000000276,48.0,53.0,48.0,9.964454195890411
CosmosTreeTrunk_sdr_2048x858_25_8bit,4,85,0.07893500000000131,7,2.5815259999999967,0.07893500000000131,42.0,45.0,42.0,7.497000954794521
CosmosTreeTrunk_sdr_2048x858_25_8bit,4,90,0.3633119999999934,7,1.8060619999999972,0.3633119999999934,35.0,38.0,35.0,4.904741536111111
CosmosTreeTrunk_sdr_2048x858_25_8bit,4,95,0.3533170000000041,7,0.3533170000000041,0.3533170000000041,27.0,27.0,27.0,2.6415152306501546
CosmosTreeTrunk_sdr_2048x858_25_8bit,5,80,0.013182000000000471,7,6.434759,0.013182000000000471,47.0,53.0,47.0,9.964454195890411
CosmosTreeTrunk_sdr_2048x858_25_8bit,5,85,0.44416499999999814,8,3.013064,0.44416499999999814,41.0,45.0,41.0,7.497000954794521
CosmosTreeTrunk_sdr_2048x858_25_8bit,5,90,0.11484900000000664,7,2.165413000000001,0.11484900000000664,35.0,38.0,35.0,4.904741536111111
CosmosTreeTrunk_sdr_2048x858_25_8bit,5,95,0.33328199999999697,7,0.33328199999999697,0.33328199999999697,27.0,27.0,27.0,2.6415152306501546
CosmosTreeTrunk_sdr_2048x858_25_8bit,6,80,0.4247620000000012,7,5.597843999999995,0.4247620000000012,48.0,53.0,48.0,9.964454195890411
CosmosTreeTrunk_sdr_2048x858_25_8bit,6,85,0.3966209999999961,7,3.3287770000000023,0.3966209999999961,42.0,46.0,42.0,7.497000954794521
CosmosTreeTrunk_sdr_2048x858_25_8bit,6,90,0.2167259999999942,7,1.3176279999999991,0.2167259999999942,36.0,38.0,36.0,4.904741536111111
CosmosTreeTrunk_sdr_2048x858_25_8bit,6,95,0.11264400000000308,7,0.3135340000000042,0.11264400000000308,27.0,28.0,27.0,2.6415152306501546
CosmosTreeTrunk_sdr_2048x858_25_8bit,7,80,0.11670200000000364,7,6.706563000000003,0.11670200000000364,47.0,53.0,47.0,9.964454195890411
CosmosTreeTrunk_sdr_2048x858_25_8bit,7,85,0.31267800000000534,7,3.6956579999999946,0.31267800000000534,42.0,46.0,42.0,7.497000954794521
CosmosTreeTrunk_sdr_2048x858_25_8bit,7,90,0.3198139999999938,7,1.2339719999999943,0.3198139999999938,36.0,38.0,36.0,4.904741536111111
CosmosTreeTrunk_sdr_2048x858_25_8bit,7,95,0.17368899999999599,7,0.17368899999999599,0.17368899999999599,28.0,28.0,28.0,2.6415152306501546
CosmosTreeTrunk_sdr_2048x858_25_8bit,8,80,0.3946559999999977,7,6.900362000000001,0.3946559999999977,47.0,53.0,47.0,9.964454195890411
CosmosTreeTrunk_sdr_2048x858_25_8bit,8,85,0.22090699999999686,7,4.605344000000002,0.22090699999999686,42.0,47.0,42.0,7.497000954794521
CosmosTreeTrunk_sdr_2048x858_25_8bit,8,90,0.24837200000000337,7,2.024979000000002,0.24837200000000337,37.0,39.0,37.0,4.904741536111111
CosmosTreeTrunk_sdr_2048x858_25_8bit,8,95,0.17724300000000426,7,0.5666829999999976,0.17724300000000426,28.0,29.0,28.0,2.6415152306501546
CosmosTreeTrunk_sdr_2048x858_25_8bit,9,80,0.48457500000000664,7,10.002433999999994,0.48457500000000664,46.0,53.0,46.0,9.964454195890411
CosmosTreeTrunk_sdr_2048x858_25_8bit,9,85,0.3890559999999965,8,5.484575000000007,0.3890559999999965,41.0,46.0,41.0,7.497000954794521
CosmosTreeTrunk_sdr_2048x858_25_8bit,9,90,0.15569899999999848,7,1.7754120000000029,0.15569899999999848,36.0,38.0,36.0,4.904741536111111
CosmosTreeTrunk_sdr_2048x858_25_8bit,9,95,0.14907800000000293,7,0.2645559999999989,0.14907800000000293,27.0,28.0,27.0,2.6415152306501546
CosmosTreeTrunk_sdr_2048x858_25_8bit,10,80,0.13351299999999355,7,9.336264,0.13351299999999355,45.0,52.0,45.0,9.964454195890411
CosmosTreeTrunk_sdr_2048x858_25_8bit,10,85,0.3883730000000014,8,4.8664870000000064,0.3883730000000014,41.0,45.0,41.0,7.497000954794521
CosmosTreeTrunk_sdr_2048x858_25_8bit,10,90,0.21715399999999363,7,0.9583889999999968,0.21715399999999363,35.0,36.0,35.0,4.904741536111111
CosmosTreeTrunk_sdr_2048x858_25_8bit,10,95,0.6365069999999946,7,0.680655999999999,0.6365069999999946,24.0,27.0,24.0,2.6415152306501546
Crosswalk_3840x2160_5994fps_10bit_420,1,80,0.3035019999999946,7,1.8385200000000026,0.3035019999999946,49.0,51.0,49.0,9.964454195890411
Crosswalk_3840x2160_5994fps_10bit_420,1,85,0.10146000000000299,8,2.0481209999999948,0.10146000000000299,40.0,44.0,40.0,7.497000954794521
Crosswalk_3840x2160_5994fps_10bit_420,1,90,0.08277900000000216,7,2.8576209999999946,0.08277900000000216,30.0,36.0,30.0,4.904741536111111
Crosswalk_3840x2160_5994fps_10bit_420,2,80,0.0026519999999976562,7,1.4587700000000012,0.0026519999999976562,48.0,50.0,48.0,9.964454195890411
Crosswalk_3840x2160_5994fps_10bit_420,2,85,0.12185800000000313,7,1.8236679999999978,0.12185800000000313,40.0,43.0,40.0,7.497000954794521
Crosswalk_3840x2160_5994fps_10bit_420,2,90,0.0320430000000016,7,2.560676000000001,0.0320430000000016,30.0,35.0,30.0,4.904741536111111
Crosswalk_3840x2160_5994fps_10bit_420,3,80,0.09341299999999819,7,0.09341299999999819,0.09341299999999819,50.0,50.0,50.0,9.964454195890411
Crosswalk_3840x2160_5994fps_10bit_420,3,85,0.0978939999999966,8,0.27873400000000004,0.0978939999999966,41.0,42.0,41.0,7.497000954794521
Crosswalk_3840x2160_5994fps_10bit_420,3,90,0.1506389999999982,7,1.4015799999999956,0.1506389999999982,31.0,34.0,31.0,4.904741536111111
Crosswalk_3840x2160_5994fps_10bit_420,4,80,0.2232269999999943,7,0.49624900000000594,0.2232269999999943,50.0,49.0,50.0,9.964454195890411
Crosswalk_3840x2160_5994fps_10bit_420,4,85,0.08562299999999823,8,0.605481999999995,0.08562299999999823,41.0,42.0,41.0,7.497000954794521
Crosswalk_3840x2160_5994fps_10bit_420,4,90,0.2314709999999991,7,1.546586000000005,0.2314709999999991,31.0,34.0,31.0,4.904741536111111
Crosswalk_3840x2160_5994fps_10bit_420,5,80,0.016940000000005284,7,0.6274920000000037,0.016940000000005284,49.0,48.0,49.0,9.964454195890411
Crosswalk_3840x2160_5994fps_10bit_420,5,85,0.2216669999999965,8,0.42786099999999294,0.2216669999999965,40.0,41.0,40.0,7.497000954794521
Crosswalk_3840x2160_5994fps_10bit_420,5,90,0.14610799999999813,7,1.2465490000000017,0.14610799999999813,30.0,33.0,30.0,4.904741536111111
Crosswalk_3840x2160_5994fps_10bit_420,6,80,0.03988999999999976,7,0.5960939999999937,0.03988999999999976,49.0,48.0,49.0,9.964454195890411
Crosswalk_3840x2160_5994fps_10bit_420,6,85,0.06789299999999798,8,0.5979970000000066,0.06789299999999798,41.0,42.0,41.0,7.497000954794521
Crosswalk_3840x2160_5994fps_10bit_420,6,90,0.12477800000000627,7,1.0270210000000048,0.12477800000000627,32.0,34.0,32.0,4.904741536111111
Crosswalk_3840x2160_5994fps_10bit_420,7,80,0.05832499999999641,7,0.657227000000006,0.05832499999999641,48.0,47.0,48.0,9.964454195890411
Crosswalk_3840x2160_5994fps_10bit_420,7,85,0.3130919999999975,8,0.9649859999999961,0.3130919999999975,41.0,42.0,41.0,7.497000954794521
Crosswalk_3840x2160_5994fps_10bit_420,7,90,0.1840169999999972,7,1.2792670000000044,0.1840169999999972,31.0,34.0,31.0,4.904741536111111
Crosswalk_3840x2160_5994fps_10bit_420,8,80,0.09086800000000039,7,0.6054519999999997,0.09086800000000039,49.0,48.0,49.0,9.964454195890411
Crosswalk_3840x2160_5994fps_10bit_420,8,85,0.12426700000000324,8,0.12426700000000324,0.12426700000000324,42.0,42.0,42.0,7.497000954794521
Crosswalk_3840x2160_5994fps_10bit_420,8,90,0.20804800000000512,7,0.6385580000000033,0.20804800000000512,32.0,34.0,32.0,4.904741536111111
Crosswalk_3840x2160_5994fps_10bit_420,9,80,0.48294099999999673,7,0.49981800000000476,0.48294099999999673,46.0,45.0,46.0,9.964454195890411
Crosswalk_3840x2160_5994fps_10bit_420,9,85,0.3962970000000041,7,0.4101519999999965,0.3962970000000041,39.0,40.0,39.0,7.497000954794521
Crosswalk_3840x2160_5994fps_10bit_420,9,90,0.24982799999999372,7,1.2676660000000055,0.24982799999999372,32.0,34.0,32.0,4.904741536111111
Crosswalk_3840x2160_5994fps_10bit_420,10,80,0.48294099999999673,7,0.49981800000000476,0.48294099999999673,46.0,45.0,46.0,9.964454195890411
Crosswalk_3840x2160_5994fps_10bit_420,10,85,0.3962970000000041,7,0.3962970000000041,0.3962970000000041,39.0,39.0,39.0,7.497000954794521
Crosswalk_3840x2160_5994fps_10bit_420,10,90,0.24982799999999372,7,0.24982799999999372,0.24982799999999372,32.0,32.0,32.0,4.904741536111111
CrowdRun_1920x1080p50,1,80,0.2656810000000007,7,5.292306999999994,0.2656810000000007,58.0,54.0,58.0,9.964454195890411
CrowdRun_1920x1080p50,1,85,0.2923069999999939,7,4.516081,0.2923069999999939,54.0,49.0,54.0,7.497000954794521
CrowdRun_1920x1080p50,1,90,0.12460699999999747,7,3.118037000000001,0.12460699999999747,48.0,43.0,48.0,4.904741536111111
CrowdRun_1920x1080p50,1,95,0.14750899999999945,7,2.3705309999999997,0.14750899999999945,39.0,34.0,39.0,2.6415152306501546
CrowdRun_1920x1080p50,2,80,1.096429999999998,7,5.329117999999994,1.096429999999998,58.0,53.0,58.0,9.964454195890411
CrowdRun_1920x1080p50,2,85,0.329117999999994,7,3.662817000000004,0.329117999999994,53.0,49.0,53.0,7.497000954794521
CrowdRun_1920x1080p50,2,90,0.1252839999999935,7,2.560867000000002,0.1252839999999935,47.0,43.0,47.0,4.904741536111111
CrowdRun_1920x1080p50,2,95,0.1849629999999962,7,2.0805409999999966,0.1849629999999962,38.0,34.0,38.0,2.6415152306501546
CrowdRun_1920x1080p50,3,80,0.3958509999999933,7,2.1342580000000027,0.3958509999999933,55.0,53.0,55.0,9.964454195890411
CrowdRun_1920x1080p50,3,85,0.04483399999999449,7,0.8702980000000053,0.04483399999999449,50.0,49.0,50.0,7.497000954794521
CrowdRun_1920x1080p50,3,90,0.19753699999999697,7,1.3318419999999946,0.19753699999999697,44.0,42.0,44.0,4.904741536111111
CrowdRun_1920x1080p50,3,95,0.19313200000000563,7,1.7937909999999988,0.19313200000000563,36.0,33.0,36.0,2.6415152306501546
CrowdRun_1920x1080p50,4,80,0.5583349999999996,7,2.8065560000000005,0.5583349999999996,55.0,52.0,55.0,9.964454195890411
CrowdRun_1920x1080p50,4,85,0.14388099999999326,7,1.2277179999999959,0.14388099999999326,50.0,48.0,50.0,7.497000954794521
CrowdRun_1920x1080p50,4,90,0.17405100000000573,7,1.009872999999999,0.17405100000000573,43.0,42.0,43.0,4.904741536111111
CrowdRun_1920x1080p50,4,95,0.06861700000000326,7,2.0185649999999953,0.06861700000000326,36.0,32.0,36.0,2.6415152306501546
CrowdRun_1920x1080p50,5,80,0.6021899999999931,7,1.664280000000005,0.6021899999999931,53.0,52.0,53.0,9.964454195890411
CrowdRun_1920x1080p50,5,85,0.28551799999999616,7,1.6057019999999937,0.28551799999999616,49.0,47.0,49.0,7.497000954794521
CrowdRun_1920x1080p50,5,90,0.08837099999999509,7,1.438709000000003,0.08837099999999509,43.0,41.0,43.0,4.904741536111111
CrowdRun_1920x1080p50,5,95,0.09074999999999989,7,1.9792419999999993,0.09074999999999989,36.0,32.0,36.0,2.6415152306501546
CrowdRun_1920x1080p50,6,80,0.08957800000000304,7,2.5939280000000053,0.08957800000000304,54.0,52.0,54.0,9.964454195890411
CrowdRun_1920x1080p50,6,85,0.2596240000000023,7,1.8424219999999991,0.2596240000000023,50.0,48.0,50.0,7.497000954794521
CrowdRun_1920x1080p50,6,90,0.21466200000000413,7,1.823207999999994,0.21466200000000413,44.0,42.0,44.0,4.904741536111111
CrowdRun_1920x1080p50,6,95,0.18068499999999688,7,2.2817909999999983,0.18068499999999688,37.0,33.0,37.0,2.6415152306501546
CrowdRun_1920x1080p50,7,80,0.6444039999999944,7,3.3468330000000037,0.6444039999999944,53.0,51.0,53.0,9.964454195890411
CrowdRun_1920x1080p50,7,85,0.5412819999999954,7,2.686807999999999,0.5412819999999954,49.0,47.0,49.0,7.497000954794521
CrowdRun_1920x1080p50,7,90,0.17842899999999418,7,2.498096000000004,0.17842899999999418,44.0,41.0,44.0,4.904741536111111
CrowdRun_1920x1080p50,7,95,0.15810500000000616,7,2.2408729999999935,0.15810500000000616,37.0,33.0,37.0,2.6415152306501546
CrowdRun_1920x1080p50,8,80,0.44437600000000543,7,3.118572999999998,0.44437600000000543,53.0,51.0,53.0,9.964454195890411
CrowdRun_1920x1080p50,8,85,0.6646510000000063,7,2.515701000000007,0.6646510000000063,50.0,47.0,50.0,7.497000954794521
CrowdRun_1920x1080p50,8,90,0.19173399999999674,7,1.2438709999999986,0.19173399999999674,44.0,42.0,44.0,4.904741536111111
CrowdRun_1920x1080p50,8,95,0.19633699999999976,7,2.3318880000000064,0.19633699999999976,37.0,33.0,37.0,2.6415152306501546
CrowdRun_1920x1080p50,9,80,0.3163059999999973,7,3.326911999999993,0.3163059999999973,52.0,49.0,52.0,9.964454195890411
CrowdRun_1920x1080p50,9,85,0.4993159999999932,7,2.776049999999998,0.4993159999999932,48.0,45.0,48.0,7.497000954794521
CrowdRun_1920x1080p50,9,90,0.18990300000000104,7,1.5976069999999964,0.18990300000000104,43.0,41.0,43.0,4.904741536111111
CrowdRun_1920x1080p50,9,95,0.24631899999999973,7,1.920133000000007,0.24631899999999973,36.0,33.0,36.0,2.6415152306501546
CrowdRun_1920x1080p50,10,80,0.020701999999999998,7,2.9605940000000004,0.020701999999999998,51.0,49.0,51.0,9.964454195890411
CrowdRun_1920x1080p50,10,85,0.5360840000000024,7,2.2883350000000036,0.5360840000000024,47.0,45.0,47.0,7.497000954794521
CrowdRun_1920x1080p50,10,90,0.36106399999999894,7,1.3865509999999972,0.36106399999999894,42.0,41.0,42.0,4.904741536111111
CrowdRun_1920x1080p50,10,95,0.1019370000000066,7,1.8373260000000045,0.1019370000000066,36.0,32.0,36.0,2.6415152306501546
DOTA2_1920x1080_60_8bit_420,1,80,1.0354320000000001,8,2.8478329999999943,1.0354320000000001,60.0,58.0,60.0,9.964454195890411
DOTA2_1920x1080_60_8bit_420,1,85,0.0006690000000020291,7,1.8100919999999974,0.0006690000000020291,56.0,54.0,56.0,7.497000954794521
DOTA2_1920x1080_60_8bit_420,1,90,0.004822000000004323,7,1.8338289999999944,0.004822000000004323,49.0,45.0,49.0,4.904741536111111
DOTA2_1920x1080_60_8bit_420,1,95,0.09306200000000331,7,0.9717080000000067,0.09306200000000331,36.0,33.0,36.0,2.6415152306501546
DOTA2_1920x1080_60_8bit_420,2,80,1.6762350000000055,8,2.094637000000006,1.6762350000000055,60.0,58.0,60.0,9.964454195890411
DOTA2_1920x1080_60_8bit_420,2,85,0.5212379999999968,7,2.1722500000000053,0.5212379999999968,56.0,53.0,56.0,7.497000954794521
DOTA2_1920x1080_60_8bit_420,2,90,0.28346899999999664,7,2.468118000000004,0.28346899999999664,49.0,43.0,49.0,4.904741536111111
DOTA2_1920x1080_60_8bit_420,2,95,0.012399000000002047,7,1.0712649999999968,0.012399000000002047,36.0,32.0,36.0,2.6415152306501546
DOTA2_1920x1080_60_8bit_420,3,80,1.533725000000004,8,3.911143999999993,1.533725000000004,58.0,56.0,58.0,9.964454195890411
DOTA2_1920x1080_60_8bit_420,3,85,0.10359099999999444,7,2.284758999999994,0.10359099999999444,55.0,52.0,55.0,7.497000954794521
DOTA2_1920x1080_60_8bit_420,3,90,0.24081200000000536,7,2.8809889999999996,0.24081200000000536,47.0,41.0,47.0,4.904741536111111
DOTA2_1920x1080_60_8bit_420,3,95,0.04009999999999536,7,1.0521009999999933,0.04009999999999536,35.0,31.0,35.0,2.6415152306501546
DOTA2_1920x1080_60_8bit_420,4,80,0.9955669999999941,8,3.3943869999999947,0.9955669999999941,58.0,56.0,58.0,9.964454195890411
DOTA2_1920x1080_60_8bit_420,4,85,0.3294790000000063,7,2.6271330000000006,0.3294790000000063,54.0,51.0,54.0,7.497000954794521
DOTA2_1920x1080_60_8bit_420,4,90,0.03233099999999922,7,2.599804000000006,0.03233099999999922,47.0,41.0,47.0,4.904741536111111
DOTA2_1920x1080_60_8bit_420,4,95,0.0982089999999971,7,0.935212000000007,0.0982089999999971,34.0,31.0,34.0,2.6415152306501546
DOTA2_1920x1080_60_8bit_420,5,80,0.5496459999999956,8,2.823335,0.5496459999999956,58.0,56.0,58.0,9.964454195890411
DOTA2_1920x1080_60_8bit_420,5,85,0.014617999999998688,7,2.8092259999999953,0.014617999999998688,54.0,50.0,54.0,7.497000954794521
DOTA2_1920x1080_60_8bit_420,5,90,0.12814600000000098,7,2.3613689999999963,0.12814600000000098,46.0,41.0,46.0,4.904741536111111
DOTA2_1920x1080_60_8bit_420,5,95,0.01895600000000286,7,0.838713999999996,0.01895600000000286,34.0,31.0,34.0,2.6415152306501546
DOTA2_1920x1080_60_8bit_420,6,80,0.40145200000000614,7,0.40145200000000614,0.40145200000000614,56.0,56.0,56.0,9.964454195890411
DOTA2_1920x1080_60_8bit_420,6,85,0.43622799999999984,7,1.180648000000005,0.43622799999999984,51.0,50.0,51.0,7.497000954794521
DOTA2_1920x1080_60_8bit_420,6,90,0.17333700000000363,7,0.8499159999999932,0.17333700000000363,44.0,42.0,44.0,4.904741536111111
DOTA2_1920x1080_60_8bit_420,6,95,0.17126799999999776,7,0.17126799999999776,0.17126799999999776,32.0,32.0,32.0,2.6415152306501546
DOTA2_1920x1080_60_8bit_420,7,80,0.46304800000000057,7,0.8866369999999932,0.46304800000000057,56.0,55.0,56.0,9.964454195890411
DOTA2_1920x1080_60_8bit_420,7,85,0.04680700000000115,7,0.7710790000000003,0.04680700000000115,51.0,50.0,51.0,7.497000954794521
DOTA2_1920x1080_60_8bit_420,7,90,0.09329499999999769,7,0.6416480000000035,0.09329499999999769,43.0,42.0,43.0,4.904741536111111
DOTA2_1920x1080_60_8bit_420,7,95,0.06745100000000548,7,0.06745100000000548,0.06745100000000548,31.0,31.0,31.0,2.6415152306501546
DOTA2_1920x1080_60_8bit_420,8,80,0.5403519999999986,7,0.8652929999999941,0.5403519999999986,56.0,55.0,56.0,9.964454195890411
DOTA2_1920x1080_60_8bit_420,8,85,0.11727700000000141,7,0.6733609999999999,0.11727700000000141,51.0,50.0,51.0,7.497000954794521
DOTA2_1920x1080_60_8bit_420,8,90,0.11256199999999694,7,0.6582400000000064,0.11256199999999694,43.0,42.0,43.0,4.904741536111111
DOTA2_1920x1080_60_8bit_420,8,95,0.10061799999999721,7,0.10061799999999721,0.10061799999999721,32.0,32.0,32.0,2.6415152306501546
DOTA2_1920x1080_60_8bit_420,9,80,0.38782000000000494,7,1.3641930000000002,0.38782000000000494,53.0,54.0,53.0,9.964454195890411
DOTA2_1920x1080_60_8bit_420,9,85,0.12328800000000228,7,0.793255000000002,0.12328800000000228,47.0,48.0,47.0,7.497000954794521
DOTA2_1920x1080_60_8bit_420,9,90,0.003204999999994129,8,0.674311000000003,0.003204999999994129,40.0,41.0,40.0,4.904741536111111
DOTA2_1920x1080_60_8bit_420,9,95,0.025855000000007067,7,0.7525440000000003,0.025855000000007067,29.0,31.0,29.0,2.6415152306501546
DOTA2_1920x1080_60_8bit_420,10,80,0.3646399999999943,7,0.3646399999999943,0.3646399999999943,52.0,52.0,52.0,9.964454195890411
DOTA2_1920x1080_60_8bit_420,10,85,0.13115200000000016,7,0.5735800000000069,0.13115200000000016,46.0,47.0,46.0,7.497000954794521
DOTA2_1920x1080_60_8bit_420,10,90,0.10979600000000289,7,0.10979600000000289,0.10979600000000289,39.0,39.0,39.0,4.904741536111111
DOTA2_1920x1080_60_8bit_420,10,95,0.0921160000000043,7,0.0921160000000043,0.0921160000000043,27.0,27.0,27.0,2.6415152306501546
Debugging_1920x1080_30fps_8bit_420,1,80,12.564115999999999,8,12.564115999999999,12.564115999999999,63.0,63.0,63.0,9.964454195890411
Debugging_1920x1080_30fps_8bit_420,1,85,7.5641159999999985,8,10.823966999999996,7.5641159999999985,63.0,60.0,63.0,7.497000954794521
Debugging_1920x1080_30fps_8bit_420,1,90,2.5641159999999985,8,7.834761,2.5641159999999985,63.0,52.0,63.0,4.904741536111111
Debugging_1920x1080_30fps_8bit_420,1,95,0.8239669999999961,8,3.8438519999999983,0.8239669999999961,60.0,41.0,60.0,2.6415152306501546
Debugging_1920x1080_30fps_8bit_420,2,80,12.358474000000001,8,12.358474000000001,12.358474000000001,63.0,63.0,63.0,9.964454195890411
Debugging_1920x1080_30fps_8bit_420,2,85,7.358474000000001,8,10.91995,7.358474000000001,63.0,60.0,63.0,7.497000954794521
Debugging_1920x1080_30fps_8bit_420,2,90,2.358474000000001,8,8.201397,2.358474000000001,63.0,51.0,63.0,4.904741536111111
Debugging_1920x1080_30fps_8bit_420,2,95,0.91995,8,4.157983999999999,0.91995,60.0,41.0,60.0,2.6415152306501546
Debugging_1920x1080_30fps_8bit_420,3,80,11.749654000000007,8,11.749654000000007,11.749654000000007,63.0,63.0,63.0,9.964454195890411
Debugging_1920x1080_30fps_8bit_420,3,85,6.749654000000007,8,10.696128000000002,6.749654000000007,63.0,60.0,63.0,7.497000954794521
Debugging_1920x1080_30fps_8bit_420,3,90,1.7496540000000067,8,8.198991000000007,1.7496540000000067,63.0,51.0,63.0,4.904741536111111
Debugging_1920x1080_30fps_8bit_420,3,95,0.6961280000000016,8,4.270082000000002,0.6961280000000016,60.0,40.0,60.0,2.6415152306501546
Debugging_1920x1080_30fps_8bit_420,4,80,11.146242,8,11.146242,11.146242,63.0,63.0,63.0,9.964454195890411
Debugging_1920x1080_30fps_8bit_420,4,85,6.146242000000001,8,10.430277000000004,6.146242000000001,63.0,60.0,63.0,7.497000954794521
Debugging_1920x1080_30fps_8bit_420,4,90,1.1462420000000009,8,8.238570999999993,1.1462420000000009,63.0,51.0,63.0,4.904741536111111
Debugging_1920x1080_30fps_8bit_420,4,95,0.4302770000000038,8,4.177064999999999,0.4302770000000038,60.0,40.0,60.0,2.6415152306501546
Debugging_1920x1080_30fps_8bit_420,5,80,10.658164,8,10.658164,10.658164,63.0,63.0,63.0,9.964454195890411
Debugging_1920x1080_30fps_8bit_420,5,85,5.658163999999999,8,10.258871999999997,5.658163999999999,63.0,60.0,63.0,7.497000954794521
Debugging_1920x1080_30fps_8bit_420,5,90,0.6581639999999993,8,8.098862999999994,0.6581639999999993,63.0,51.0,63.0,4.904741536111111
Debugging_1920x1080_30fps_8bit_420,5,95,0.25887199999999666,8,4.241320000000002,0.25887199999999666,60.0,39.0,60.0,2.6415152306501546
Debugging_1920x1080_30fps_8bit_420,6,80,7.897311000000002,8,7.897311000000002,7.897311000000002,63.0,63.0,63.0,9.964454195890411
Debugging_1920x1080_30fps_8bit_420,6,85,2.897311000000002,8,8.788978999999998,2.897311000000002,63.0,60.0,63.0,7.497000954794521
Debugging_1920x1080_30fps_8bit_420,6,90,2.102688999999998,8,7.740421999999995,2.102688999999998,63.0,50.0,63.0,4.904741536111111
Debugging_1920x1080_30fps_8bit_420,6,95,0.4188230000000033,8,4.073070999999999,0.4188230000000033,58.0,39.0,58.0,2.6415152306501546
Debugging_1920x1080_30fps_8bit_420,7,80,7.532442000000003,8,7.532442000000003,7.532442000000003,63.0,63.0,63.0,9.964454195890411
Debugging_1920x1080_30fps_8bit_420,7,85,2.532442000000003,8,8.713911999999993,2.532442000000003,63.0,60.0,63.0,7.497000954794521
Debugging_1920x1080_30fps_8bit_420,7,90,2.467557999999997,8,7.565785000000005,2.467557999999997,63.0,50.0,63.0,4.904741536111111
Debugging_1920x1080_30fps_8bit_420,7,95,0.08596300000000667,8,3.958629000000002,0.08596300000000667,58.0,39.0,58.0,2.6415152306501546
Debugging_1920x1080_30fps_8bit_420,8,80,3.997957999999997,8,3.997957999999997,3.997957999999997,63.0,63.0,63.0,9.964454195890411
Debugging_1920x1080_30fps_8bit_420,8,85,1.002042000000003,8,6.537018000000003,1.002042000000003,63.0,60.0,63.0,7.497000954794521
Debugging_1920x1080_30fps_8bit_420,8,90,1.5370180000000033,8,6.499420000000001,1.5370180000000033,60.0,50.0,60.0,4.904741536111111
Debugging_1920x1080_30fps_8bit_420,8,95,0.01167100000000687,7,3.313642999999999,0.01167100000000687,55.0,39.0,55.0,2.6415152306501546
Debugging_1920x1080_30fps_8bit_420,9,80,3.8981490000000036,8,7.460590999999994,3.8981490000000036,63.0,60.0,63.0,9.964454195890411
Debugging_1920x1080_30fps_8bit_420,9,85,2.4605909999999938,8,7.514657,2.4605909999999938,60.0,55.0,60.0,7.497000954794521
Debugging_1920x1080_30fps_8bit_420,9,90,0.31606399999999724,8,5.761660000000006,0.31606399999999724,58.0,47.0,58.0,4.904741536111111
Debugging_1920x1080_30fps_8bit_420,9,95,0.1202559999999977,7,2.9285840000000007,0.1202559999999977,50.0,36.0,50.0,2.6415152306501546
Debugging_1920x1080_30fps_8bit_420,10,80,3.3220859999999988,8,3.3220859999999988,3.3220859999999988,60.0,60.0,60.0,9.964454195890411
Debugging_1920x1080_30fps_8bit_420,10,85,1.6779140000000012,8,5.769722999999999,1.6779140000000012,60.0,54.0,60.0,7.497000954794521
Debugging_1920x1080_30fps_8bit_420,10,90,0.03198399999999424,7,4.278336999999993,0.03198399999999424,55.0,46.0,55.0,4.904741536111111
Debugging_1920x1080_30fps_8bit_420,10,95,0.1292360000000059,7,2.318905000000001,0.1292360000000059,44.0,33.0,44.0,2.6415152306501546
DinnerSceneCropped_1920x1080_2997fps_10bit_420,1,80,0.16831600000000435,7,14.291139999999999,0.16831600000000435,27.0,60.0,27.0,9.964454195890411
DinnerSceneCropped_1920x1080_2997fps_10bit_420,1,85,0.6768950000000018,7,16.216165000000004,0.6768950000000018,20.0,56.0,20.0,7.497000954794521
DinnerSceneCropped_1920x1080_2997fps_10bit_420,2,80,0.5157310000000024,7,14.722807000000003,0.5157310000000024,27.0,60.0,27.0,9.964454195890411
DinnerSceneCropped_1920x1080_2997fps_10bit_420,2,85,0.6011110000000031,7,16.298457999999997,0.6011110000000031,20.0,56.0,20.0,7.497000954794521
DinnerSceneCropped_1920x1080_2997fps_10bit_420,3,80,0.4694429999999983,7,12.529989,0.4694429999999983,27.0,60.0,27.0,9.964454195890411
DinnerSceneCropped_1920x1080_2997fps_10bit_420,3,85,0.8890190000000047,7,13.279428999999993,0.8890190000000047,20.0,54.0,20.0,7.497000954794521
DinnerSceneCropped_1920x1080_2997fps_10bit_420,4,80,0.19710899999999754,7,12.796953000000002,0.19710899999999754,27.0,60.0,27.0,9.964454195890411
DinnerSceneCropped_1920x1080_2997fps_10bit_420,4,85,1.5994759999999957,7,13.175568999999996,1.5994759999999957,20.0,53.0,20.0,7.497000954794521
DinnerSceneCropped_1920x1080_2997fps_10bit_420,5,80,0.5903569999999974,7,13.054783,0.5903569999999974,27.0,60.0,27.0,9.964454195890411
DinnerSceneCropped_1920x1080_2997fps_10bit_420,5,85,1.4302529999999933,7,13.236592000000002,1.4302529999999933,20.0,52.0,20.0,7.497000954794521
DinnerSceneCropped_1920x1080_2997fps_10bit_420,6,80,0.26469299999999407,7,12.039468,0.26469299999999407,29.0,58.0,29.0,9.964454195890411
DinnerSceneCropped_1920x1080_2997fps_10bit_420,6,85,0.03700800000000015,7,12.793306000000001,0.03700800000000015,24.0,51.0,24.0,7.497000954794521
DinnerSceneCropped_1920x1080_2997fps_10bit_420,7,80,0.12203100000000688,7,12.618201999999997,0.12203100000000688,29.0,58.0,29.0,9.964454195890411
DinnerSceneCropped_1920x1080_2997fps_10bit_420,7,85,0.15278200000000197,7,12.830471000000003,0.15278200000000197,24.0,50.0,24.0,7.497000954794521
DinnerSceneCropped_1920x1080_2997fps_10bit_420,8,80,0.13551999999999964,7,10.577741000000003,0.13551999999999964,33.0,58.0,33.0,9.964454195890411
DinnerSceneCropped_1920x1080_2997fps_10bit_420,8,85,0.8720050000000015,7,10.813046999999997,0.8720050000000015,24.0,51.0,24.0,7.497000954794521
DinnerSceneCropped_1920x1080_2997fps_10bit_420,9,80,0.15501299999999674,7,12.431117,0.15501299999999674,32.0,56.0,32.0,9.964454195890411
DinnerSceneCropped_1920x1080_2997fps_10bit_420,9,85,0.5827139999999957,7,11.387986999999995,0.5827139999999957,24.0,48.0,24.0,7.497000954794521
DinnerSceneCropped_1920x1080_2997fps_10bit_420,10,80,0.19347600000000398,7,12.008887999999999,0.19347600000000398,31.0,55.0,31.0,9.964454195890411
DinnerSceneCropped_1920x1080_2997fps_10bit_420,10,85,0.15467999999999904,7,11.125269000000003,0.15467999999999904,24.0,46.0,24.0,7.497000954794521
DrivingPOV_1280x720p_5994_10bit_420,1,80,1.3453779999999966,8,1.3453779999999966,1.3453779999999966,63.0,63.0,63.0,9.964454195890411
DrivingPOV_1280x720p_5994_10bit_420,1,85,3.5399460000000005,8,3.5399460000000005,3.5399460000000005,60.0,60.0,60.0,7.497000954794521
DrivingPOV_1280x720p_5994_10bit_420,1,90,0.4497530000000012,8,2.0488730000000004,0.4497530000000012,58.0,56.0,58.0,4.904741536111111
DrivingPOV_1280x720p_5994_10bit_420,1,95,0.02759600000000262,7,1.8067730000000068,0.02759600000000262,49.0,41.0,49.0,2.6415152306501546
DrivingPOV_1280x720p_5994_10bit_420,2,80,1.9198880000000003,8,1.9198880000000003,1.9198880000000003,63.0,63.0,63.0,9.964454195890411
DrivingPOV_1280x720p_5994_10bit_420,2,85,3.0085499999999996,8,3.0085499999999996,3.0085499999999996,60.0,60.0,60.0,7.497000954794521
DrivingPOV_1280x720p_5994_10bit_420,2,90,0.3103499999999997,8,1.7393090000000058,0.3103499999999997,58.0,56.0,58.0,4.904741536111111
DrivingPOV_1280x720p_5994_10bit_420,2,95,0.07112200000000257,7,1.6610550000000046,0.07112200000000257,48.0,41.0,48.0,2.6415152306501546
DrivingPOV_1280x720p_5994_10bit_420,3,80,3.104658999999998,8,3.104658999999998,3.104658999999998,63.0,63.0,63.0,9.964454195890411
DrivingPOV_1280x720p_5994_10bit_420,3,85,1.309629000000001,8,1.309629000000001,1.309629000000001,60.0,60.0,60.0,7.497000954794521
DrivingPOV_1280x720p_5994_10bit_420,3,90,0.3284089999999935,7,0.3284089999999935,0.3284089999999935,56.0,56.0,56.0,4.904741536111111
DrivingPOV_1280x720p_5994_10bit_420,3,95,0.022289999999998145,8,0.43801000000000556,0.022289999999998145,40.0,38.0,40.0,2.6415152306501546
DrivingPOV_1280x720p_5994_10bit_420,4,80,3.8631620000000026,8,3.8631620000000026,3.8631620000000026,63.0,63.0,63.0,9.964454195890411
DrivingPOV_1280x720p_5994_10bit_420,4,85,1.1787810000000007,8,1.1787810000000007,1.1787810000000007,60.0,60.0,60.0,7.497000954794521
DrivingPOV_1280x720p_5994_10bit_420,4,90,0.19672900000000482,7,0.19672900000000482,0.19672900000000482,55.0,55.0,55.0,4.904741536111111
DrivingPOV_1280x720p_5994_10bit_420,4,95,0.07523899999999628,7,0.587648999999999,0.07523899999999628,39.0,36.0,39.0,2.6415152306501546
DrivingPOV_1280x720p_5994_10bit_420,5,80,3.4059900000000027,8,3.4059900000000027,3.4059900000000027,63.0,63.0,63.0,9.964454195890411
DrivingPOV_1280x720p_5994_10bit_420,5,85,0.5249660000000063,8,0.5249660000000063,0.5249660000000063,60.0,60.0,60.0,7.497000954794521
DrivingPOV_1280x720p_5994_10bit_420,5,90,0.34528099999999995,7,0.34528099999999995,0.34528099999999995,55.0,55.0,55.0,4.904741536111111
DrivingPOV_1280x720p_5994_10bit_420,5,95,0.05801099999999337,7,0.5955730000000017,0.05801099999999337,38.0,36.0,38.0,2.6415152306501546
DrivingPOV_1280x720p_5994_10bit_420,6,80,4.465114,8,4.465114,4.465114,60.0,60.0,60.0,9.964454195890411
DrivingPOV_1280x720p_5994_10bit_420,6,85,0.5348860000000002,8,0.5348860000000002,0.5348860000000002,60.0,60.0,60.0,7.497000954794521
DrivingPOV_1280x720p_5994_10bit_420,6,90,0.08733399999999847,7,0.08733399999999847,0.08733399999999847,54.0,54.0,54.0,4.904741536111111
DrivingPOV_1280x720p_5994_10bit_420,6,95,0.0803810000000027,7,0.6094389999999947,0.0803810000000027,39.0,37.0,39.0,2.6415152306501546
DrivingPOV_1280x720p_5994_10bit_420,7,80,3.279236999999995,8,3.279236999999995,3.279236999999995,60.0,60.0,60.0,9.964454195890411
DrivingPOV_1280x720p_5994_10bit_420,7,85,0.8173369999999949,8,0.8173369999999949,0.8173369999999949,58.0,58.0,58.0,7.497000954794521
DrivingPOV_1280x720p_5994_10bit_420,7,90,0.11928000000000338,7,0.39765400000000284,0.11928000000000338,52.0,53.0,52.0,4.904741536111111
DrivingPOV_1280x720p_5994_10bit_420,7,95,0.03508200000000272,7,0.6009920000000051,0.03508200000000272,38.0,36.0,38.0,2.6415152306501546
DrivingPOV_1280x720p_5994_10bit_420,8,80,2.6956710000000044,8,2.6956710000000044,2.6956710000000044,60.0,60.0,60.0,9.964454195890411
DrivingPOV_1280x720p_5994_10bit_420,8,85,0.9699839999999966,8,0.9699839999999966,0.9699839999999966,58.0,58.0,58.0,7.497000954794521
DrivingPOV_1280x720p_5994_10bit_420,8,90,0.010457999999999856,7,0.010457999999999856,0.010457999999999856,53.0,53.0,53.0,4.904741536111111
DrivingPOV_1280x720p_5994_10bit_420,8,95,0.027465000000006512,7,0.6977210000000014,0.027465000000006512,37.0,35.0,37.0,2.6415152306501546
DrivingPOV_1280x720p_5994_10bit_420,9,80,0.9789810000000045,8,3.1605870000000067,0.9789810000000045,58.0,60.0,58.0,9.964454195890411
DrivingPOV_1280x720p_5994_10bit_420,9,85,0.4004539999999963,7,0.4004539999999963,0.4004539999999963,55.0,55.0,55.0,7.497000954794521
DrivingPOV_1280x720p_5994_10bit_420,9,90,0.049207999999993035,7,0.049207999999993035,0.049207999999993035,47.0,47.0,47.0,4.904741536111111
DrivingPOV_1280x720p_5994_10bit_420,9,95,0.128540000000001,7,0.7959330000000051,0.128540000000001,36.0,33.0,36.0,2.6415152306501546
DrivingPOV_1280x720p_5994_10bit_420,10,80,0.17258200000000556,7,0.17258200000000556,0.17258200000000556,58.0,58.0,58.0,9.964454195890411
DrivingPOV_1280x720p_5994_10bit_420,10,85,0.1660669999999982,7,0.9713150000000041,0.1660669999999982,53.0,54.0,53.0,7.497000954794521
DrivingPOV_1280x720p_5994_10bit_420,10,90,0.02530500000000302,7,0.02530500000000302,0.02530500000000302,45.0,45.0,45.0,4.904741536111111
DrivingPOV_1280x720p_5994_10bit_420,10,95,0.08804999999999552,7,0.7197249999999968,0.08804999999999552,32.0,30.0,32.0,2.6415152306501546
EuroTruckSimulator2_1920x1080p60,1,80,3.874347,8,3.874347,3.874347,60.0,60.0,60.0,9.964454195890411
EuroTruckSimulator2_1920x1080p60,1,85,1.1256529999999998,8,1.2175110000000018,1.1256529999999998,60.0,58.0,60.0,7.497000954794521
EuroTruckSimulator2_1920x1080p60,1,90,0.08427899999999511,7,1.254598999999999,0.08427899999999511,53.0,50.0,53.0,4.904741536111111
EuroTruckSimulator2_1920x1080p60,1,95,0.022429000000002475,7,0.4263090000000034,0.022429000000002475,40.0,39.0,40.0,2.6415152306501546
EuroTruckSimulator2_1920x1080p60,2,80,3.2935700000000026,8,3.2935700000000026,3.2935700000000026,60.0,60.0,60.0,9.964454195890411
EuroTruckSimulator2_1920x1080p60,2,85,0.867479000000003,8,2.739444000000006,0.867479000000003,58.0,56.0,58.0,7.497000954794521
EuroTruckSimulator2_1920x1080p60,2,90,0.03611200000000281,7,0.919360999999995,0.03611200000000281,52.0,50.0,52.0,4.904741536111111
EuroTruckSimulator2_1920x1080p60,2,95,0.24259399999999687,7,0.2831589999999977,0.24259399999999687,39.0,38.0,39.0,2.6415152306501546
EuroTruckSimulator2_1920x1080p60,3,80,3.2570220000000063,8,3.2570220000000063,3.2570220000000063,60.0,60.0,60.0,9.964454195890411
EuroTruckSimulator2_1920x1080p60,3,85,0.796481,8,2.1008599999999973,0.796481,58.0,56.0,58.0,7.497000954794521
EuroTruckSimulator2_1920x1080p60,3,90,0.040779000000000565,7,0.12436399999999992,0.040779000000000565,50.0,49.0,50.0,4.904741536111111
EuroTruckSimulator2_1920x1080p60,3,95,0.10526099999999872,7,0.10526099999999872,0.10526099999999872,36.0,36.0,36.0,2.6415152306501546
EuroTruckSimulator2_1920x1080p60,4,80,2.5779509999999988,8,2.5779509999999988,2.5779509999999988,60.0,60.0,60.0,9.964454195890411
EuroTruckSimulator2_1920x1080p60,4,85,0.01452199999999948,7,1.3195149999999956,0.01452199999999948,58.0,56.0,58.0,7.497000954794521
EuroTruckSimulator2_1920x1080p60,4,90,0.03668899999999553,7,0.2702639999999974,0.03668899999999553,47.0,48.0,47.0,4.904741536111111
EuroTruckSimulator2_1920x1080p60,4,95,0.2845190000000031,7,0.2845190000000031,0.2845190000000031,36.0,36.0,36.0,2.6415152306501546
EuroTruckSimulator2_1920x1080p60,5,80,2.211680000000001,8,2.211680000000001,2.211680000000001,60.0,60.0,60.0,9.964454195890411
EuroTruckSimulator2_1920x1080p60,5,85,0.2313309999999973,7,1.3643189999999947,0.2313309999999973,58.0,55.0,58.0,7.497000954794521
EuroTruckSimulator2_1920x1080p60,5,90,0.08588500000000465,7,0.08588500000000465,0.08588500000000465,46.0,46.0,46.0,4.904741536111111
EuroTruckSimulator2_1920x1080p60,5,95,0.2954289999999986,7,0.2954289999999986,0.2954289999999986,35.0,35.0,35.0,2.6415152306501546
EuroTruckSimulator2_1920x1080p60,6,80,0.6600320000000011,8,3.205869000000007,0.6600320000000011,60.0,58.0,60.0,9.964454195890411
EuroTruckSimulator2_1920x1080p60,6,85,0.10352600000000223,7,1.7445869999999957,0.10352600000000223,56.0,54.0,56.0,7.497000954794521
EuroTruckSimulator2_1920x1080p60,6,90,0.18786599999999964,7,0.18786599999999964,0.18786599999999964,46.0,46.0,46.0,4.904741536111111
EuroTruckSimulator2_1920x1080p60,6,95,0.29578600000000677,7,0.47266000000000474,0.29578600000000677,36.0,37.0,36.0,2.6415152306501546
EuroTruckSimulator2_1920x1080p60,7,80,0.3825870000000009,8,2.1005300000000062,0.3825870000000009,60.0,58.0,60.0,9.964454195890411
EuroTruckSimulator2_1920x1080p60,7,85,0.14478400000000136,7,1.4475180000000023,0.14478400000000136,55.0,53.0,55.0,7.497000954794521
EuroTruckSimulator2_1920x1080p60,7,90,0.21428899999999373,7,0.21428899999999373,0.21428899999999373,46.0,46.0,46.0,4.904741536111111
EuroTruckSimulator2_1920x1080p60,7,95,0.06609699999999918,7,0.06609699999999918,0.06609699999999918,37.0,37.0,37.0,2.6415152306501546
EuroTruckSimulator2_1920x1080p60,8,80,1.259134000000003,8,1.7424769999999938,1.259134000000003,60.0,58.0,60.0,9.964454195890411
EuroTruckSimulator2_1920x1080p60,8,85,0.28331900000000587,7,0.5118779999999958,0.28331900000000587,55.0,54.0,55.0,7.497000954794521
EuroTruckSimulator2_1920x1080p60,8,90,0.06252600000000541,7,0.37564199999999914,0.06252600000000541,45.0,46.0,45.0,4.904741536111111
EuroTruckSimulator2_1920x1080p60,8,95,0.21037599999999657,7,0.21037599999999657,0.21037599999999657,37.0,37.0,37.0,2.6415152306501546
EuroTruckSimulator2_1920x1080p60,9,80,0.24266500000000235,7,1.0604100000000045,0.24266500000000235,56.0,55.0,56.0,9.964454195890411
EuroTruckSimulator2_1920x1080p60,9,85,0.3147699999999958,7,0.3147699999999958,0.3147699999999958,50.0,50.0,50.0,7.497000954794521
EuroTruckSimulator2_1920x1080p60,9,90,0.08822299999999927,7,0.6170479999999969,0.08822299999999927,43.0,44.0,43.0,4.904741536111111
EuroTruckSimulator2_1920x1080p60,9,95,0.09166600000000358,7,0.09166600000000358,0.09166600000000358,36.0,36.0,36.0,2.6415152306501546
EuroTruckSimulator2_1920x1080p60,10,80,0.36380499999999927,7,0.7997689999999977,0.36380499999999927,55.0,54.0,55.0,9.964454195890411
EuroTruckSimulator2_1920x1080p60,10,85,0.016310000000004266,7,0.016310000000004266,0.016310000000004266,49.0,49.0,49.0,7.497000954794521
EuroTruckSimulator2_1920x1080p60,10,90,0.13354699999999298,8,0.7493010000000027,0.13354699999999298,42.0,43.0,42.0,4.904741536111111
EuroTruckSimulator2_1920x1080p60,10,95,0.3163509999999974,7,0.3698389999999989,0.3163509999999974,35.0,34.0,35.0,2.6415152306501546
EuroTruckSimulator2_1920x1080p60_v2,1,80,3.1419810000000012,8,3.1419810000000012,3.1419810000000012,60.0,60.0,60.0,9.964454195890411
EuroTruckSimulator2_1920x1080p60_v2,1,85,0.4157589999999942,8,0.4157589999999942,0.4157589999999942,58.0,58.0,58.0,7.497000954794521
EuroTruckSimulator2_1920x1080p60_v2,1,90,0.0514349999999979,7,0.5453530000000057,0.0514349999999979,51.0,52.0,51.0,4.904741536111111
EuroTruckSimulator2_1920x1080p60_v2,1,95,0.14588299999999776,7,0.6877580000000023,0.14588299999999776,39.0,41.0,39.0,2.6415152306501546
EuroTruckSimulator2_1920x1080p60_v2,2,80,2.446134999999998,8,2.446134999999998,2.446134999999998,60.0,60.0,60.0,9.964454195890411
EuroTruckSimulator2_1920x1080p60_v2,2,85,0.11455899999999986,7,0.11455899999999986,0.11455899999999986,58.0,58.0,58.0,7.497000954794521
EuroTruckSimulator2_1920x1080p60_v2,2,90,0.15241500000000485,7,0.40255600000000413,0.15241500000000485,50.0,51.0,50.0,4.904741536111111
EuroTruckSimulator2_1920x1080p60_v2,2,95,0.175461999999996,7,0.7242880000000014,0.175461999999996,38.0,40.0,38.0,2.6415152306501546
EuroTruckSimulator2_1920x1080p60_v2,3,80,2.573288000000005,8,2.573288000000005,2.573288000000005,60.0,60.0,60.0,9.964454195890411
EuroTruckSimulator2_1920x1080p60_v2,3,85,0.554087999999993,7,0.554087999999993,0.554087999999993,58.0,58.0,58.0,7.497000954794521
EuroTruckSimulator2_1920x1080p60_v2,3,90,0.05142800000000136,7,1.1841519999999974,0.05142800000000136,47.0,50.0,47.0,4.904741536111111
EuroTruckSimulator2_1920x1080p60_v2,3,95,0.24965699999999913,7,1.1261240000000043,0.24965699999999913,36.0,38.0,36.0,2.6415152306501546
EuroTruckSimulator2_1920x1080p60_v2,4,80,2.006338999999997,8,2.006338999999997,2.006338999999997,60.0,60.0,60.0,9.964454195890411
EuroTruckSimulator2_1920x1080p60_v2,4,85,0.2328420000000051,7,1.0076940000000008,0.2328420000000051,56.0,58.0,56.0,7.497000954794521
EuroTruckSimulator2_1920x1080p60_v2,4,90,0.07287399999999877,7,1.555609000000004,0.07287399999999877,45.0,49.0,45.0,4.904741536111111
EuroTruckSimulator2_1920x1080p60_v2,4,95,0.1450229999999948,7,1.1878030000000024,0.1450229999999948,35.0,37.0,35.0,2.6415152306501546
EuroTruckSimulator2_1920x1080p60_v2,5,80,1.597520000000003,8,1.597520000000003,1.597520000000003,60.0,60.0,60.0,9.964454195890411
EuroTruckSimulator2_1920x1080p60_v2,5,85,0.31824500000000455,7,0.34073399999999765,0.31824500000000455,55.0,56.0,55.0,7.497000954794521
EuroTruckSimulator2_1920x1080p60_v2,5,90,0.11938499999999408,7,1.832603000000006,0.11938499999999408,44.0,48.0,44.0,4.904741536111111
EuroTruckSimulator2_1920x1080p60_v2,5,95,0.12111099999999908,7,1.2761780000000016,0.12111099999999908,35.0,37.0,35.0,2.6415152306501546
EuroTruckSimulator2_1920x1080p60_v2,6,80,0.19070499999999413,8,0.19070499999999413,0.19070499999999413,60.0,60.0,60.0,9.964454195890411
EuroTruckSimulator2_1920x1080p60_v2,6,85,0.21377599999999575,7,1.1518099999999976,0.21377599999999575,54.0,56.0,54.0,7.497000954794521
EuroTruckSimulator2_1920x1080p60_v2,6,90,0.2512569999999954,7,1.7740649999999931,0.2512569999999954,44.0,48.0,44.0,4.904741536111111
EuroTruckSimulator2_1920x1080p60_v2,6,95,0.15144999999999698,7,1.3168249999999944,0.15144999999999698,36.0,38.0,36.0,2.6415152306501546
EuroTruckSimulator2_1920x1080p60_v2,7,80,1.3967700000000036,8,1.4118590000000069,1.3967700000000036,58.0,60.0,58.0,9.964454195890411
EuroTruckSimulator2_1920x1080p60_v2,7,85,0.20279100000000483,7,1.0124699999999933,0.20279100000000483,53.0,55.0,53.0,7.497000954794521
EuroTruckSimulator2_1920x1080p60_v2,7,90,0.2866769999999974,7,1.3342580000000055,0.2866769999999974,44.0,47.0,44.0,4.904741536111111
EuroTruckSimulator2_1920x1080p60_v2,7,95,0.025262999999995372,7,1.2164319999999975,0.025262999999995372,36.0,38.0,36.0,2.6415152306501546
EuroTruckSimulator2_1920x1080p60_v2,8,80,1.2400149999999996,8,1.7784709999999961,1.2400149999999996,60.0,58.0,60.0,9.964454195890411
EuroTruckSimulator2_1920x1080p60_v2,8,85,0.17615800000000092,7,0.6026240000000058,0.17615800000000092,54.0,55.0,54.0,7.497000954794521
EuroTruckSimulator2_1920x1080p60_v2,8,90,0.1843810000000019,7,1.0709209999999985,0.1843810000000019,45.0,47.0,45.0,4.904741536111111
EuroTruckSimulator2_1920x1080p60_v2,8,95,0.03420099999999593,7,1.147677999999999,0.03420099999999593,36.0,38.0,36.0,2.6415152306501546
EuroTruckSimulator2_1920x1080p60_v2,9,80,0.0020590000000026976,7,0.0020590000000026976,0.0020590000000026976,56.0,56.0,56.0,9.964454195890411
EuroTruckSimulator2_1920x1080p60_v2,9,85,0.027668000000005577,7,0.6853210000000018,0.027668000000005577,50.0,51.0,50.0,7.497000954794521
EuroTruckSimulator2_1920x1080p60_v2,9,90,0.03548200000000179,7,0.6283690000000064,0.03548200000000179,43.0,44.0,43.0,4.904741536111111
EuroTruckSimulator2_1920x1080p60_v2,9,95,0.19600800000000618,7,0.8715859999999935,0.19600800000000618,36.0,37.0,36.0,2.6415152306501546
EuroTruckSimulator2_1920x1080p60_v2,10,80,0.12353600000000142,7,0.12353600000000142,0.12353600000000142,55.0,55.0,55.0,9.964454195890411
EuroTruckSimulator2_1920x1080p60_v2,10,85,0.05483800000000372,7,0.8111619999999959,0.05483800000000372,49.0,50.0,49.0,7.497000954794521
EuroTruckSimulator2_1920x1080p60_v2,10,90,0.0929880000000054,7,0.5755759999999981,0.0929880000000054,42.0,43.0,42.0,4.904741536111111
EuroTruckSimulator2_1920x1080p60_v2,10,95,0.2273100000000028,7,0.40611699999999473,0.2273100000000028,34.0,35.0,34.0,2.6415152306501546
FoodMarket2_3840x2160_5994fps_10bit_420,1,80,3.502403000000001,8,3.502403000000001,3.502403000000001,63.0,63.0,63.0,9.964454195890411
FoodMarket2_3840x2160_5994fps_10bit_420,1,85,3.8770039999999995,8,3.8770039999999995,3.8770039999999995,60.0,60.0,60.0,7.497000954794521
FoodMarket2_3840x2160_5994fps_10bit_420,1,90,1.1229960000000005,8,1.921007000000003,1.1229960000000005,60.0,58.0,60.0,4.904741536111111
FoodMarket2_3840x2160_5994fps_10bit_420,1,95,0.2511130000000037,7,2.316924,0.2511130000000037,54.0,50.0,54.0,2.6415152306501546
FoodMarket2_3840x2160_5994fps_10bit_420,2,80,4.2238260000000025,8,4.2238260000000025,4.2238260000000025,63.0,63.0,63.0,9.964454195890411
FoodMarket2_3840x2160_5994fps_10bit_420,2,85,3.4043630000000036,8,3.4043630000000036,3.4043630000000036,60.0,60.0,60.0,7.497000954794521
FoodMarket2_3840x2160_5994fps_10bit_420,2,90,1.5319300000000027,8,3.2078910000000036,1.5319300000000027,58.0,56.0,58.0,4.904741536111111
FoodMarket2_3840x2160_5994fps_10bit_420,2,95,0.09493999999999403,7,2.058238000000003,0.09493999999999403,54.0,50.0,54.0,2.6415152306501546
FoodMarket2_3840x2160_5994fps_10bit_420,3,80,4.519818000000001,8,7.991485999999995,4.519818000000001,63.0,60.0,63.0,9.964454195890411
FoodMarket2_3840x2160_5994fps_10bit_420,3,85,2.9914859999999948,8,2.9914859999999948,2.9914859999999948,60.0,60.0,60.0,7.497000954794521
FoodMarket2_3840x2160_5994fps_10bit_420,3,90,1.1646829999999966,8,2.756613999999999,1.1646829999999966,58.0,56.0,58.0,4.904741536111111
FoodMarket2_3840x2160_5994fps_10bit_420,3,95,0.1151530000000065,7,2.8710820000000012,0.1151530000000065,53.0,47.0,53.0,2.6415152306501546
FoodMarket2_3840x2160_5994fps_10bit_420,4,80,5.895342999999997,8,7.250366,5.895342999999997,63.0,60.0,63.0,9.964454195890411
FoodMarket2_3840x2160_5994fps_10bit_420,4,85,2.2503659999999996,8,2.2503659999999996,2.2503659999999996,60.0,60.0,60.0,7.497000954794521
FoodMarket2_3840x2160_5994fps_10bit_420,4,90,0.5000320000000045,8,3.954708999999994,0.5000320000000045,58.0,54.0,58.0,4.904741536111111
FoodMarket2_3840x2160_5994fps_10bit_420,4,95,0.15179399999999532,7,2.8310570000000013,0.15179399999999532,52.0,46.0,52.0,2.6415152306501546
FoodMarket2_3840x2160_5994fps_10bit_420,5,80,6.392758999999998,8,6.850615000000005,6.392758999999998,63.0,60.0,63.0,9.964454195890411
FoodMarket2_3840x2160_5994fps_10bit_420,5,85,1.8506150000000048,8,1.8506150000000048,1.8506150000000048,60.0,60.0,60.0,7.497000954794521
FoodMarket2_3840x2160_5994fps_10bit_420,5,90,0.06085400000000618,8,4.162319999999994,0.06085400000000618,58.0,53.0,58.0,4.904741536111111
FoodMarket2_3840x2160_5994fps_10bit_420,5,95,0.26148399999999583,7,2.525837999999993,0.26148399999999583,52.0,46.0,52.0,2.6415152306501546
FoodMarket2_3840x2160_5994fps_10bit_420,6,80,4.805104,8,4.805104,4.805104,60.0,60.0,60.0,9.964454195890411
FoodMarket2_3840x2160_5994fps_10bit_420,6,85,0.19489599999999996,8,3.518079,0.19489599999999996,60.0,58.0,60.0,7.497000954794521
FoodMarket2_3840x2160_5994fps_10bit_420,6,90,1.054034999999999,7,3.6524359999999945,1.054034999999999,56.0,53.0,56.0,4.904741536111111
FoodMarket2_3840x2160_5994fps_10bit_420,6,95,0.0681770000000057,7,2.378362999999993,0.0681770000000057,51.0,46.0,51.0,2.6415152306501546
FoodMarket2_3840x2160_5994fps_10bit_420,7,80,3.7250920000000036,8,3.7250920000000036,3.7250920000000036,60.0,60.0,60.0,9.964454195890411
FoodMarket2_3840x2160_5994fps_10bit_420,7,85,1.2749079999999964,8,2.5008909999999958,1.2749079999999964,60.0,58.0,60.0,7.497000954794521
FoodMarket2_3840x2160_5994fps_10bit_420,7,90,0.001642000000003918,7,2.805245999999997,0.001642000000003918,56.0,53.0,56.0,4.904741536111111
FoodMarket2_3840x2160_5994fps_10bit_420,7,95,0.23330699999999638,7,1.8807829999999939,0.23330699999999638,50.0,46.0,50.0,2.6415152306501546
FoodMarket2_3840x2160_5994fps_10bit_420,8,80,3.7458189999999973,8,3.7458189999999973,3.7458189999999973,60.0,60.0,60.0,9.964454195890411
FoodMarket2_3840x2160_5994fps_10bit_420,8,85,1.2541810000000027,8,2.8639239999999972,1.2541810000000027,60.0,58.0,60.0,7.497000954794521
FoodMarket2_3840x2160_5994fps_10bit_420,8,90,0.5060100000000034,7,3.397289999999998,0.5060100000000034,56.0,53.0,56.0,4.904741536111111
FoodMarket2_3840x2160_5994fps_10bit_420,8,95,0.1943859999999944,7,2.4924160000000057,0.1943859999999944,50.0,45.0,50.0,2.6415152306501546
FoodMarket2_3840x2160_5994fps_10bit_420,9,80,0.4869460000000032,8,0.4869460000000032,0.4869460000000032,58.0,58.0,58.0,9.964454195890411
FoodMarket2_3840x2160_5994fps_10bit_420,9,85,0.6122260000000068,7,0.8676739999999938,0.6122260000000068,56.0,55.0,56.0,7.497000954794521
FoodMarket2_3840x2160_5994fps_10bit_420,9,90,0.26308699999999874,7,1.0504030000000029,0.26308699999999874,51.0,50.0,51.0,4.904741536111111
FoodMarket2_3840x2160_5994fps_10bit_420,9,95,0.09036299999999642,7,0.5423049999999989,0.09036299999999642,45.0,44.0,45.0,2.6415152306501546
FoodMarket2_3840x2160_5994fps_10bit_420,10,80,0.4869460000000032,8,0.4869460000000032,0.4869460000000032,58.0,58.0,58.0,9.964454195890411
FoodMarket2_3840x2160_5994fps_10bit_420,10,85,0.6122260000000068,7,2.2243919999999946,0.6122260000000068,56.0,54.0,56.0,7.497000954794521
FoodMarket2_3840x2160_5994fps_10bit_420,10,90,0.26308699999999874,7,1.0504030000000029,0.26308699999999874,51.0,50.0,51.0,4.904741536111111
FoodMarket2_3840x2160_5994fps_10bit_420,10,95,0.09036299999999642,7,1.090637000000001,0.09036299999999642,45.0,43.0,45.0,2.6415152306501546
FoodMarket_1920x1080_5994_10bit_420,1,80,0.391879000000003,8,0.391879000000003,0.391879000000003,60.0,60.0,60.0,9.964454195890411
FoodMarket_1920x1080_5994_10bit_420,1,85,0.5368019999999945,7,0.5368019999999945,0.5368019999999945,56.0,56.0,56.0,7.497000954794521
FoodMarket_1920x1080_5994_10bit_420,1,90,0.11390600000000006,7,0.32357600000000275,0.11390600000000006,49.0,50.0,49.0,4.904741536111111
FoodMarket_1920x1080_5994_10bit_420,1,95,0.035302999999998974,7,0.035302999999998974,0.035302999999998974,36.0,36.0,36.0,2.6415152306501546
FoodMarket_1920x1080_5994_10bit_420,2,80,0.13663300000000334,8,0.13663300000000334,0.13663300000000334,60.0,60.0,60.0,9.964454195890411
FoodMarket_1920x1080_5994_10bit_420,2,85,0.09551000000000442,7,0.09551000000000442,0.09551000000000442,56.0,56.0,56.0,7.497000954794521
FoodMarket_1920x1080_5994_10bit_420,2,90,0.10252199999999334,7,0.10252199999999334,0.10252199999999334,49.0,49.0,49.0,4.904741536111111
FoodMarket_1920x1080_5994_10bit_420,2,95,0.11139599999999916,7,0.11139599999999916,0.11139599999999916,35.0,35.0,35.0,2.6415152306501546
FoodMarket_1920x1080_5994_10bit_420,3,80,0.0767709999999937,8,0.0767709999999937,0.0767709999999937,60.0,60.0,60.0,9.964454195890411
FoodMarket_1920x1080_5994_10bit_420,3,85,0.06872099999999648,7,0.8759359999999958,0.06872099999999648,56.0,55.0,56.0,7.497000954794521
FoodMarket_1920x1080_5994_10bit_420,3,90,0.08272700000000555,7,0.08272700000000555,0.08272700000000555,48.0,48.0,48.0,4.904741536111111
FoodMarket_1920x1080_5994_10bit_420,3,95,0.028222999999997,7,0.18447199999999953,0.028222999999997,33.0,34.0,33.0,2.6415152306501546
FoodMarket_1920x1080_5994_10bit_420,4,80,0.8539109999999965,8,0.8539109999999965,0.8539109999999965,60.0,60.0,60.0,9.964454195890411
FoodMarket_1920x1080_5994_10bit_420,4,85,0.04779499999999359,7,0.9691119999999955,0.04779499999999359,55.0,54.0,55.0,7.497000954794521
FoodMarket_1920x1080_5994_10bit_420,4,90,0.16312399999999627,7,0.7742219999999946,0.16312399999999627,46.0,48.0,46.0,4.904741536111111
FoodMarket_1920x1080_5994_10bit_420,4,95,0.03847399999999368,7,0.6077980000000025,0.03847399999999368,32.0,34.0,32.0,2.6415152306501546
FoodMarket_1920x1080_5994_10bit_420,5,80,1.2451640000000026,8,1.8826839999999976,1.2451640000000026,60.0,58.0,60.0,9.964454195890411
FoodMarket_1920x1080_5994_10bit_420,5,85,0.24915099999999768,7,0.24915099999999768,0.24915099999999768,54.0,54.0,54.0,7.497000954794521
FoodMarket_1920x1080_5994_10bit_420,5,90,0.028665000000003715,7,0.426801999999995,0.028665000000003715,45.0,46.0,45.0,4.904741536111111
FoodMarket_1920x1080_5994_10bit_420,5,95,0.14548100000000375,7,0.8057550000000049,0.14548100000000375,32.0,34.0,32.0,2.6415152306501546
FoodMarket_1920x1080_5994_10bit_420,6,80,0.16089700000000562,8,0.16089700000000562,0.16089700000000562,58.0,58.0,58.0,9.964454195890411
FoodMarket_1920x1080_5994_10bit_420,6,85,0.16397600000000523,7,0.16397600000000523,0.16397600000000523,54.0,54.0,54.0,7.497000954794521
FoodMarket_1920x1080_5994_10bit_420,6,90,0.14519599999999855,7,1.5304959999999994,0.14519599999999855,45.0,48.0,45.0,4.904741536111111
FoodMarket_1920x1080_5994_10bit_420,6,95,0.1452859999999987,7,0.5383709999999979,0.1452859999999987,33.0,35.0,33.0,2.6415152306501546
FoodMarket_1920x1080_5994_10bit_420,7,80,1.2494669999999957,7,1.2494669999999957,1.2494669999999957,58.0,58.0,58.0,9.964454195890411
FoodMarket_1920x1080_5994_10bit_420,7,85,0.2268270000000001,7,0.5673039999999929,0.2268270000000001,52.0,53.0,52.0,7.497000954794521
FoodMarket_1920x1080_5994_10bit_420,7,90,0.23696099999999376,7,1.389080000000007,0.23696099999999376,44.0,47.0,44.0,4.904741536111111
FoodMarket_1920x1080_5994_10bit_420,7,95,0.07317600000000368,7,0.7294409999999942,0.07317600000000368,33.0,35.0,33.0,2.6415152306501546
FoodMarket_1920x1080_5994_10bit_420,8,80,0.6564500000000066,7,0.6564500000000066,0.6564500000000066,58.0,58.0,58.0,9.964454195890411
FoodMarket_1920x1080_5994_10bit_420,8,85,0.4277139999999946,7,0.4277139999999946,0.4277139999999946,53.0,53.0,53.0,7.497000954794521
FoodMarket_1920x1080_5994_10bit_420,8,90,0.19628799999999558,7,0.3811800000000005,0.19628799999999558,45.0,46.0,45.0,4.904741536111111
FoodMarket_1920x1080_5994_10bit_420,8,95,0.11291699999999594,7,0.2537849999999935,0.11291699999999594,34.0,35.0,34.0,2.6415152306501546
FoodMarket_1920x1080_5994_10bit_420,9,80,0.18557099999999593,7,2.539342000000005,0.18557099999999593,54.0,56.0,54.0,9.964454195890411
FoodMarket_1920x1080_5994_10bit_420,9,85,0.27208500000000413,7,2.072781000000006,0.27208500000000413,48.0,51.0,48.0,7.497000954794521
FoodMarket_1920x1080_5994_10bit_420,9,90,0.23146300000000508,8,1.0417460000000034,0.23146300000000508,42.0,43.0,42.0,4.904741536111111
FoodMarket_1920x1080_5994_10bit_420,9,95,0.11596699999999771,7,0.46965899999999294,0.11596699999999771,32.0,33.0,32.0,2.6415152306501546
FoodMarket_1920x1080_5994_10bit_420,10,80,0.04597400000000107,7,2.2954739999999987,0.04597400000000107,53.0,55.0,53.0,9.964454195890411
FoodMarket_1920x1080_5994_10bit_420,10,85,0.24244199999999694,7,2.369088000000005,0.24244199999999694,47.0,50.0,47.0,7.497000954794521
FoodMarket_1920x1080_5994_10bit_420,10,90,0.03503399999999601,7,1.370434000000003,0.03503399999999601,40.0,42.0,40.0,4.904741536111111
FoodMarket_1920x1080_5994_10bit_420,10,95,0.0391039999999947,7,0.5281700000000029,0.0391039999999947,28.0,30.0,28.0,2.6415152306501546
FourPeople_480x270_60,1,80,6.706017000000003,8,6.706017000000003,6.706017000000003,63.0,63.0,63.0,9.964454195890411
FourPeople_480x270_60,1,85,1.7060170000000028,8,1.7060170000000028,1.7060170000000028,63.0,63.0,63.0,7.497000954794521
FourPeople_480x270_60,1,90,1.2166500000000013,8,3.293982999999997,1.2166500000000013,60.0,63.0,60.0,4.904741536111111
FourPeople_480x270_60,1,95,0.003639000000006831,7,1.0258350000000007,0.003639000000006831,49.0,54.0,49.0,2.6415152306501546
FourPeople_480x270_60,2,80,6.734566000000001,8,6.734566000000001,6.734566000000001,63.0,63.0,63.0,9.964454195890411
FourPeople_480x270_60,2,85,1.734566000000001,8,1.734566000000001,1.734566000000001,63.0,63.0,63.0,7.497000954794521
FourPeople_480x270_60,2,90,1.3441640000000064,8,3.265433999999999,1.3441640000000064,60.0,63.0,60.0,4.904741536111111
FourPeople_480x270_60,2,95,0.030392000000006192,7,1.0314769999999953,0.030392000000006192,49.0,54.0,49.0,2.6415152306501546
FourPeople_480x270_60,3,80,6.074879999999993,8,6.074879999999993,6.074879999999993,63.0,63.0,63.0,9.964454195890411
FourPeople_480x270_60,3,85,1.0748799999999932,8,1.0748799999999932,1.0748799999999932,63.0,63.0,63.0,7.497000954794521
FourPeople_480x270_60,3,90,0.8107559999999978,8,0.8107559999999978,0.8107559999999978,60.0,60.0,60.0,4.904741536111111
FourPeople_480x270_60,3,95,0.06986399999999549,7,1.0709640000000036,0.06986399999999549,47.0,53.0,47.0,2.6415152306501546
FourPeople_480x270_60,4,80,5.687364000000002,8,5.687364000000002,5.687364000000002,63.0,63.0,63.0,9.964454195890411
FourPeople_480x270_60,4,85,0.6873640000000023,8,0.6873640000000023,0.6873640000000023,63.0,63.0,63.0,7.497000954794521
FourPeople_480x270_60,4,90,0.692807000000002,8,0.692807000000002,0.692807000000002,60.0,60.0,60.0,4.904741536111111
FourPeople_480x270_60,4,95,0.08012100000000544,7,1.2392770000000013,0.08012100000000544,47.0,53.0,47.0,2.6415152306501546
FourPeople_480x270_60,5,80,5.3620540000000005,8,5.3620540000000005,5.3620540000000005,63.0,63.0,63.0,9.964454195890411
FourPeople_480x270_60,5,85,0.36205400000000054,8,0.36205400000000054,0.36205400000000054,63.0,63.0,63.0,7.497000954794521
FourPeople_480x270_60,5,90,0.5619329999999962,8,0.5619329999999962,0.5619329999999962,60.0,60.0,60.0,4.904741536111111
FourPeople_480x270_60,5,95,0.018169000000000324,7,1.3323309999999964,0.018169000000000324,46.0,53.0,46.0,2.6415152306501546
FourPeople_480x270_60,6,80,4.497630000000001,8,4.497630000000001,4.497630000000001,63.0,63.0,63.0,9.964454195890411
FourPeople_480x270_60,6,85,0.5023699999999991,8,0.5023699999999991,0.5023699999999991,63.0,63.0,63.0,7.497000954794521
FourPeople_480x270_60,6,90,0.38044800000000123,8,0.38044800000000123,0.38044800000000123,60.0,60.0,60.0,4.904741536111111
FourPeople_480x270_60,6,95,0.08465099999999381,7,1.1633020000000016,0.08465099999999381,44.0,51.0,44.0,2.6415152306501546
FourPeople_480x270_60,7,80,4.076426999999995,8,4.076426999999995,4.076426999999995,63.0,63.0,63.0,9.964454195890411
FourPeople_480x270_60,7,85,0.9235730000000046,8,0.9235730000000046,0.9235730000000046,63.0,63.0,63.0,7.497000954794521
FourPeople_480x270_60,7,90,0.029191999999994778,8,0.029191999999994778,0.029191999999994778,60.0,60.0,60.0,4.904741536111111
FourPeople_480x270_60,7,95,0.03530399999999645,7,1.281487999999996,0.03530399999999645,44.0,51.0,44.0,2.6415152306501546
FourPeople_480x270_60,8,80,2.9629189999999994,8,2.9629189999999994,2.9629189999999994,63.0,63.0,63.0,9.964454195890411
FourPeople_480x270_60,8,85,2.0370810000000006,8,2.0370810000000006,2.0370810000000006,63.0,63.0,63.0,7.497000954794521
FourPeople_480x270_60,8,90,0.6337910000000022,8,0.6337910000000022,0.6337910000000022,60.0,60.0,60.0,4.904741536111111
FourPeople_480x270_60,8,95,0.06286699999999712,7,1.237913000000006,0.06286699999999712,43.0,50.0,43.0,2.6415152306501546
FourPeople_480x270_60,9,80,0.041321999999993864,8,0.041321999999993864,0.041321999999993864,63.0,63.0,63.0,9.964454195890411
FourPeople_480x270_60,9,85,2.5292639999999977,8,2.5292639999999977,2.5292639999999977,60.0,60.0,60.0,7.497000954794521
FourPeople_480x270_60,9,90,0.2471879999999942,7,0.2471879999999942,0.2471879999999942,58.0,58.0,58.0,4.904741536111111
FourPeople_480x270_60,9,95,0.09967600000000232,7,0.7991009999999932,0.09853900000000237,42.0,46.0,41.0,2.6415152306501546
FourPeople_480x270_60,10,80,0.1859749999999991,8,0.1859749999999991,0.1859749999999991,63.0,63.0,63.0,9.964454195890411
FourPeople_480x270_60,10,85,2.1088459999999998,8,2.1088459999999998,2.1088459999999998,60.0,60.0,60.0,7.497000954794521
FourPeople_480x270_60,10,90,0.568333999999993,7,0.7182200000000023,0.568333999999993,58.0,56.0,58.0,4.904741536111111
FourPeople_480x270_60,10,95,0.05828700000000708,8,0.7478040000000021,0.05828700000000708,41.0,44.0,41.0,2.6415152306501546
GlassHalf_1920x1080p_24p_8bit_420,1,80,0.6851110000000062,8,0.6851110000000062,0.6851110000000062,60.0,60.0,60.0,9.964454195890411
GlassHalf_1920x1080p_24p_8bit_420,1,85,0.17527200000000676,7,1.2008969999999977,0.17527200000000676,56.0,55.0,56.0,7.497000954794521
GlassHalf_1920x1080p_24p_8bit_420,1,90,0.030848000000005982,7,2.0713190000000026,0.030848000000005982,47.0,40.0,47.0,4.904741536111111
GlassHalf_1920x1080p_24p_8bit_420,1,95,0.2696770000000015,7,2.2319949999999977,0.2696770000000015,28.0,24.0,28.0,2.6415152306501546
GlassHalf_1920x1080p_24p_8bit_420,2,80,0.25865000000000293,8,0.25865000000000293,0.25865000000000293,60.0,60.0,60.0,9.964454195890411
GlassHalf_1920x1080p_24p_8bit_420,2,85,0.41960400000000675,7,1.3161089999999973,0.41960400000000675,56.0,54.0,56.0,7.497000954794521
GlassHalf_1920x1080p_24p_8bit_420,2,90,0.021080999999995242,7,2.0427999999999997,0.021080999999995242,46.0,39.0,46.0,4.904741536111111
GlassHalf_1920x1080p_24p_8bit_420,2,95,0.17565700000000106,7,1.6635160000000013,0.17565700000000106,27.0,24.0,27.0,2.6415152306501546
GlassHalf_1920x1080p_24p_8bit_420,3,80,0.7404810000000026,8,0.7404810000000026,0.7404810000000026,60.0,60.0,60.0,9.964454195890411
GlassHalf_1920x1080p_24p_8bit_420,3,85,0.20109100000000524,7,1.4982179999999943,0.20109100000000524,55.0,53.0,55.0,7.497000954794521
GlassHalf_1920x1080p_24p_8bit_420,3,90,0.038538000000002626,7,1.8079510000000028,0.038538000000002626,45.0,39.0,45.0,4.904741536111111
GlassHalf_1920x1080p_24p_8bit_420,3,95,0.45316200000000606,7,0.45316200000000606,0.45316200000000606,24.0,24.0,24.0,2.6415152306501546
GlassHalf_1920x1080p_24p_8bit_420,4,80,1.4518999999999949,8,1.4518999999999949,1.4518999999999949,60.0,60.0,60.0,9.964454195890411
GlassHalf_1920x1080p_24p_8bit_420,4,85,0.295219000000003,7,1.6314859999999953,0.295219000000003,55.0,52.0,55.0,7.497000954794521
GlassHalf_1920x1080p_24p_8bit_420,4,90,0.04014999999999702,7,1.9825110000000024,0.04014999999999702,44.0,38.0,44.0,4.904741536111111
GlassHalf_1920x1080p_24p_8bit_420,4,95,0.6229649999999936,7,0.6514920000000046,0.6229649999999936,27.0,24.0,27.0,2.6415152306501546
GlassHalf_1920x1080p_24p_8bit_420,5,80,1.232129999999998,8,2.2133290000000017,1.232129999999998,58.0,60.0,58.0,9.964454195890411
GlassHalf_1920x1080p_24p_8bit_420,5,85,0.18692799999999465,7,2.1489810000000062,0.18692799999999465,54.0,50.0,54.0,7.497000954794521
GlassHalf_1920x1080p_24p_8bit_420,5,90,0.11087200000000053,7,2.1057639999999935,0.11087200000000053,43.0,37.0,43.0,4.904741536111111
GlassHalf_1920x1080p_24p_8bit_420,5,95,0.29029699999999536,7,0.29029699999999536,0.29029699999999536,24.0,24.0,24.0,2.6415152306501546
GlassHalf_1920x1080p_24p_8bit_420,6,80,0.7392059999999958,7,0.7392059999999958,0.7392059999999958,58.0,58.0,58.0,9.964454195890411
GlassHalf_1920x1080p_24p_8bit_420,6,85,0.3433990000000051,7,1.5182740000000052,0.3433990000000051,53.0,50.0,53.0,7.497000954794521
GlassHalf_1920x1080p_24p_8bit_420,6,90,0.08299100000000692,7,1.1555919999999986,0.08299100000000692,42.0,39.0,42.0,4.904741536111111
GlassHalf_1920x1080p_24p_8bit_420,6,95,0.09001499999999396,7,0.09001499999999396,0.09001499999999396,24.0,24.0,24.0,2.6415152306501546
GlassHalf_1920x1080p_24p_8bit_420,7,80,0.35555300000000045,7,0.35555300000000045,0.35555300000000045,56.0,56.0,56.0,9.964454195890411
GlassHalf_1920x1080p_24p_8bit_420,7,85,0.113703000000001,7,1.3351260000000025,0.113703000000001,51.0,49.0,51.0,7.497000954794521
GlassHalf_1920x1080p_24p_8bit_420,7,90,0.03949299999999312,8,1.273487000000003,0.03949299999999312,41.0,38.0,41.0,4.904741536111111
GlassHalf_1920x1080p_24p_8bit_420,7,95,0.09894199999999387,7,0.09894199999999387,0.09894199999999387,24.0,24.0,24.0,2.6415152306501546
GlassHalf_1920x1080p_24p_8bit_420,8,80,0.2047539999999941,7,0.2047539999999941,0.2047539999999941,56.0,56.0,56.0,9.964454195890411
GlassHalf_1920x1080p_24p_8bit_420,8,85,0.0904120000000006,7,1.2590959999999995,0.0904120000000006,51.0,49.0,51.0,7.497000954794521
GlassHalf_1920x1080p_24p_8bit_420,8,90,0.05111999999999739,8,1.2049899999999951,0.05111999999999739,41.0,38.0,41.0,4.904741536111111
GlassHalf_1920x1080p_24p_8bit_420,8,95,0.2363820000000061,7,0.2363820000000061,0.2363820000000061,24.0,24.0,24.0,2.6415152306501546
GlassHalf_1920x1080p_24p_8bit_420,9,80,0.44843099999999936,7,0.4893390000000011,0.44843099999999936,54.0,53.0,54.0,9.964454195890411
GlassHalf_1920x1080p_24p_8bit_420,9,85,0.1536700000000053,7,0.7916100000000057,0.1536700000000053,47.0,46.0,47.0,7.497000954794521
GlassHalf_1920x1080p_24p_8bit_420,9,90,0.12269499999999312,7,1.0553210000000064,0.12269499999999312,38.0,36.0,38.0,4.904741536111111
GlassHalf_1920x1080p_24p_8bit_420,9,95,0.3144970000000029,7,0.39470500000000186,0.3144970000000029,20.0,24.0,20.0,2.6415152306501546
GlassHalf_1920x1080p_24p_8bit_420,10,80,0.3698190000000068,7,0.3698190000000068,0.3698190000000068,51.0,51.0,51.0,9.964454195890411
GlassHalf_1920x1080p_24p_8bit_420,10,85,0.05911500000000558,7,0.8138069999999971,0.05911500000000558,45.0,44.0,45.0,7.497000954794521
GlassHalf_1920x1080p_24p_8bit_420,10,90,0.06034800000000473,7,0.8413579999999996,0.06034800000000473,36.0,34.0,36.0,4.904741536111111
Johnny_1280x720_60,1,80,2.2249439999999936,8,2.2249439999999936,2.2249439999999936,63.0,63.0,63.0,9.964454195890411
Johnny_1280x720_60,1,85,1.0053319999999957,8,2.7750560000000064,1.0053319999999957,60.0,63.0,60.0,7.497000954794521
Johnny_1280x720_60,1,90,0.02175900000000297,7,1.671790999999999,0.02175900000000297,32.0,52.0,32.0,4.904741536111111
Johnny_1280x720_60,2,80,1.8075299999999999,8,1.8075299999999999,1.8075299999999999,63.0,63.0,63.0,9.964454195890411
Johnny_1280x720_60,2,85,1.0298760000000016,8,3.19247,1.0298760000000016,60.0,63.0,60.0,7.497000954794521
Johnny_1280x720_60,2,90,0.0063049999999975626,7,1.4834139999999962,0.0063049999999975626,31.0,51.0,31.0,4.904741536111111
Johnny_1280x720_60,3,80,2.7199930000000023,8,2.7199930000000023,2.7199930000000023,63.0,63.0,63.0,9.964454195890411
Johnny_1280x720_60,3,85,1.0848119999999994,8,1.0848119999999994,1.0848119999999994,60.0,60.0,60.0,7.497000954794521
Johnny_1280x720_60,3,90,0.04279900000000225,7,1.2746939999999967,0.04279900000000225,31.0,49.0,31.0,4.904741536111111
Johnny_1280x720_60,4,80,2.2500849999999986,8,2.2500849999999986,2.2500849999999986,63.0,63.0,63.0,9.964454195890411
Johnny_1280x720_60,4,85,1.0822629999999975,8,1.0822629999999975,1.0822629999999975,60.0,60.0,60.0,7.497000954794521
Johnny_1280x720_60,4,90,0.009221999999994068,7,1.5315509999999932,0.009221999999994068,30.0,51.0,30.0,4.904741536111111
Johnny_1280x720_60,5,80,2.5563549999999964,8,2.5563549999999964,2.5563549999999964,63.0,63.0,63.0,9.964454195890411
Johnny_1280x720_60,5,85,1.097882999999996,8,1.097882999999996,1.097882999999996,60.0,60.0,60.0,7.497000954794521
Johnny_1280x720_60,5,90,0.07508699999999635,7,1.218440000000001,0.07508699999999635,34.0,48.0,34.0,4.904741536111111
Johnny_1280x720_60,6,80,0.871099000000001,8,0.871099000000001,0.871099000000001,63.0,63.0,63.0,9.964454195890411
Johnny_1280x720_60,6,85,0.471115999999995,8,0.471115999999995,0.471115999999995,60.0,60.0,60.0,7.497000954794521
Johnny_1280x720_60,6,90,0.05255300000000318,7,1.0935360000000003,0.05255300000000318,35.0,45.0,35.0,4.904741536111111
Johnny_1280x720_60,7,80,0.6064779999999956,8,0.6064779999999956,0.6064779999999956,63.0,63.0,63.0,9.964454195890411
Johnny_1280x720_60,7,85,0.12484899999999755,8,0.12484899999999755,0.12484899999999755,60.0,60.0,60.0,7.497000954794521
Johnny_1280x720_60,7,90,0.014015000000000555,7,0.6721540000000061,0.014015000000000555,31.0,43.0,31.0,4.904741536111111
Johnny_1280x720_60,8,80,0.2989160000000055,8,0.2989160000000055,0.2989160000000055,63.0,63.0,63.0,9.964454195890411
Johnny_1280x720_60,8,85,0.17129900000000475,8,0.17129900000000475,0.17129900000000475,60.0,60.0,60.0,7.497000954794521
Johnny_1280x720_60,8,90,0.0503620000000069,7,1.2134279999999933,0.0503620000000069,35.0,43.0,35.0,4.904741536111111
Johnny_1280x720_60,9,80,1.3789309999999944,8,1.3789309999999944,1.3789309999999944,60.0,60.0,60.0,9.964454195890411
Johnny_1280x720_60,9,85,0.273848000000001,7,0.4618870000000044,0.273848000000001,54.0,56.0,54.0,7.497000954794521
Johnny_1280x720_60,9,90,0.007322999999999524,7,1.0375059999999934,0.007322999999999524,35.0,39.0,35.0,4.904741536111111
Johnny_1280x720_60,10,80,0.973544000000004,8,0.973544000000004,0.973544000000004,60.0,60.0,60.0,9.964454195890411
Johnny_1280x720_60,10,85,0.10647899999999311,7,0.4924780000000055,0.06236300000000483,54.0,55.0,53.0,7.497000954794521
Johnny_1280x720_60,10,90,0.09401200000000642,7,1.6398319999999984,0.09401200000000642,33.0,27.0,33.0,4.904741536111111
KristenAndSara_1280x720_60,1,80,4.509726999999998,8,4.509726999999998,4.509726999999998,63.0,63.0,63.0,9.964454195890411
KristenAndSara_1280x720_60,1,85,0.49027300000000196,8,0.49027300000000196,0.49027300000000196,63.0,63.0,63.0,7.497000954794521
KristenAndSara_1280x720_60,1,90,0.016862000000003263,7,1.2602499999999992,0.016862000000003263,52.0,58.0,52.0,4.904741536111111
KristenAndSara_1280x720_60,2,80,4.259117000000003,8,4.259117000000003,4.259117000000003,63.0,63.0,63.0,9.964454195890411
KristenAndSara_1280x720_60,2,85,0.7408829999999966,8,0.7408829999999966,0.7408829999999966,63.0,63.0,63.0,7.497000954794521
KristenAndSara_1280x720_60,2,90,0.05789000000000044,7,1.1448570000000018,0.05789000000000044,53.0,58.0,53.0,4.904741536111111
KristenAndSara_1280x720_60,3,80,4.091168999999994,8,4.091168999999994,4.091168999999994,63.0,63.0,63.0,9.964454195890411
KristenAndSara_1280x720_60,3,85,0.9088310000000064,8,0.9088310000000064,0.9088310000000064,63.0,63.0,63.0,7.497000954794521
KristenAndSara_1280x720_60,3,90,0.029730999999998176,7,0.803135999999995,0.029730999999998176,52.0,56.0,52.0,4.904741536111111
KristenAndSara_1280x720_60,4,80,4.582006000000007,8,4.582006000000007,4.582006000000007,63.0,63.0,63.0,9.964454195890411
KristenAndSara_1280x720_60,4,85,0.4179939999999931,8,0.4179939999999931,0.4179939999999931,63.0,63.0,63.0,7.497000954794521
KristenAndSara_1280x720_60,4,90,0.082256000000001,7,0.8759280000000018,0.082256000000001,53.0,56.0,53.0,4.904741536111111
KristenAndSara_1280x720_60,5,80,4.3325009999999935,8,4.3325009999999935,4.3325009999999935,63.0,63.0,63.0,9.964454195890411
KristenAndSara_1280x720_60,5,85,0.6674990000000065,8,0.6674990000000065,0.6674990000000065,63.0,63.0,63.0,7.497000954794521
KristenAndSara_1280x720_60,5,90,0.09240099999999529,7,0.6233270000000033,0.09240099999999529,52.0,56.0,52.0,4.904741536111111
KristenAndSara_1280x720_60,6,80,2.865166000000002,8,2.865166000000002,2.865166000000002,63.0,63.0,63.0,9.964454195890411
KristenAndSara_1280x720_60,6,85,1.9262970000000053,8,2.134833999999998,1.9262970000000053,60.0,63.0,60.0,7.497000954794521
KristenAndSara_1280x720_60,6,90,0.015377000000000862,7,1.0650949999999995,0.015377000000000862,50.0,55.0,50.0,4.904741536111111
KristenAndSara_1280x720_60,7,80,2.6889129999999994,8,2.6889129999999994,2.6889129999999994,63.0,63.0,63.0,9.964454195890411
KristenAndSara_1280x720_60,7,85,1.6288009999999957,8,2.3110870000000006,1.6288009999999957,60.0,63.0,60.0,7.497000954794521
KristenAndSara_1280x720_60,7,90,0.012524999999996567,7,0.9189360000000022,0.012524999999996567,49.0,54.0,49.0,4.904741536111111
KristenAndSara_1280x720_60,8,80,2.478779000000003,8,2.478779000000003,2.478779000000003,63.0,63.0,63.0,9.964454195890411
KristenAndSara_1280x720_60,8,85,1.6326030000000031,8,2.521220999999997,1.6326030000000031,60.0,63.0,60.0,7.497000954794521
KristenAndSara_1280x720_60,8,90,0.031666000000001304,7,0.7659570000000002,0.031666000000001304,48.0,54.0,48.0,4.904741536111111
KristenAndSara_1280x720_60,9,80,2.762919999999994,8,2.762919999999994,2.762919999999994,63.0,63.0,63.0,9.964454195890411
KristenAndSara_1280x720_60,9,85,0.7515149999999977,8,0.7515149999999977,0.7515149999999977,60.0,60.0,60.0,7.497000954794521
KristenAndSara_1280x720_60,9,90,0.12256700000000365,7,0.7965429999999998,0.12256700000000365,45.0,49.0,45.0,4.904741536111111
KristenAndSara_1280x720_60,9,95,0.2913479999999993,7,0.2913479999999993,0.2913479999999993,20.0,20.0,20.0,2.6415152306501546
KristenAndSara_1280x720_60,10,80,3.3369629999999972,8,3.695336999999995,3.3369629999999972,63.0,60.0,63.0,9.964454195890411
KristenAndSara_1280x720_60,10,85,0.7380160000000018,8,1.304663000000005,0.7380160000000018,58.0,60.0,58.0,7.497000954794521
KristenAndSara_1280x720_60,10,90,0.062043000000002735,7,0.45358699999999885,0.062043000000002735,45.0,46.0,45.0,4.904741536111111
KristenAndSara_1280x720_60,10,95,0.12950899999999876,7,0.12950899999999876,0.12950899999999876,20.0,20.0,20.0,2.6415152306501546
Life_1080p30,1,80,3.2534959999999984,8,3.2534959999999984,3.2534959999999984,63.0,63.0,63.0,9.964454195890411
Life_1080p30,1,85,1.473556000000002,8,1.473556000000002,1.473556000000002,60.0,60.0,60.0,7.497000954794521
Life_1080p30,1,90,0.2474019999999939,7,0.4556039999999939,0.2474019999999939,56.0,55.0,56.0,4.904741536111111
Life_1080p30,1,95,0.118622000000002,8,0.1315660000000065,0.118622000000002,41.0,42.0,41.0,2.6415152306501546
Life_1080p30,2,80,3.7443640000000045,8,3.7443640000000045,3.7443640000000045,63.0,63.0,63.0,9.964454195890411
Life_1080p30,2,85,1.2102759999999932,8,1.2102759999999932,1.2102759999999932,60.0,60.0,60.0,7.497000954794521
Life_1080p30,2,90,0.26811999999999614,7,0.26811999999999614,0.26811999999999614,55.0,55.0,55.0,4.904741536111111
Life_1080p30,2,95,0.04529999999999745,8,0.26180700000000456,0.04529999999999745,41.0,42.0,41.0,2.6415152306501546
Life_1080p30,3,80,5.162751,8,5.162751,5.162751,60.0,60.0,60.0,9.964454195890411
Life_1080p30,3,85,0.1627510000000001,8,0.1627510000000001,0.1627510000000001,60.0,60.0,60.0,7.497000954794521
Life_1080p30,3,90,0.05360899999999447,7,0.05360899999999447,0.05360899999999447,54.0,54.0,54.0,4.904741536111111
Life_1080p30,3,95,0.05064600000000041,7,0.05064600000000041,0.05064600000000041,38.0,38.0,38.0,2.6415152306501546
Life_1080p30,4,80,4.676254999999998,8,4.676254999999998,4.676254999999998,60.0,60.0,60.0,9.964454195890411
Life_1080p30,4,85,0.3237450000000024,8,0.3237450000000024,0.3237450000000024,60.0,60.0,60.0,7.497000954794521
Life_1080p30,4,90,0.1394030000000015,7,0.1394030000000015,0.1394030000000015,53.0,53.0,53.0,4.904741536111111
Life_1080p30,4,95,0.04118900000000281,7,0.04118900000000281,0.04118900000000281,38.0,38.0,38.0,2.6415152306501546
Life_1080p30,5,80,4.267244000000005,8,4.267244000000005,4.267244000000005,60.0,60.0,60.0,9.964454195890411
Life_1080p30,5,85,0.7327559999999949,8,0.7327559999999949,0.7327559999999949,60.0,60.0,60.0,7.497000954794521
Life_1080p30,5,90,0.027112000000002467,7,0.027112000000002467,0.027112000000002467,52.0,52.0,52.0,4.904741536111111
Life_1080p30,5,95,0.017073999999993816,7,0.017073999999993816,0.017073999999993816,37.0,37.0,37.0,2.6415152306501546
Life_1080p30,6,80,1.854460000000003,8,1.854460000000003,1.854460000000003,60.0,60.0,60.0,9.964454195890411
Life_1080p30,6,85,0.15413499999999658,7,0.15413499999999658,0.15413499999999658,58.0,58.0,58.0,7.497000954794521
Life_1080p30,6,90,0.00906100000000265,7,0.00906100000000265,0.00906100000000265,51.0,51.0,51.0,4.904741536111111
Life_1080p30,6,95,0.12386800000000164,7,0.12386800000000164,0.12386800000000164,37.0,37.0,37.0,2.6415152306501546
Life_1080p30,7,80,0.5246499999999941,8,0.5246499999999941,0.5246499999999941,60.0,60.0,60.0,9.964454195890411
Life_1080p30,7,85,0.5381979999999942,7,0.5381979999999942,0.5381979999999942,56.0,56.0,56.0,7.497000954794521
Life_1080p30,7,90,0.03446599999999478,7,0.03446599999999478,0.03446599999999478,49.0,49.0,49.0,4.904741536111111
Life_1080p30,7,95,0.07716700000000287,7,0.3684209999999979,0.07716700000000287,36.0,37.0,36.0,2.6415152306501546
Life_1080p30,8,80,0.8062730000000045,8,0.8062730000000045,0.8062730000000045,60.0,60.0,60.0,9.964454195890411
Life_1080p30,8,85,0.7545159999999953,7,0.7545159999999953,0.7545159999999953,56.0,56.0,56.0,7.497000954794521
Life_1080p30,8,90,0.07553799999999455,7,0.42856600000000356,0.07553799999999455,49.0,50.0,49.0,4.904741536111111
Life_1080p30,8,95,0.050218000000000984,7,0.6170809999999989,0.050218000000000984,35.0,37.0,35.0,2.6415152306501546
Life_1080p30,9,80,0.5845249999999993,7,0.5845249999999993,0.5845249999999993,58.0,58.0,58.0,9.964454195890411
Life_1080p30,9,85,0.2742839999999944,7,0.2742839999999944,0.2742839999999944,53.0,53.0,53.0,7.497000954794521
Life_1080p30,9,90,0.0418329999999969,7,0.48961699999999553,0.0418329999999969,44.0,45.0,44.0,4.904741536111111
Life_1080p30,9,95,0.13159500000000435,7,0.519047999999998,0.13159500000000435,32.0,34.0,32.0,2.6415152306501546
Life_1080p30,10,80,0.2837849999999946,7,0.2837849999999946,0.2837849999999946,56.0,56.0,56.0,9.964454195890411
Life_1080p30,10,85,0.1820989999999938,7,0.5012650000000036,0.1820989999999938,50.0,51.0,50.0,7.497000954794521
Life_1080p30,10,90,0.04597900000000266,8,0.5530789999999968,0.04597900000000266,42.0,43.0,42.0,4.904741536111111
Life_1080p30,10,95,0.06113000000000568,7,0.6259830000000051,0.06113000000000568,29.0,31.0,29.0,2.6415152306501546
Life_1080p30_v2,1,80,4.074162999999999,8,4.074162999999999,4.074162999999999,63.0,63.0,63.0,9.964454195890411
Life_1080p30_v2,1,85,1.3415600000000012,8,1.3415600000000012,1.3415600000000012,60.0,60.0,60.0,7.497000954794521
Life_1080p30_v2,1,90,0.17717199999999877,7,0.17717199999999877,0.17717199999999877,56.0,56.0,56.0,4.904741536111111
Life_1080p30_v2,1,95,0.09551700000000096,7,0.17398500000000183,0.09551700000000096,43.0,42.0,43.0,2.6415152306501546
Life_1080p30_v2,2,80,4.668040000000005,8,4.668040000000005,4.668040000000005,63.0,63.0,63.0,9.964454195890411
Life_1080p30_v2,2,85,0.8566509999999994,8,0.8566509999999994,0.8566509999999994,60.0,60.0,60.0,7.497000954794521
Life_1080p30_v2,2,90,0.346823999999998,7,0.346823999999998,0.346823999999998,55.0,55.0,55.0,4.904741536111111
Life_1080p30_v2,2,95,0.089421999999999,7,0.29756000000000427,0.089421999999999,42.0,41.0,42.0,2.6415152306501546
Life_1080p30_v2,3,80,4.777989000000005,8,6.035233000000005,4.777989000000005,60.0,63.0,60.0,9.964454195890411
Life_1080p30_v2,3,85,0.22201099999999485,8,0.22201099999999485,0.22201099999999485,60.0,60.0,60.0,7.497000954794521
Life_1080p30_v2,3,90,0.06403799999999649,7,0.06403799999999649,0.06403799999999649,54.0,54.0,54.0,4.904741536111111
Life_1080p30_v2,3,95,0.04217599999999777,7,0.15129899999999452,0.04217599999999777,40.0,39.0,40.0,2.6415152306501546
Life_1080p30_v2,4,80,4.372311999999994,8,4.372311999999994,4.372311999999994,60.0,60.0,60.0,9.964454195890411
Life_1080p30_v2,4,85,0.6276880000000062,8,0.6276880000000062,0.6276880000000062,60.0,60.0,60.0,7.497000954794521
Life_1080p30_v2,4,90,0.06394000000000233,7,0.06394000000000233,0.06394000000000233,53.0,53.0,53.0,4.904741536111111
Life_1080p30_v2,4,95,0.03504599999999414,7,0.26811600000000624,0.03504599999999414,39.0,38.0,39.0,2.6415152306501546
Life_1080p30_v2,5,80,3.6664650000000023,8,3.6664650000000023,3.6664650000000023,60.0,60.0,60.0,9.964454195890411
Life_1080p30_v2,5,85,1.3335349999999977,8,1.3335349999999977,1.3335349999999977,60.0,60.0,60.0,7.497000954794521
Life_1080p30_v2,5,90,0.17748699999999928,7,0.17748699999999928,0.17748699999999928,52.0,52.0,52.0,4.904741536111111
Life_1080p30_v2,5,95,0.05412499999999909,7,0.05412499999999909,0.05412499999999909,38.0,38.0,38.0,2.6415152306501546
Life_1080p30_v2,6,80,1.5899150000000049,8,1.5899150000000049,1.5899150000000049,60.0,60.0,60.0,9.964454195890411
Life_1080p30_v2,6,85,0.3096429999999941,7,0.3096429999999941,0.3096429999999941,58.0,58.0,58.0,7.497000954794521
Life_1080p30_v2,6,90,0.04458800000000451,7,0.04458800000000451,0.04458800000000451,51.0,51.0,51.0,4.904741536111111
Life_1080p30_v2,6,95,0.0436289999999957,7,0.0436289999999957,0.0436289999999957,38.0,38.0,38.0,2.6415152306501546
Life_1080p30_v2,7,80,0.248147000000003,8,0.248147000000003,0.248147000000003,60.0,60.0,60.0,9.964454195890411
Life_1080p30_v2,7,85,0.3926929999999942,7,0.3926929999999942,0.3926929999999942,56.0,56.0,56.0,7.497000954794521
Life_1080p30_v2,7,90,0.12324599999999464,7,0.12324599999999464,0.12324599999999464,49.0,49.0,49.0,4.904741536111111
Life_1080p30_v2,7,95,0.012234000000006517,7,0.3101699999999994,0.012234000000006517,37.0,38.0,37.0,2.6415152306501546
Life_1080p30_v2,8,80,0.33555099999999527,8,0.33555099999999527,0.33555099999999527,60.0,60.0,60.0,9.964454195890411
Life_1080p30_v2,8,85,0.6604580000000055,7,1.346356,0.6604580000000055,56.0,58.0,56.0,7.497000954794521
Life_1080p30_v2,8,90,0.22675399999999968,7,0.22675399999999968,0.22675399999999968,50.0,50.0,50.0,4.904741536111111
Life_1080p30_v2,8,95,0.05151800000000151,7,0.25207500000000493,0.05151800000000151,36.0,37.0,36.0,2.6415152306501546
Life_1080p30_v2,9,80,1.0677979999999963,7,1.0677979999999963,1.0677979999999963,58.0,58.0,58.0,9.964454195890411
Life_1080p30_v2,9,85,0.25733999999999924,7,0.25733999999999924,0.25733999999999924,53.0,53.0,53.0,7.497000954794521
Life_1080p30_v2,9,90,0.07670299999999486,7,0.07670299999999486,0.07670299999999486,45.0,45.0,45.0,4.904741536111111
Life_1080p30_v2,9,95,0.10818199999999933,7,0.18156199999999956,0.10818199999999933,33.0,34.0,33.0,2.6415152306501546
Life_1080p30_v2,10,80,0.06252299999999877,7,0.06252299999999877,0.06252299999999877,56.0,56.0,56.0,9.964454195890411
Life_1080p30_v2,10,85,0.2790080000000046,7,0.41699800000000664,0.2790080000000046,50.0,51.0,50.0,7.497000954794521
Life_1080p30_v2,10,90,0.2084250000000054,7,0.780311999999995,0.2084250000000054,43.0,44.0,43.0,4.904741536111111
Life_1080p30_v2,10,95,0.028259000000005585,7,0.3417620000000028,0.028259000000005585,30.0,31.0,30.0,2.6415152306501546
MINECRAFT_1080p_60_8bit,1,80,0.44506800000000624,7,4.560193999999996,0.44506800000000624,58.0,55.0,58.0,9.964454195890411
MINECRAFT_1080p_60_8bit,1,85,0.43980600000000436,7,4.388572999999994,0.43980600000000436,55.0,50.0,55.0,7.497000954794521
MINECRAFT_1080p_60_8bit,1,90,0.14580999999999733,7,4.051643999999996,0.14580999999999733,49.0,43.0,49.0,4.904741536111111
MINECRAFT_1080p_60_8bit,1,95,0.24312100000000214,8,2.7596810000000005,0.24312100000000214,41.0,36.0,41.0,2.6415152306501546
MINECRAFT_1080p_60_8bit,2,80,1.1511830000000032,7,5.297148000000007,1.1511830000000032,58.0,54.0,58.0,9.964454195890411
MINECRAFT_1080p_60_8bit,2,85,0.2971480000000071,7,4.785679000000002,0.2971480000000071,54.0,49.0,54.0,7.497000954794521
MINECRAFT_1080p_60_8bit,2,90,0.2143209999999982,7,3.8107969999999938,0.2143209999999982,49.0,43.0,49.0,4.904741536111111
MINECRAFT_1080p_60_8bit,2,95,0.0047650000000061254,8,2.6296530000000047,0.0047650000000061254,41.0,36.0,41.0,2.6415152306501546
MINECRAFT_1080p_60_8bit,3,80,1.2095979999999997,7,4.177400000000006,1.2095979999999997,56.0,54.0,56.0,9.964454195890411
MINECRAFT_1080p_60_8bit,3,85,0.3101300000000009,7,3.749198000000007,0.3101300000000009,53.0,49.0,53.0,7.497000954794521
MINECRAFT_1080p_60_8bit,3,90,0.14339900000000227,7,2.548058999999995,0.14339900000000227,47.0,43.0,47.0,4.904741536111111
MINECRAFT_1080p_60_8bit,3,95,0.16369500000000414,7,2.2812799999999953,0.16369500000000414,39.0,35.0,39.0,2.6415152306501546
MINECRAFT_1080p_60_8bit,4,80,0.01635699999999929,7,4.172852000000006,0.01635699999999929,56.0,53.0,56.0,9.964454195890411
MINECRAFT_1080p_60_8bit,4,85,0.2345940000000013,7,3.5912309999999934,0.2345940000000013,52.0,48.0,52.0,7.497000954794521
MINECRAFT_1080p_60_8bit,4,90,0.16519200000000467,7,2.8646640000000048,0.16519200000000467,46.0,42.0,46.0,4.904741536111111
MINECRAFT_1080p_60_8bit,4,95,0.19485799999999642,7,2.0242180000000047,0.19485799999999642,39.0,35.0,39.0,2.6415152306501546
MINECRAFT_1080p_60_8bit,5,80,0.5967980000000068,7,3.573362000000003,0.5967980000000068,56.0,53.0,56.0,9.964454195890411
MINECRAFT_1080p_60_8bit,5,85,0.4209149999999937,7,3.1432800000000043,0.4209149999999937,52.0,48.0,52.0,7.497000954794521
MINECRAFT_1080p_60_8bit,5,90,0.17184699999999964,7,2.2448600000000027,0.17184699999999964,45.0,42.0,45.0,4.904741536111111
MINECRAFT_1080p_60_8bit,5,95,0.03951000000000704,7,2.4145039999999938,0.03951000000000704,38.0,34.0,38.0,2.6415152306501546
MINECRAFT_1080p_60_8bit,6,80,0.6344220000000007,7,3.280905000000004,0.6344220000000007,55.0,53.0,55.0,9.964454195890411
MINECRAFT_1080p_60_8bit,6,85,0.529239000000004,7,2.5212489999999974,0.529239000000004,52.0,49.0,52.0,7.497000954794521
MINECRAFT_1080p_60_8bit,6,90,0.012654999999995198,7,2.2098550000000046,0.012654999999995198,46.0,43.0,46.0,4.904741536111111
MINECRAFT_1080p_60_8bit,6,95,0.234572,7,2.0827409999999986,0.234572,39.0,36.0,39.0,2.6415152306501546
MINECRAFT_1080p_60_8bit,7,80,0.4466900000000038,7,1.5265490000000028,0.4466900000000038,54.0,53.0,54.0,9.964454195890411
MINECRAFT_1080p_60_8bit,7,85,0.2541609999999963,7,2.1464789999999994,0.2541609999999963,50.0,48.0,50.0,7.497000954794521
MINECRAFT_1080p_60_8bit,7,90,0.06977500000000703,7,1.4600650000000002,0.06977500000000703,45.0,43.0,45.0,4.904741536111111
MINECRAFT_1080p_60_8bit,7,95,0.31662799999999436,7,1.6109289999999987,0.31662799999999436,38.0,36.0,38.0,2.6415152306501546
MINECRAFT_1080p_60_8bit,8,80,0.7124069999999989,7,2.0299650000000042,0.7124069999999989,54.0,53.0,54.0,9.964454195890411
MINECRAFT_1080p_60_8bit,8,85,0.34324900000000014,7,1.3565030000000036,0.34324900000000014,50.0,49.0,50.0,7.497000954794521
MINECRAFT_1080p_60_8bit,8,90,0.0476900000000029,7,1.7669620000000066,0.0476900000000029,45.0,43.0,45.0,4.904741536111111
MINECRAFT_1080p_60_8bit,8,95,0.14576999999999884,7,1.463035000000005,0.14576999999999884,38.0,36.0,38.0,2.6415152306501546
MINECRAFT_1080p_60_8bit,9,80,0.11064899999999511,7,0.11064899999999511,0.11064899999999511,52.0,52.0,52.0,9.964454195890411
MINECRAFT_1080p_60_8bit,9,85,0.1770400000000052,7,1.2953339999999969,0.1770400000000052,48.0,47.0,48.0,7.497000954794521
MINECRAFT_1080p_60_8bit,9,90,0.17945400000000689,7,1.1780880000000025,0.17945400000000689,43.0,42.0,43.0,4.904741536111111
MINECRAFT_1080p_60_8bit,9,95,0.21347000000000094,7,1.5162770000000023,0.21347000000000094,37.0,35.0,37.0,2.6415152306501546
MINECRAFT_1080p_60_8bit,10,80,0.22951199999999972,7,2.1156919999999957,0.22951199999999972,49.0,51.0,49.0,9.964454195890411
MINECRAFT_1080p_60_8bit,10,85,0.39009299999999314,7,2.125505000000004,0.39009299999999314,45.0,47.0,45.0,7.497000954794521
MINECRAFT_1080p_60_8bit,10,90,0.49766700000000696,8,1.5474389999999971,0.49766700000000696,41.0,42.0,41.0,4.904741536111111
MINECRAFT_1080p_60_8bit,10,95,0.32112300000000005,7,0.32112300000000005,0.32112300000000005,35.0,35.0,35.0,2.6415152306501546
MeridianTalk_sdr_1920x1080p_5994_10bit,1,80,2.481761000000006,8,5.403676000000004,2.481761000000006,60.0,63.0,60.0,9.964454195890411
MeridianTalk_sdr_1920x1080p_5994_10bit,1,85,0.697423999999998,7,2.518238999999994,0.697423999999998,56.0,60.0,56.0,7.497000954794521
MeridianTalk_sdr_1920x1080p_5994_10bit,1,90,0.25539100000000303,7,0.7515889999999956,0.25539100000000303,44.0,47.0,44.0,4.904741536111111
MeridianTalk_sdr_1920x1080p_5994_10bit,2,80,1.7914190000000048,8,5.993244000000004,1.7914190000000048,60.0,63.0,60.0,9.964454195890411
MeridianTalk_sdr_1920x1080p_5994_10bit,2,85,0.11576399999999865,7,3.2085809999999952,0.11576399999999865,56.0,60.0,56.0,7.497000954794521
MeridianTalk_sdr_1920x1080p_5994_10bit,2,90,0.030067999999999984,7,0.862244000000004,0.030067999999999984,44.0,47.0,44.0,4.904741536111111
MeridianTalk_sdr_1920x1080p_5994_10bit,3,80,3.121219999999994,8,3.8913730000000015,3.121219999999994,60.0,63.0,60.0,9.964454195890411
MeridianTalk_sdr_1920x1080p_5994_10bit,3,85,0.15122900000000072,8,1.8787800000000061,0.15122900000000072,58.0,60.0,58.0,7.497000954794521
MeridianTalk_sdr_1920x1080p_5994_10bit,3,90,0.07478199999999902,7,0.19422299999999382,0.07478199999999902,45.0,44.0,45.0,4.904741536111111
MeridianTalk_sdr_1920x1080p_5994_10bit,4,80,2.9050320000000056,8,4.339674000000002,2.9050320000000056,60.0,63.0,60.0,9.964454195890411
MeridianTalk_sdr_1920x1080p_5994_10bit,4,85,0.4515729999999962,7,2.0949679999999944,0.4515729999999962,58.0,60.0,58.0,7.497000954794521
MeridianTalk_sdr_1920x1080p_5994_10bit,4,90,0.07738399999999501,7,0.07738399999999501,0.07738399999999501,44.0,44.0,44.0,4.904741536111111
MeridianTalk_sdr_1920x1080p_5994_10bit,5,80,3.0435640000000035,8,3.0435640000000035,3.0435640000000035,60.0,60.0,60.0,9.964454195890411
MeridianTalk_sdr_1920x1080p_5994_10bit,5,85,0.4889249999999947,7,0.4889249999999947,0.4889249999999947,58.0,58.0,58.0,7.497000954794521
MeridianTalk_sdr_1920x1080p_5994_10bit,5,90,0.10176199999999369,7,0.10176199999999369,0.10176199999999369,43.0,43.0,43.0,4.904741536111111
MeridianTalk_sdr_1920x1080p_5994_10bit,6,80,1.3109800000000007,8,1.3109800000000007,1.3109800000000007,60.0,60.0,60.0,9.964454195890411
MeridianTalk_sdr_1920x1080p_5994_10bit,6,85,0.15766299999999944,7,1.511928999999995,0.15766299999999944,56.0,58.0,56.0,7.497000954794521
MeridianTalk_sdr_1920x1080p_5994_10bit,6,90,0.10005499999999756,7,0.10005499999999756,0.10005499999999756,43.0,43.0,43.0,4.904741536111111
MeridianTalk_sdr_1920x1080p_5994_10bit,7,80,1.1350829999999945,8,1.1350829999999945,1.1350829999999945,60.0,60.0,60.0,9.964454195890411
MeridianTalk_sdr_1920x1080p_5994_10bit,7,85,0.09286799999999573,7,0.9819360000000046,0.09286799999999573,55.0,56.0,55.0,7.497000954794521
MeridianTalk_sdr_1920x1080p_5994_10bit,7,90,0.026416999999995028,8,0.22104299999999455,0.026416999999995028,41.0,42.0,41.0,4.904741536111111
MeridianTalk_sdr_1920x1080p_5994_10bit,8,80,0.05470499999999845,8,0.05470499999999845,0.05470499999999845,60.0,60.0,60.0,9.964454195890411
MeridianTalk_sdr_1920x1080p_5994_10bit,8,85,0.21148499999999615,7,1.3804080000000027,0.21148499999999615,55.0,56.0,55.0,7.497000954794521
MeridianTalk_sdr_1920x1080p_5994_10bit,8,90,0.03889800000000321,8,0.03889800000000321,0.03889800000000321,42.0,42.0,42.0,4.904741536111111
MeridianTalk_sdr_1920x1080p_5994_10bit,9,80,0.5503279999999933,7,0.5503279999999933,0.5503279999999933,58.0,58.0,58.0,9.964454195890411
MeridianTalk_sdr_1920x1080p_5994_10bit,9,85,0.3872170000000068,7,0.3872170000000068,0.3872170000000068,51.0,51.0,51.0,7.497000954794521
MeridianTalk_sdr_1920x1080p_5994_10bit,9,90,0.11583100000000002,7,0.11583100000000002,0.11583100000000002,40.0,40.0,40.0,4.904741536111111
MeridianTalk_sdr_1920x1080p_5994_10bit,10,80,0.43487299999999607,7,0.43487299999999607,0.43487299999999607,56.0,56.0,56.0,9.964454195890411
MeridianTalk_sdr_1920x1080p_5994_10bit,10,85,0.1518259999999998,7,0.24073599999999828,0.1518259999999998,50.0,49.0,50.0,7.497000954794521
MeridianTalk_sdr_1920x1080p_5994_10bit,10,90,0.02468600000000265,7,0.6405460000000005,0.02468600000000265,37.0,39.0,37.0,4.904741536111111
MissionControlClip1_1920x1080_60fps_10bit_420_0450_0579,1,80,9.510722000000001,8,9.510722000000001,9.510722000000001,63.0,63.0,63.0,9.964454195890411
MissionControlClip1_1920x1080_60fps_10bit_420_0450_0579,1,85,4.510722000000001,8,4.510722000000001,4.510722000000001,63.0,63.0,63.0,7.497000954794521
MissionControlClip1_1920x1080_60fps_10bit_420_0450_0579,1,90,0.48927799999999877,8,0.48927799999999877,0.48927799999999877,63.0,63.0,63.0,4.904741536111111
MissionControlClip1_1920x1080_60fps_10bit_420_0450_0579,1,95,0.16225199999999518,7,0.8715600000000023,0.16225199999999518,58.0,55.0,58.0,2.6415152306501546
MissionControlClip1_1920x1080_60fps_10bit_420_0450_0579,2,80,9.075586000000001,8,9.075586000000001,9.075586000000001,63.0,63.0,63.0,9.964454195890411
MissionControlClip1_1920x1080_60fps_10bit_420_0450_0579,2,85,4.075586000000001,8,4.075586000000001,4.075586000000001,63.0,63.0,63.0,7.497000954794521
MissionControlClip1_1920x1080_60fps_10bit_420_0450_0579,2,90,0.9244139999999987,8,0.9244139999999987,0.9244139999999987,63.0,63.0,63.0,4.904741536111111
MissionControlClip1_1920x1080_60fps_10bit_420_0450_0579,2,95,0.1475499999999954,7,1.1970500000000044,0.1475499999999954,58.0,54.0,58.0,2.6415152306501546
MissionControlClip1_1920x1080_60fps_10bit_420_0450_0579,3,80,8.849542,8,8.849542,8.849542,63.0,63.0,63.0,9.964454195890411
MissionControlClip1_1920x1080_60fps_10bit_420_0450_0579,3,85,3.8495419999999996,8,3.8495419999999996,3.8495419999999996,63.0,63.0,63.0,7.497000954794521
MissionControlClip1_1920x1080_60fps_10bit_420_0450_0579,3,90,1.1504580000000004,8,3.562865000000002,1.1504580000000004,63.0,60.0,63.0,4.904741536111111
MissionControlClip1_1920x1080_60fps_10bit_420_0450_0579,3,95,0.2111670000000032,7,1.3353170000000034,0.2111670000000032,58.0,52.0,58.0,2.6415152306501546
MissionControlClip1_1920x1080_60fps_10bit_420_0450_0579,4,80,8.92689,8,8.92689,8.92689,63.0,63.0,63.0,9.964454195890411
MissionControlClip1_1920x1080_60fps_10bit_420_0450_0579,4,85,3.92689,8,3.92689,3.92689,63.0,63.0,63.0,7.497000954794521
MissionControlClip1_1920x1080_60fps_10bit_420_0450_0579,4,90,1.0731099999999998,8,3.590221999999997,1.0731099999999998,63.0,60.0,63.0,4.904741536111111
MissionControlClip1_1920x1080_60fps_10bit_420_0450_0579,4,95,0.2519089999999977,7,1.3526080000000036,0.2519089999999977,56.0,52.0,56.0,2.6415152306501546
MissionControlClip1_1920x1080_60fps_10bit_420_0450_0579,5,80,8.871879000000007,8,8.871879000000007,8.871879000000007,63.0,63.0,63.0,9.964454195890411
MissionControlClip1_1920x1080_60fps_10bit_420_0450_0579,5,85,3.871879000000007,8,3.871879000000007,3.871879000000007,63.0,63.0,63.0,7.497000954794521
MissionControlClip1_1920x1080_60fps_10bit_420_0450_0579,5,90,1.128120999999993,8,3.714556999999999,1.128120999999993,63.0,60.0,63.0,4.904741536111111
MissionControlClip1_1920x1080_60fps_10bit_420_0450_0579,5,95,0.3994660000000039,7,1.4363440000000054,0.3994660000000039,56.0,52.0,56.0,2.6415152306501546
MissionControlClip1_1920x1080_60fps_10bit_420_0450_0579,6,80,7.172082000000003,8,7.172082000000003,7.172082000000003,63.0,63.0,63.0,9.964454195890411
MissionControlClip1_1920x1080_60fps_10bit_420_0450_0579,6,85,2.172082000000003,8,2.172082000000003,2.172082000000003,63.0,63.0,63.0,7.497000954794521
MissionControlClip1_1920x1080_60fps_10bit_420_0450_0579,6,90,2.326412000000005,8,2.326412000000005,2.326412000000005,60.0,60.0,60.0,4.904741536111111
MissionControlClip1_1920x1080_60fps_10bit_420_0450_0579,6,95,0.09059399999999584,7,0.811126999999999,0.09059399999999584,55.0,51.0,55.0,2.6415152306501546
MissionControlClip1_1920x1080_60fps_10bit_420_0450_0579,7,80,6.839804999999998,8,6.839804999999998,6.839804999999998,63.0,63.0,63.0,9.964454195890411
MissionControlClip1_1920x1080_60fps_10bit_420_0450_0579,7,85,1.8398049999999984,8,1.8398049999999984,1.8398049999999984,63.0,63.0,63.0,7.497000954794521
MissionControlClip1_1920x1080_60fps_10bit_420_0450_0579,7,90,1.9744309999999956,8,1.9744309999999956,1.9744309999999956,60.0,60.0,60.0,4.904741536111111
MissionControlClip1_1920x1080_60fps_10bit_420_0450_0579,7,95,0.10697700000000054,7,0.9347910000000041,0.10697700000000054,54.0,50.0,54.0,2.6415152306501546
MissionControlClip1_1920x1080_60fps_10bit_420_0450_0579,8,80,4.005270999999993,8,4.005270999999993,4.005270999999993,63.0,63.0,63.0,9.964454195890411
MissionControlClip1_1920x1080_60fps_10bit_420_0450_0579,8,85,0.9947290000000066,8,0.9947290000000066,0.9947290000000066,63.0,63.0,63.0,7.497000954794521
MissionControlClip1_1920x1080_60fps_10bit_420_0450_0579,8,90,0.5610649999999993,8,0.5610649999999993,0.5610649999999993,60.0,60.0,60.0,4.904741536111111
MissionControlClip1_1920x1080_60fps_10bit_420_0450_0579,8,95,0.063832000000005,7,0.5106609999999989,0.063832000000005,51.0,49.0,51.0,2.6415152306501546
MissionControlClip1_1920x1080_60fps_10bit_420_0450_0579,9,80,2.685890999999998,8,2.685890999999998,2.685890999999998,63.0,63.0,63.0,9.964454195890411
MissionControlClip1_1920x1080_60fps_10bit_420_0450_0579,9,85,1.313333,8,1.313333,1.313333,60.0,60.0,60.0,7.497000954794521
MissionControlClip1_1920x1080_60fps_10bit_420_0450_0579,9,90,0.549556999999993,7,1.2629610000000042,0.549556999999993,56.0,58.0,56.0,4.904741536111111
MissionControlClip1_1920x1080_60fps_10bit_420_0450_0579,9,95,0.08778599999999415,7,0.21084700000000112,0.08778599999999415,44.0,45.0,44.0,2.6415152306501546
MissionControlClip1_1920x1080_60fps_10bit_420_0450_0579,10,80,4.971444000000005,8,4.971444000000005,4.971444000000005,63.0,63.0,63.0,9.964454195890411
MissionControlClip1_1920x1080_60fps_10bit_420_0450_0579,10,85,0.5347019999999958,8,0.5347019999999958,0.5347019999999958,60.0,60.0,60.0,7.497000954794521
MissionControlClip1_1920x1080_60fps_10bit_420_0450_0579,10,90,0.15836000000000183,7,0.15836000000000183,0.15836000000000183,56.0,56.0,56.0,4.904741536111111
MissionControlClip1_1920x1080_60fps_10bit_420_0450_0579,10,95,0.10691099999999665,7,0.29017399999999327,0.10691099999999665,42.0,43.0,42.0,2.6415152306501546
MissionControlClip3_1920x1080_60_420,1,80,10.960809999999995,8,10.960809999999995,10.960809999999995,63.0,63.0,63.0,9.964454195890411
MissionControlClip3_1920x1080_60_420,1,85,5.960809999999995,8,5.960809999999995,5.960809999999995,63.0,63.0,63.0,7.497000954794521
MissionControlClip3_1920x1080_60_420,1,90,0.9608099999999951,8,0.9608099999999951,0.9608099999999951,63.0,63.0,63.0,4.904741536111111
MissionControlClip3_1920x1080_60_420,1,95,0.23296200000000056,8,0.23296200000000056,0.23296200000000056,58.0,58.0,58.0,2.6415152306501546
MissionControlClip3_1920x1080_60_420,2,80,10.928978,8,10.928978,10.928978,63.0,63.0,63.0,9.964454195890411
MissionControlClip3_1920x1080_60_420,2,85,5.928978000000001,8,5.928978000000001,5.928978000000001,63.0,63.0,63.0,7.497000954794521
MissionControlClip3_1920x1080_60_420,2,90,0.9289780000000007,8,0.9289780000000007,0.9289780000000007,63.0,63.0,63.0,4.904741536111111
MissionControlClip3_1920x1080_60_420,2,95,0.24841200000000185,8,0.24841200000000185,0.24841200000000185,58.0,58.0,58.0,2.6415152306501546
MissionControlClip3_1920x1080_60_420,3,80,11.146634000000006,8,11.146634000000006,11.146634000000006,63.0,63.0,63.0,9.964454195890411
MissionControlClip3_1920x1080_60_420,3,85,6.146634000000006,8,6.146634000000006,6.146634000000006,63.0,63.0,63.0,7.497000954794521
MissionControlClip3_1920x1080_60_420,3,90,1.146634000000006,8,1.146634000000006,1.146634000000006,63.0,63.0,63.0,4.904741536111111
MissionControlClip3_1920x1080_60_420,3,95,0.17479600000000062,8,0.5486269999999962,0.17479600000000062,58.0,56.0,58.0,2.6415152306501546
MissionControlClip3_1920x1080_60_420,4,80,11.279242999999994,8,11.279242999999994,11.279242999999994,63.0,63.0,63.0,9.964454195890411
MissionControlClip3_1920x1080_60_420,4,85,6.279242999999994,8,6.279242999999994,6.279242999999994,63.0,63.0,63.0,7.497000954794521
MissionControlClip3_1920x1080_60_420,4,90,1.279242999999994,8,1.279242999999994,1.279242999999994,63.0,63.0,63.0,4.904741536111111
MissionControlClip3_1920x1080_60_420,4,95,0.04016699999999673,7,1.198250999999999,0.04016699999999673,58.0,53.0,58.0,2.6415152306501546
MissionControlClip3_1920x1080_60_420,5,80,10.446144000000004,8,10.446144000000004,10.446144000000004,63.0,63.0,63.0,9.964454195890411
MissionControlClip3_1920x1080_60_420,5,85,5.446144000000004,8,5.446144000000004,5.446144000000004,63.0,63.0,63.0,7.497000954794521
MissionControlClip3_1920x1080_60_420,5,90,0.44614400000000387,8,0.44614400000000387,0.44614400000000387,63.0,63.0,63.0,4.904741536111111
MissionControlClip3_1920x1080_60_420,5,95,0.005111999999996897,7,1.1094789999999932,0.005111999999996897,58.0,53.0,58.0,2.6415152306501546
MissionControlClip3_1920x1080_60_420,6,80,8.860575999999995,8,8.860575999999995,8.860575999999995,63.0,63.0,63.0,9.964454195890411
MissionControlClip3_1920x1080_60_420,6,85,3.8605759999999947,8,3.8605759999999947,3.8605759999999947,63.0,63.0,63.0,7.497000954794521
MissionControlClip3_1920x1080_60_420,6,90,1.1394240000000053,8,1.1394240000000053,1.1394240000000053,63.0,63.0,63.0,4.904741536111111
MissionControlClip3_1920x1080_60_420,6,95,0.13474399999999775,7,0.8129490000000033,0.13474399999999775,56.0,52.0,56.0,2.6415152306501546
MissionControlClip3_1920x1080_60_420,7,80,7.852744999999999,8,7.852744999999999,7.852744999999999,63.0,63.0,63.0,9.964454195890411
MissionControlClip3_1920x1080_60_420,7,85,2.8527449999999988,8,2.8527449999999988,2.8527449999999988,63.0,63.0,63.0,7.497000954794521
MissionControlClip3_1920x1080_60_420,7,90,2.1472550000000012,8,2.1472550000000012,2.1472550000000012,63.0,63.0,63.0,4.904741536111111
MissionControlClip3_1920x1080_60_420,7,95,0.13251800000000458,7,0.6941199999999981,0.13251800000000458,55.0,52.0,55.0,2.6415152306501546
MissionControlClip3_1920x1080_60_420,8,80,5.727228999999994,8,5.727228999999994,5.727228999999994,63.0,63.0,63.0,9.964454195890411
MissionControlClip3_1920x1080_60_420,8,85,0.7272289999999941,8,0.7272289999999941,0.7272289999999941,63.0,63.0,63.0,7.497000954794521
MissionControlClip3_1920x1080_60_420,8,90,1.5925960000000003,8,1.5925960000000003,1.5925960000000003,60.0,60.0,60.0,4.904741536111111
MissionControlClip3_1920x1080_60_420,8,95,0.02324900000000696,7,0.29933099999999513,0.02324900000000696,52.0,50.0,52.0,2.6415152306501546
MissionControlClip3_1920x1080_60_420,9,80,2.445532,8,2.445532,2.445532,63.0,63.0,63.0,9.964454195890411
MissionControlClip3_1920x1080_60_420,9,85,2.554468,8,4.317862000000005,2.554468,63.0,60.0,63.0,7.497000954794521
MissionControlClip3_1920x1080_60_420,9,90,0.6821379999999948,8,0.7892590000000013,0.6821379999999948,60.0,58.0,60.0,4.904741536111111
MissionControlClip3_1920x1080_60_420,9,95,0.1262609999999995,7,0.375559999999993,0.1262609999999995,46.0,45.0,46.0,2.6415152306501546
MissionControlClip3_1920x1080_60_420,10,80,0.27973699999999724,8,0.27973699999999724,0.27973699999999724,63.0,63.0,63.0,9.964454195890411
MissionControlClip3_1920x1080_60_420,10,85,2.776713000000001,8,2.776713000000001,2.776713000000001,60.0,60.0,60.0,7.497000954794521
MissionControlClip3_1920x1080_60_420,10,90,0.016999999999995907,7,0.9053940000000011,0.016999999999995907,58.0,56.0,58.0,4.904741536111111
MissionControlClip3_1920x1080_60_420,10,95,0.03666099999999517,7,0.03666099999999517,0.03666099999999517,42.0,42.0,42.0,2.6415152306501546
MobileDeviceScreenSharing,1,80,18.902985,8,18.902985,18.902985,63.0,63.0,63.0,9.964454195890411
MobileDeviceScreenSharing,1,85,13.902985000000001,8,13.902985000000001,13.902985000000001,63.0,63.0,63.0,7.497000954794521
MobileDeviceScreenSharing,1,90,8.902985000000001,8,8.902985000000001,8.902985000000001,63.0,63.0,63.0,4.904741536111111
MobileDeviceScreenSharing,1,95,3.902985000000001,8,3.902985000000001,3.902985000000001,63.0,63.0,63.0,2.6415152306501546
MobileDeviceScreenSharing,2,80,18.853323000000003,8,18.853323000000003,18.853323000000003,63.0,63.0,63.0,9.964454195890411
MobileDeviceScreenSharing,2,85,13.853323000000003,8,13.853323000000003,13.853323000000003,63.0,63.0,63.0,7.497000954794521
MobileDeviceScreenSharing,2,90,8.853323000000003,8,8.853323000000003,8.853323000000003,63.0,63.0,63.0,4.904741536111111
MobileDeviceScreenSharing,2,95,3.853323000000003,8,3.853323000000003,3.853323000000003,63.0,63.0,63.0,2.6415152306501546
MobileDeviceScreenSharing,3,80,18.645116,8,18.645116,18.645116,63.0,63.0,63.0,9.964454195890411
MobileDeviceScreenSharing,3,85,13.645116000000002,8,13.645116000000002,13.645116000000002,63.0,63.0,63.0,7.497000954794521
MobileDeviceScreenSharing,3,90,8.645116000000002,8,8.645116000000002,8.645116000000002,63.0,63.0,63.0,4.904741536111111
MobileDeviceScreenSharing,3,95,3.6451160000000016,8,3.6451160000000016,3.6451160000000016,63.0,63.0,63.0,2.6415152306501546
MobileDeviceScreenSharing,4,80,18.541869000000005,8,18.541869000000005,18.541869000000005,63.0,63.0,63.0,9.964454195890411
MobileDeviceScreenSharing,4,85,13.541869000000005,8,13.541869000000005,13.541869000000005,63.0,63.0,63.0,7.497000954794521
MobileDeviceScreenSharing,4,90,8.541869000000005,8,8.541869000000005,8.541869000000005,63.0,63.0,63.0,4.904741536111111
MobileDeviceScreenSharing,4,95,3.5418690000000055,8,3.5418690000000055,3.5418690000000055,63.0,63.0,63.0,2.6415152306501546
MobileDeviceScreenSharing,5,80,18.399669000000003,8,18.399669000000003,18.399669000000003,63.0,63.0,63.0,9.964454195890411
MobileDeviceScreenSharing,5,85,13.399669000000003,8,13.399669000000003,13.399669000000003,63.0,63.0,63.0,7.497000954794521
MobileDeviceScreenSharing,5,90,8.399669000000003,8,8.399669000000003,8.399669000000003,63.0,63.0,63.0,4.904741536111111
MobileDeviceScreenSharing,5,95,3.399669000000003,8,3.399669000000003,3.399669000000003,63.0,63.0,63.0,2.6415152306501546
MobileDeviceScreenSharing,6,80,18.032472,8,18.032472,18.032472,63.0,63.0,63.0,9.964454195890411
MobileDeviceScreenSharing,6,85,13.032471999999999,8,13.032471999999999,13.032471999999999,63.0,63.0,63.0,7.497000954794521
MobileDeviceScreenSharing,6,90,8.032471999999999,8,8.032471999999999,8.032471999999999,63.0,63.0,63.0,4.904741536111111
MobileDeviceScreenSharing,6,95,3.0324719999999985,8,3.0324719999999985,3.0324719999999985,63.0,63.0,63.0,2.6415152306501546
MobileDeviceScreenSharing,7,80,17.940772999999993,8,17.940772999999993,17.940772999999993,63.0,63.0,63.0,9.964454195890411
MobileDeviceScreenSharing,7,85,12.940772999999993,8,12.940772999999993,12.940772999999993,63.0,63.0,63.0,7.497000954794521
MobileDeviceScreenSharing,7,90,7.940772999999993,8,7.940772999999993,7.940772999999993,63.0,63.0,63.0,4.904741536111111
MobileDeviceScreenSharing,7,95,2.940772999999993,8,2.940772999999993,2.940772999999993,63.0,63.0,63.0,2.6415152306501546
MobileDeviceScreenSharing,8,80,17.864301999999995,8,17.864301999999995,17.864301999999995,63.0,63.0,63.0,9.964454195890411
MobileDeviceScreenSharing,8,85,12.864301999999995,8,12.864301999999995,12.864301999999995,63.0,63.0,63.0,7.497000954794521
MobileDeviceScreenSharing,8,90,7.864301999999995,8,7.864301999999995,7.864301999999995,63.0,63.0,63.0,4.904741536111111
MobileDeviceScreenSharing,8,95,2.864301999999995,8,2.864301999999995,2.864301999999995,63.0,63.0,63.0,2.6415152306501546
MobileDeviceScreenSharing,9,80,15.985405,8,15.985405,15.985405,63.0,63.0,63.0,9.964454195890411
MobileDeviceScreenSharing,9,85,10.985405,8,10.985405,10.985405,63.0,63.0,63.0,7.497000954794521
MobileDeviceScreenSharing,9,90,5.985405,8,5.985405,5.985405,63.0,63.0,63.0,4.904741536111111
MobileDeviceScreenSharing,9,95,0.9854050000000001,8,3.523891000000006,0.9854050000000001,63.0,60.0,63.0,2.6415152306501546
MobileDeviceScreenSharing,10,80,14.156071999999995,8,14.156071999999995,14.156071999999995,63.0,63.0,63.0,9.964454195890411
MobileDeviceScreenSharing,10,85,9.156071999999995,8,9.156071999999995,9.156071999999995,63.0,63.0,63.0,7.497000954794521
MobileDeviceScreenSharing,10,90,4.156071999999995,8,4.156071999999995,4.156071999999995,63.0,63.0,63.0,4.904741536111111
MobileDeviceScreenSharing,10,95,0.8439280000000053,8,3.1182780000000037,0.8439280000000053,63.0,60.0,63.0,2.6415152306501546
Motorcycle_1920x1080_30fps_8bit,1,80,0.5201689999999957,7,2.466303999999994,0.5201689999999957,54.0,55.0,54.0,9.964454195890411
Motorcycle_1920x1080_30fps_8bit,1,85,0.6254880000000043,7,2.1051570000000055,0.6254880000000043,50.0,52.0,50.0,7.497000954794521
Motorcycle_1920x1080_30fps_8bit,1,90,0.48721600000000365,7,1.8701269999999965,0.48721600000000365,46.0,48.0,46.0,4.904741536111111
Motorcycle_1920x1080_30fps_8bit,1,95,0.26196500000000356,8,0.26196500000000356,0.26196500000000356,42.0,42.0,42.0,2.6415152306501546
Motorcycle_1920x1080_30fps_8bit,2,80,0.2961909999999932,7,4.326736999999994,0.2961909999999932,53.0,55.0,53.0,9.964454195890411
Motorcycle_1920x1080_30fps_8bit,2,85,0.5631960000000049,7,1.8941939999999988,0.5631960000000049,50.0,51.0,50.0,7.497000954794521
Motorcycle_1920x1080_30fps_8bit,2,90,0.31730299999999545,7,1.4257199999999983,0.31730299999999545,46.0,47.0,46.0,4.904741536111111
Motorcycle_1920x1080_30fps_8bit,2,95,0.08175599999999861,8,0.7674920000000043,0.08175599999999861,41.0,42.0,41.0,2.6415152306501546
Motorcycle_1920x1080_30fps_8bit,3,80,0.5783729999999991,7,2.388963000000004,0.5783729999999991,53.0,54.0,53.0,9.964454195890411
Motorcycle_1920x1080_30fps_8bit,3,85,0.470089999999999,7,0.8712900000000019,0.470089999999999,49.0,50.0,49.0,7.497000954794521
Motorcycle_1920x1080_30fps_8bit,3,90,0.5569710000000043,7,0.5569710000000043,0.5569710000000043,46.0,46.0,46.0,4.904741536111111
Motorcycle_1920x1080_30fps_8bit,3,95,0.026600000000001955,8,0.026600000000001955,0.026600000000001955,41.0,41.0,41.0,2.6415152306501546
Motorcycle_1920x1080_30fps_8bit,4,80,0.3759979999999956,7,3.106183999999999,0.3759979999999956,52.0,54.0,52.0,9.964454195890411
Motorcycle_1920x1080_30fps_8bit,4,85,0.17292299999999727,7,1.352275000000006,0.17292299999999727,49.0,50.0,49.0,7.497000954794521
Motorcycle_1920x1080_30fps_8bit,4,90,0.21733799999999803,7,1.4058610000000016,0.21733799999999803,45.0,46.0,45.0,4.904741536111111
Motorcycle_1920x1080_30fps_8bit,4,95,0.1713890000000049,8,0.1713890000000049,0.1713890000000049,40.0,40.0,40.0,2.6415152306501546
Motorcycle_1920x1080_30fps_8bit,5,80,0.819736000000006,7,2.7306970000000064,0.819736000000006,52.0,53.0,52.0,9.964454195890411
Motorcycle_1920x1080_30fps_8bit,5,85,0.18317999999999302,7,1.1822829999999982,0.18317999999999302,48.0,49.0,48.0,7.497000954794521
Motorcycle_1920x1080_30fps_8bit,5,90,0.4512380000000036,7,0.4512380000000036,0.4512380000000036,45.0,45.0,45.0,4.904741536111111
Motorcycle_1920x1080_30fps_8bit,5,95,0.235163,8,0.235163,0.235163,40.0,40.0,40.0,2.6415152306501546
Motorcycle_1920x1080_30fps_8bit,6,80,0.6063500000000062,7,2.712163000000004,0.6063500000000062,53.0,54.0,53.0,9.964454195890411
Motorcycle_1920x1080_30fps_8bit,6,85,0.43410199999999577,7,2.119068999999996,0.43410199999999577,50.0,51.0,50.0,7.497000954794521
Motorcycle_1920x1080_30fps_8bit,6,90,0.01225300000000118,7,0.01225300000000118,0.01225300000000118,46.0,46.0,46.0,4.904741536111111
Motorcycle_1920x1080_30fps_8bit,6,95,0.3655609999999996,8,0.5591540000000066,0.3655609999999996,42.0,41.0,42.0,2.6415152306501546
Motorcycle_1920x1080_30fps_8bit,7,80,0.6106199999999973,7,3.400583999999995,0.6106199999999973,52.0,54.0,52.0,9.964454195890411
Motorcycle_1920x1080_30fps_8bit,7,85,0.378547999999995,7,0.9384490000000056,0.378547999999995,49.0,50.0,49.0,7.497000954794521
Motorcycle_1920x1080_30fps_8bit,7,90,0.3860260000000011,7,0.3860260000000011,0.3860260000000011,46.0,46.0,46.0,4.904741536111111
Motorcycle_1920x1080_30fps_8bit,7,95,0.46497599999999295,8,0.46497599999999295,0.46497599999999295,41.0,41.0,41.0,2.6415152306501546
Motorcycle_1920x1080_30fps_8bit,8,80,0.8357069999999993,7,3.0151359999999983,0.8357069999999993,52.0,54.0,52.0,9.964454195890411
Motorcycle_1920x1080_30fps_8bit,8,85,0.7135880000000014,7,0.8227920000000069,0.7135880000000014,49.0,50.0,49.0,7.497000954794521
Motorcycle_1920x1080_30fps_8bit,8,90,0.14310999999999297,7,0.14310999999999297,0.14310999999999297,46.0,46.0,46.0,4.904741536111111
Motorcycle_1920x1080_30fps_8bit,8,95,0.3889559999999932,8,1.2925730000000044,0.3889559999999932,41.0,40.0,41.0,2.6415152306501546
Motorcycle_1920x1080_30fps_8bit,9,80,0.5519570000000016,7,3.2193240000000003,0.5519570000000016,51.0,53.0,51.0,9.964454195890411
Motorcycle_1920x1080_30fps_8bit,9,85,0.36808899999999767,7,1.2246959999999945,0.36808899999999767,48.0,49.0,48.0,7.497000954794521
Motorcycle_1920x1080_30fps_8bit,9,90,0.15569299999999942,7,0.15569299999999942,0.15569299999999942,45.0,45.0,45.0,4.904741536111111
Motorcycle_1920x1080_30fps_8bit,9,95,0.3985930000000053,8,1.2577720000000028,0.3985930000000053,40.0,39.0,40.0,2.6415152306501546
Motorcycle_1920x1080_30fps_8bit,10,80,0.3982349999999997,7,1.3641819999999996,0.3982349999999997,51.0,52.0,51.0,9.964454195890411
Motorcycle_1920x1080_30fps_8bit,10,85,0.510436999999996,7,0.510436999999996,0.510436999999996,48.0,48.0,48.0,7.497000954794521
Motorcycle_1920x1080_30fps_8bit,10,90,0.21861800000000642,7,1.052577999999997,0.21861800000000642,45.0,44.0,45.0,4.904741536111111
Motorcycle_1920x1080_30fps_8bit,10,95,0.26652900000000557,8,1.1971400000000045,0.26652900000000557,40.0,39.0,40.0,2.6415152306501546
MountainBike_1920x1080_30fps_8bit,1,80,0.009574000000000638,7,1.6753590000000003,0.009574000000000638,52.0,53.0,52.0,9.964454195890411
MountainBike_1920x1080_30fps_8bit,1,85,0.48251199999999983,7,0.48251199999999983,0.48251199999999983,49.0,49.0,49.0,7.497000954794521
MountainBike_1920x1080_30fps_8bit,1,90,0.009003000000006978,7,0.009003000000006978,0.009003000000006978,45.0,45.0,45.0,4.904741536111111
MountainBike_1920x1080_30fps_8bit,1,95,0.5667689999999936,8,0.5734819999999985,0.5667689999999936,41.0,40.0,41.0,2.6415152306501546
MountainBike_1920x1080_30fps_8bit,2,80,0.4758470000000017,7,1.3074479999999937,0.4758470000000017,51.0,52.0,51.0,9.964454195890411
MountainBike_1920x1080_30fps_8bit,2,85,0.0579400000000021,7,0.0579400000000021,0.0579400000000021,48.0,48.0,48.0,7.497000954794521
MountainBike_1920x1080_30fps_8bit,2,90,0.5137059999999991,7,0.7109059999999943,0.5137059999999991,44.0,45.0,44.0,4.904741536111111
MountainBike_1920x1080_30fps_8bit,2,95,0.22630399999999895,8,0.22630399999999895,0.22630399999999895,40.0,40.0,40.0,2.6415152306501546
MountainBike_1920x1080_30fps_8bit,3,80,0.15464599999999962,7,1.6249370000000027,0.15464599999999962,51.0,52.0,51.0,9.964454195890411
MountainBike_1920x1080_30fps_8bit,3,85,0.2352419999999995,7,0.2352419999999995,0.2352419999999995,48.0,48.0,48.0,7.497000954794521
MountainBike_1920x1080_30fps_8bit,3,90,0.5025040000000018,7,0.5025040000000018,0.5025040000000018,44.0,44.0,44.0,4.904741536111111
MountainBike_1920x1080_30fps_8bit,3,95,0.15949799999999925,8,1.0023999999999944,0.15949799999999925,40.0,39.0,40.0,2.6415152306501546
MountainBike_1920x1080_30fps_8bit,4,80,0.3366800000000012,7,0.3366800000000012,0.3366800000000012,51.0,51.0,51.0,9.964454195890411
MountainBike_1920x1080_30fps_8bit,4,85,0.6150030000000015,7,0.6150030000000015,0.6150030000000015,47.0,47.0,47.0,7.497000954794521
MountainBike_1920x1080_30fps_8bit,4,90,0.1250260000000054,7,0.1250260000000054,0.1250260000000054,44.0,44.0,44.0,4.904741536111111
MountainBike_1920x1080_30fps_8bit,4,95,0.3577420000000018,7,0.6801159999999982,0.3577420000000018,40.0,39.0,40.0,2.6415152306501546
MountainBike_1920x1080_30fps_8bit,5,80,0.5606140000000011,7,0.5606140000000011,0.5606140000000011,50.0,50.0,50.0,9.964454195890411
MountainBike_1920x1080_30fps_8bit,5,85,0.5277049999999974,7,0.5277049999999974,0.5277049999999974,47.0,47.0,47.0,7.497000954794521
MountainBike_1920x1080_30fps_8bit,5,90,0.2928590000000071,7,1.0396669999999943,0.2928590000000071,44.0,43.0,44.0,4.904741536111111
MountainBike_1920x1080_30fps_8bit,5,95,0.27662700000000484,7,1.7272789999999958,0.27662700000000484,40.0,38.0,40.0,2.6415152306501546
MountainBike_1920x1080_30fps_8bit,6,80,0.11371300000000417,7,1.7586819999999932,0.11371300000000417,52.0,51.0,52.0,9.964454195890411
MountainBike_1920x1080_30fps_8bit,6,85,0.20735600000000431,7,1.3190500000000043,0.20735600000000431,49.0,48.0,49.0,7.497000954794521
MountainBike_1920x1080_30fps_8bit,6,90,0.561829000000003,7,1.7780170000000055,0.561829000000003,45.0,44.0,45.0,4.904741536111111
MountainBike_1920x1080_30fps_8bit,6,95,0.17791300000000376,8,1.9366239999999948,0.17791300000000376,41.0,39.0,41.0,2.6415152306501546
MountainBike_1920x1080_30fps_8bit,7,80,0.5116060000000004,7,1.1959300000000042,0.5116060000000004,52.0,51.0,52.0,9.964454195890411
MountainBike_1920x1080_30fps_8bit,7,85,0.5615059999999943,7,2.789434,0.5615059999999943,49.0,47.0,49.0,7.497000954794521
MountainBike_1920x1080_30fps_8bit,7,90,0.5204910000000069,7,2.8625710000000026,0.5204910000000069,45.0,43.0,45.0,4.904741536111111
MountainBike_1920x1080_30fps_8bit,7,95,0.01764199999999505,8,1.895622000000003,0.01764199999999505,41.0,39.0,41.0,2.6415152306501546
MountainBike_1920x1080_30fps_8bit,8,80,0.614615999999998,7,1.2804820000000063,0.614615999999998,52.0,51.0,52.0,9.964454195890411
MountainBike_1920x1080_30fps_8bit,8,85,0.42291099999999915,7,2.8121029999999934,0.42291099999999915,49.0,47.0,49.0,7.497000954794521
MountainBike_1920x1080_30fps_8bit,8,90,0.4604049999999944,7,4.088960999999998,0.4604049999999944,45.0,42.0,45.0,4.904741536111111
MountainBike_1920x1080_30fps_8bit,8,95,0.07193800000000294,8,1.8880429999999961,0.07193800000000294,41.0,39.0,41.0,2.6415152306501546
MountainBike_1920x1080_30fps_8bit,9,80,0.12458999999999776,7,3.277362999999994,0.12458999999999776,51.0,49.0,51.0,9.964454195890411
MountainBike_1920x1080_30fps_8bit,9,85,0.09104600000000573,7,4.421885000000003,0.09104600000000573,48.0,45.0,48.0,7.497000954794521
MountainBike_1920x1080_30fps_8bit,9,90,0.5781149999999968,7,3.1336529999999954,0.5781149999999968,45.0,42.0,45.0,4.904741536111111
MountainBike_1920x1080_30fps_8bit,9,95,0.3092019999999991,8,2.0115179999999953,0.3092019999999991,40.0,38.0,40.0,2.6415152306501546
MountainBike_1920x1080_30fps_8bit,10,80,0.23522099999999568,7,4.985516000000004,0.23522099999999568,51.0,48.0,51.0,9.964454195890411
MountainBike_1920x1080_30fps_8bit,10,85,0.014483999999995945,7,3.121449999999996,0.014483999999995945,48.0,46.0,48.0,7.497000954794521
MountainBike_1920x1080_30fps_8bit,10,90,0.49835600000000113,7,3.3382150000000053,0.49835600000000113,45.0,42.0,45.0,4.904741536111111
MountainBike_1920x1080_30fps_8bit,10,95,0.36665299999999945,8,2.905257000000006,0.36665299999999945,40.0,37.0,40.0,2.6415152306501546
Neon1224_3840x2160_2997fps,1,80,1.020270999999994,7,2.890861000000001,1.020270999999994,58.0,56.0,58.0,9.964454195890411
Neon1224_3840x2160_2997fps,1,85,0.12234300000000076,7,4.7335139999999996,0.12234300000000076,55.0,51.0,55.0,7.497000954794521
Neon1224_3840x2160_2997fps,1,90,0.26648600000000044,7,3.2883139999999997,0.26648600000000044,51.0,47.0,51.0,4.904741536111111
Neon1224_3840x2160_2997fps,1,95,0.20757700000000057,7,2.416088000000002,0.20757700000000057,45.0,41.0,45.0,2.6415152306501546
Neon1224_3840x2160_2997fps,2,80,1.9040289999999942,7,4.1290929999999975,1.9040289999999942,56.0,55.0,56.0,9.964454195890411
Neon1224_3840x2160_2997fps,2,85,0.5935699999999997,7,4.138643000000002,0.5935699999999997,54.0,51.0,54.0,7.497000954794521
Neon1224_3840x2160_2997fps,2,90,0.16084299999999985,7,2.9900319999999994,0.16084299999999985,50.0,47.0,50.0,4.904741536111111
Neon1224_3840x2160_2997fps,2,95,0.3258440000000036,7,2.8783300000000054,0.3258440000000036,44.0,40.0,44.0,2.6415152306501546
Neon1224_3840x2160_2997fps,3,80,2.1744139999999987,7,4.395132000000004,2.1744139999999987,56.0,55.0,56.0,9.964454195890411
Neon1224_3840x2160_2997fps,3,85,0.6048679999999962,7,4.377757000000003,0.6048679999999962,55.0,51.0,55.0,7.497000954794521
Neon1224_3840x2160_2997fps,3,90,0.3968100000000021,7,3.967927000000003,0.3968100000000021,50.0,46.0,50.0,4.904741536111111
Neon1224_3840x2160_2997fps,3,95,0.2432189999999963,7,2.995219000000006,0.2432189999999963,45.0,40.0,45.0,2.6415152306501546
Neon1224_3840x2160_2997fps,4,80,1.5900720000000064,7,5.243031000000002,1.5900720000000064,56.0,54.0,56.0,9.964454195890411
Neon1224_3840x2160_2997fps,4,85,0.243031000000002,7,5.0594799999999935,0.243031000000002,54.0,50.0,54.0,7.497000954794521
Neon1224_3840x2160_2997fps,4,90,0.05947999999999354,7,4.414000999999999,0.05947999999999354,50.0,45.0,50.0,4.904741536111111
Neon1224_3840x2160_2997fps,4,95,0.2256529999999941,7,3.152977000000007,0.2256529999999941,44.0,39.0,44.0,2.6415152306501546
Neon1224_3840x2160_2997fps,5,80,0.16393499999999506,7,5.520930000000007,0.16393499999999506,56.0,53.0,56.0,9.964454195890411
Neon1224_3840x2160_2997fps,5,85,0.520930000000007,7,4.117744000000002,0.520930000000007,53.0,50.0,53.0,7.497000954794521
Neon1224_3840x2160_2997fps,5,90,0.23132900000000234,7,3.791021999999998,0.23132900000000234,49.0,45.0,49.0,4.904741536111111
Neon1224_3840x2160_2997fps,5,95,0.392319999999998,7,2.9445460000000026,0.392319999999998,44.0,39.0,44.0,2.6415152306501546
Neon1224_3840x2160_2997fps,6,80,1.0877339999999975,7,4.937799999999996,1.0877339999999975,56.0,54.0,56.0,9.964454195890411
Neon1224_3840x2160_2997fps,6,85,0.06220000000000425,7,3.9766869999999983,0.06220000000000425,54.0,51.0,54.0,7.497000954794521
Neon1224_3840x2160_2997fps,6,90,0.17387399999999786,7,3.780842000000007,0.17387399999999786,50.0,46.0,50.0,4.904741536111111
Neon1224_3840x2160_2997fps,6,95,0.27937799999999413,7,2.6374100000000027,0.27937799999999413,44.0,40.0,44.0,2.6415152306501546
Neon1224_3840x2160_2997fps,7,80,0.3296090000000049,7,3.821331999999998,0.3296090000000049,56.0,54.0,56.0,9.964454195890411
Neon1224_3840x2160_2997fps,7,85,0.4375650000000064,7,4.209451999999999,0.4375650000000064,53.0,50.0,53.0,7.497000954794521
Neon1224_3840x2160_2997fps,7,90,0.35104200000000674,7,4.202070000000006,0.35104200000000674,49.0,45.0,49.0,4.904741536111111
Neon1224_3840x2160_2997fps,7,95,0.02016100000000165,7,2.417410000000004,0.02016100000000165,44.0,40.0,44.0,2.6415152306501546
Neon1224_3840x2160_2997fps,8,80,0.02355500000000177,7,4.173899000000006,0.02355500000000177,56.0,54.0,56.0,9.964454195890411
Neon1224_3840x2160_2997fps,8,85,0.6780159999999995,7,4.508825000000002,0.6780159999999995,53.0,50.0,53.0,7.497000954794521
Neon1224_3840x2160_2997fps,8,90,0.49117499999999836,7,3.3756759999999986,0.49117499999999836,50.0,46.0,50.0,4.904741536111111
Neon1224_3840x2160_2997fps,8,95,0.03634999999999877,7,2.5965520000000026,0.03634999999999877,44.0,40.0,44.0,2.6415152306501546
Neon1224_3840x2160_2997fps,9,80,0.37488299999999697,7,5.0450600000000065,0.37488299999999697,55.0,52.0,55.0,9.964454195890411
Neon1224_3840x2160_2997fps,9,85,0.04506000000000654,7,3.704105999999996,0.04506000000000654,52.0,49.0,52.0,7.497000954794521
Neon1224_3840x2160_2997fps,9,90,0.486699999999999,7,3.555887999999996,0.486699999999999,48.0,44.0,48.0,4.904741536111111
Neon1224_3840x2160_2997fps,9,95,0.11811600000000055,7,2.0229089999999985,0.11811600000000055,42.0,39.0,42.0,2.6415152306501546
Neon1224_3840x2160_2997fps,10,80,0.37488299999999697,7,5.0450600000000065,0.37488299999999697,55.0,52.0,55.0,9.964454195890411
Neon1224_3840x2160_2997fps,10,85,0.04506000000000654,7,4.513300000000001,0.04506000000000654,52.0,48.0,52.0,7.497000954794521
Neon1224_3840x2160_2997fps,10,90,0.486699999999999,7,3.555887999999996,0.486699999999999,48.0,44.0,48.0,4.904741536111111
Neon1224_3840x2160_2997fps,10,95,0.11811600000000055,7,2.6136589999999984,0.11811600000000055,42.0,38.0,42.0,2.6415152306501546
NocturneDance_3840x2160p_10bit_60fps,1,80,0.3635589999999951,7,1.7576940000000008,0.3635589999999951,40.0,38.0,40.0,9.964454195890411
NocturneDance_3840x2160p_10bit_60fps,1,85,0.2515329999999949,7,0.7432600000000065,0.2515329999999949,35.0,34.0,35.0,7.497000954794521
NocturneDance_3840x2160p_10bit_60fps,1,90,0.27143599999999424,7,0.3376999999999981,0.27143599999999424,29.0,28.0,29.0,4.904741536111111
NocturneDance_3840x2160p_10bit_60fps,2,80,0.2523790000000048,7,0.9527939999999973,0.2523790000000048,39.0,38.0,39.0,9.964454195890411
NocturneDance_3840x2160p_10bit_60fps,2,85,0.3188739999999939,7,1.2040329999999955,0.3188739999999939,34.0,33.0,34.0,7.497000954794521
NocturneDance_3840x2160p_10bit_60fps,2,90,0.11333700000000135,7,0.8039480000000054,0.11333700000000135,28.0,27.0,28.0,4.904741536111111
NocturneDance_3840x2160p_10bit_60fps,3,80,0.409632000000002,7,0.409632000000002,0.409632000000002,38.0,38.0,38.0,9.964454195890411
NocturneDance_3840x2160p_10bit_60fps,3,85,0.08595800000000509,7,0.7924509999999998,0.08595800000000509,34.0,33.0,34.0,7.497000954794521
NocturneDance_3840x2160p_10bit_60fps,3,90,0.08111200000000451,7,0.6026159999999976,0.08111200000000451,28.0,27.0,28.0,4.904741536111111
NocturneDance_3840x2160p_10bit_60fps,4,80,0.46753499999999804,7,0.46753499999999804,0.46753499999999804,37.0,37.0,37.0,9.964454195890411
NocturneDance_3840x2160p_10bit_60fps,4,85,0.047291000000001304,7,1.0041200000000003,0.047291000000001304,33.0,32.0,33.0,7.497000954794521
NocturneDance_3840x2160p_10bit_60fps,4,90,0.09243200000000229,7,0.09243200000000229,0.09243200000000229,27.0,27.0,27.0,4.904741536111111
NocturneDance_3840x2160p_10bit_60fps,5,80,0.20860000000000412,7,0.20860000000000412,0.20860000000000412,37.0,37.0,37.0,9.964454195890411
NocturneDance_3840x2160p_10bit_60fps,5,85,0.42421099999999967,7,0.5786740000000066,0.42421099999999967,33.0,32.0,33.0,7.497000954794521
NocturneDance_3840x2160p_10bit_60fps,5,90,0.17515500000000372,7,0.17515500000000372,0.17515500000000372,27.0,27.0,27.0,4.904741536111111
NocturneDance_3840x2160p_10bit_60fps,6,80,0.007654999999999745,7,1.2630850000000038,0.007654999999999745,38.0,37.0,38.0,9.964454195890411
NocturneDance_3840x2160p_10bit_60fps,6,85,0.09159999999999968,7,1.7697650000000067,0.09159999999999968,34.0,32.0,34.0,7.497000954794521
NocturneDance_3840x2160p_10bit_60fps,6,90,0.04654100000000483,7,0.6095470000000063,0.04654100000000483,28.0,27.0,28.0,4.904741536111111
NocturneDance_3840x2160p_10bit_60fps,7,80,0.614918000000003,7,0.6948090000000064,0.614918000000003,38.0,37.0,38.0,9.964454195890411
NocturneDance_3840x2160p_10bit_60fps,7,85,0.17409899999999823,7,1.179737000000003,0.17409899999999823,33.0,32.0,33.0,7.497000954794521
NocturneDance_3840x2160p_10bit_60fps,7,90,0.2545080000000013,7,0.2545080000000013,0.2545080000000013,27.0,27.0,27.0,4.904741536111111
NocturneDance_3840x2160p_10bit_60fps,8,80,0.635665000000003,7,0.6368319999999983,0.635665000000003,38.0,37.0,38.0,9.964454195890411
NocturneDance_3840x2160p_10bit_60fps,8,85,0.23299000000000092,7,1.1693779999999947,0.23299000000000092,33.0,32.0,33.0,7.497000954794521
NocturneDance_3840x2160p_10bit_60fps,8,90,0.1014420000000058,7,0.1014420000000058,0.1014420000000058,27.0,27.0,27.0,4.904741536111111
NocturneDance_3840x2160p_10bit_60fps,9,80,0.09644500000000278,7,1.220392000000004,0.09644500000000278,36.0,35.0,36.0,9.964454195890411
NocturneDance_3840x2160p_10bit_60fps,9,85,0.35874300000000403,7,0.7150510000000025,0.35874300000000403,32.0,31.0,32.0,7.497000954794521
NocturneDance_3840x2160p_10bit_60fps,9,90,0.7824899999999957,7,0.7824899999999957,0.7824899999999957,27.0,27.0,27.0,4.904741536111111
NocturneDance_3840x2160p_10bit_60fps,10,80,0.09644500000000278,7,2.404527999999999,0.09644500000000278,36.0,34.0,36.0,9.964454195890411
NocturneDance_3840x2160p_10bit_60fps,10,85,0.35874300000000403,7,1.8912669999999991,0.35874300000000403,32.0,30.0,32.0,7.497000954794521
NocturneDance_3840x2160p_10bit_60fps,10,90,0.7824899999999957,7,1.1515389999999996,0.7824899999999957,27.0,24.0,27.0,4.904741536111111
OldTownCross_1920x1080p50,1,80,0.6600719999999995,8,0.6600719999999995,0.6600719999999995,63.0,63.0,63.0,9.964454195890411
OldTownCross_1920x1080p50,1,85,2.7302329999999984,8,5.6600719999999995,2.7302329999999984,60.0,63.0,60.0,7.497000954794521
OldTownCross_1920x1080p50,1,90,0.4582709999999963,7,0.4582709999999963,0.4582709999999963,58.0,58.0,58.0,4.904741536111111
OldTownCross_1920x1080p50,1,95,0.008349999999992974,7,0.7917460000000034,0.008349999999992974,28.0,20.0,28.0,2.6415152306501546
OldTownCross_1920x1080p50,2,80,0.8464560000000034,8,0.8464560000000034,0.8464560000000034,63.0,63.0,63.0,9.964454195890411
OldTownCross_1920x1080p50,2,85,2.303054000000003,8,5.846456000000003,2.303054000000003,60.0,63.0,60.0,7.497000954794521
OldTownCross_1920x1080p50,2,90,0.2940399999999954,7,0.7643429999999967,0.2940399999999954,56.0,58.0,56.0,4.904741536111111
OldTownCross_1920x1080p50,2,95,0.033458999999993466,7,0.4924230000000023,0.033458999999993466,27.0,20.0,27.0,2.6415152306501546
OldTownCross_1920x1080p50,3,80,0.4629939999999948,8,0.4629939999999948,0.4629939999999948,63.0,63.0,63.0,9.964454195890411
OldTownCross_1920x1080p50,3,85,2.7172900000000055,8,2.7172900000000055,2.7172900000000055,60.0,60.0,60.0,7.497000954794521
OldTownCross_1920x1080p50,3,90,0.35012999999999295,7,0.35012999999999295,0.35012999999999295,56.0,56.0,56.0,4.904741536111111
OldTownCross_1920x1080p50,3,95,0.15510600000000352,7,0.15510600000000352,0.15510600000000352,20.0,20.0,20.0,2.6415152306501546
OldTownCross_1920x1080p50,4,80,0.5706250000000068,8,0.5706250000000068,0.5706250000000068,63.0,63.0,63.0,9.964454195890411
OldTownCross_1920x1080p50,4,85,2.606404999999995,8,2.606404999999995,2.606404999999995,60.0,60.0,60.0,7.497000954794521
OldTownCross_1920x1080p50,4,90,0.1706259999999986,7,0.7292130000000014,0.1706259999999986,56.0,55.0,56.0,4.904741536111111
OldTownCross_1920x1080p50,4,95,0.16263399999999706,7,0.16263399999999706,0.16263399999999706,20.0,20.0,20.0,2.6415152306501546
OldTownCross_1920x1080p50,5,80,0.6981470000000058,8,0.6981470000000058,0.6981470000000058,63.0,63.0,63.0,9.964454195890411
OldTownCross_1920x1080p50,5,85,2.355930999999998,8,2.355930999999998,2.355930999999998,60.0,60.0,60.0,7.497000954794521
OldTownCross_1920x1080p50,5,90,0.20914700000000153,7,0.7189240000000012,0.20914700000000153,56.0,54.0,56.0,4.904741536111111
OldTownCross_1920x1080p50,5,95,0.296646999999993,7,0.296646999999993,0.296646999999993,20.0,20.0,20.0,2.6415152306501546
OldTownCross_1920x1080p50,6,80,4.379023000000004,8,4.379023000000004,4.379023000000004,63.0,63.0,63.0,9.964454195890411
OldTownCross_1920x1080p50,6,85,1.1746789999999976,8,1.1746789999999976,1.1746789999999976,60.0,60.0,60.0,7.497000954794521
OldTownCross_1920x1080p50,6,90,0.19356399999999496,7,1.198684,0.19356399999999496,55.0,51.0,55.0,4.904741536111111
OldTownCross_1920x1080p50,6,95,0.009248999999996954,7,0.6276229999999998,0.009248999999996954,24.0,20.0,24.0,2.6415152306501546
OldTownCross_1920x1080p50,7,80,5.056067999999996,8,5.056067999999996,5.056067999999996,63.0,63.0,63.0,9.964454195890411
OldTownCross_1920x1080p50,7,85,0.09256799999999998,8,0.09256799999999998,0.09256799999999998,60.0,60.0,60.0,7.497000954794521
OldTownCross_1920x1080p50,7,90,0.22091199999999844,7,1.3788459999999958,0.22091199999999844,53.0,49.0,53.0,4.904741536111111
OldTownCross_1920x1080p50,7,95,0.18351499999999987,7,0.18351499999999987,0.18351499999999987,20.0,20.0,20.0,2.6415152306501546
OldTownCross_1920x1080p50,8,80,4.619934999999998,8,6.611917000000005,4.619934999999998,60.0,63.0,60.0,9.964454195890411
OldTownCross_1920x1080p50,8,85,0.3800650000000019,8,0.3800650000000019,0.3800650000000019,60.0,60.0,60.0,7.497000954794521
OldTownCross_1920x1080p50,8,90,0.23110599999999692,7,1.6908420000000035,0.23110599999999692,54.0,49.0,54.0,4.904741536111111
OldTownCross_1920x1080p50,8,95,0.21021500000000515,7,0.21021500000000515,0.21021500000000515,20.0,20.0,20.0,2.6415152306501546
OldTownCross_1920x1080p50,9,80,0.5504640000000052,8,0.5504640000000052,0.5504640000000052,60.0,60.0,60.0,9.964454195890411
OldTownCross_1920x1080p50,9,85,0.15077100000000598,7,0.9498970000000071,0.15077100000000598,56.0,55.0,56.0,7.497000954794521
OldTownCross_1920x1080p50,9,90,0.06763300000000072,7,1.5248160000000013,0.06763300000000072,47.0,41.0,47.0,4.904741536111111
OldTownCross_1920x1080p50,10,80,1.7395549999999957,8,1.936390000000003,1.7395549999999957,58.0,60.0,58.0,9.964454195890411
OldTownCross_1920x1080p50,10,85,0.024703000000002362,7,1.4051469999999995,0.024703000000002362,55.0,53.0,55.0,7.497000954794521
OldTownCross_1920x1080p50,10,90,0.10624799999999368,7,1.5079800000000034,0.10624799999999368,44.0,38.0,44.0,4.904741536111111
ParkJoy_480x270_50,1,80,0.5649949999999961,7,6.220618999999999,0.5649949999999961,58.0,52.0,58.0,9.964454195890411
ParkJoy_480x270_50,1,85,0.35928099999999574,7,4.341652999999994,0.35928099999999574,54.0,47.0,54.0,7.497000954794521
ParkJoy_480x270_50,1,90,0.02005699999999422,7,3.1647839999999974,0.02005699999999422,46.0,39.0,46.0,4.904741536111111
ParkJoy_480x270_50,1,95,0.07462599999999497,7,1.8593120000000027,0.07462599999999497,35.0,30.0,35.0,2.6415152306501546
ParkJoy_480x270_50,2,80,1.2872899999999987,7,6.568675999999996,1.2872899999999987,58.0,51.0,58.0,9.964454195890411
ParkJoy_480x270_50,2,85,0.05523200000000372,7,4.493279999999999,0.05523200000000372,53.0,46.0,53.0,7.497000954794521
ParkJoy_480x270_50,2,90,0.0004749999999944521,7,2.829571999999999,0.0004749999999944521,45.0,39.0,45.0,4.904741536111111
ParkJoy_480x270_50,2,95,0.10192600000000596,7,1.9488920000000007,0.10192600000000596,34.0,29.0,34.0,2.6415152306501546
ParkJoy_480x270_50,3,80,0.3458880000000022,7,4.049915999999996,0.3458880000000022,56.0,51.0,56.0,9.964454195890411
ParkJoy_480x270_50,3,85,0.22798899999999378,7,2.0455089999999956,0.22798899999999378,50.0,46.0,50.0,7.497000954794521
ParkJoy_480x270_50,3,90,0.061916999999994005,8,1.0919509999999946,0.061916999999994005,41.0,39.0,41.0,4.904741536111111
ParkJoy_480x270_50,3,95,0.0559379999999976,7,1.4526639999999986,0.0559379999999976,32.0,29.0,32.0,2.6415152306501546
ParkJoy_480x270_50,4,80,0.20081600000000321,7,3.906403999999995,0.20081600000000321,55.0,51.0,55.0,9.964454195890411
ParkJoy_480x270_50,4,85,0.29429299999999614,7,2.612492000000003,0.29429299999999614,49.0,45.0,49.0,7.497000954794521
ParkJoy_480x270_50,4,90,0.023739000000006172,8,1.791928999999996,0.023739000000006172,41.0,38.0,41.0,4.904741536111111
ParkJoy_480x270_50,4,95,0.11965399999999704,7,1.8891009999999966,0.11965399999999704,32.0,28.0,32.0,2.6415152306501546
ParkJoy_480x270_50,5,80,0.3588440000000048,7,4.148950999999997,0.3588440000000048,55.0,50.0,55.0,9.964454195890411
ParkJoy_480x270_50,5,85,0.21234900000000323,7,2.4593909999999966,0.21234900000000323,49.0,45.0,49.0,7.497000954794521
ParkJoy_480x270_50,5,90,0.16688800000000015,8,1.8575639999999964,0.16688800000000015,41.0,38.0,41.0,4.904741536111111
ParkJoy_480x270_50,5,95,0.12325400000000286,7,1.954854999999995,0.12325400000000286,32.0,28.0,32.0,2.6415152306501546
ParkJoy_480x270_50,6,80,0.0805469999999957,7,3.9560670000000044,0.0805469999999957,54.0,50.0,54.0,9.964454195890411
ParkJoy_480x270_50,6,85,0.2511310000000009,7,2.754669000000007,0.2511310000000009,49.0,45.0,49.0,7.497000954794521
ParkJoy_480x270_50,6,90,0.07259399999999516,7,2.0632399999999933,0.07259399999999516,42.0,39.0,42.0,4.904741536111111
ParkJoy_480x270_50,6,95,0.11579600000000312,7,2.0695319999999953,0.11579600000000312,34.0,29.0,34.0,2.6415152306501546
ParkJoy_480x270_50,7,80,0.19441399999999476,7,4.6819189999999935,0.19441399999999476,54.0,49.0,54.0,9.964454195890411
ParkJoy_480x270_50,7,85,0.3180810000000065,7,3.4510580000000033,0.3180810000000065,49.0,44.0,49.0,7.497000954794521
ParkJoy_480x270_50,7,90,0.011799999999993815,8,2.640632999999994,0.011799999999993815,42.0,38.0,42.0,4.904741536111111
ParkJoy_480x270_50,7,95,0.1903159999999957,7,2.344852000000003,0.1903159999999957,34.0,28.0,34.0,2.6415152306501546
ParkJoy_480x270_50,8,80,0.1849330000000009,7,4.204431999999997,0.1849330000000009,54.0,49.0,54.0,9.964454195890411
ParkJoy_480x270_50,8,85,0.038469000000006304,7,3.0511010000000027,0.038469000000006304,48.0,44.0,48.0,7.497000954794521
ParkJoy_480x270_50,8,90,0.19727500000000475,8,2.3281060000000053,0.19727500000000475,41.0,38.0,41.0,4.904741536111111
ParkJoy_480x270_50,8,95,0.057593999999994594,7,2.184558999999993,0.057593999999994594,33.0,28.0,33.0,2.6415152306501546
ParkJoy_480x270_50,9,80,0.14610600000000318,7,5.577648999999994,0.14610600000000318,53.0,47.0,53.0,9.964454195890411
ParkJoy_480x270_50,9,85,0.27455000000000496,7,3.9032380000000018,0.27455000000000496,48.0,43.0,48.0,7.497000954794521
ParkJoy_480x270_50,9,90,0.2991520000000065,8,2.953540000000004,0.2991520000000065,41.0,37.0,41.0,4.904741536111111
ParkJoy_480x270_50,9,95,0.09666199999999492,7,2.512984000000003,0.09666199999999492,33.0,27.0,33.0,2.6415152306501546
ParkJoy_480x270_50,10,80,0.46501600000000565,7,4.500949000000006,0.46501600000000565,51.0,46.0,51.0,9.964454195890411
ParkJoy_480x270_50,10,85,0.49905099999999436,7,3.7276449999999954,0.49905099999999436,46.0,41.0,46.0,7.497000954794521
ParkJoy_480x270_50,10,90,0.009145000000003733,7,2.711584000000002,0.009145000000003733,39.0,35.0,39.0,4.904741536111111
ParkJoy_480x270_50,10,95,0.24802300000000344,7,2.3365730000000013,0.24802300000000344,30.0,24.0,30.0,2.6415152306501546
PedestrianArea_1920x1080p25,1,80,0.1876529999999974,7,0.1876529999999974,0.1876529999999974,53.0,53.0,53.0,9.964454195890411
PedestrianArea_1920x1080p25,1,85,0.19178100000000597,7,0.6771339999999952,0.19178100000000597,47.0,48.0,47.0,7.497000954794521
PedestrianArea_1920x1080p25,1,90,0.06517499999999643,7,0.06517499999999643,0.06517499999999643,40.0,40.0,40.0,4.904741536111111
PedestrianArea_1920x1080p25,1,95,0.18261300000000347,7,0.2438539999999989,0.18261300000000347,30.0,31.0,30.0,2.6415152306501546
PedestrianArea_1920x1080p25,2,80,0.13049700000000541,7,0.13049700000000541,0.13049700000000541,52.0,52.0,52.0,9.964454195890411
PedestrianArea_1920x1080p25,2,85,0.16071300000000122,7,0.16071300000000122,0.16071300000000122,47.0,47.0,47.0,7.497000954794521
PedestrianArea_1920x1080p25,2,90,0.2016220000000004,7,0.2016220000000004,0.2016220000000004,40.0,40.0,40.0,4.904741536111111
PedestrianArea_1920x1080p25,2,95,0.05309599999999648,7,0.41740099999999813,0.05309599999999648,30.0,31.0,30.0,2.6415152306501546
PedestrianArea_1920x1080p25,3,80,0.1015249999999952,7,2.0379199999999997,0.1015249999999952,53.0,51.0,53.0,9.964454195890411
PedestrianArea_1920x1080p25,3,85,0.2051490000000058,7,1.135397999999995,0.2051490000000058,48.0,46.0,48.0,7.497000954794521
PedestrianArea_1920x1080p25,3,90,0.16596800000000655,8,0.5841769999999968,0.16596800000000655,40.0,39.0,40.0,4.904741536111111
PedestrianArea_1920x1080p25,3,95,0.1420750000000055,7,0.1420750000000055,0.1420750000000055,30.0,30.0,30.0,2.6415152306501546
PedestrianArea_1920x1080p25,4,80,0.2577009999999973,7,1.1533940000000058,0.2577009999999973,52.0,51.0,52.0,9.964454195890411
PedestrianArea_1920x1080p25,4,85,0.30063599999999724,7,1.0437840000000023,0.30063599999999724,46.0,45.0,46.0,7.497000954794521
PedestrianArea_1920x1080p25,4,90,0.03755099999999345,7,0.03755099999999345,0.03755099999999345,39.0,39.0,39.0,4.904741536111111
PedestrianArea_1920x1080p25,4,95,0.07237600000000555,7,0.07237600000000555,0.07237600000000555,30.0,30.0,30.0,2.6415152306501546
PedestrianArea_1920x1080p25,5,80,0.1896069999999952,7,1.271923000000001,0.1896069999999952,51.0,50.0,51.0,9.964454195890411
PedestrianArea_1920x1080p25,5,85,0.2144839999999988,7,0.2144839999999988,0.2144839999999988,45.0,45.0,45.0,7.497000954794521
PedestrianArea_1920x1080p25,5,90,0.2859590000000054,7,0.3634490000000028,0.2859590000000054,38.0,39.0,38.0,4.904741536111111
PedestrianArea_1920x1080p25,5,95,0.022018000000002758,7,0.30627699999999436,0.022018000000002758,29.0,30.0,29.0,2.6415152306501546
PedestrianArea_1920x1080p25,6,80,0.5300629999999984,7,1.5887830000000065,0.5300629999999984,52.0,50.0,52.0,9.964454195890411
PedestrianArea_1920x1080p25,6,85,0.11430099999999754,7,0.8146789999999982,0.11430099999999754,46.0,45.0,46.0,7.497000954794521
PedestrianArea_1920x1080p25,6,90,0.17594699999999364,7,0.17594699999999364,0.17594699999999364,39.0,39.0,39.0,4.904741536111111
PedestrianArea_1920x1080p25,6,95,0.18276099999999929,7,0.2320670000000007,0.18276099999999929,30.0,31.0,30.0,2.6415152306501546
PedestrianArea_1920x1080p25,7,80,0.38364799999999377,7,1.7198319999999967,0.38364799999999377,51.0,49.0,51.0,9.964454195890411
PedestrianArea_1920x1080p25,7,85,0.3743159999999932,7,1.219264999999993,0.3743159999999932,45.0,44.0,45.0,7.497000954794521
PedestrianArea_1920x1080p25,7,90,0.14951800000000048,7,0.14951800000000048,0.14951800000000048,39.0,39.0,39.0,4.904741536111111
PedestrianArea_1920x1080p25,7,95,0.172663,7,0.5845000000000056,0.172663,29.0,31.0,29.0,2.6415152306501546
PedestrianArea_1920x1080p25,8,80,0.14627000000000123,7,1.2224269999999962,0.14627000000000123,50.0,49.0,50.0,9.964454195890411
PedestrianArea_1920x1080p25,8,85,0.13457900000000222,7,0.808913000000004,0.13457900000000222,45.0,44.0,45.0,7.497000954794521
PedestrianArea_1920x1080p25,8,90,0.13864999999999839,7,0.13864999999999839,0.13864999999999839,39.0,39.0,39.0,4.904741536111111
PedestrianArea_1920x1080p25,8,95,0.17152099999999848,7,0.248108000000002,0.17152099999999848,30.0,31.0,30.0,2.6415152306501546
PedestrianArea_1920x1080p25,9,80,0.1230199999999968,7,0.1230199999999968,0.1230199999999968,48.0,48.0,48.0,9.964454195890411
PedestrianArea_1920x1080p25,9,85,0.4570630000000051,7,0.4570630000000051,0.4570630000000051,43.0,43.0,43.0,7.497000954794521
PedestrianArea_1920x1080p25,9,90,0.2048470000000009,7,0.2048470000000009,0.2048470000000009,38.0,38.0,38.0,4.904741536111111
PedestrianArea_1920x1080p25,9,95,0.05060799999999688,7,0.31260199999999827,0.05060799999999688,29.0,30.0,29.0,2.6415152306501546
PedestrianArea_1920x1080p25,10,80,0.39929600000000676,7,0.39929600000000676,0.39929600000000676,46.0,46.0,46.0,9.964454195890411
PedestrianArea_1920x1080p25,10,85,0.21563899999999592,8,0.21563899999999592,0.21563899999999592,42.0,42.0,42.0,7.497000954794521
PedestrianArea_1920x1080p25,10,90,0.21771499999999833,7,0.21771499999999833,0.21771499999999833,36.0,36.0,36.0,4.904741536111111
PedestrianArea_1920x1080p25,10,95,0.20885800000000643,7,0.20885800000000643,0.20885800000000643,27.0,27.0,27.0,2.6415152306501546
PierSeaSide_3840x2160_2997fps_10bit_420_v2,1,80,5.728099999999998,8,5.728099999999998,5.728099999999998,63.0,63.0,63.0,9.964454195890411
PierSeaSide_3840x2160_2997fps_10bit_420_v2,1,85,0.7280999999999977,8,0.7280999999999977,0.7280999999999977,63.0,63.0,63.0,7.497000954794521
PierSeaSide_3840x2160_2997fps_10bit_420_v2,1,90,1.9786380000000037,8,4.271900000000002,1.9786380000000037,60.0,63.0,60.0,4.904741536111111
PierSeaSide_3840x2160_2997fps_10bit_420_v2,1,95,0.01691900000000146,7,1.5048050000000046,0.01691900000000146,53.0,58.0,53.0,2.6415152306501546
PierSeaSide_3840x2160_2997fps_10bit_420_v2,2,80,5.4953239999999965,8,5.4953239999999965,5.4953239999999965,63.0,63.0,63.0,9.964454195890411
PierSeaSide_3840x2160_2997fps_10bit_420_v2,2,85,0.49532399999999654,8,0.49532399999999654,0.49532399999999654,63.0,63.0,63.0,7.497000954794521
PierSeaSide_3840x2160_2997fps_10bit_420_v2,2,90,1.8893139999999988,8,4.5046760000000035,1.8893139999999988,60.0,63.0,60.0,4.904741536111111
PierSeaSide_3840x2160_2997fps_10bit_420_v2,2,95,0.06242000000000303,7,1.111555999999993,0.06242000000000303,53.0,56.0,53.0,2.6415152306501546
PierSeaSide_3840x2160_2997fps_10bit_420_v2,3,80,6.210660000000004,8,6.210660000000004,6.210660000000004,63.0,63.0,63.0,9.964454195890411
PierSeaSide_3840x2160_2997fps_10bit_420_v2,3,85,1.2106600000000043,8,1.2106600000000043,1.2106600000000043,63.0,63.0,63.0,7.497000954794521
PierSeaSide_3840x2160_2997fps_10bit_420_v2,3,90,2.0460740000000044,8,3.7893399999999957,2.0460740000000044,60.0,63.0,60.0,4.904741536111111
PierSeaSide_3840x2160_2997fps_10bit_420_v2,3,95,0.08187100000000669,7,0.4761179999999996,0.08187100000000669,52.0,54.0,52.0,2.6415152306501546
PierSeaSide_3840x2160_2997fps_10bit_420_v2,4,80,6.178576000000007,8,6.178576000000007,6.178576000000007,63.0,63.0,63.0,9.964454195890411
PierSeaSide_3840x2160_2997fps_10bit_420_v2,4,85,1.1785760000000067,8,1.1785760000000067,1.1785760000000067,63.0,63.0,63.0,7.497000954794521
PierSeaSide_3840x2160_2997fps_10bit_420_v2,4,90,1.9896150000000006,8,3.8214239999999933,1.9896150000000006,60.0,63.0,60.0,4.904741536111111
PierSeaSide_3840x2160_2997fps_10bit_420_v2,4,95,0.0334749999999957,7,0.4219049999999953,0.0334749999999957,52.0,54.0,52.0,2.6415152306501546
PierSeaSide_3840x2160_2997fps_10bit_420_v2,5,80,5.981863000000004,8,5.981863000000004,5.981863000000004,63.0,63.0,63.0,9.964454195890411
PierSeaSide_3840x2160_2997fps_10bit_420_v2,5,85,0.9818630000000041,8,0.9818630000000041,0.9818630000000041,63.0,63.0,63.0,7.497000954794521
PierSeaSide_3840x2160_2997fps_10bit_420_v2,5,90,1.784358999999995,8,1.784358999999995,1.784358999999995,60.0,60.0,60.0,4.904741536111111
PierSeaSide_3840x2160_2997fps_10bit_420_v2,5,95,0.02046699999999646,7,0.21029799999999454,0.02046699999999646,51.0,52.0,51.0,2.6415152306501546
PierSeaSide_3840x2160_2997fps_10bit_420_v2,6,80,3.821532000000005,8,3.821532000000005,3.821532000000005,63.0,63.0,63.0,9.964454195890411
PierSeaSide_3840x2160_2997fps_10bit_420_v2,6,85,1.1784679999999952,8,1.1784679999999952,1.1784679999999952,63.0,63.0,63.0,7.497000954794521
PierSeaSide_3840x2160_2997fps_10bit_420_v2,6,90,0.9310739999999953,8,0.9310739999999953,0.9310739999999953,60.0,60.0,60.0,4.904741536111111
PierSeaSide_3840x2160_2997fps_10bit_420_v2,6,95,0.05275500000000477,7,0.24612700000000132,0.05275500000000477,50.0,51.0,50.0,2.6415152306501546
PierSeaSide_3840x2160_2997fps_10bit_420_v2,7,80,2.939682000000005,8,2.939682000000005,2.939682000000005,63.0,63.0,63.0,9.964454195890411
PierSeaSide_3840x2160_2997fps_10bit_420_v2,7,85,2.060317999999995,8,2.060317999999995,2.060317999999995,63.0,63.0,63.0,7.497000954794521
PierSeaSide_3840x2160_2997fps_10bit_420_v2,7,90,0.029955000000001064,8,0.029955000000001064,0.029955000000001064,60.0,60.0,60.0,4.904741536111111
PierSeaSide_3840x2160_2997fps_10bit_420_v2,7,95,0.142390000000006,7,0.5048919999999981,0.142390000000006,47.0,50.0,47.0,2.6415152306501546
PierSeaSide_3840x2160_2997fps_10bit_420_v2,8,80,0.0785319999999956,8,0.0785319999999956,0.0785319999999956,63.0,63.0,63.0,9.964454195890411
PierSeaSide_3840x2160_2997fps_10bit_420_v2,8,85,3.825714000000005,8,5.078531999999996,3.825714000000005,60.0,63.0,60.0,7.497000954794521
PierSeaSide_3840x2160_2997fps_10bit_420_v2,8,90,0.8532639999999958,8,1.174285999999995,0.8532639999999958,58.0,60.0,58.0,4.904741536111111
PierSeaSide_3840x2160_2997fps_10bit_420_v2,8,95,0.04491899999999305,7,0.26652599999999893,0.04491899999999305,48.0,49.0,48.0,2.6415152306501546
PierSeaSide_3840x2160_2997fps_10bit_420_v2,9,80,4.030268000000007,8,8.078858999999994,4.030268000000007,60.0,63.0,60.0,9.964454195890411
PierSeaSide_3840x2160_2997fps_10bit_420_v2,9,85,0.9697319999999934,8,0.9697319999999934,0.9697319999999934,60.0,60.0,60.0,7.497000954794521
PierSeaSide_3840x2160_2997fps_10bit_420_v2,9,90,0.18780300000000238,7,3.124840000000006,0.18780300000000238,54.0,58.0,54.0,4.904741536111111
PierSeaSide_3840x2160_2997fps_10bit_420_v2,9,95,0.09184799999999882,8,0.7786009999999948,0.09184799999999882,41.0,44.0,41.0,2.6415152306501546
PierSeaSide_3840x2160_2997fps_10bit_420_v2,10,80,4.030268000000007,8,8.078858999999994,4.030268000000007,60.0,63.0,60.0,9.964454195890411
PierSeaSide_3840x2160_2997fps_10bit_420_v2,10,85,0.9697319999999934,8,0.9697319999999934,0.9697319999999934,60.0,60.0,60.0,7.497000954794521
PierSeaSide_3840x2160_2997fps_10bit_420_v2,10,90,0.18780300000000238,7,1.3161889999999943,0.18780300000000238,54.0,56.0,54.0,4.904741536111111
PierSeaSide_3840x2160_2997fps_10bit_420_v2,10,95,0.09184799999999882,8,0.2962480000000056,0.09184799999999882,41.0,40.0,41.0,2.6415152306501546
RedKayak_360_2997,1,80,0.2765629999999959,7,4.763369999999995,0.2765629999999959,39.0,42.0,39.0,9.964454195890411
RedKayak_360_2997,1,85,0.11263900000000149,7,4.723437000000004,0.11263900000000149,36.0,39.0,36.0,7.497000954794521
RedKayak_360_2997,1,90,0.6102080000000001,7,5.1126390000000015,0.6102080000000001,31.0,36.0,31.0,4.904741536111111
RedKayak_360_2997,1,95,0.5016300000000058,7,3.107720999999998,0.5016300000000058,27.0,30.0,27.0,2.6415152306501546
RedKayak_360_2997,2,80,0.14711200000000701,7,4.193721999999994,0.14711200000000701,39.0,41.0,39.0,9.964454195890411
RedKayak_360_2997,2,85,0.47831499999999494,7,5.147112000000007,0.47831499999999494,35.0,39.0,35.0,7.497000954794521
RedKayak_360_2997,2,90,0.34691999999999723,7,4.521685000000005,0.34691999999999723,31.0,35.0,31.0,4.904741536111111
RedKayak_360_2997,2,95,0.9929000000000059,7,3.8492159999999984,0.9929000000000059,27.0,30.0,27.0,2.6415152306501546
RedKayak_360_2997,3,80,0.25783500000000004,7,5.569699999999997,0.25783500000000004,38.0,42.0,38.0,9.964454195890411
RedKayak_360_2997,3,85,0.32733899999999494,7,5.582273999999998,0.32733899999999494,35.0,39.0,35.0,7.497000954794521
RedKayak_360_2997,3,90,0.15840699999999686,7,4.672661000000005,0.15840699999999686,31.0,35.0,31.0,4.904741536111111
RedKayak_360_2997,3,95,1.1353500000000025,7,3.5482630000000057,1.1353500000000025,27.0,30.0,27.0,2.6415152306501546
RedKayak_360_2997,4,80,0.030528000000003885,7,4.364814999999993,0.030528000000003885,38.0,41.0,38.0,9.964454195890411
RedKayak_360_2997,4,85,0.21192200000000128,7,6.570074000000005,0.21192200000000128,35.0,39.0,35.0,7.497000954794521
RedKayak_360_2997,4,90,0.2709349999999944,7,5.211922000000001,0.2709349999999944,31.0,35.0,31.0,4.904741536111111
RedKayak_360_2997,4,95,1.1947169999999971,7,3.5620779999999996,1.1947169999999971,27.0,30.0,27.0,2.6415152306501546
RedKayak_360_2997,5,80,0.8018009999999975,7,4.199456999999995,0.8018009999999975,38.0,41.0,38.0,9.964454195890411
RedKayak_360_2997,5,85,0.10106799999999794,7,4.1981990000000025,0.10106799999999794,35.0,38.0,35.0,7.497000954794521
RedKayak_360_2997,5,90,0.38306199999999535,7,5.101067999999998,0.38306199999999535,31.0,35.0,31.0,4.904741536111111
RedKayak_360_2997,5,95,0.9536319999999989,7,3.465654999999998,0.9536319999999989,27.0,30.0,27.0,2.6415152306501546
RedKayak_360_2997,6,80,0.02688600000000463,8,1.5348359999999985,0.02688600000000463,40.0,41.0,40.0,9.964454195890411
RedKayak_360_2997,6,85,0.08565600000000018,7,2.982881000000006,0.08565600000000018,37.0,39.0,37.0,7.497000954794521
RedKayak_360_2997,6,90,0.1412779999999998,7,2.596145000000007,0.1412779999999998,33.0,35.0,33.0,4.904741536111111
RedKayak_360_2997,6,95,0.22454000000000462,7,2.1471310000000017,0.22454000000000462,27.0,30.0,27.0,2.6415152306501546
RedKayak_360_2997,7,80,0.561358999999996,8,1.3513719999999978,0.561358999999996,40.0,41.0,40.0,9.964454195890411
RedKayak_360_2997,7,85,0.0646069999999952,7,1.6636359999999968,0.0646069999999952,37.0,38.0,37.0,7.497000954794521
RedKayak_360_2997,7,90,0.18685800000000086,7,2.470372999999995,0.18685800000000086,33.0,35.0,33.0,4.904741536111111
RedKayak_360_2997,7,95,0.3264029999999991,7,1.8533309999999972,0.3264029999999991,27.0,30.0,27.0,2.6415152306501546
RedKayak_360_2997,8,80,0.07624699999999507,7,1.6201599999999985,0.07624699999999507,40.0,41.0,40.0,9.964454195890411
RedKayak_360_2997,8,85,0.14827099999999405,7,1.8689349999999934,0.14827099999999405,37.0,38.0,37.0,7.497000954794521
RedKayak_360_2997,8,90,0.4661040000000014,7,2.689811000000006,0.4661040000000014,32.0,35.0,32.0,4.904741536111111
RedKayak_360_2997,8,95,0.3225929999999977,7,1.899715999999998,0.3225929999999977,27.0,30.0,27.0,2.6415152306501546
RedKayak_360_2997,9,80,0.5758639999999957,8,1.3564020000000028,0.5758639999999957,41.0,40.0,41.0,9.964454195890411
RedKayak_360_2997,9,85,0.43341100000000665,7,0.43341100000000665,0.43341100000000665,37.0,37.0,37.0,7.497000954794521
RedKayak_360_2997,9,90,0.3273400000000066,7,0.3273400000000066,0.3273400000000066,34.0,34.0,34.0,4.904741536111111
RedKayak_360_2997,9,95,0.40976499999999305,7,0.43831600000000037,0.40976499999999305,28.0,29.0,28.0,2.6415152306501546
RedKayak_360_2997,10,80,0.3880709999999965,8,3.8257559999999984,0.3880709999999965,41.0,39.0,41.0,9.964454195890411
RedKayak_360_2997,10,85,0.28614600000000223,7,1.3069359999999932,0.28614600000000223,38.0,37.0,38.0,7.497000954794521
RedKayak_360_2997,10,90,0.2549640000000011,7,0.9517969999999991,0.2549640000000011,34.0,33.0,34.0,4.904741536111111
RedKayak_360_2997,10,95,0.27168899999999496,7,0.27168899999999496,0.27168899999999496,29.0,29.0,29.0,2.6415152306501546
RitualDance_1920x1080_5994_10bit_420,1,80,0.38489800000000685,7,2.5736940000000033,0.38489800000000685,55.0,53.0,55.0,9.964454195890411
RitualDance_1920x1080_5994_10bit_420,1,85,0.26024300000000267,7,1.7600050000000067,0.26024300000000267,50.0,48.0,50.0,7.497000954794521
RitualDance_1920x1080_5994_10bit_420,1,90,0.06240400000000079,7,1.3552629999999937,0.06240400000000079,43.0,41.0,43.0,4.904741536111111
RitualDance_1920x1080_5994_10bit_420,1,95,0.06113000000000568,7,1.7815339999999935,0.06113000000000568,34.0,29.0,34.0,2.6415152306501546
RitualDance_1920x1080_5994_10bit_420,2,80,0.3963820000000027,7,2.5858240000000023,0.3963820000000027,54.0,52.0,54.0,9.964454195890411
RitualDance_1920x1080_5994_10bit_420,2,85,0.2619839999999982,7,1.8615319999999969,0.2619839999999982,49.0,47.0,49.0,7.497000954794521
RitualDance_1920x1080_5994_10bit_420,2,90,0.29017399999999327,7,1.0725170000000048,0.29017399999999327,43.0,41.0,43.0,4.904741536111111
RitualDance_1920x1080_5994_10bit_420,2,95,0.15708899999999915,7,1.9062229999999971,0.15708899999999915,33.0,28.0,33.0,2.6415152306501546
RitualDance_1920x1080_5994_10bit_420,3,80,0.24407100000000526,7,2.204938999999996,0.24407100000000526,53.0,51.0,53.0,9.964454195890411
RitualDance_1920x1080_5994_10bit_420,3,85,0.11649199999999382,7,0.6552089999999993,0.11649199999999382,48.0,47.0,48.0,7.497000954794521
RitualDance_1920x1080_5994_10bit_420,3,90,0.12907900000000438,8,0.7503030000000024,0.12907900000000438,41.0,40.0,41.0,4.904741536111111
RitualDance_1920x1080_5994_10bit_420,3,95,0.04677800000000332,7,1.804755,0.04677800000000332,32.0,27.0,32.0,2.6415152306501546
RitualDance_1920x1080_5994_10bit_420,4,80,0.11391700000000071,7,1.0553989999999942,0.11391700000000071,52.0,51.0,52.0,9.964454195890411
RitualDance_1920x1080_5994_10bit_420,4,85,0.3025090000000006,7,0.4856730000000056,0.3025090000000006,47.0,46.0,47.0,7.497000954794521
RitualDance_1920x1080_5994_10bit_420,4,90,0.009461000000001718,7,0.3992489999999975,0.009461000000001718,40.0,39.0,40.0,4.904741536111111
RitualDance_1920x1080_5994_10bit_420,4,95,0.09238799999999969,7,1.4485209999999995,0.09238799999999969,31.0,27.0,31.0,2.6415152306501546
RitualDance_1920x1080_5994_10bit_420,5,80,0.2607280000000003,7,0.7599600000000066,0.2607280000000003,51.0,50.0,51.0,9.964454195890411
RitualDance_1920x1080_5994_10bit_420,5,85,0.3138440000000031,7,0.3138440000000031,0.3138440000000031,45.0,45.0,45.0,7.497000954794521
RitualDance_1920x1080_5994_10bit_420,5,90,0.0035220000000038,7,0.6899650000000008,0.0035220000000038,39.0,38.0,39.0,4.904741536111111
RitualDance_1920x1080_5994_10bit_420,5,95,0.22402300000000253,7,1.316683999999995,0.22402300000000253,30.0,27.0,30.0,2.6415152306501546
RitualDance_1920x1080_5994_10bit_420,6,80,0.2790169999999961,7,0.2790169999999961,0.2790169999999961,51.0,51.0,51.0,9.964454195890411
RitualDance_1920x1080_5994_10bit_420,6,85,0.005675999999994019,7,0.005675999999994019,0.005675999999994019,46.0,46.0,46.0,7.497000954794521
RitualDance_1920x1080_5994_10bit_420,6,90,0.10926200000000108,7,0.4004800000000017,0.10926200000000108,40.0,39.0,40.0,4.904741536111111
RitualDance_1920x1080_5994_10bit_420,6,95,0.022982999999996423,7,1.5427959999999956,0.022982999999996423,31.0,27.0,31.0,2.6415152306501546
RitualDance_1920x1080_5994_10bit_420,7,80,0.08469700000000557,7,0.08469700000000557,0.08469700000000557,50.0,50.0,50.0,9.964454195890411
RitualDance_1920x1080_5994_10bit_420,7,85,0.2495349999999945,7,0.2495349999999945,0.2495349999999945,45.0,45.0,45.0,7.497000954794521
RitualDance_1920x1080_5994_10bit_420,7,90,0.0888920000000013,7,0.0888920000000013,0.0888920000000013,39.0,39.0,39.0,4.904741536111111
RitualDance_1920x1080_5994_10bit_420,7,95,0.2341040000000021,7,1.3227449999999976,0.2341040000000021,30.0,27.0,30.0,2.6415152306501546
RitualDance_1920x1080_5994_10bit_420,8,80,0.49004600000000664,7,0.49004600000000664,0.49004600000000664,50.0,50.0,50.0,9.964454195890411
RitualDance_1920x1080_5994_10bit_420,8,85,0.3493830000000031,7,0.3493830000000031,0.3493830000000031,45.0,45.0,45.0,7.497000954794521
RitualDance_1920x1080_5994_10bit_420,8,90,0.06071799999999428,7,0.6915159999999929,0.06071799999999428,39.0,38.0,39.0,4.904741536111111
RitualDance_1920x1080_5994_10bit_420,8,95,0.24004600000000664,7,1.2943700000000007,0.24004600000000664,31.0,27.0,31.0,2.6415152306501546
RitualDance_1920x1080_5994_10bit_420,9,80,0.5858750000000015,7,0.7553089999999969,0.5858750000000015,47.0,48.0,47.0,9.964454195890411
RitualDance_1920x1080_5994_10bit_420,9,85,0.21785300000000518,7,0.21785300000000518,0.21785300000000518,43.0,43.0,43.0,7.497000954794521
RitualDance_1920x1080_5994_10bit_420,9,90,0.0957209999999975,7,0.6333649999999977,0.0957209999999975,37.0,36.0,37.0,4.904741536111111
RitualDance_1920x1080_5994_10bit_420,9,95,0.06990199999999902,7,0.48355399999999804,0.06990199999999902,28.0,27.0,28.0,2.6415152306501546
RitualDance_1920x1080_5994_10bit_420,10,80,0.563321000000002,7,0.7110849999999971,0.563321000000002,46.0,47.0,46.0,9.964454195890411
RitualDance_1920x1080_5994_10bit_420,10,85,0.1811440000000033,8,0.1811440000000033,0.1811440000000033,42.0,42.0,42.0,7.497000954794521
RitualDance_1920x1080_5994_10bit_420,10,90,0.30082500000000323,7,0.32131099999999435,0.30082500000000323,35.0,36.0,35.0,4.904741536111111
RitualDance_1920x1080_5994_10bit_420,10,95,0.2619540000000029,7,0.7890110000000021,0.2619540000000029,27.0,24.0,27.0,2.6415152306501546
Riverbed_1920x1080p25,1,80,0.6745769999999993,7,7.993402000000003,0.6745769999999993,39.0,43.0,39.0,9.964454195890411
Riverbed_1920x1080p25,1,85,0.25696299999999894,7,9.228129999999993,0.25696299999999894,36.0,41.0,36.0,7.497000954794521
Riverbed_1920x1080p25,1,90,0.6298060000000021,7,6.926569999999998,0.6298060000000021,32.0,37.0,32.0,4.904741536111111
Riverbed_1920x1080p25,1,95,0.325878000000003,7,4.370193999999998,0.325878000000003,28.0,32.0,28.0,2.6415152306501546
Riverbed_1920x1080p25,2,80,0.06662000000000035,7,9.692065999999997,0.06662000000000035,38.0,43.0,38.0,9.964454195890411
Riverbed_1920x1080p25,2,85,0.6163860000000057,7,8.702040999999994,0.6163860000000057,35.0,40.0,35.0,7.497000954794521
Riverbed_1920x1080p25,2,90,0.05997000000000696,7,7.957897000000003,0.05997000000000696,32.0,37.0,32.0,4.904741536111111
Riverbed_1920x1080p25,2,95,0.028917000000006965,7,4.940029999999993,0.028917000000006965,28.0,32.0,28.0,2.6415152306501546
Riverbed_1920x1080p25,3,80,0.8368310000000037,7,8.374252999999996,0.8368310000000037,39.0,43.0,39.0,9.964454195890411
Riverbed_1920x1080p25,3,85,0.43027800000000127,7,7.608440000000002,0.43027800000000127,36.0,40.0,36.0,7.497000954794521
Riverbed_1920x1080p25,3,90,0.5980809999999934,7,7.007489000000007,0.5980809999999934,33.0,37.0,33.0,4.904741536111111
Riverbed_1920x1080p25,3,95,0.19706399999999746,7,4.163149000000004,0.19706399999999746,29.0,32.0,29.0,2.6415152306501546
Riverbed_1920x1080p25,4,80,0.5206600000000066,7,5.979468999999995,0.5206600000000066,39.0,42.0,39.0,9.964454195890411
Riverbed_1920x1080p25,4,85,0.19977500000000248,7,7.4082850000000064,0.19977500000000248,36.0,40.0,36.0,7.497000954794521
Riverbed_1920x1080p25,4,90,0.34005899999999656,7,5.1997750000000025,0.34005899999999656,33.0,36.0,33.0,4.904741536111111
Riverbed_1920x1080p25,4,95,0.03358400000000472,7,3.949888999999999,0.03358400000000472,29.0,32.0,29.0,2.6415152306501546
Riverbed_1920x1080p25,5,80,0.5410049999999984,7,6.32244,0.5410049999999984,39.0,42.0,39.0,9.964454195890411
Riverbed_1920x1080p25,5,85,0.04108800000000201,7,5.541004999999998,0.04108800000000201,36.0,39.0,36.0,7.497000954794521
Riverbed_1920x1080p25,5,90,0.25829799999999636,7,5.041088000000002,0.25829799999999636,33.0,36.0,33.0,4.904741536111111
Riverbed_1920x1080p25,5,95,0.006140999999999508,7,2.3647959999999983,0.006140999999999508,29.0,31.0,29.0,2.6415152306501546
Riverbed_1920x1080p25,6,80,0.4134379999999993,8,3.449350999999993,0.4134379999999993,41.0,43.0,41.0,9.964454195890411
Riverbed_1920x1080p25,6,85,0.4011119999999977,7,2.7136619999999994,0.4011119999999977,38.0,40.0,38.0,7.497000954794521
Riverbed_1920x1080p25,6,90,0.00044599999999661577,7,2.858214000000004,0.00044599999999661577,35.0,37.0,35.0,4.904741536111111
Riverbed_1920x1080p25,6,95,0.0663940000000025,7,1.294916999999998,0.0663940000000025,31.0,32.0,31.0,2.6415152306501546
Riverbed_1920x1080p25,7,80,0.5454600000000056,8,1.1568400000000025,0.5454600000000056,41.0,42.0,41.0,9.964454195890411
Riverbed_1920x1080p25,7,85,0.5198740000000015,7,2.534255999999999,0.5198740000000015,38.0,40.0,38.0,7.497000954794521
Riverbed_1920x1080p25,7,90,0.18909299999999973,7,2.6761390000000063,0.18909299999999973,35.0,37.0,35.0,4.904741536111111
Riverbed_1920x1080p25,7,95,0.08901699999999835,7,1.2167639999999977,0.08901699999999835,31.0,32.0,31.0,2.6415152306501546
Riverbed_1920x1080p25,8,80,0.7418990000000036,8,1.0406799999999947,0.7418990000000036,41.0,42.0,41.0,9.964454195890411
Riverbed_1920x1080p25,8,85,0.7259739999999937,7,2.2613520000000022,0.7259739999999937,39.0,40.0,39.0,7.497000954794521
Riverbed_1920x1080p25,8,90,0.3782099999999957,7,2.510060999999993,0.3782099999999957,35.0,37.0,35.0,4.904741536111111
Riverbed_1920x1080p25,8,95,0.36215400000000386,7,0.9059969999999993,0.36215400000000386,31.0,32.0,31.0,2.6415152306501546
Riverbed_1920x1080p25,9,80,0.44308700000000556,8,0.44308700000000556,0.44308700000000556,42.0,42.0,42.0,9.964454195890411
Riverbed_1920x1080p25,9,85,0.1804479999999984,7,1.8725869999999958,0.1804479999999984,39.0,40.0,39.0,7.497000954794521
Riverbed_1920x1080p25,9,90,0.6079500000000024,7,2.0421910000000025,0.6079500000000024,36.0,37.0,36.0,4.904741536111111
Riverbed_1920x1080p25,9,95,0.3737249999999932,7,0.8314469999999972,0.3737249999999932,31.0,32.0,31.0,2.6415152306501546
Riverbed_1920x1080p25,10,80,0.8216859999999997,7,0.8216859999999997,0.8216859999999997,42.0,42.0,42.0,9.964454195890411
Riverbed_1920x1080p25,10,85,0.7121429999999975,7,0.7121429999999975,0.7121429999999975,40.0,40.0,40.0,7.497000954794521
Riverbed_1920x1080p25,10,90,0.2002119999999934,7,0.2002119999999934,0.2002119999999934,36.0,36.0,36.0,4.904741536111111
Riverbed_1920x1080p25,10,95,0.3285199999999975,7,0.3285199999999975,0.3285199999999975,31.0,31.0,31.0,2.6415152306501546
RollerCoaster_1280x720p_5994_10bit_420,1,80,5.0136619999999965,8,5.0136619999999965,5.0136619999999965,60.0,60.0,60.0,9.964454195890411
RollerCoaster_1280x720p_5994_10bit_420,1,85,0.01366199999999651,8,5.331599999999995,0.01366199999999651,60.0,56.0,60.0,7.497000954794521
RollerCoaster_1280x720p_5994_10bit_420,1,90,0.33159999999999457,7,4.351392000000004,0.33159999999999457,56.0,50.0,56.0,4.904741536111111
RollerCoaster_1280x720p_5994_10bit_420,1,95,0.13627900000000182,7,2.530979000000002,0.13627900000000182,48.0,41.0,48.0,2.6415152306501546
RollerCoaster_1280x720p_5994_10bit_420,2,80,4.554010000000005,8,4.554010000000005,4.554010000000005,60.0,60.0,60.0,9.964454195890411
RollerCoaster_1280x720p_5994_10bit_420,2,85,0.4459899999999948,8,5.127267000000003,0.4459899999999948,60.0,56.0,60.0,7.497000954794521
RollerCoaster_1280x720p_5994_10bit_420,2,90,0.12726700000000335,7,4.445111999999995,0.12726700000000335,56.0,49.0,56.0,4.904741536111111
RollerCoaster_1280x720p_5994_10bit_420,2,95,0.14828300000000638,7,2.6467870000000033,0.14828300000000638,48.0,40.0,48.0,2.6415152306501546
RollerCoaster_1280x720p_5994_10bit_420,3,80,2.601553999999993,8,2.601553999999993,2.601553999999993,60.0,60.0,60.0,9.964454195890411
RollerCoaster_1280x720p_5994_10bit_420,3,85,0.9375959999999992,8,4.018538000000007,0.9375959999999992,58.0,55.0,58.0,7.497000954794521
RollerCoaster_1280x720p_5994_10bit_420,3,90,0.11748799999999449,7,3.1436219999999935,0.11748799999999449,54.0,48.0,54.0,4.904741536111111
RollerCoaster_1280x720p_5994_10bit_420,3,95,0.16997299999999882,7,1.4761950000000041,0.16997299999999882,43.0,39.0,43.0,2.6415152306501546
RollerCoaster_1280x720p_5994_10bit_420,4,80,1.573869000000002,8,1.573869000000002,1.573869000000002,60.0,60.0,60.0,9.964454195890411
RollerCoaster_1280x720p_5994_10bit_420,4,85,0.32973499999999945,8,3.234994999999998,0.32973499999999945,58.0,55.0,58.0,7.497000954794521
RollerCoaster_1280x720p_5994_10bit_420,4,90,0.32570900000000336,7,3.0259180000000043,0.32570900000000336,53.0,47.0,53.0,4.904741536111111
RollerCoaster_1280x720p_5994_10bit_420,4,95,0.0365680000000026,8,1.318793999999997,0.0365680000000026,42.0,38.0,42.0,2.6415152306501546
RollerCoaster_1280x720p_5994_10bit_420,5,80,0.8935510000000022,8,4.595479999999995,0.8935510000000022,60.0,58.0,60.0,9.964454195890411
RollerCoaster_1280x720p_5994_10bit_420,5,85,0.4045200000000051,7,3.0692379999999986,0.4045200000000051,58.0,54.0,58.0,7.497000954794521
RollerCoaster_1280x720p_5994_10bit_420,5,90,0.07197700000000395,7,2.035331999999997,0.07197700000000395,51.0,47.0,51.0,4.904741536111111
RollerCoaster_1280x720p_5994_10bit_420,5,95,0.1843369999999993,8,0.9726220000000012,0.1843369999999993,40.0,38.0,40.0,2.6415152306501546
RollerCoaster_1280x720p_5994_10bit_420,6,80,1.1631880000000052,8,2.662903,1.1631880000000052,60.0,58.0,60.0,9.964454195890411
RollerCoaster_1280x720p_5994_10bit_420,6,85,0.33863700000000563,7,2.429873999999998,0.33863700000000563,56.0,54.0,56.0,7.497000954794521
RollerCoaster_1280x720p_5994_10bit_420,6,90,0.3430050000000051,7,1.9732539999999972,0.3430050000000051,50.0,47.0,50.0,4.904741536111111
RollerCoaster_1280x720p_5994_10bit_420,6,95,0.19518700000000422,8,0.7018479999999983,0.19518700000000422,41.0,39.0,41.0,2.6415152306501546
RollerCoaster_1280x720p_5994_10bit_420,7,80,1.142235999999997,8,1.142235999999997,1.142235999999997,58.0,58.0,58.0,9.964454195890411
RollerCoaster_1280x720p_5994_10bit_420,7,85,0.060120999999995206,7,1.9374310000000037,0.060120999999995206,55.0,53.0,55.0,7.497000954794521
RollerCoaster_1280x720p_5994_10bit_420,7,90,0.09129500000000235,7,1.9430710000000033,0.09129500000000235,49.0,46.0,49.0,4.904741536111111
RollerCoaster_1280x720p_5994_10bit_420,7,95,0.05524699999999427,7,0.7793180000000035,0.05524699999999427,40.0,38.0,40.0,2.6415152306501546
RollerCoaster_1280x720p_5994_10bit_420,8,80,0.5509169999999983,8,0.5509169999999983,0.5509169999999983,58.0,58.0,58.0,9.964454195890411
RollerCoaster_1280x720p_5994_10bit_420,8,85,0.03905000000000314,7,1.7122020000000049,0.03905000000000314,55.0,53.0,55.0,7.497000954794521
RollerCoaster_1280x720p_5994_10bit_420,8,90,0.1520100000000042,7,0.7852809999999977,0.1520100000000042,48.0,47.0,48.0,4.904741536111111
RollerCoaster_1280x720p_5994_10bit_420,8,95,0.012719000000004144,7,0.012719000000004144,0.012719000000004144,38.0,38.0,38.0,2.6415152306501546
RollerCoaster_1280x720p_5994_10bit_420,9,80,0.36813300000000027,7,0.36813300000000027,0.36813300000000027,55.0,55.0,55.0,9.964454195890411
RollerCoaster_1280x720p_5994_10bit_420,9,85,0.06943099999999447,7,0.8125950000000017,0.06943099999999447,51.0,50.0,51.0,7.497000954794521
RollerCoaster_1280x720p_5994_10bit_420,9,90,0.24506599999999423,7,0.4025170000000031,0.24506599999999423,45.0,44.0,45.0,4.904741536111111
RollerCoaster_1280x720p_5994_10bit_420,9,95,0.05233800000000599,7,0.4466120000000018,0.05233800000000599,36.0,37.0,36.0,2.6415152306501546
RollerCoaster_1280x720p_5994_10bit_420,10,80,0.15368999999999744,7,1.1960519999999946,0.15368999999999744,54.0,53.0,54.0,9.964454195890411
RollerCoaster_1280x720p_5994_10bit_420,10,85,0.025953000000001225,7,0.025953000000001225,0.025953000000001225,49.0,49.0,49.0,7.497000954794521
RollerCoaster_1280x720p_5994_10bit_420,10,90,0.32818799999999726,7,0.32818799999999726,0.32818799999999726,43.0,43.0,43.0,4.904741536111111
RollerCoaster_1280x720p_5994_10bit_420,10,95,0.011020000000002028,7,0.842016000000001,0.011020000000002028,33.0,35.0,33.0,2.6415152306501546
RushFieldCuts_1920x1080_2997,1,80,0.1396649999999937,7,2.4071270000000027,0.1396649999999937,56.0,54.0,56.0,9.964454195890411
RushFieldCuts_1920x1080_2997,1,85,0.4189049999999952,7,1.625091999999995,0.4189049999999952,51.0,48.0,51.0,7.497000954794521
RushFieldCuts_1920x1080_2997,1,90,0.03956700000000524,8,2.358113000000003,0.03956700000000524,42.0,37.0,42.0,4.904741536111111
RushFieldCuts_1920x1080_2997,1,95,0.19856400000000463,7,0.9673999999999978,0.19856400000000463,31.0,28.0,31.0,2.6415152306501546
RushFieldCuts_1920x1080_2997,2,80,0.5399100000000061,7,2.6644409999999965,0.5399100000000061,55.0,53.0,55.0,9.964454195890411
RushFieldCuts_1920x1080_2997,2,85,0.05748199999999315,7,2.017696000000001,0.05748199999999315,50.0,47.0,50.0,7.497000954794521
RushFieldCuts_1920x1080_2997,2,90,0.17175799999999697,8,2.453953999999996,0.17175799999999697,41.0,36.0,41.0,4.904741536111111
RushFieldCuts_1920x1080_2997,2,95,0.027418999999994753,7,0.7368270000000052,0.027418999999994753,30.0,28.0,30.0,2.6415152306501546
RushFieldCuts_1920x1080_2997,3,80,0.24187499999999318,7,1.4341409999999968,0.24187499999999318,54.0,53.0,54.0,9.964454195890411
RushFieldCuts_1920x1080_2997,3,85,0.1269280000000066,7,0.5661089999999973,0.1269280000000066,48.0,47.0,48.0,7.497000954794521
RushFieldCuts_1920x1080_2997,3,90,0.1775870000000026,7,1.813687999999999,0.1775870000000026,40.0,36.0,40.0,4.904741536111111
RushFieldCuts_1920x1080_2997,3,95,0.015542999999993867,7,0.41844700000000046,0.015542999999993867,29.0,28.0,29.0,2.6415152306501546
RushFieldCuts_1920x1080_2997,4,80,0.30276399999999626,7,1.800093000000004,0.30276399999999626,54.0,52.0,54.0,9.964454195890411
RushFieldCuts_1920x1080_2997,4,85,0.2822489999999931,7,0.8352090000000061,0.2822489999999931,47.0,46.0,47.0,7.497000954794521
RushFieldCuts_1920x1080_2997,4,90,0.04268399999999417,7,1.6011369999999943,0.04268399999999417,39.0,36.0,39.0,4.904741536111111
RushFieldCuts_1920x1080_2997,4,95,0.05311600000000283,7,0.7632839999999987,0.05311600000000283,29.0,27.0,29.0,2.6415152306501546
RushFieldCuts_1920x1080_2997,5,80,0.43034799999999507,7,0.43034799999999507,0.43034799999999507,52.0,52.0,52.0,9.964454195890411
RushFieldCuts_1920x1080_2997,5,85,0.28315399999999613,7,0.8816269999999946,0.28315399999999613,46.0,45.0,46.0,7.497000954794521
RushFieldCuts_1920x1080_2997,5,90,0.18567099999999925,7,1.8893889999999942,0.18567099999999925,38.0,35.0,38.0,4.904741536111111
RushFieldCuts_1920x1080_2997,5,95,0.016317000000000803,7,0.8034959999999955,0.016317000000000803,29.0,27.0,29.0,2.6415152306501546
RushFieldCuts_1920x1080_2997,6,80,0.30903200000000197,7,0.30903200000000197,0.30903200000000197,52.0,52.0,52.0,9.964454195890411
RushFieldCuts_1920x1080_2997,6,85,0.09290799999999422,7,1.5175389999999993,0.09290799999999422,47.0,45.0,47.0,7.497000954794521
RushFieldCuts_1920x1080_2997,6,90,0.010397999999995022,7,1.6482050000000044,0.010397999999995022,40.0,37.0,40.0,4.904741536111111
RushFieldCuts_1920x1080_2997,6,95,0.23526699999999323,7,1.0258400000000023,0.23526699999999323,30.0,28.0,30.0,2.6415152306501546
RushFieldCuts_1920x1080_2997,7,80,0.03529600000000244,7,0.9094170000000048,0.03529600000000244,52.0,51.0,52.0,9.964454195890411
RushFieldCuts_1920x1080_2997,7,85,0.3113519999999994,7,1.2571030000000007,0.3113519999999994,47.0,45.0,47.0,7.497000954794521
RushFieldCuts_1920x1080_2997,7,90,0.06310700000000224,7,2.2774589999999932,0.06310700000000224,40.0,36.0,40.0,4.904741536111111
RushFieldCuts_1920x1080_2997,7,95,0.1705479999999966,7,0.8695340000000016,0.1705479999999966,30.0,28.0,30.0,2.6415152306501546
RushFieldCuts_1920x1080_2997,8,80,0.16984899999999925,7,1.2186880000000002,0.16984899999999925,52.0,51.0,52.0,9.964454195890411
RushFieldCuts_1920x1080_2997,8,85,0.1339710000000025,7,1.024392000000006,0.1339710000000025,46.0,45.0,46.0,7.497000954794521
RushFieldCuts_1920x1080_2997,8,90,0.24005800000000477,8,2.050528,0.24005800000000477,40.0,37.0,40.0,4.904741536111111
RushFieldCuts_1920x1080_2997,8,95,0.011042000000003327,7,1.0985600000000062,0.011042000000003327,31.0,28.0,31.0,2.6415152306501546
RushFieldCuts_1920x1080_2997,9,80,0.09430899999999554,7,1.5288149999999945,0.09430899999999554,49.0,48.0,49.0,9.964454195890411
RushFieldCuts_1920x1080_2997,9,85,0.3883560000000017,7,1.7625680000000017,0.3883560000000017,45.0,43.0,45.0,7.497000954794521
RushFieldCuts_1920x1080_2997,9,90,0.03594300000000317,7,1.9874609999999961,0.03594300000000317,39.0,36.0,39.0,4.904741536111111
RushFieldCuts_1920x1080_2997,9,95,0.04513799999999435,7,1.173013999999995,0.04513799999999435,30.0,27.0,30.0,2.6415152306501546
RushFieldCuts_1920x1080_2997,10,80,0.3830200000000019,7,1.852726000000004,0.3830200000000019,49.0,47.0,49.0,9.964454195890411
RushFieldCuts_1920x1080_2997,10,85,0.29021400000000597,7,1.856150999999997,0.29021400000000597,44.0,42.0,44.0,7.497000954794521
RushFieldCuts_1920x1080_2997,10,90,0.26197000000000514,7,1.5419739999999962,0.26197000000000514,38.0,35.0,38.0,4.904741536111111
RushFieldCuts_1920x1080_2997,10,95,0.035077000000001135,7,1.097440000000006,0.035077000000001135,27.0,24.0,27.0,2.6415152306501546
STARCRAFT_1080p60,1,80,1.0415469999999942,8,1.0415469999999942,1.0415469999999942,63.0,63.0,63.0,9.964454195890411
STARCRAFT_1080p60,1,85,3.5776230000000027,8,3.5776230000000027,3.5776230000000027,60.0,60.0,60.0,7.497000954794521
STARCRAFT_1080p60,1,90,0.3614129999999989,8,4.378562000000002,0.3614129999999989,58.0,49.0,58.0,4.904741536111111
STARCRAFT_1080p60,1,95,0.061475999999998976,7,1.4688060000000007,0.061475999999998976,46.0,40.0,46.0,2.6415152306501546
STARCRAFT_1080p60,2,80,1.0896060000000034,8,1.0896060000000034,1.0896060000000034,63.0,63.0,63.0,9.964454195890411
STARCRAFT_1080p60,2,85,3.348989000000003,8,3.348989000000003,3.348989000000003,60.0,60.0,60.0,7.497000954794521
STARCRAFT_1080p60,2,90,0.14335499999999968,8,4.168446000000003,0.14335499999999968,58.0,49.0,58.0,4.904741536111111
STARCRAFT_1080p60,2,95,0.03752299999999309,7,1.322455000000005,0.03752299999999309,46.0,40.0,46.0,2.6415152306501546
STARCRAFT_1080p60,3,80,0.7770179999999982,8,0.7770179999999982,0.7770179999999982,63.0,63.0,63.0,9.964454195890411
STARCRAFT_1080p60,3,85,3.295608999999999,8,3.295608999999999,3.295608999999999,60.0,60.0,60.0,7.497000954794521
STARCRAFT_1080p60,3,90,0.16565599999999847,8,4.211641,0.16565599999999847,58.0,48.0,58.0,4.904741536111111
STARCRAFT_1080p60,3,95,0.03877799999999354,7,1.5888690000000025,0.03877799999999354,45.0,37.0,45.0,2.6415152306501546
STARCRAFT_1080p60,4,80,1.0640140000000002,8,1.0640140000000002,1.0640140000000002,63.0,63.0,63.0,9.964454195890411
STARCRAFT_1080p60,4,85,3.1067589999999967,8,3.1067589999999967,3.1067589999999967,60.0,60.0,60.0,7.497000954794521
STARCRAFT_1080p60,4,90,0.09643900000000372,8,4.118319,0.09643900000000372,58.0,48.0,58.0,4.904741536111111
STARCRAFT_1080p60,4,95,0.12627200000000016,7,1.655731000000003,0.12627200000000016,45.0,37.0,45.0,2.6415152306501546
STARCRAFT_1080p60,5,80,0.6270130000000051,8,0.6270130000000051,0.6270130000000051,63.0,63.0,63.0,9.964454195890411
STARCRAFT_1080p60,5,85,2.781070999999997,8,2.781070999999997,2.781070999999997,60.0,60.0,60.0,7.497000954794521
STARCRAFT_1080p60,5,90,0.24541700000000333,7,4.230660999999998,0.24541700000000333,58.0,47.0,58.0,4.904741536111111
STARCRAFT_1080p60,5,95,0.08260400000000345,7,1.5544129999999967,0.08260400000000345,44.0,36.0,44.0,2.6415152306501546
STARCRAFT_1080p60,6,80,1.2324210000000022,8,6.422096999999994,1.2324210000000022,63.0,60.0,63.0,9.964454195890411
STARCRAFT_1080p60,6,85,1.4220969999999937,8,3.5464120000000037,1.4220969999999937,60.0,58.0,60.0,7.497000954794521
STARCRAFT_1080p60,6,90,0.08077299999999354,7,3.5256020000000063,0.08077299999999354,56.0,47.0,56.0,4.904741536111111
STARCRAFT_1080p60,6,95,0.09553200000000572,8,0.6401720000000068,0.09553200000000572,41.0,38.0,41.0,2.6415152306501546
STARCRAFT_1080p60,7,80,1.6607790000000051,8,5.783186000000001,1.6607790000000051,63.0,60.0,63.0,9.964454195890411
STARCRAFT_1080p60,7,85,0.7831860000000006,8,2.940056999999996,0.7831860000000006,60.0,58.0,60.0,7.497000954794521
STARCRAFT_1080p60,7,90,0.1401560000000046,7,3.262287999999998,0.1401560000000046,55.0,47.0,55.0,4.904741536111111
STARCRAFT_1080p60,7,95,0.14054000000000144,8,0.7989790000000028,0.14054000000000144,40.0,37.0,40.0,2.6415152306501546
STARCRAFT_1080p60,8,80,3.5622869999999978,8,4.867965999999996,3.5622869999999978,63.0,60.0,63.0,9.964454195890411
STARCRAFT_1080p60,8,85,0.13203400000000443,8,2.207284999999999,0.13203400000000443,60.0,58.0,60.0,7.497000954794521
STARCRAFT_1080p60,8,90,0.10707200000000228,7,2.479208,0.10707200000000228,54.0,48.0,54.0,4.904741536111111
STARCRAFT_1080p60,8,95,0.062386000000003605,7,0.25281800000000487,0.062386000000003605,39.0,38.0,39.0,2.6415152306501546
STARCRAFT_1080p60,9,80,1.357202000000001,8,3.9164379999999994,1.357202000000001,60.0,58.0,60.0,9.964454195890411
STARCRAFT_1080p60,9,85,0.5627839999999935,7,1.5408680000000032,0.5627839999999935,56.0,55.0,56.0,7.497000954794521
STARCRAFT_1080p60,9,90,0.07600200000000257,7,1.3941420000000022,0.07600200000000257,49.0,45.0,49.0,4.904741536111111
STARCRAFT_1080p60,9,95,0.019983999999993785,7,0.3084209999999956,0.019983999999993785,34.0,35.0,34.0,2.6415152306501546
STARCRAFT_1080p60,10,80,0.17834700000000225,8,2.854399000000001,0.17834700000000225,60.0,58.0,60.0,9.964454195890411
STARCRAFT_1080p60,10,85,0.06060200000000293,7,3.1195340000000016,0.06060200000000293,56.0,51.0,56.0,7.497000954794521
STARCRAFT_1080p60,10,90,0.06093500000000063,7,1.4377489999999966,0.06093500000000063,47.0,43.0,47.0,4.904741536111111
STARCRAFT_1080p60,10,95,0.13474399999999775,7,0.13474399999999775,0.13474399999999775,31.0,31.0,31.0,2.6415152306501546
SceneComposition_1,1,80,13.742662999999993,8,13.742662999999993,13.742662999999993,63.0,63.0,63.0,9.964454195890411
SceneComposition_1,1,85,8.742662999999993,8,8.742662999999993,8.742662999999993,63.0,63.0,63.0,7.497000954794521
SceneComposition_1,1,90,3.742662999999993,8,3.742662999999993,3.742662999999993,63.0,63.0,63.0,4.904741536111111
SceneComposition_1,1,95,1.2573370000000068,8,1.2573370000000068,1.2573370000000068,63.0,63.0,63.0,2.6415152306501546
SceneComposition_1,2,80,13.595169999999996,8,13.595169999999996,13.595169999999996,63.0,63.0,63.0,9.964454195890411
SceneComposition_1,2,85,8.595169999999996,8,8.595169999999996,8.595169999999996,63.0,63.0,63.0,7.497000954794521
SceneComposition_1,2,90,3.595169999999996,8,3.595169999999996,3.595169999999996,63.0,63.0,63.0,4.904741536111111
SceneComposition_1,2,95,1.404830000000004,8,1.404830000000004,1.404830000000004,63.0,63.0,63.0,2.6415152306501546
SceneComposition_1,3,80,13.297218999999998,8,13.297218999999998,13.297218999999998,63.0,63.0,63.0,9.964454195890411
SceneComposition_1,3,85,8.297218999999998,8,8.297218999999998,8.297218999999998,63.0,63.0,63.0,7.497000954794521
SceneComposition_1,3,90,3.2972189999999983,8,3.2972189999999983,3.2972189999999983,63.0,63.0,63.0,4.904741536111111
SceneComposition_1,3,95,1.3942480000000046,8,1.7027810000000017,1.3942480000000046,60.0,63.0,60.0,2.6415152306501546
SceneComposition_1,4,80,13.346039000000005,8,13.346039000000005,13.346039000000005,63.0,63.0,63.0,9.964454195890411
SceneComposition_1,4,85,8.346039000000005,8,8.346039000000005,8.346039000000005,63.0,63.0,63.0,7.497000954794521
SceneComposition_1,4,90,3.3460390000000046,8,3.3460390000000046,3.3460390000000046,63.0,63.0,63.0,4.904741536111111
SceneComposition_1,4,95,1.314936000000003,8,1.6539609999999954,1.314936000000003,60.0,63.0,60.0,2.6415152306501546
SceneComposition_1,5,80,12.994861,8,12.994861,12.994861,63.0,63.0,63.0,9.964454195890411
SceneComposition_1,5,85,7.994861,8,7.994861,7.994861,63.0,63.0,63.0,7.497000954794521
SceneComposition_1,5,90,2.994861,8,2.994861,2.994861,63.0,63.0,63.0,4.904741536111111
SceneComposition_1,5,95,1.1640309999999943,8,2.005139,1.1640309999999943,60.0,63.0,60.0,2.6415152306501546
SceneComposition_1,6,80,11.437894999999997,8,11.437894999999997,11.437894999999997,63.0,63.0,63.0,9.964454195890411
SceneComposition_1,6,85,6.4378949999999975,8,6.4378949999999975,6.4378949999999975,63.0,63.0,63.0,7.497000954794521
SceneComposition_1,6,90,1.4378949999999975,8,1.4378949999999975,1.4378949999999975,63.0,63.0,63.0,4.904741536111111
SceneComposition_1,6,95,0.3236619999999988,8,3.5621050000000025,0.3236619999999988,60.0,63.0,60.0,2.6415152306501546
SceneComposition_1,7,80,11.564361000000005,8,11.564361000000005,11.564361000000005,63.0,63.0,63.0,9.964454195890411
SceneComposition_1,7,85,6.564361000000005,8,6.564361000000005,6.564361000000005,63.0,63.0,63.0,7.497000954794521
SceneComposition_1,7,90,1.5643610000000052,8,1.5643610000000052,1.5643610000000052,63.0,63.0,63.0,4.904741536111111
SceneComposition_1,7,95,0.21732099999999832,8,3.435638999999995,0.21732099999999832,60.0,63.0,60.0,2.6415152306501546
SceneComposition_1,8,80,9.681989000000002,8,9.681989000000002,9.681989000000002,63.0,63.0,63.0,9.964454195890411
SceneComposition_1,8,85,4.6819890000000015,8,4.6819890000000015,4.6819890000000015,63.0,63.0,63.0,7.497000954794521
SceneComposition_1,8,90,0.3180109999999985,8,0.3180109999999985,0.3180109999999985,63.0,63.0,63.0,4.904741536111111
SceneComposition_1,8,95,0.5542570000000069,8,0.5542570000000069,0.5542570000000069,60.0,60.0,60.0,2.6415152306501546
SceneComposition_1,9,80,6.072394000000003,8,6.072394000000003,6.072394000000003,63.0,63.0,63.0,9.964454195890411
SceneComposition_1,9,85,1.0723940000000027,8,1.0723940000000027,1.0723940000000027,63.0,63.0,63.0,7.497000954794521
SceneComposition_1,9,90,2.166480000000007,8,3.9276059999999973,2.166480000000007,60.0,63.0,60.0,4.904741536111111
SceneComposition_1,9,95,0.04711799999999755,7,1.0297249999999991,0.04711799999999755,55.0,58.0,55.0,2.6415152306501546
SceneComposition_1,10,80,4.416385000000005,8,4.416385000000005,4.416385000000005,63.0,63.0,63.0,9.964454195890411
SceneComposition_1,10,85,0.5836149999999947,8,0.5836149999999947,0.5836149999999947,63.0,63.0,63.0,7.497000954794521
SceneComposition_1,10,90,1.503114999999994,8,5.583614999999995,1.503114999999994,60.0,63.0,60.0,4.904741536111111
SceneComposition_1,10,95,0.0557500000000033,7,0.3382249999999942,0.0557500000000033,54.0,55.0,54.0,2.6415152306501546
SceneComposition_2,1,80,12.151174999999995,8,12.151174999999995,12.151174999999995,63.0,63.0,63.0,9.964454195890411
SceneComposition_2,1,85,7.151174999999995,8,7.151174999999995,7.151174999999995,63.0,63.0,63.0,7.497000954794521
SceneComposition_2,1,90,2.151174999999995,8,2.151174999999995,2.151174999999995,63.0,63.0,63.0,4.904741536111111
SceneComposition_2,1,95,0.6353560000000016,8,0.6353560000000016,0.6353560000000016,60.0,60.0,60.0,2.6415152306501546
SceneComposition_2,2,80,12.480416000000005,8,12.480416000000005,12.480416000000005,63.0,63.0,63.0,9.964454195890411
SceneComposition_2,2,85,7.480416000000005,8,7.480416000000005,7.480416000000005,63.0,63.0,63.0,7.497000954794521
SceneComposition_2,2,90,2.4804160000000053,8,2.4804160000000053,2.4804160000000053,63.0,63.0,63.0,4.904741536111111
SceneComposition_2,2,95,0.7606250000000045,8,0.7606250000000045,0.7606250000000045,60.0,60.0,60.0,2.6415152306501546
SceneComposition_2,3,80,12.407477,8,12.407477,12.407477,63.0,63.0,63.0,9.964454195890411
SceneComposition_2,3,85,7.407477,8,7.407477,7.407477,63.0,63.0,63.0,7.497000954794521
SceneComposition_2,3,90,2.407477,8,2.407477,2.407477,63.0,63.0,63.0,4.904741536111111
SceneComposition_2,3,95,0.6427099999999939,8,0.6427099999999939,0.6427099999999939,60.0,60.0,60.0,2.6415152306501546
SceneComposition_2,4,80,12.254658000000006,8,12.254658000000006,12.254658000000006,63.0,63.0,63.0,9.964454195890411
SceneComposition_2,4,85,7.254658000000006,8,7.254658000000006,7.254658000000006,63.0,63.0,63.0,7.497000954794521
SceneComposition_2,4,90,2.2546580000000063,8,2.2546580000000063,2.2546580000000063,63.0,63.0,63.0,4.904741536111111
SceneComposition_2,4,95,0.49654499999999757,8,0.49654499999999757,0.49654499999999757,60.0,60.0,60.0,2.6415152306501546
SceneComposition_2,5,80,11.353414,8,11.353414,11.353414,63.0,63.0,63.0,9.964454195890411
SceneComposition_2,5,85,6.353414000000001,8,6.353414000000001,6.353414000000001,63.0,63.0,63.0,7.497000954794521
SceneComposition_2,5,90,1.3534140000000008,8,1.3534140000000008,1.3534140000000008,63.0,63.0,63.0,4.904741536111111
SceneComposition_2,5,95,0.18637200000000576,8,0.18637200000000576,0.18637200000000576,60.0,60.0,60.0,2.6415152306501546
SceneComposition_2,6,80,9.098174,8,9.098174,9.098174,63.0,63.0,63.0,9.964454195890411
SceneComposition_2,6,85,4.098174,8,4.098174,4.098174,63.0,63.0,63.0,7.497000954794521
SceneComposition_2,6,90,0.9018259999999998,8,0.9018259999999998,0.9018259999999998,63.0,63.0,63.0,4.904741536111111
SceneComposition_2,6,95,0.1668849999999935,8,1.0102310000000045,0.1668849999999935,58.0,56.0,58.0,2.6415152306501546
SceneComposition_2,7,80,10.029208999999994,8,10.029208999999994,10.029208999999994,63.0,63.0,63.0,9.964454195890411
SceneComposition_2,7,85,5.0292089999999945,8,5.0292089999999945,5.0292089999999945,63.0,63.0,63.0,7.497000954794521
SceneComposition_2,7,90,0.02920899999999449,8,0.02920899999999449,0.02920899999999449,63.0,63.0,63.0,4.904741536111111
SceneComposition_2,7,95,0.006716999999994755,8,1.236937999999995,0.006716999999994755,58.0,55.0,58.0,2.6415152306501546
SceneComposition_2,8,80,8.304851,8,8.304851,8.304851,63.0,63.0,63.0,9.964454195890411
SceneComposition_2,8,85,3.3048509999999993,8,3.3048509999999993,3.3048509999999993,63.0,63.0,63.0,7.497000954794521
SceneComposition_2,8,90,1.6951490000000007,8,1.6951490000000007,1.6951490000000007,63.0,63.0,63.0,4.904741536111111
SceneComposition_2,8,95,0.17917099999999664,7,0.9103999999999957,0.17917099999999664,56.0,54.0,56.0,2.6415152306501546
SceneComposition_2,9,80,3.289047999999994,8,3.289047999999994,3.289047999999994,63.0,63.0,63.0,9.964454195890411
SceneComposition_2,9,85,1.710952000000006,8,1.710952000000006,1.710952000000006,63.0,63.0,63.0,7.497000954794521
SceneComposition_2,9,90,0.5340070000000026,8,0.5340070000000026,0.5340070000000026,60.0,60.0,60.0,4.904741536111111
SceneComposition_2,9,95,0.11009400000000369,7,0.8635019999999969,0.11009400000000369,53.0,49.0,53.0,2.6415152306501546
SceneComposition_2,10,80,1.7530730000000005,8,1.7530730000000005,1.7530730000000005,63.0,63.0,63.0,9.964454195890411
SceneComposition_2,10,85,3.2469269999999995,8,3.2469269999999995,3.2469269999999995,63.0,63.0,63.0,7.497000954794521
SceneComposition_2,10,90,0.19209999999999638,8,0.19209999999999638,0.19209999999999638,60.0,60.0,60.0,4.904741536111111
SceneComposition_2,10,95,0.012035999999994829,7,0.6601220000000012,0.012035999999994829,51.0,47.0,51.0,2.6415152306501546
Skater227_1920x1080_30fps,1,80,0.08649300000000437,7,2.0999510000000043,0.08649300000000437,49.0,51.0,49.0,9.964454195890411
Skater227_1920x1080_30fps,1,85,0.28365800000000263,7,2.3130120000000005,0.28365800000000263,43.0,46.0,43.0,7.497000954794521
Skater227_1920x1080_30fps,1,90,0.02745899999999324,7,2.322407999999996,0.02745899999999324,37.0,40.0,37.0,4.904741536111111
Skater227_1920x1080_30fps,1,95,0.00880700000000445,7,0.46022299999999916,0.00880700000000445,29.0,30.0,29.0,2.6415152306501546
Skater227_1920x1080_30fps,2,80,0.16565599999999847,7,1.9439880000000045,0.16565599999999847,48.0,50.0,48.0,9.964454195890411
Skater227_1920x1080_30fps,2,85,0.15805600000000197,7,2.9092660000000024,0.15805600000000197,43.0,46.0,43.0,7.497000954794521
Skater227_1920x1080_30fps,2,90,0.2634520000000009,7,1.9868680000000012,0.2634520000000009,36.0,39.0,36.0,4.904741536111111
Skater227_1920x1080_30fps,2,95,0.217488000000003,7,0.7518479999999954,0.217488000000003,28.0,30.0,28.0,2.6415152306501546
Skater227_1920x1080_30fps,3,80,0.06091100000000438,7,0.06091100000000438,0.06091100000000438,50.0,50.0,50.0,9.964454195890411
Skater227_1920x1080_30fps,3,85,0.25828599999999824,7,0.6468689999999953,0.25828599999999824,44.0,45.0,44.0,7.497000954794521
Skater227_1920x1080_30fps,3,90,0.15574499999999603,7,0.9453950000000049,0.15574499999999603,38.0,39.0,38.0,4.904741536111111
Skater227_1920x1080_30fps,3,95,0.2517830000000032,7,0.255549000000002,0.2517830000000032,30.0,29.0,30.0,2.6415152306501546
Skater227_1920x1080_30fps,4,80,0.4160609999999991,7,0.6404619999999994,0.4160609999999991,50.0,49.0,50.0,9.964454195890411
Skater227_1920x1080_30fps,4,85,0.3095650000000063,7,1.0515610000000066,0.3095650000000063,44.0,45.0,44.0,7.497000954794521
Skater227_1920x1080_30fps,4,90,0.1228490000000022,7,0.5204130000000049,0.1228490000000022,37.0,38.0,37.0,4.904741536111111
Skater227_1920x1080_30fps,4,95,0.03143900000000599,7,0.03143900000000599,0.03143900000000599,29.0,29.0,29.0,2.6415152306501546
Skater227_1920x1080_30fps,5,80,0.4001119999999929,7,0.4001119999999929,0.4001119999999929,49.0,49.0,49.0,9.964454195890411
Skater227_1920x1080_30fps,5,85,0.07107299999999839,7,0.9042460000000005,0.07107299999999839,43.0,44.0,43.0,7.497000954794521
Skater227_1920x1080_30fps,5,90,0.23816700000000424,7,0.9794619999999981,0.23816700000000424,37.0,38.0,37.0,4.904741536111111
Skater227_1920x1080_30fps,5,95,0.04676399999999603,7,0.04676399999999603,0.04676399999999603,29.0,29.0,29.0,2.6415152306501546
Skater227_1920x1080_30fps,6,80,0.1598460000000017,7,1.0642909999999972,0.1598460000000017,48.0,49.0,48.0,9.964454195890411
Skater227_1920x1080_30fps,6,85,0.23038300000000334,7,2.362915000000001,0.23038300000000334,43.0,45.0,43.0,7.497000954794521
Skater227_1920x1080_30fps,6,90,0.04520800000000236,7,1.6061629999999951,0.04520800000000236,37.0,39.0,37.0,4.904741536111111
Skater227_1920x1080_30fps,6,95,0.09535200000000543,7,0.09535200000000543,0.09535200000000543,30.0,30.0,30.0,2.6415152306501546
Skater227_1920x1080_30fps,7,80,0.22842300000000648,7,2.4925659999999965,0.22842300000000648,47.0,49.0,47.0,9.964454195890411
Skater227_1920x1080_30fps,7,85,0.294754999999995,8,2.2604050000000058,0.294754999999995,42.0,44.0,42.0,7.497000954794521
Skater227_1920x1080_30fps,7,90,0.14148900000000708,7,2.3790580000000006,0.14148900000000708,36.0,39.0,36.0,4.904741536111111
Skater227_1920x1080_30fps,7,95,0.04126999999999725,7,0.43102799999999775,0.04126999999999725,29.0,30.0,29.0,2.6415152306501546
Skater227_1920x1080_30fps,8,80,0.1712129999999945,7,2.3883629999999982,0.1712129999999945,47.0,49.0,47.0,9.964454195890411
Skater227_1920x1080_30fps,8,85,0.11407099999999559,7,2.0823330000000055,0.11407099999999559,42.0,44.0,42.0,7.497000954794521
Skater227_1920x1080_30fps,8,90,0.21280699999999797,7,2.2357429999999994,0.21280699999999797,36.0,39.0,36.0,4.904741536111111
Skater227_1920x1080_30fps,8,95,0.14851199999999665,7,0.641728999999998,0.14851199999999665,29.0,30.0,29.0,2.6415152306501546
Skater227_1920x1080_30fps,9,80,0.0818220000000025,7,3.7455620000000067,0.0818220000000025,44.0,47.0,44.0,9.964454195890411
Skater227_1920x1080_30fps,9,85,0.2410380000000032,7,3.7900709999999975,0.2410380000000032,40.0,43.0,40.0,7.497000954794521
Skater227_1920x1080_30fps,9,90,0.3742770000000064,7,3.1737130000000064,0.3742770000000064,35.0,38.0,35.0,4.904741536111111
Skater227_1920x1080_30fps,9,95,0.0005239999999986367,7,1.5859860000000054,0.0005239999999986367,27.0,30.0,27.0,2.6415152306501546
Skater227_1920x1080_30fps,10,80,0.06262599999999452,8,6.724754000000004,0.06262599999999452,42.0,47.0,42.0,9.964454195890411
Skater227_1920x1080_30fps,10,85,0.3874890000000022,7,5.0626259999999945,0.3874890000000022,38.0,42.0,38.0,7.497000954794521
Skater227_1920x1080_30fps,10,90,0.02564800000000389,7,4.313663000000005,0.02564800000000389,32.0,37.0,32.0,4.904741536111111
Skater227_1920x1080_30fps,10,95,0.25527200000000505,7,2.6363910000000033,0.25527200000000505,24.0,29.0,24.0,2.6415152306501546
Slides1_1920x1080_30fps_8bit_420,1,80,6.621133999999998,8,6.621133999999998,6.621133999999998,63.0,63.0,63.0,9.964454195890411
Slides1_1920x1080_30fps_8bit_420,1,85,1.6211339999999979,8,1.6211339999999979,1.6211339999999979,63.0,63.0,63.0,7.497000954794521
Slides1_1920x1080_30fps_8bit_420,1,90,2.2321469999999977,8,2.2321469999999977,2.2321469999999977,60.0,60.0,60.0,4.904741536111111
Slides1_1920x1080_30fps_8bit_420,1,95,0.016165000000000873,7,1.1839120000000065,0.016165000000000873,55.0,51.0,55.0,2.6415152306501546
Slides1_1920x1080_30fps_8bit_420,2,80,5.965602000000004,8,5.965602000000004,5.965602000000004,63.0,63.0,63.0,9.964454195890411
Slides1_1920x1080_30fps_8bit_420,2,85,0.9656020000000041,8,0.9656020000000041,0.9656020000000041,63.0,63.0,63.0,7.497000954794521
Slides1_1920x1080_30fps_8bit_420,2,90,2.290200999999996,8,2.290200999999996,2.290200999999996,60.0,60.0,60.0,4.904741536111111
Slides1_1920x1080_30fps_8bit_420,2,95,0.12339000000000055,7,1.0142759999999953,0.12339000000000055,54.0,51.0,54.0,2.6415152306501546
Slides1_1920x1080_30fps_8bit_420,3,80,5.923965999999993,8,5.923965999999993,5.923965999999993,63.0,63.0,63.0,9.964454195890411
Slides1_1920x1080_30fps_8bit_420,3,85,0.923965999999993,8,0.923965999999993,0.923965999999993,63.0,63.0,63.0,7.497000954794521
Slides1_1920x1080_30fps_8bit_420,3,90,1.927222999999998,8,1.927222999999998,1.927222999999998,60.0,60.0,60.0,4.904741536111111
Slides1_1920x1080_30fps_8bit_420,3,95,0.08481999999999346,7,0.7896429999999981,0.08481999999999346,53.0,50.0,53.0,2.6415152306501546
Slides1_1920x1080_30fps_8bit_420,4,80,5.259838000000002,8,5.259838000000002,5.259838000000002,63.0,63.0,63.0,9.964454195890411
Slides1_1920x1080_30fps_8bit_420,4,85,0.259838000000002,8,0.259838000000002,0.259838000000002,63.0,63.0,63.0,7.497000954794521
Slides1_1920x1080_30fps_8bit_420,4,90,1.4871930000000049,8,1.4871930000000049,1.4871930000000049,60.0,60.0,60.0,4.904741536111111
Slides1_1920x1080_30fps_8bit_420,4,95,0.02447100000000546,7,0.5712199999999967,0.02447100000000546,52.0,49.0,52.0,2.6415152306501546
Slides1_1920x1080_30fps_8bit_420,5,80,4.290330999999995,8,4.290330999999995,4.290330999999995,63.0,63.0,63.0,9.964454195890411
Slides1_1920x1080_30fps_8bit_420,5,85,0.7096690000000052,8,0.7096690000000052,0.7096690000000052,63.0,63.0,63.0,7.497000954794521
Slides1_1920x1080_30fps_8bit_420,5,90,1.0476129999999984,8,2.5122989999999987,1.0476129999999984,60.0,58.0,60.0,4.904741536111111
Slides1_1920x1080_30fps_8bit_420,5,95,0.09751599999999883,7,0.6380659999999949,0.09751599999999883,51.0,48.0,51.0,2.6415152306501546
Slides1_1920x1080_30fps_8bit_420,6,80,2.9601969999999937,8,2.9601969999999937,2.9601969999999937,63.0,63.0,63.0,9.964454195890411
Slides1_1920x1080_30fps_8bit_420,6,85,2.0398030000000063,8,4.813399000000004,2.0398030000000063,63.0,60.0,63.0,7.497000954794521
Slides1_1920x1080_30fps_8bit_420,6,90,0.18660099999999602,8,2.3260700000000014,0.18660099999999602,60.0,56.0,60.0,4.904741536111111
Slides1_1920x1080_30fps_8bit_420,6,95,0.017548000000005004,7,0.5164670000000058,0.017548000000005004,48.0,45.0,48.0,2.6415152306501546
Slides1_1920x1080_30fps_8bit_420,7,80,2.044163999999995,8,2.044163999999995,2.044163999999995,63.0,63.0,63.0,9.964454195890411
Slides1_1920x1080_30fps_8bit_420,7,85,2.955836000000005,8,4.155687,2.955836000000005,63.0,60.0,63.0,7.497000954794521
Slides1_1920x1080_30fps_8bit_420,7,90,0.6489140000000049,8,1.7915830000000028,0.6489140000000049,58.0,56.0,58.0,4.904741536111111
Slides1_1920x1080_30fps_8bit_420,7,95,0.05348399999999742,7,0.262124,0.05348399999999742,45.0,44.0,45.0,2.6415152306501546
Slides1_1920x1080_30fps_8bit_420,8,80,0.36856400000000633,8,0.36856400000000633,0.36856400000000633,63.0,63.0,63.0,9.964454195890411
Slides1_1920x1080_30fps_8bit_420,8,85,3.9683809999999937,8,3.9683809999999937,3.9683809999999937,60.0,60.0,60.0,7.497000954794521
Slides1_1920x1080_30fps_8bit_420,8,90,0.7847110000000015,8,2.4858150000000023,0.7847110000000015,58.0,55.0,58.0,4.904741536111111
Slides1_1920x1080_30fps_8bit_420,8,95,0.042186000000000945,7,0.2931389999999965,0.042186000000000945,45.0,44.0,45.0,2.6415152306501546
Slides1_1920x1080_30fps_8bit_420,9,80,4.569623000000007,8,4.569623000000007,4.569623000000007,60.0,60.0,60.0,9.964454195890411
Slides1_1920x1080_30fps_8bit_420,9,85,0.4303769999999929,8,1.6216759999999937,0.4303769999999929,60.0,58.0,60.0,7.497000954794521
Slides1_1920x1080_30fps_8bit_420,9,90,0.060180000000002565,7,1.1897490000000062,0.060180000000002565,53.0,50.0,53.0,4.904741536111111
Slides1_1920x1080_30fps_8bit_420,9,95,0.050634999999999764,7,0.050634999999999764,0.050634999999999764,37.0,37.0,37.0,2.6415152306501546
Slides1_1920x1080_30fps_8bit_420,10,80,2.497563999999997,8,2.497563999999997,2.497563999999997,60.0,60.0,60.0,9.964454195890411
Slides1_1920x1080_30fps_8bit_420,10,85,0.0231550000000027,8,1.6937989999999985,0.0231550000000027,58.0,56.0,58.0,7.497000954794521
Slides1_1920x1080_30fps_8bit_420,10,90,0.24163199999999563,7,0.5000239999999962,0.24163199999999563,49.0,48.0,49.0,4.904741536111111
Slides1_1920x1080_30fps_8bit_420,10,95,0.07522600000000068,7,0.224969999999999,0.07522600000000068,32.0,34.0,32.0,2.6415152306501546
Slides2r_1920x1080_30fps_8bit_420,1,80,8.562025000000006,8,8.562025000000006,8.562025000000006,63.0,63.0,63.0,9.964454195890411
Slides2r_1920x1080_30fps_8bit_420,1,85,3.5620250000000055,8,3.5620250000000055,3.5620250000000055,63.0,63.0,63.0,7.497000954794521
Slides2r_1920x1080_30fps_8bit_420,1,90,1.4379749999999945,8,1.4379749999999945,1.4379749999999945,63.0,63.0,63.0,4.904741536111111
Slides2r_1920x1080_30fps_8bit_420,1,95,0.13215200000000493,7,0.652308000000005,0.13215200000000493,58.0,56.0,58.0,2.6415152306501546
Slides2r_1920x1080_30fps_8bit_420,2,80,8.377692999999994,8,8.377692999999994,8.377692999999994,63.0,63.0,63.0,9.964454195890411
Slides2r_1920x1080_30fps_8bit_420,2,85,3.3776929999999936,8,3.3776929999999936,3.3776929999999936,63.0,63.0,63.0,7.497000954794521
Slides2r_1920x1080_30fps_8bit_420,2,90,1.6223070000000064,8,1.6223070000000064,1.6223070000000064,63.0,63.0,63.0,4.904741536111111
Slides2r_1920x1080_30fps_8bit_420,2,95,0.38622900000000016,7,0.4952470000000062,0.38622900000000016,58.0,56.0,58.0,2.6415152306501546
Slides2r_1920x1080_30fps_8bit_420,3,80,7.9292449999999945,8,7.9292449999999945,7.9292449999999945,63.0,63.0,63.0,9.964454195890411
Slides2r_1920x1080_30fps_8bit_420,3,85,2.9292449999999945,8,2.9292449999999945,2.9292449999999945,63.0,63.0,63.0,7.497000954794521
Slides2r_1920x1080_30fps_8bit_420,3,90,2.0707550000000055,8,2.0707550000000055,2.0707550000000055,63.0,63.0,63.0,4.904741536111111
Slides2r_1920x1080_30fps_8bit_420,3,95,0.07824499999999546,7,0.2070369999999997,0.07824499999999546,56.0,55.0,56.0,2.6415152306501546
Slides2r_1920x1080_30fps_8bit_420,4,80,7.159614000000005,8,7.159614000000005,7.159614000000005,63.0,63.0,63.0,9.964454195890411
Slides2r_1920x1080_30fps_8bit_420,4,85,2.159614000000005,8,2.159614000000005,2.159614000000005,63.0,63.0,63.0,7.497000954794521
Slides2r_1920x1080_30fps_8bit_420,4,90,2.1524610000000024,8,2.840385999999995,2.1524610000000024,60.0,63.0,60.0,4.904741536111111
Slides2r_1920x1080_30fps_8bit_420,4,95,0.12562900000000354,7,0.12562900000000354,0.12562900000000354,55.0,55.0,55.0,2.6415152306501546
Slides2r_1920x1080_30fps_8bit_420,5,80,7.0902420000000035,8,7.0902420000000035,7.0902420000000035,63.0,63.0,63.0,9.964454195890411
Slides2r_1920x1080_30fps_8bit_420,5,85,2.0902420000000035,8,2.0902420000000035,2.0902420000000035,63.0,63.0,63.0,7.497000954794521
Slides2r_1920x1080_30fps_8bit_420,5,90,1.8196509999999932,8,2.9097579999999965,1.8196509999999932,60.0,63.0,60.0,4.904741536111111
Slides2r_1920x1080_30fps_8bit_420,5,95,0.17173699999999315,7,0.29155099999999834,0.17173699999999315,55.0,54.0,55.0,2.6415152306501546
Slides2r_1920x1080_30fps_8bit_420,6,80,5.072669000000005,8,5.072669000000005,5.072669000000005,63.0,63.0,63.0,9.964454195890411
Slides2r_1920x1080_30fps_8bit_420,6,85,0.07266900000000476,8,0.07266900000000476,0.07266900000000476,63.0,63.0,63.0,7.497000954794521
Slides2r_1920x1080_30fps_8bit_420,6,90,0.8073810000000066,8,0.8073810000000066,0.8073810000000066,60.0,60.0,60.0,4.904741536111111
Slides2r_1920x1080_30fps_8bit_420,6,95,0.11610400000000709,7,0.5651890000000037,0.11610400000000709,50.0,52.0,50.0,2.6415152306501546
Slides2r_1920x1080_30fps_8bit_420,7,80,4.2953760000000045,8,4.2953760000000045,4.2953760000000045,63.0,63.0,63.0,9.964454195890411
Slides2r_1920x1080_30fps_8bit_420,7,85,0.7046239999999955,8,0.7046239999999955,0.7046239999999955,63.0,63.0,63.0,7.497000954794521
Slides2r_1920x1080_30fps_8bit_420,7,90,0.2664319999999947,8,0.2664319999999947,0.2664319999999947,60.0,60.0,60.0,4.904741536111111
Slides2r_1920x1080_30fps_8bit_420,7,95,0.10452100000000542,7,0.8039050000000003,0.10452100000000542,49.0,52.0,49.0,2.6415152306501546
Slides2r_1920x1080_30fps_8bit_420,8,80,4.437624,8,4.437624,4.437624,63.0,63.0,63.0,9.964454195890411
Slides2r_1920x1080_30fps_8bit_420,8,85,0.5623760000000004,8,0.5623760000000004,0.5623760000000004,63.0,63.0,63.0,7.497000954794521
Slides2r_1920x1080_30fps_8bit_420,8,90,0.5404060000000044,8,0.5404060000000044,0.5404060000000044,60.0,60.0,60.0,4.904741536111111
Slides2r_1920x1080_30fps_8bit_420,8,95,0.1057480000000055,7,0.5435899999999947,0.1057480000000055,50.0,51.0,50.0,2.6415152306501546
Slides2r_1920x1080_30fps_8bit_420,9,80,2.0049980000000005,8,2.0049980000000005,2.0049980000000005,63.0,63.0,63.0,9.964454195890411
Slides2r_1920x1080_30fps_8bit_420,9,85,1.7814869999999985,8,1.7814869999999985,1.7814869999999985,60.0,60.0,60.0,7.497000954794521
Slides2r_1920x1080_30fps_8bit_420,9,90,0.007876999999993473,7,0.007876999999993473,0.007876999999993473,56.0,56.0,56.0,4.904741536111111
Slides2r_1920x1080_30fps_8bit_420,9,95,0.06929100000000687,7,1.037790000000001,0.06929100000000687,43.0,46.0,43.0,2.6415152306501546
Slides2r_1920x1080_30fps_8bit_420,10,80,3.4884909999999962,8,4.897688000000002,3.4884909999999962,63.0,60.0,63.0,9.964454195890411
Slides2r_1920x1080_30fps_8bit_420,10,85,0.10231199999999774,8,0.10231199999999774,0.10231199999999774,60.0,60.0,60.0,7.497000954794521
Slides2r_1920x1080_30fps_8bit_420,10,90,0.051034000000001356,7,0.051034000000001356,0.051034000000001356,54.0,54.0,54.0,4.904741536111111
Slides2r_1920x1080_30fps_8bit_420,10,95,0.09326299999999321,8,0.39194999999999425,0.09326299999999321,41.0,42.0,41.0,2.6415152306501546
Sniper_1920x1080P_30fps_8bit,1,80,0.4349590000000063,7,0.4349590000000063,0.4349590000000063,48.0,48.0,48.0,9.964454195890411
Sniper_1920x1080P_30fps_8bit,1,85,0.18645100000000525,7,0.18645100000000525,0.18645100000000525,44.0,44.0,44.0,7.497000954794521
Sniper_1920x1080P_30fps_8bit,1,90,0.3107289999999949,7,0.3107289999999949,0.3107289999999949,39.0,39.0,39.0,4.904741536111111
Sniper_1920x1080P_30fps_8bit,1,95,0.12876500000000135,7,1.2146000000000043,0.12876500000000135,34.0,32.0,34.0,2.6415152306501546
Sniper_1920x1080P_30fps_8bit,2,80,0.6135790000000014,7,0.6135790000000014,0.6135790000000014,47.0,47.0,47.0,9.964454195890411
Sniper_1920x1080P_30fps_8bit,2,85,0.37158599999999353,7,0.815417999999994,0.37158599999999353,43.0,44.0,43.0,7.497000954794521
Sniper_1920x1080P_30fps_8bit,2,90,0.23436100000000692,7,0.23436100000000692,0.23436100000000692,39.0,39.0,39.0,4.904741536111111
Sniper_1920x1080P_30fps_8bit,2,95,0.2405689999999936,7,0.9210389999999933,0.2405689999999936,33.0,32.0,33.0,2.6415152306501546
Sniper_1920x1080P_30fps_8bit,3,80,0.06628100000000359,7,0.06628100000000359,0.06628100000000359,47.0,47.0,47.0,9.964454195890411
Sniper_1920x1080P_30fps_8bit,3,85,0.0917699999999968,7,1.0784950000000038,0.0917699999999968,43.0,44.0,43.0,7.497000954794521
Sniper_1920x1080P_30fps_8bit,3,90,0.26821700000000703,7,0.26821700000000703,0.26821700000000703,39.0,39.0,39.0,4.904741536111111
Sniper_1920x1080P_30fps_8bit,3,95,0.1613789999999966,7,0.950287000000003,0.1613789999999966,33.0,32.0,33.0,2.6415152306501546
Sniper_1920x1080P_30fps_8bit,4,80,0.18546899999999766,7,1.0973029999999966,0.18546899999999766,46.0,47.0,46.0,9.964454195890411
Sniper_1920x1080P_30fps_8bit,4,85,0.44315299999999525,7,0.7980759999999947,0.44315299999999525,42.0,43.0,42.0,7.497000954794521
Sniper_1920x1080P_30fps_8bit,4,90,0.05730200000000707,7,0.05730200000000707,0.05730200000000707,38.0,38.0,38.0,4.904741536111111
Sniper_1920x1080P_30fps_8bit,4,95,0.1258890000000008,7,0.7660290000000032,0.1258890000000008,33.0,32.0,33.0,2.6415152306501546
Sniper_1920x1080P_30fps_8bit,5,80,0.26356400000000235,7,0.26356400000000235,0.26356400000000235,46.0,46.0,46.0,9.964454195890411
Sniper_1920x1080P_30fps_8bit,5,85,0.26776099999999303,7,1.1391870000000068,0.26776099999999303,42.0,43.0,42.0,7.497000954794521
Sniper_1920x1080P_30fps_8bit,5,90,0.11630700000000616,7,1.1172279999999972,0.11630700000000616,38.0,37.0,38.0,4.904741536111111
Sniper_1920x1080P_30fps_8bit,5,95,0.1210010000000068,7,0.6908269999999987,0.1210010000000068,33.0,32.0,33.0,2.6415152306501546
Sniper_1920x1080P_30fps_8bit,6,80,0.5747860000000031,7,0.5747860000000031,0.5747860000000031,47.0,47.0,47.0,9.964454195890411
Sniper_1920x1080P_30fps_8bit,6,85,0.013512000000005742,7,1.319894000000005,0.013512000000005742,43.0,44.0,43.0,7.497000954794521
Sniper_1920x1080P_30fps_8bit,6,90,0.04280199999999468,7,0.04280199999999468,0.04280199999999468,39.0,39.0,39.0,4.904741536111111
Sniper_1920x1080P_30fps_8bit,6,95,0.27170800000000384,7,1.661806999999996,0.27170800000000384,34.0,32.0,34.0,2.6415152306501546
Sniper_1920x1080P_30fps_8bit,7,80,0.42397599999999613,7,1.0085169999999977,0.42397599999999613,46.0,47.0,46.0,9.964454195890411
Sniper_1920x1080P_30fps_8bit,7,85,0.17967500000000314,7,1.5437260000000066,0.17967500000000314,43.0,44.0,43.0,7.497000954794521
Sniper_1920x1080P_30fps_8bit,7,90,0.12701300000000515,7,0.12701300000000515,0.12701300000000515,39.0,39.0,39.0,4.904741536111111
Sniper_1920x1080P_30fps_8bit,7,95,0.315298999999996,7,1.6911479999999983,0.315298999999996,34.0,32.0,34.0,2.6415152306501546
Sniper_1920x1080P_30fps_8bit,8,80,0.19127699999999948,7,1.1207430000000045,0.19127699999999948,46.0,47.0,46.0,9.964454195890411
Sniper_1920x1080P_30fps_8bit,8,85,0.2150790000000029,7,1.7054720000000003,0.2150790000000029,43.0,44.0,43.0,7.497000954794521
Sniper_1920x1080P_30fps_8bit,8,90,0.10187500000000682,7,0.10187500000000682,0.10187500000000682,39.0,39.0,39.0,4.904741536111111
Sniper_1920x1080P_30fps_8bit,8,95,0.055070999999998094,7,0.9499229999999983,0.055070999999998094,34.0,33.0,34.0,2.6415152306501546
Sniper_1920x1080P_30fps_8bit,9,80,0.6831690000000066,7,1.1006650000000064,0.6831690000000066,45.0,46.0,45.0,9.964454195890411
Sniper_1920x1080P_30fps_8bit,9,85,0.5422549999999973,7,1.0526780000000002,0.5422549999999973,42.0,43.0,42.0,7.497000954794521
Sniper_1920x1080P_30fps_8bit,9,90,0.5041930000000008,7,0.6027090000000044,0.5041930000000008,39.0,38.0,39.0,4.904741536111111
Sniper_1920x1080P_30fps_8bit,9,95,0.31679900000000316,7,1.254720000000006,0.31679900000000316,34.0,32.0,34.0,2.6415152306501546
Sniper_1920x1080P_30fps_8bit,10,80,0.419628000000003,7,2.1683089999999936,0.419628000000003,45.0,46.0,45.0,9.964454195890411
Sniper_1920x1080P_30fps_8bit,10,85,0.4123000000000019,8,0.4123000000000019,0.4123000000000019,42.0,42.0,42.0,7.497000954794521
Sniper_1920x1080P_30fps_8bit,10,90,0.21539199999999425,7,0.21539199999999425,0.21539199999999425,38.0,38.0,38.0,4.904741536111111
Sniper_1920x1080P_30fps_8bit,10,95,0.36480500000000404,7,0.3746979999999951,0.36480500000000404,33.0,32.0,33.0,2.6415152306501546
SnowMountain_640x360_2997,1,80,3.5740480000000048,8,3.5740480000000048,3.5740480000000048,63.0,63.0,63.0,9.964454195890411
SnowMountain_640x360_2997,1,85,0.6061830000000015,8,8.574048000000005,0.6061830000000015,58.0,63.0,58.0,7.497000954794521
SnowMountain_640x360_2997,1,90,0.0029150000000015552,7,3.286237,0.0029150000000015552,36.0,55.0,36.0,4.904741536111111
SnowMountain_640x360_2997,2,80,1.431278000000006,8,1.431278000000006,1.431278000000006,63.0,63.0,63.0,9.964454195890411
SnowMountain_640x360_2997,2,85,0.6312949999999944,8,6.431278000000006,0.6312949999999944,58.0,63.0,58.0,7.497000954794521
SnowMountain_640x360_2997,2,90,0.03532699999999522,7,2.394473000000005,0.026905999999996766,34.0,54.0,31.0,4.904741536111111
SnowMountain_640x360_2997,3,80,5.014892000000003,8,5.580612000000002,5.014892000000003,58.0,63.0,58.0,9.964454195890411
SnowMountain_640x360_2997,3,85,0.014892000000003236,8,10.580612000000002,0.014892000000003236,58.0,63.0,58.0,7.497000954794521
SnowMountain_640x360_2997,3,90,0.10565800000000536,7,2.061000000000007,0.01631299999999669,29.0,52.0,35.0,4.904741536111111
SnowMountain_640x360_2997,4,80,3.1977820000000037,8,3.1977820000000037,3.1977820000000037,63.0,63.0,63.0,9.964454195890411
SnowMountain_640x360_2997,4,85,1.398025000000004,7,8.197782000000004,1.398025000000004,56.0,63.0,56.0,7.497000954794521
SnowMountain_640x360_2997,4,90,0.10504099999999994,7,1.941722999999996,0.04440999999999917,29.0,52.0,28.0,4.904741536111111
SnowMountain_640x360_2997,5,80,2.403544999999994,8,5.390822,2.403544999999994,60.0,63.0,60.0,9.964454195890411
SnowMountain_640x360_2997,5,85,0.8012630000000058,7,10.390822,0.8012630000000058,58.0,63.0,58.0,7.497000954794521
SnowMountain_640x360_2997,5,90,0.08753199999999595,7,2.626558000000003,0.08753199999999595,29.0,51.0,29.0,4.904741536111111
SnowMountain_640x360_2997,6,80,0.9527080000000012,8,0.9527080000000012,0.9527080000000012,63.0,63.0,63.0,9.964454195890411
SnowMountain_640x360_2997,6,85,0.19044200000000444,7,1.7821770000000043,0.19044200000000444,58.0,60.0,58.0,7.497000954794521
SnowMountain_640x360_2997,6,90,0.1906759999999963,7,1.633543000000003,0.05658999999999992,31.0,47.0,27.0,4.904741536111111
SnowMountain_640x360_2997,7,80,3.2480520000000013,8,3.2480520000000013,3.2480520000000013,63.0,63.0,63.0,9.964454195890411
SnowMountain_640x360_2997,7,85,0.9681309999999996,7,1.2911189999999948,0.9681309999999996,56.0,60.0,56.0,7.497000954794521
SnowMountain_640x360_2997,7,90,0.035760999999993714,7,3.2344719999999967,0.035760999999993714,30.0,46.0,30.0,4.904741536111111
SnowMountain_640x360_2997,8,80,2.721912000000003,8,3.8076989999999995,2.721912000000003,60.0,63.0,60.0,9.964454195890411
SnowMountain_640x360_2997,8,85,0.22029000000000565,7,2.278087999999997,0.22029000000000565,56.0,60.0,56.0,7.497000954794521
SnowMountain_640x360_2997,8,90,0.008217000000001917,7,2.534994999999995,0.008217000000001917,27.0,46.0,27.0,4.904741536111111
SnowMountain_640x360_2997,9,80,2.167946999999998,8,2.7280999999999977,2.020799999999994,58.0,60.0,55.0,9.964454195890411
SnowMountain_640x360_2997,9,85,0.1789969999999954,7,2.832053000000002,0.1789969999999954,51.0,58.0,51.0,7.497000954794521
SnowMountain_640x360_2997,9,90,0.11499999999999488,7,1.1693910000000045,0.045976999999993495,29.0,41.0,30.0,4.904741536111111
SnowMountain_640x360_2997,10,80,0.17321300000000406,8,0.8640790000000038,0.17321300000000406,58.0,60.0,58.0,9.964454195890411
SnowMountain_640x360_2997,10,85,0.8301979999999958,7,2.1508950000000056,0.14926400000000228,53.0,56.0,51.0,7.497000954794521
SnowMountain_640x360_2997,10,90,0.12531699999999546,7,1.224373,0.05033000000000243,27.0,39.0,34.0,4.904741536111111
SolLevanteDragons_sdr_1920x1080_24_10bit,1,80,0.821661000000006,8,0.821661000000006,0.821661000000006,40.0,40.0,40.0,9.964454195890411
SolLevanteDragons_sdr_1920x1080_24_10bit,1,85,0.14021999999999935,7,0.14021999999999935,0.14021999999999935,37.0,37.0,37.0,7.497000954794521
SolLevanteDragons_sdr_1920x1080_24_10bit,1,90,0.41836899999999844,7,0.5804100000000005,0.41836899999999844,32.0,33.0,32.0,4.904741536111111
SolLevanteDragons_sdr_1920x1080_24_10bit,1,95,0.529785000000004,7,0.529785000000004,0.529785000000004,27.0,27.0,27.0,2.6415152306501546
SolLevanteDragons_sdr_1920x1080_24_10bit,2,80,0.6607300000000009,7,0.8497540000000043,0.6607300000000009,40.0,39.0,40.0,9.964454195890411
SolLevanteDragons_sdr_1920x1080_24_10bit,2,85,0.11896299999999371,7,0.11896299999999371,0.11896299999999371,36.0,36.0,36.0,7.497000954794521
SolLevanteDragons_sdr_1920x1080_24_10bit,2,90,0.17470600000000047,7,0.17470600000000047,0.17470600000000047,32.0,32.0,32.0,4.904741536111111
SolLevanteDragons_sdr_1920x1080_24_10bit,2,95,0.8944410000000005,7,0.8944410000000005,0.8944410000000005,27.0,27.0,27.0,2.6415152306501546
SolLevanteDragons_sdr_1920x1080_24_10bit,3,80,0.4599589999999978,8,1.8419219999999967,0.4599589999999978,40.0,39.0,40.0,9.964454195890411
SolLevanteDragons_sdr_1920x1080_24_10bit,3,85,0.36626300000000356,7,0.8783449999999959,0.36626300000000356,37.0,36.0,37.0,7.497000954794521
SolLevanteDragons_sdr_1920x1080_24_10bit,3,90,0.18805799999999806,7,0.18805799999999806,0.18805799999999806,32.0,32.0,32.0,4.904741536111111
SolLevanteDragons_sdr_1920x1080_24_10bit,3,95,0.9448780000000028,7,0.9448780000000028,0.9448780000000028,27.0,27.0,27.0,2.6415152306501546
SolLevanteDragons_sdr_1920x1080_24_10bit,4,80,0.11873400000000345,7,1.1396649999999937,0.11873400000000345,40.0,39.0,40.0,9.964454195890411
SolLevanteDragons_sdr_1920x1080_24_10bit,4,85,0.1521589999999975,7,0.1521589999999975,0.1521589999999975,36.0,36.0,36.0,7.497000954794521
SolLevanteDragons_sdr_1920x1080_24_10bit,4,90,0.309307000000004,7,0.6900739999999956,0.309307000000004,31.0,32.0,31.0,4.904741536111111
SolLevanteDragons_sdr_1920x1080_24_10bit,4,95,0.8143799999999999,7,1.4718050000000034,0.8143799999999999,24.0,27.0,24.0,2.6415152306501546
SolLevanteDragons_sdr_1920x1080_24_10bit,5,80,0.06389799999999468,7,0.06389799999999468,0.06389799999999468,39.0,39.0,39.0,9.964454195890411
SolLevanteDragons_sdr_1920x1080_24_10bit,5,85,0.4999119999999948,7,0.7165349999999933,0.4999119999999948,35.0,36.0,35.0,7.497000954794521
SolLevanteDragons_sdr_1920x1080_24_10bit,5,90,0.2084729999999979,7,1.394689999999997,0.2084729999999979,31.0,32.0,31.0,4.904741536111111
SolLevanteDragons_sdr_1920x1080_24_10bit,5,95,0.7702000000000027,7,1.665450000000007,0.7702000000000027,24.0,27.0,24.0,2.6415152306501546
SolLevanteDragons_sdr_1920x1080_24_10bit,6,80,0.3950980000000044,7,2.059849,0.3950980000000044,40.0,41.0,40.0,9.964454195890411
SolLevanteDragons_sdr_1920x1080_24_10bit,6,85,0.2356410000000011,7,1.430571999999998,0.2356410000000011,36.0,37.0,36.0,7.497000954794521
SolLevanteDragons_sdr_1920x1080_24_10bit,6,90,0.37812900000000127,7,1.7517169999999993,0.37812900000000127,31.0,33.0,31.0,4.904741536111111
SolLevanteDragons_sdr_1920x1080_24_10bit,6,95,1.1411820000000006,7,1.9119469999999978,1.1411820000000006,24.0,28.0,24.0,2.6415152306501546
SolLevanteDragons_sdr_1920x1080_24_10bit,7,80,0.30781000000000347,7,1.1151969999999949,0.30781000000000347,39.0,40.0,39.0,9.964454195890411
SolLevanteDragons_sdr_1920x1080_24_10bit,7,85,0.6528229999999979,7,1.826356000000004,0.6528229999999979,36.0,37.0,36.0,7.497000954794521
SolLevanteDragons_sdr_1920x1080_24_10bit,7,90,0.33616899999999816,7,1.9620960000000025,0.33616899999999816,31.0,33.0,31.0,4.904741536111111
SolLevanteDragons_sdr_1920x1080_24_10bit,7,95,1.2019970000000058,7,1.9813079999999985,1.2019970000000058,24.0,28.0,24.0,2.6415152306501546
SolLevanteDragons_sdr_1920x1080_24_10bit,8,80,0.46272399999999436,7,2.689918000000006,0.46272399999999436,39.0,41.0,39.0,9.964454195890411
SolLevanteDragons_sdr_1920x1080_24_10bit,8,85,0.40181900000000326,7,1.7150670000000048,0.40181900000000326,36.0,37.0,36.0,7.497000954794521
SolLevanteDragons_sdr_1920x1080_24_10bit,8,90,0.3713300000000004,7,1.879598999999999,0.3713300000000004,31.0,33.0,31.0,4.904741536111111
SolLevanteDragons_sdr_1920x1080_24_10bit,8,95,0.9048149999999993,7,1.981268,0.9048149999999993,24.0,28.0,24.0,2.6415152306501546
SolLevanteDragons_sdr_1920x1080_24_10bit,9,80,0.7120529999999974,7,2.333890999999994,0.7120529999999974,39.0,40.0,39.0,9.964454195890411
SolLevanteDragons_sdr_1920x1080_24_10bit,9,85,0.15901999999999816,7,2.6906259999999946,0.15901999999999816,35.0,37.0,35.0,7.497000954794521
SolLevanteDragons_sdr_1920x1080_24_10bit,9,90,0.21759000000000128,7,2.513271000000003,0.21759000000000128,31.0,33.0,31.0,4.904741536111111
SolLevanteDragons_sdr_1920x1080_24_10bit,9,95,0.5161619999999942,7,1.5983580000000046,0.5161619999999942,24.0,27.0,24.0,2.6415152306501546
SolLevanteDragons_sdr_1920x1080_24_10bit,10,80,0.7828789999999941,7,5.787721000000005,0.7828789999999941,37.0,41.0,37.0,9.964454195890411
SolLevanteDragons_sdr_1920x1080_24_10bit,10,85,0.0017679999999984375,7,4.217121000000006,0.0017679999999984375,34.0,37.0,34.0,7.497000954794521
SolLevanteDragons_sdr_1920x1080_24_10bit,10,90,0.32673400000000186,7,2.760615999999999,0.32673400000000186,30.0,32.0,30.0,4.904741536111111
SolLevanteDragons_sdr_1920x1080_24_10bit,10,95,0.5217719999999986,7,2.7001450000000062,0.5217719999999986,24.0,27.0,24.0,2.6415152306501546
SolLevanteFace_sdr_1920x1080_24_10bit,1,80,0.25164900000000046,8,2.5837369999999993,0.25164900000000046,41.0,39.0,41.0,9.964454195890411
SolLevanteFace_sdr_1920x1080_24_10bit,1,85,0.2963320000000067,7,2.735131999999993,0.2963320000000067,37.0,34.0,37.0,7.497000954794521
SolLevanteFace_sdr_1920x1080_24_10bit,1,90,0.17010000000000502,7,2.108429000000001,0.17010000000000502,31.0,28.0,31.0,4.904741536111111
SolLevanteFace_sdr_1920x1080_24_10bit,1,95,0.5199159999999949,7,0.5199159999999949,0.5199159999999949,20.0,20.0,20.0,2.6415152306501546
SolLevanteFace_sdr_1920x1080_24_10bit,2,80,0.013526999999996292,7,2.315160000000006,0.013526999999996292,40.0,38.0,40.0,9.964454195890411
SolLevanteFace_sdr_1920x1080_24_10bit,2,85,0.3288610000000034,7,1.8442040000000048,0.3288610000000034,36.0,34.0,36.0,7.497000954794521
SolLevanteFace_sdr_1920x1080_24_10bit,2,90,0.3719779999999986,7,1.5817770000000024,0.3719779999999986,30.0,28.0,30.0,4.904741536111111
SolLevanteFace_sdr_1920x1080_24_10bit,2,95,0.255352000000002,7,0.255352000000002,0.255352000000002,20.0,20.0,20.0,2.6415152306501546
SolLevanteFace_sdr_1920x1080_24_10bit,3,80,0.16159299999999632,7,1.4152760000000058,0.16159299999999632,39.0,38.0,39.0,9.964454195890411
SolLevanteFace_sdr_1920x1080_24_10bit,3,85,0.022450000000006298,7,1.1032060000000001,0.022450000000006298,35.0,34.0,35.0,7.497000954794521
SolLevanteFace_sdr_1920x1080_24_10bit,3,90,0.1801540000000017,7,1.0446919999999977,0.1801540000000017,30.0,28.0,30.0,4.904741536111111
SolLevanteFace_sdr_1920x1080_24_10bit,3,95,0.0370889999999946,7,0.0370889999999946,0.0370889999999946,20.0,20.0,20.0,2.6415152306501546
SolLevanteFace_sdr_1920x1080_24_10bit,4,80,0.37838299999999947,7,0.37838299999999947,0.37838299999999947,38.0,38.0,38.0,9.964454195890411
SolLevanteFace_sdr_1920x1080_24_10bit,4,85,0.2750120000000038,7,1.1773740000000004,0.2750120000000038,34.0,33.0,34.0,7.497000954794521
SolLevanteFace_sdr_1920x1080_24_10bit,4,90,0.02151600000000542,7,1.3677030000000059,0.02151600000000542,29.0,27.0,29.0,4.904741536111111
SolLevanteFace_sdr_1920x1080_24_10bit,5,80,0.35428299999999524,7,1.0319439999999958,0.35428299999999524,38.0,37.0,38.0,9.964454195890411
SolLevanteFace_sdr_1920x1080_24_10bit,5,85,0.05205200000000332,7,0.9743419999999929,0.05205200000000332,34.0,33.0,34.0,7.497000954794521
SolLevanteFace_sdr_1920x1080_24_10bit,5,90,0.08554599999999368,7,1.3089120000000065,0.08554599999999368,29.0,27.0,29.0,4.904741536111111
SolLevanteFace_sdr_1920x1080_24_10bit,6,80,0.4414079999999956,7,1.0254759999999976,0.4414079999999956,39.0,38.0,39.0,9.964454195890411
SolLevanteFace_sdr_1920x1080_24_10bit,6,85,0.18056300000000647,7,2.0618510000000043,0.18056300000000647,35.0,33.0,35.0,7.497000954794521
SolLevanteFace_sdr_1920x1080_24_10bit,6,90,0.08280000000000598,7,1.4308769999999953,0.08280000000000598,30.0,28.0,30.0,4.904741536111111
SolLevanteFace_sdr_1920x1080_24_10bit,6,95,0.29605800000000215,7,0.29605800000000215,0.29605800000000215,20.0,20.0,20.0,2.6415152306501546
SolLevanteFace_sdr_1920x1080_24_10bit,7,80,0.5380650000000031,7,1.9344470000000058,0.5380650000000031,38.0,37.0,38.0,9.964454195890411
SolLevanteFace_sdr_1920x1080_24_10bit,7,85,0.5249170000000021,7,1.6791230000000041,0.5249170000000021,35.0,33.0,35.0,7.497000954794521
SolLevanteFace_sdr_1920x1080_24_10bit,7,90,0.20912099999999612,7,1.754019999999997,0.20912099999999612,30.0,27.0,30.0,4.904741536111111
SolLevanteFace_sdr_1920x1080_24_10bit,7,95,0.16126699999999516,7,0.16126699999999516,0.16126699999999516,20.0,20.0,20.0,2.6415152306501546
SolLevanteFace_sdr_1920x1080_24_10bit,8,80,0.7184129999999982,7,2.160443000000001,0.7184129999999982,39.0,37.0,39.0,9.964454195890411
SolLevanteFace_sdr_1920x1080_24_10bit,8,85,0.3505229999999955,7,1.8312190000000044,0.3505229999999955,35.0,33.0,35.0,7.497000954794521
SolLevanteFace_sdr_1920x1080_24_10bit,8,90,0.19682299999999486,7,1.0790510000000069,0.19682299999999486,30.0,28.0,30.0,4.904741536111111
SolLevanteFace_sdr_1920x1080_24_10bit,9,80,0.1468009999999964,7,1.2468360000000018,0.1468009999999964,37.0,36.0,37.0,9.964454195890411
SolLevanteFace_sdr_1920x1080_24_10bit,9,85,0.0065859999999986485,7,1.0077670000000012,0.0065859999999986485,33.0,32.0,33.0,7.497000954794521
SolLevanteFace_sdr_1920x1080_24_10bit,9,90,0.14389099999999644,7,0.45926500000000203,0.14389099999999644,28.0,27.0,28.0,4.904741536111111
SolLevanteFace_sdr_1920x1080_24_10bit,10,80,0.028795999999999822,7,0.028795999999999822,0.028795999999999822,35.0,35.0,35.0,9.964454195890411
SolLevanteFace_sdr_1920x1080_24_10bit,10,85,0.511170000000007,7,1.6580430000000064,0.511170000000007,31.0,32.0,31.0,7.497000954794521
SolLevanteFace_sdr_1920x1080_24_10bit,10,90,0.09489700000000312,7,2.0382780000000054,0.09489700000000312,24.0,27.0,24.0,4.904741536111111
SparksElevator_480x270p_5994_10bit,1,80,0.14080199999999365,8,0.14080199999999365,0.14080199999999365,58.0,58.0,58.0,9.964454195890411
SparksElevator_480x270p_5994_10bit,1,85,0.31006999999999607,7,0.9579300000000046,0.31006999999999607,53.0,51.0,53.0,7.497000954794521
SparksElevator_480x270p_5994_10bit,1,90,0.0981570000000005,7,1.5171799999999962,0.0981570000000005,43.0,40.0,43.0,4.904741536111111
SparksElevator_480x270p_5994_10bit,1,95,0.007763999999994553,7,2.7190049999999957,0.007763999999994553,31.0,20.0,31.0,2.6415152306501546
SparksElevator_480x270p_5994_10bit,2,80,0.326318999999998,7,0.326318999999998,0.326318999999998,58.0,58.0,58.0,9.964454195890411
SparksElevator_480x270p_5994_10bit,2,85,0.061916999999994005,7,0.7036190000000033,0.061916999999994005,52.0,51.0,52.0,7.497000954794521
SparksElevator_480x270p_5994_10bit,2,90,0.13741600000000176,7,1.668250999999998,0.13741600000000176,43.0,39.0,43.0,4.904741536111111
SparksElevator_480x270p_5994_10bit,2,95,0.14046500000000606,7,2.6616630000000043,0.14046500000000606,31.0,20.0,31.0,2.6415152306501546
SparksElevator_480x270p_5994_10bit,3,80,0.6683869999999956,7,1.4740479999999963,0.6683869999999956,56.0,58.0,56.0,9.964454195890411
SparksElevator_480x270p_5994_10bit,3,85,0.27684499999999446,7,0.2959720000000061,0.27684499999999446,51.0,50.0,51.0,7.497000954794521
SparksElevator_480x270p_5994_10bit,3,90,0.1864970000000028,8,0.5043799999999976,0.1864970000000028,40.0,39.0,40.0,4.904741536111111
SparksElevator_480x270p_5994_10bit,3,95,0.14924200000000098,7,2.207722000000004,0.14924200000000098,28.0,20.0,28.0,2.6415152306501546
SparksElevator_480x270p_5994_10bit,4,80,0.353699000000006,7,2.016508999999999,0.353699000000006,56.0,58.0,56.0,9.964454195890411
SparksElevator_480x270p_5994_10bit,4,85,0.1933829999999972,7,0.33133800000000235,0.1933829999999972,50.0,49.0,50.0,7.497000954794521
SparksElevator_480x270p_5994_10bit,4,90,0.01051800000000469,8,0.3274600000000021,0.01051800000000469,40.0,39.0,40.0,4.904741536111111
SparksElevator_480x270p_5994_10bit,4,95,0.050674000000000774,7,2.1402829999999966,0.050674000000000774,28.0,20.0,28.0,2.6415152306501546
SparksElevator_480x270p_5994_10bit,5,80,0.314668999999995,7,0.314668999999995,0.314668999999995,56.0,56.0,56.0,9.964454195890411
SparksElevator_480x270p_5994_10bit,5,85,0.10435800000000484,7,0.10435800000000484,0.10435800000000484,49.0,49.0,49.0,7.497000954794521
SparksElevator_480x270p_5994_10bit,5,90,0.11998699999999474,7,0.6478180000000009,0.11998699999999474,39.0,38.0,39.0,4.904741536111111
SparksElevator_480x270p_5994_10bit,5,95,0.035743999999994,7,2.1867770000000064,0.035743999999994,28.0,20.0,28.0,2.6415152306501546
SparksElevator_480x270p_5994_10bit,6,80,0.11051999999999396,7,1.0534650000000028,0.11051999999999396,55.0,56.0,55.0,9.964454195890411
SparksElevator_480x270p_5994_10bit,6,85,0.22450399999999604,7,0.22450399999999604,0.22450399999999604,48.0,48.0,48.0,7.497000954794521
SparksElevator_480x270p_5994_10bit,6,90,0.09310999999999581,7,0.9360920000000021,0.09310999999999581,40.0,38.0,40.0,4.904741536111111
SparksElevator_480x270p_5994_10bit,6,95,0.08266799999999819,7,1.675106999999997,0.08266799999999819,29.0,24.0,29.0,2.6415152306501546
SparksElevator_480x270p_5994_10bit,7,80,0.397705000000002,7,0.518895999999998,0.397705000000002,54.0,55.0,54.0,9.964454195890411
SparksElevator_480x270p_5994_10bit,7,85,0.11747099999999477,7,0.11747099999999477,0.11747099999999477,48.0,48.0,48.0,7.497000954794521
SparksElevator_480x270p_5994_10bit,7,90,0.2355670000000032,7,0.8457070000000044,0.2355670000000032,39.0,38.0,39.0,4.904741536111111
SparksElevator_480x270p_5994_10bit,7,95,0.006483000000002903,7,2.4520629999999954,0.006483000000002903,29.0,20.0,29.0,2.6415152306501546
SparksElevator_480x270p_5994_10bit,8,80,0.18523299999999665,7,0.18523299999999665,0.18523299999999665,55.0,55.0,55.0,9.964454195890411
SparksElevator_480x270p_5994_10bit,8,85,0.1941190000000006,7,0.4450999999999965,0.1941190000000006,49.0,48.0,49.0,7.497000954794521
SparksElevator_480x270p_5994_10bit,8,90,0.08177200000000084,7,0.957412000000005,0.08177200000000084,40.0,38.0,40.0,4.904741536111111
SparksElevator_480x270p_5994_10bit,8,95,0.0036039999999957217,7,1.6554959999999994,0.0036039999999957217,29.0,24.0,29.0,2.6415152306501546
SparksElevator_480x270p_5994_10bit,9,80,0.27425599999999406,7,2.256639000000007,0.27425599999999406,54.0,51.0,54.0,9.964454195890411
SparksElevator_480x270p_5994_10bit,9,85,0.2272219999999976,7,1.5319899999999933,0.2272219999999976,47.0,45.0,47.0,7.497000954794521
SparksElevator_480x270p_5994_10bit,9,90,0.050476000000003296,7,2.3601429999999937,0.050476000000003296,39.0,35.0,39.0,4.904741536111111
SparksElevator_480x270p_5994_10bit,9,95,0.13184499999999844,7,2.122354999999999,0.13184499999999844,29.0,20.0,29.0,2.6415152306501546
SparksElevator_480x270p_5994_10bit,10,80,0.34938099999999395,7,1.4308730000000054,0.34938099999999395,52.0,50.0,52.0,9.964454195890411
SparksElevator_480x270p_5994_10bit,10,85,0.12288700000000574,7,1.7190099999999973,0.12288700000000574,45.0,42.0,45.0,7.497000954794521
SparksElevator_480x270p_5994_10bit,10,90,0.05586499999999717,7,1.2760569999999944,0.05586499999999717,36.0,33.0,36.0,4.904741536111111
SparksElevator_480x270p_5994_10bit,10,95,0.2111539999999934,7,0.2111539999999934,0.2111539999999934,20.0,20.0,20.0,2.6415152306501546
SpeedBag_640x360_2997,1,80,2.829143000000002,8,6.373141000000004,2.829143000000002,60.0,63.0,60.0,9.964454195890411
SpeedBag_640x360_2997,1,85,1.6616829999999965,8,2.170856999999998,1.6616829999999965,58.0,60.0,58.0,7.497000954794521
SpeedBag_640x360_2997,1,90,0.17036099999999976,7,2.6910979999999967,0.17036099999999976,52.0,56.0,52.0,4.904741536111111
SpeedBag_640x360_2997,1,95,0.07149200000000633,7,2.203472000000005,0.07149200000000633,36.0,44.0,36.0,2.6415152306501546
SpeedBag_640x360_2997,2,80,4.2797139999999985,8,7.526087000000004,4.2797139999999985,60.0,63.0,60.0,9.964454195890411
SpeedBag_640x360_2997,2,85,0.6874600000000015,8,0.7202860000000015,0.6874600000000015,58.0,60.0,58.0,7.497000954794521
SpeedBag_640x360_2997,2,90,0.004444000000006554,7,2.165951000000007,0.004444000000006554,52.0,56.0,52.0,4.904741536111111
SpeedBag_640x360_2997,2,95,0.25918799999999464,7,2.154785000000004,0.25918799999999464,37.0,43.0,37.0,2.6415152306501546
SpeedBag_640x360_2997,3,80,4.377467999999993,8,5.446734000000006,4.377467999999993,60.0,63.0,60.0,9.964454195890411
SpeedBag_640x360_2997,3,85,0.6225320000000067,8,0.6225320000000067,0.6225320000000067,60.0,60.0,60.0,7.497000954794521
SpeedBag_640x360_2997,3,90,0.22990900000000636,7,0.5878620000000012,0.22990900000000636,51.0,52.0,51.0,4.904741536111111
SpeedBag_640x360_2997,3,95,0.23807100000000503,7,0.8543549999999982,0.23807100000000503,36.0,40.0,36.0,2.6415152306501546
SpeedBag_640x360_2997,4,80,4.453681000000003,8,5.739234999999994,4.453681000000003,60.0,63.0,60.0,9.964454195890411
SpeedBag_640x360_2997,4,85,0.5463189999999969,8,0.5463189999999969,0.5463189999999969,60.0,60.0,60.0,7.497000954794521
SpeedBag_640x360_2997,4,90,0.45735500000000684,7,0.6868869999999987,0.45735500000000684,50.0,52.0,50.0,4.904741536111111
SpeedBag_640x360_2997,4,95,0.009527000000005614,7,1.336826000000002,0.009527000000005614,35.0,40.0,35.0,2.6415152306501546
SpeedBag_640x360_2997,5,80,2.9098649999999964,8,5.377786999999998,2.9098649999999964,60.0,63.0,60.0,9.964454195890411
SpeedBag_640x360_2997,5,85,0.8143409999999989,8,2.0901350000000036,0.8143409999999989,58.0,60.0,58.0,7.497000954794521
SpeedBag_640x360_2997,5,90,0.2768559999999951,7,0.7072320000000047,0.2768559999999951,50.0,52.0,50.0,4.904741536111111
SpeedBag_640x360_2997,5,95,0.06316700000000708,7,1.2328210000000013,0.06316700000000708,33.0,40.0,33.0,2.6415152306501546
SpeedBag_640x360_2997,6,80,0.8147989999999936,8,0.8147989999999936,0.8147989999999936,60.0,60.0,60.0,9.964454195890411
SpeedBag_640x360_2997,6,85,0.5569320000000033,7,4.185201000000006,0.5569320000000033,58.0,60.0,58.0,7.497000954794521
SpeedBag_640x360_2997,6,90,0.11205200000000559,7,1.010534000000007,0.11205200000000559,49.0,51.0,49.0,4.904741536111111
SpeedBag_640x360_2997,6,95,0.055227000000002135,7,1.3923280000000062,0.055227000000002135,34.0,40.0,34.0,2.6415152306501546
SpeedBag_640x360_2997,7,80,0.2646649999999937,8,0.2646649999999937,0.2646649999999937,60.0,60.0,60.0,9.964454195890411
SpeedBag_640x360_2997,7,85,0.4874580000000037,7,4.735335000000006,0.4874580000000037,56.0,60.0,56.0,7.497000954794521
SpeedBag_640x360_2997,7,90,0.01448299999999847,7,0.6287769999999995,0.01448299999999847,49.0,50.0,49.0,4.904741536111111
SpeedBag_640x360_2997,7,95,0.058331999999992945,7,1.4559019999999947,0.058331999999992945,33.0,39.0,33.0,2.6415152306501546
SpeedBag_640x360_2997,8,80,0.41119799999999884,8,0.41119799999999884,0.41119799999999884,60.0,60.0,60.0,9.964454195890411
SpeedBag_640x360_2997,8,85,0.44032699999999636,7,4.588802000000001,0.44032699999999636,58.0,60.0,58.0,7.497000954794521
SpeedBag_640x360_2997,8,90,0.03682600000000491,7,0.45836199999999394,0.03682600000000491,50.0,51.0,50.0,4.904741536111111
SpeedBag_640x360_2997,8,95,0.0584350000000029,7,1.3616679999999945,0.0584350000000029,35.0,39.0,35.0,2.6415152306501546
SpeedBag_640x360_2997,9,80,1.9259080000000068,8,2.764606999999998,1.9259080000000068,58.0,60.0,58.0,9.964454195890411
SpeedBag_640x360_2997,9,85,0.6888830000000041,7,1.2517100000000028,0.6888830000000041,54.0,56.0,54.0,7.497000954794521
SpeedBag_640x360_2997,9,90,0.12316400000000272,7,1.3195280000000054,0.03970300000000293,46.0,48.0,45.0,4.904741536111111
SpeedBag_640x360_2997,9,95,0.10627200000000414,7,1.3572620000000057,0.10627200000000414,33.0,38.0,33.0,2.6415152306501546
SpeedBag_640x360_2997,10,80,1.7933529999999962,8,2.6332469999999972,1.7933529999999962,58.0,60.0,58.0,9.964454195890411
SpeedBag_640x360_2997,10,85,0.5261490000000038,7,0.608659000000003,0.5261490000000038,54.0,55.0,54.0,7.497000954794521
SpeedBag_640x360_2997,10,90,0.09054700000000082,7,0.47428100000000484,0.09054700000000082,46.0,47.0,46.0,4.904741536111111
SpeedBag_640x360_2997,10,95,0.012846999999993614,7,1.1628350000000012,0.012846999999993614,33.0,36.0,33.0,2.6415152306501546
Spreadsheet_1920x1080_30fps_8bit_420_130f,1,80,12.734359999999995,8,12.734359999999995,12.734359999999995,63.0,63.0,63.0,9.964454195890411
Spreadsheet_1920x1080_30fps_8bit_420_130f,1,85,7.734359999999995,8,7.734359999999995,7.734359999999995,63.0,63.0,63.0,7.497000954794521
Spreadsheet_1920x1080_30fps_8bit_420_130f,1,90,2.7343599999999952,8,2.7343599999999952,2.7343599999999952,63.0,63.0,63.0,4.904741536111111
Spreadsheet_1920x1080_30fps_8bit_420_130f,1,95,0.7792460000000005,8,0.7792460000000005,0.7792460000000005,60.0,60.0,60.0,2.6415152306501546
Spreadsheet_1920x1080_30fps_8bit_420_130f,2,80,12.546661999999998,8,12.546661999999998,12.546661999999998,63.0,63.0,63.0,9.964454195890411
Spreadsheet_1920x1080_30fps_8bit_420_130f,2,85,7.546661999999998,8,7.546661999999998,7.546661999999998,63.0,63.0,63.0,7.497000954794521
Spreadsheet_1920x1080_30fps_8bit_420_130f,2,90,2.5466619999999978,8,2.5466619999999978,2.5466619999999978,63.0,63.0,63.0,4.904741536111111
Spreadsheet_1920x1080_30fps_8bit_420_130f,2,95,0.6655910000000063,8,0.6655910000000063,0.6655910000000063,60.0,60.0,60.0,2.6415152306501546
Spreadsheet_1920x1080_30fps_8bit_420_130f,3,80,11.238767999999993,8,11.238767999999993,11.238767999999993,63.0,63.0,63.0,9.964454195890411
Spreadsheet_1920x1080_30fps_8bit_420_130f,3,85,6.238767999999993,8,6.238767999999993,6.238767999999993,63.0,63.0,63.0,7.497000954794521
Spreadsheet_1920x1080_30fps_8bit_420_130f,3,90,1.2387679999999932,8,1.2387679999999932,1.2387679999999932,63.0,63.0,63.0,4.904741536111111
Spreadsheet_1920x1080_30fps_8bit_420_130f,3,95,0.06513499999999794,8,0.06513499999999794,0.06513499999999794,60.0,60.0,60.0,2.6415152306501546
Spreadsheet_1920x1080_30fps_8bit_420_130f,4,80,11.443492000000006,8,11.443492000000006,11.443492000000006,63.0,63.0,63.0,9.964454195890411
Spreadsheet_1920x1080_30fps_8bit_420_130f,4,85,6.443492000000006,8,6.443492000000006,6.443492000000006,63.0,63.0,63.0,7.497000954794521
Spreadsheet_1920x1080_30fps_8bit_420_130f,4,90,1.4434920000000062,8,1.4434920000000062,1.4434920000000062,63.0,63.0,63.0,4.904741536111111
Spreadsheet_1920x1080_30fps_8bit_420_130f,4,95,0.02260599999999613,8,0.02260599999999613,0.02260599999999613,60.0,60.0,60.0,2.6415152306501546
Spreadsheet_1920x1080_30fps_8bit_420_130f,5,80,11.181747999999999,8,11.181747999999999,11.181747999999999,63.0,63.0,63.0,9.964454195890411
Spreadsheet_1920x1080_30fps_8bit_420_130f,5,85,6.181747999999999,8,6.181747999999999,6.181747999999999,63.0,63.0,63.0,7.497000954794521
Spreadsheet_1920x1080_30fps_8bit_420_130f,5,90,1.181747999999999,8,1.181747999999999,1.181747999999999,63.0,63.0,63.0,4.904741536111111
Spreadsheet_1920x1080_30fps_8bit_420_130f,5,95,0.11046500000000492,8,0.7594720000000024,0.11046500000000492,60.0,58.0,60.0,2.6415152306501546
Spreadsheet_1920x1080_30fps_8bit_420_130f,6,80,9.164154999999994,8,9.164154999999994,9.164154999999994,63.0,63.0,63.0,9.964454195890411
Spreadsheet_1920x1080_30fps_8bit_420_130f,6,85,4.164154999999994,8,4.164154999999994,4.164154999999994,63.0,63.0,63.0,7.497000954794521
Spreadsheet_1920x1080_30fps_8bit_420_130f,6,90,0.8358450000000062,8,4.092605000000006,0.8358450000000062,63.0,60.0,63.0,4.904741536111111
Spreadsheet_1920x1080_30fps_8bit_420_130f,6,95,0.2044700000000006,8,0.8962649999999996,0.2044700000000006,58.0,56.0,58.0,2.6415152306501546
Spreadsheet_1920x1080_30fps_8bit_420_130f,7,80,8.376508000000001,8,8.376508000000001,8.376508000000001,63.0,63.0,63.0,9.964454195890411
Spreadsheet_1920x1080_30fps_8bit_420_130f,7,85,3.376508000000001,8,3.376508000000001,3.376508000000001,63.0,63.0,63.0,7.497000954794521
Spreadsheet_1920x1080_30fps_8bit_420_130f,7,90,1.6234919999999988,8,3.6733990000000034,1.6234919999999988,63.0,60.0,63.0,4.904741536111111
Spreadsheet_1920x1080_30fps_8bit_420_130f,7,95,0.15704999999999814,7,0.7068440000000038,0.15704999999999814,58.0,56.0,58.0,2.6415152306501546
Spreadsheet_1920x1080_30fps_8bit_420_130f,8,80,8.901506999999995,8,8.901506999999995,8.901506999999995,63.0,63.0,63.0,9.964454195890411
Spreadsheet_1920x1080_30fps_8bit_420_130f,8,85,3.901506999999995,8,3.901506999999995,3.901506999999995,63.0,63.0,63.0,7.497000954794521
Spreadsheet_1920x1080_30fps_8bit_420_130f,8,90,1.0984930000000048,8,3.9907970000000006,1.0984930000000048,63.0,60.0,63.0,4.904741536111111
Spreadsheet_1920x1080_30fps_8bit_420_130f,8,95,0.14143400000000383,8,1.1520900000000012,0.14143400000000383,58.0,55.0,58.0,2.6415152306501546
Spreadsheet_1920x1080_30fps_8bit_420_130f,9,80,2.3483949999999965,8,2.3483949999999965,2.3483949999999965,63.0,63.0,63.0,9.964454195890411
Spreadsheet_1920x1080_30fps_8bit_420_130f,9,85,2.6516050000000035,8,5.558228999999997,2.6516050000000035,63.0,60.0,63.0,7.497000954794521
Spreadsheet_1920x1080_30fps_8bit_420_130f,9,90,0.5582289999999972,8,2.347075000000004,0.5582289999999972,60.0,58.0,60.0,4.904741536111111
Spreadsheet_1920x1080_30fps_8bit_420_130f,9,95,0.11255199999999377,7,0.7343690000000009,0.11255199999999377,52.0,48.0,52.0,2.6415152306501546
Spreadsheet_1920x1080_30fps_8bit_420_130f,10,80,0.3544959999999975,8,0.3544959999999975,0.3544959999999975,63.0,63.0,63.0,9.964454195890411
Spreadsheet_1920x1080_30fps_8bit_420_130f,10,85,4.2049300000000045,8,4.2049300000000045,4.2049300000000045,60.0,60.0,60.0,7.497000954794521
Spreadsheet_1920x1080_30fps_8bit_420_130f,10,90,0.7950699999999955,8,2.555890000000005,0.7950699999999955,60.0,56.0,60.0,4.904741536111111
Spreadsheet_1920x1080_30fps_8bit_420_130f,10,95,0.047687999999993735,7,0.5491659999999996,0.047687999999993735,47.0,45.0,47.0,2.6415152306501546
Stockholm_640x360_5994,1,80,5.616489000000001,8,5.616489000000001,5.616489000000001,63.0,63.0,63.0,9.964454195890411
Stockholm_640x360_5994,1,85,0.6164890000000014,8,0.6164890000000014,0.6164890000000014,63.0,63.0,63.0,7.497000954794521
Stockholm_640x360_5994,1,90,2.252227000000005,8,2.252227000000005,2.252227000000005,60.0,60.0,60.0,4.904741536111111
Stockholm_640x360_5994,1,95,0.09598099999999476,7,2.167410000000004,0.09598099999999476,55.0,45.0,55.0,2.6415152306501546
Stockholm_640x360_5994,2,80,7.080408000000006,8,7.080408000000006,7.080408000000006,63.0,63.0,63.0,9.964454195890411
Stockholm_640x360_5994,2,85,2.0804080000000056,8,2.0804080000000056,2.0804080000000056,63.0,63.0,63.0,7.497000954794521
Stockholm_640x360_5994,2,90,2.3425359999999955,8,2.3425359999999955,2.3425359999999955,60.0,60.0,60.0,4.904741536111111
Stockholm_640x360_5994,2,95,0.30818700000000376,7,1.957302999999996,0.30818700000000376,55.0,45.0,55.0,2.6415152306501546
Stockholm_640x360_5994,3,80,6.016808999999995,8,6.016808999999995,6.016808999999995,63.0,63.0,63.0,9.964454195890411
Stockholm_640x360_5994,3,85,1.016808999999995,8,1.016808999999995,1.016808999999995,63.0,63.0,63.0,7.497000954794521
Stockholm_640x360_5994,3,90,1.7596640000000008,8,1.7596640000000008,1.7596640000000008,60.0,60.0,60.0,4.904741536111111
Stockholm_640x360_5994,3,95,0.0953010000000063,7,2.0648750000000007,0.0953010000000063,52.0,41.0,52.0,2.6415152306501546
Stockholm_640x360_5994,4,80,5.362088999999997,8,5.362088999999997,5.362088999999997,63.0,63.0,63.0,9.964454195890411
Stockholm_640x360_5994,4,85,0.36208899999999744,8,0.36208899999999744,0.36208899999999744,63.0,63.0,63.0,7.497000954794521
Stockholm_640x360_5994,4,90,2.130758,8,3.4412439999999975,2.130758,60.0,58.0,60.0,4.904741536111111
Stockholm_640x360_5994,4,95,0.06006100000000458,7,2.0692789999999945,0.06006100000000458,53.0,40.0,53.0,2.6415152306501546
Stockholm_640x360_5994,5,80,4.349798000000007,8,4.349798000000007,4.349798000000007,63.0,63.0,63.0,9.964454195890411
Stockholm_640x360_5994,5,85,0.6502019999999931,8,0.6502019999999931,0.6502019999999931,63.0,63.0,63.0,7.497000954794521
Stockholm_640x360_5994,5,90,1.5183119999999946,8,2.8089449999999943,1.5183119999999946,60.0,58.0,60.0,4.904741536111111
Stockholm_640x360_5994,5,95,0.11838000000000193,7,1.5349310000000003,0.0042619999999971014,52.0,40.0,53.0,2.6415152306501546
Stockholm_640x360_5994,6,80,2.9644799999999947,8,2.9644799999999947,2.9644799999999947,63.0,63.0,63.0,9.964454195890411
Stockholm_640x360_5994,6,85,2.0355200000000053,8,5.3609830000000045,2.0355200000000053,63.0,60.0,63.0,7.497000954794521
Stockholm_640x360_5994,6,90,0.3609830000000045,8,2.0425359999999984,0.3609830000000045,60.0,58.0,60.0,4.904741536111111
Stockholm_640x360_5994,6,95,0.0868069999999932,7,1.832657999999995,0.0868069999999932,51.0,39.0,51.0,2.6415152306501546
Stockholm_640x360_5994,7,80,3.6891549999999995,8,3.6891549999999995,3.6891549999999995,63.0,63.0,63.0,9.964454195890411
Stockholm_640x360_5994,7,85,1.3108450000000005,8,5.244628000000006,1.3108450000000005,63.0,60.0,63.0,7.497000954794521
Stockholm_640x360_5994,7,90,0.24462800000000584,8,1.8659159999999986,0.24462800000000584,60.0,58.0,60.0,4.904741536111111
Stockholm_640x360_5994,7,95,0.08238299999999299,7,1.7330359999999985,0.08238299999999299,50.0,38.0,50.0,2.6415152306501546
Stockholm_640x360_5994,8,80,2.851857999999993,8,2.851857999999993,2.851857999999993,63.0,63.0,63.0,9.964454195890411
Stockholm_640x360_5994,8,85,2.148142000000007,8,5.427856000000006,2.148142000000007,63.0,60.0,63.0,7.497000954794521
Stockholm_640x360_5994,8,90,0.42785600000000557,8,3.248028000000005,0.42785600000000557,60.0,56.0,60.0,4.904741536111111
Stockholm_640x360_5994,8,95,0.03849800000000414,7,1.600449999999995,0.03849800000000414,49.0,38.0,49.0,2.6415152306501546
Stockholm_640x360_5994,9,80,3.793020999999996,8,6.753168000000002,3.793020999999996,63.0,60.0,63.0,9.964454195890411
Stockholm_640x360_5994,9,85,1.7531680000000023,8,4.728018000000006,1.7531680000000023,60.0,58.0,60.0,7.497000954794521
Stockholm_640x360_5994,9,90,0.2719819999999942,7,3.0044850000000025,0.2719819999999942,58.0,52.0,58.0,4.904741536111111
Stockholm_640x360_5994,9,95,0.13731599999999844,7,2.0300809999999956,0.13731599999999844,45.0,34.0,45.0,2.6415152306501546
Stockholm_640x360_5994,10,80,4.779984999999996,8,5.594903000000002,4.779984999999996,63.0,60.0,63.0,9.964454195890411
Stockholm_640x360_5994,10,85,0.5949030000000022,8,3.927950999999993,0.5949030000000022,60.0,58.0,60.0,7.497000954794521
Stockholm_640x360_5994,10,90,0.5363810000000058,7,3.0009660000000054,0.5363810000000058,56.0,51.0,56.0,4.904741536111111
Stockholm_640x360_5994,10,95,0.01994999999999436,7,2.1581079999999986,0.01994999999999436,42.0,27.0,42.0,2.6415152306501546
Tango_3840x2160_5994fps_10bit_420,1,80,0.3485029999999938,7,1.394650999999996,0.3485029999999938,55.0,54.0,55.0,9.964454195890411
Tango_3840x2160_5994fps_10bit_420,1,85,0.12522699999999531,7,0.7951740000000029,0.12522699999999531,49.0,47.0,49.0,7.497000954794521
Tango_3840x2160_5994fps_10bit_420,1,90,0.09047599999999534,7,0.09047599999999534,0.09047599999999534,39.0,39.0,39.0,4.904741536111111
Tango_3840x2160_5994fps_10bit_420,1,95,0.3987099999999941,7,1.537101000000007,0.3987099999999941,24.0,30.0,24.0,2.6415152306501546
Tango_3840x2160_5994fps_10bit_420,2,80,0.3279330000000016,7,1.4066320000000019,0.3279330000000016,55.0,53.0,55.0,9.964454195890411
Tango_3840x2160_5994fps_10bit_420,2,85,0.09873799999999733,7,1.1283640000000048,0.09873799999999733,48.0,46.0,48.0,7.497000954794521
Tango_3840x2160_5994fps_10bit_420,2,90,0.09277799999999559,7,0.42814099999999655,0.09277799999999559,38.0,39.0,38.0,4.904741536111111
Tango_3840x2160_5994fps_10bit_420,2,95,0.34405800000000397,7,1.6675539999999955,0.34405800000000397,24.0,30.0,24.0,2.6415152306501546
Tango_3840x2160_5994fps_10bit_420,3,80,0.2227500000000049,7,3.5068700000000064,0.2227500000000049,56.0,52.0,56.0,9.964454195890411
Tango_3840x2160_5994fps_10bit_420,3,85,0.12026699999999835,7,2.057000000000002,0.12026699999999835,50.0,46.0,50.0,7.497000954794521
Tango_3840x2160_5994fps_10bit_420,3,90,0.139253999999994,7,0.5578409999999963,0.139253999999994,39.0,38.0,39.0,4.904741536111111
Tango_3840x2160_5994fps_10bit_420,3,95,0.15817400000000248,7,1.3267919999999975,0.15817400000000248,24.0,29.0,24.0,2.6415152306501546
Tango_3840x2160_5994fps_10bit_420,4,80,0.28499800000000164,7,3.639360999999994,0.28499800000000164,55.0,51.0,55.0,9.964454195890411
Tango_3840x2160_5994fps_10bit_420,4,85,0.09058400000000688,7,1.8261509999999959,0.09058400000000688,49.0,45.0,49.0,7.497000954794521
Tango_3840x2160_5994fps_10bit_420,4,90,0.01667600000000391,7,0.422347000000002,0.01667600000000391,38.0,37.0,38.0,4.904741536111111
Tango_3840x2160_5994fps_10bit_420,4,95,0.0056550000000044065,7,1.6187910000000016,0.0056550000000044065,24.0,29.0,24.0,2.6415152306501546
Tango_3840x2160_5994fps_10bit_420,5,80,0.288140999999996,7,3.352986999999999,0.288140999999996,54.0,50.0,54.0,9.964454195890411
Tango_3840x2160_5994fps_10bit_420,5,85,0.26495599999999797,7,1.8284699999999958,0.26495599999999797,47.0,44.0,47.0,7.497000954794521
Tango_3840x2160_5994fps_10bit_420,5,90,0.13093000000000643,7,0.13093000000000643,0.13093000000000643,37.0,37.0,37.0,4.904741536111111
Tango_3840x2160_5994fps_10bit_420,5,95,0.019312999999996805,7,1.3975130000000036,0.019312999999996805,24.0,28.0,24.0,2.6415152306501546
Tango_3840x2160_5994fps_10bit_420,6,80,0.05077900000000568,7,2.7325519999999983,0.05077900000000568,54.0,51.0,54.0,9.964454195890411
Tango_3840x2160_5994fps_10bit_420,6,85,0.28930400000000134,7,1.5526650000000046,0.28930400000000134,48.0,45.0,48.0,7.497000954794521
Tango_3840x2160_5994fps_10bit_420,6,90,0.21780599999999595,7,0.21780599999999595,0.21780599999999595,38.0,38.0,38.0,4.904741536111111
Tango_3840x2160_5994fps_10bit_420,6,95,0.45811299999999733,7,1.4139499999999998,0.45811299999999733,27.0,30.0,27.0,2.6415152306501546
Tango_3840x2160_5994fps_10bit_420,7,80,0.3693849999999941,7,2.1797459999999944,0.3693849999999941,52.0,50.0,52.0,9.964454195890411
Tango_3840x2160_5994fps_10bit_420,7,85,0.13094999999999857,7,0.8394040000000018,0.13094999999999857,46.0,45.0,46.0,7.497000954794521
Tango_3840x2160_5994fps_10bit_420,7,90,0.08110700000000293,7,0.08110700000000293,0.08110700000000293,38.0,38.0,38.0,4.904741536111111
Tango_3840x2160_5994fps_10bit_420,7,95,0.4885620000000017,7,1.5130340000000047,0.4885620000000017,27.0,30.0,27.0,2.6415152306501546
Tango_3840x2160_5994fps_10bit_420,8,80,0.3237060000000014,7,2.4726169999999996,0.3237060000000014,53.0,50.0,53.0,9.964454195890411
Tango_3840x2160_5994fps_10bit_420,8,85,0.2356630000000024,7,1.1010540000000049,0.2356630000000024,47.0,45.0,47.0,7.497000954794521
Tango_3840x2160_5994fps_10bit_420,8,90,0.12322299999999586,7,0.12322299999999586,0.12322299999999586,38.0,38.0,38.0,4.904741536111111
Tango_3840x2160_5994fps_10bit_420,8,95,0.25558300000000145,7,1.299233000000001,0.25558300000000145,27.0,30.0,27.0,2.6415152306501546
Tango_3840x2160_5994fps_10bit_420,9,80,0.3692609999999945,7,2.3052299999999946,0.3692609999999945,49.0,47.0,49.0,9.964454195890411
Tango_3840x2160_5994fps_10bit_420,9,85,0.0731839999999977,7,0.6629580000000033,0.0731839999999977,44.0,43.0,44.0,7.497000954794521
Tango_3840x2160_5994fps_10bit_420,9,90,0.0103289999999987,7,0.0103289999999987,0.0103289999999987,37.0,37.0,37.0,4.904741536111111
Tango_3840x2160_5994fps_10bit_420,9,95,0.4479919999999993,7,1.5092719999999957,0.4479919999999993,27.0,30.0,27.0,2.6415152306501546
Tango_3840x2160_5994fps_10bit_420,10,80,0.3692609999999945,7,2.3052299999999946,0.3692609999999945,49.0,47.0,49.0,9.964454195890411
Tango_3840x2160_5994fps_10bit_420,10,85,0.0731839999999977,7,1.4696050000000014,0.0731839999999977,44.0,42.0,44.0,7.497000954794521
Tango_3840x2160_5994fps_10bit_420,10,90,0.0103289999999987,7,0.0103289999999987,0.0103289999999987,37.0,37.0,37.0,4.904741536111111
Tango_3840x2160_5994fps_10bit_420,10,95,0.4479919999999993,7,0.7857429999999965,0.4479919999999993,27.0,28.0,27.0,2.6415152306501546
TimeLapse_3840x2160_5994fps_10bit_420,1,80,1.114017000000004,8,1.114017000000004,1.114017000000004,58.0,58.0,58.0,9.964454195890411
TimeLapse_3840x2160_5994fps_10bit_420,1,85,0.15100900000000195,7,0.7131569999999954,0.15100900000000195,53.0,52.0,53.0,7.497000954794521
TimeLapse_3840x2160_5994fps_10bit_420,1,90,0.17058400000000518,8,0.4823899999999952,0.17058400000000518,42.0,43.0,42.0,4.904741536111111
TimeLapse_3840x2160_5994fps_10bit_420,1,95,0.10735599999999579,7,0.41401000000000465,0.10735599999999579,20.0,24.0,20.0,2.6415152306501546
TimeLapse_3840x2160_5994fps_10bit_420,2,80,1.0858520000000027,8,1.0858520000000027,1.0858520000000027,58.0,58.0,58.0,9.964454195890411
TimeLapse_3840x2160_5994fps_10bit_420,2,85,0.13764399999999455,7,0.708523999999997,0.13764399999999455,53.0,52.0,53.0,7.497000954794521
TimeLapse_3840x2160_5994fps_10bit_420,2,90,0.11396799999999985,8,0.11396799999999985,0.11396799999999985,42.0,42.0,42.0,4.904741536111111
TimeLapse_3840x2160_5994fps_10bit_420,2,95,0.07121200000000272,7,0.4617140000000006,0.07121200000000272,20.0,24.0,20.0,2.6415152306501546
TimeLapse_3840x2160_5994fps_10bit_420,3,80,0.7193209999999937,8,1.894040000000004,0.7193209999999937,60.0,58.0,60.0,9.964454195890411
TimeLapse_3840x2160_5994fps_10bit_420,3,85,0.18545299999999543,7,1.7314169999999933,0.18545299999999543,54.0,51.0,54.0,7.497000954794521
TimeLapse_3840x2160_5994fps_10bit_420,3,90,0.0672789999999992,8,0.7888130000000046,0.0672789999999992,42.0,39.0,42.0,4.904741536111111
TimeLapse_3840x2160_5994fps_10bit_420,4,80,0.9507810000000063,8,3.597785000000002,0.9507810000000063,60.0,56.0,60.0,9.964454195890411
TimeLapse_3840x2160_5994fps_10bit_420,4,85,0.01851499999999362,7,1.938516000000007,0.01851499999999362,54.0,50.0,54.0,7.497000954794521
TimeLapse_3840x2160_5994fps_10bit_420,4,90,0.11730900000000588,8,0.5898439999999994,0.11730900000000588,41.0,39.0,41.0,4.904741536111111
TimeLapse_3840x2160_5994fps_10bit_420,5,80,1.1779010000000056,8,3.2461679999999973,1.1779010000000056,58.0,56.0,58.0,9.964454195890411
TimeLapse_3840x2160_5994fps_10bit_420,5,85,0.1387059999999991,7,2.067510999999996,0.1387059999999991,53.0,49.0,53.0,7.497000954794521
TimeLapse_3840x2160_5994fps_10bit_420,5,90,0.15024499999999819,8,0.6760050000000035,0.15024499999999819,40.0,38.0,40.0,4.904741536111111
TimeLapse_3840x2160_5994fps_10bit_420,6,80,0.21588199999999347,8,3.149338,0.21588199999999347,58.0,55.0,58.0,9.964454195890411
TimeLapse_3840x2160_5994fps_10bit_420,6,85,0.04875599999999736,7,1.4423299999999983,0.04875599999999736,52.0,49.0,52.0,7.497000954794521
TimeLapse_3840x2160_5994fps_10bit_420,6,90,0.09745399999999904,7,0.1998389999999972,0.09745399999999904,40.0,39.0,40.0,4.904741536111111
TimeLapse_3840x2160_5994fps_10bit_420,6,95,0.09692300000000387,7,0.5542120000000068,0.09692300000000387,20.0,24.0,20.0,2.6415152306501546
TimeLapse_3840x2160_5994fps_10bit_420,7,80,0.06014899999999557,8,3.495835999999997,0.06014899999999557,58.0,54.0,58.0,9.964454195890411
TimeLapse_3840x2160_5994fps_10bit_420,7,85,0.1649759999999958,7,1.7167550000000062,0.1649759999999958,51.0,48.0,51.0,7.497000954794521
TimeLapse_3840x2160_5994fps_10bit_420,7,90,0.09985299999999597,7,0.45899199999999496,0.09985299999999597,39.0,38.0,39.0,4.904741536111111
TimeLapse_3840x2160_5994fps_10bit_420,7,95,0.13538400000000195,7,0.5758210000000048,0.13538400000000195,20.0,24.0,20.0,2.6415152306501546
TimeLapse_3840x2160_5994fps_10bit_420,8,80,0.05929299999999671,8,3.733795999999998,0.05929299999999671,58.0,54.0,58.0,9.964454195890411
TimeLapse_3840x2160_5994fps_10bit_420,8,85,0.14972199999999702,7,1.834147999999999,0.14972199999999702,52.0,48.0,52.0,7.497000954794521
TimeLapse_3840x2160_5994fps_10bit_420,8,90,0.04681700000000433,8,1.066552999999999,0.04681700000000433,41.0,38.0,41.0,4.904741536111111
TimeLapse_3840x2160_5994fps_10bit_420,8,95,0.18487399999999354,7,0.18487399999999354,0.18487399999999354,24.0,24.0,24.0,2.6415152306501546
TimeLapse_3840x2160_5994fps_10bit_420,9,80,0.021829999999994243,7,1.936871999999994,0.021829999999994243,54.0,52.0,54.0,9.964454195890411
TimeLapse_3840x2160_5994fps_10bit_420,9,85,0.23232000000000141,7,1.3852679999999964,0.23232000000000141,47.0,45.0,47.0,7.497000954794521
TimeLapse_3840x2160_5994fps_10bit_420,9,90,0.1720020000000062,7,0.5895540000000068,0.1720020000000062,38.0,37.0,38.0,4.904741536111111
TimeLapse_3840x2160_5994fps_10bit_420,9,95,0.20437599999999634,7,0.4043539999999979,0.20437599999999634,20.0,24.0,20.0,2.6415152306501546
TimeLapse_3840x2160_5994fps_10bit_420,10,80,0.021829999999994243,7,3.2954770000000053,0.021829999999994243,54.0,50.0,54.0,9.964454195890411
TimeLapse_3840x2160_5994fps_10bit_420,10,85,0.23232000000000141,7,2.1073480000000018,0.23232000000000141,47.0,44.0,47.0,7.497000954794521
TimeLapse_3840x2160_5994fps_10bit_420,10,90,0.1720020000000062,7,1.084352999999993,0.1720020000000062,38.0,36.0,38.0,4.904741536111111
TimeLapse_3840x2160_5994fps_10bit_420,10,95,0.20437599999999634,7,0.4043539999999979,0.20437599999999634,20.0,24.0,20.0,2.6415152306501546
ToddlerFountain_1920x1080_2997fps_10bit_420,1,80,0.038938000000001693,7,0.038938000000001693,0.038938000000001693,43.0,43.0,43.0,9.964454195890411
ToddlerFountain_1920x1080_2997fps_10bit_420,1,85,0.1499809999999968,7,0.9314969999999931,0.1499809999999968,39.0,40.0,39.0,7.497000954794521
ToddlerFountain_1920x1080_2997fps_10bit_420,1,90,0.12387200000000576,7,1.0838370000000026,0.12387200000000576,35.0,36.0,35.0,4.904741536111111
ToddlerFountain_1920x1080_2997fps_10bit_420,1,95,0.3157029999999992,7,0.3157029999999992,0.3157029999999992,30.0,30.0,30.0,2.6415152306501546
ToddlerFountain_1920x1080_2997fps_10bit_420,2,80,0.7185419999999993,7,0.7185419999999993,0.7185419999999993,43.0,43.0,43.0,9.964454195890411
ToddlerFountain_1920x1080_2997fps_10bit_420,2,85,0.09178099999999745,7,0.09178099999999745,0.09178099999999745,39.0,39.0,39.0,7.497000954794521
ToddlerFountain_1920x1080_2997fps_10bit_420,2,90,0.0790580000000034,7,0.0790580000000034,0.0790580000000034,35.0,35.0,35.0,4.904741536111111
ToddlerFountain_1920x1080_2997fps_10bit_420,2,95,0.43922000000000594,7,0.43922000000000594,0.43922000000000594,30.0,30.0,30.0,2.6415152306501546
ToddlerFountain_1920x1080_2997fps_10bit_420,3,80,0.2690280000000058,7,0.2690280000000058,0.2690280000000058,43.0,43.0,43.0,9.964454195890411
ToddlerFountain_1920x1080_2997fps_10bit_420,3,85,0.10028400000000204,7,0.10028400000000204,0.10028400000000204,39.0,39.0,39.0,7.497000954794521
ToddlerFountain_1920x1080_2997fps_10bit_420,3,90,0.3341920000000016,7,0.3341920000000016,0.3341920000000016,35.0,35.0,35.0,4.904741536111111
ToddlerFountain_1920x1080_2997fps_10bit_420,3,95,0.22910199999999747,7,0.6708610000000022,0.22910199999999747,31.0,30.0,31.0,2.6415152306501546
ToddlerFountain_1920x1080_2997fps_10bit_420,4,80,0.4636560000000003,8,1.8492379999999997,0.4636560000000003,42.0,43.0,42.0,9.964454195890411
ToddlerFountain_1920x1080_2997fps_10bit_420,4,85,0.15874800000000278,7,1.286767999999995,0.15874800000000278,38.0,39.0,38.0,7.497000954794521
ToddlerFountain_1920x1080_2997fps_10bit_420,4,90,0.6048129999999929,7,0.682430999999994,0.6048129999999929,34.0,35.0,34.0,4.904741536111111
ToddlerFountain_1920x1080_2997fps_10bit_420,4,95,0.17039699999999414,7,0.17039699999999414,0.17039699999999414,30.0,30.0,30.0,2.6415152306501546
ToddlerFountain_1920x1080_2997fps_10bit_420,5,80,0.3051179999999931,8,0.9970399999999984,0.3051179999999931,41.0,42.0,41.0,9.964454195890411
ToddlerFountain_1920x1080_2997fps_10bit_420,5,85,0.13896300000000394,7,1.6459490000000017,0.13896300000000394,38.0,39.0,38.0,7.497000954794521
ToddlerFountain_1920x1080_2997fps_10bit_420,5,90,0.1965200000000067,7,0.9130349999999936,0.1965200000000067,34.0,35.0,34.0,4.904741536111111
ToddlerFountain_1920x1080_2997fps_10bit_420,5,95,0.3651399999999967,7,0.3651399999999967,0.3651399999999967,30.0,30.0,30.0,2.6415152306501546
ToddlerFountain_1920x1080_2997fps_10bit_420,6,80,0.6364779999999968,7,0.6364779999999968,0.6364779999999968,44.0,44.0,44.0,9.964454195890411
ToddlerFountain_1920x1080_2997fps_10bit_420,6,85,0.3384060000000062,8,0.3384060000000062,0.3384060000000062,40.0,40.0,40.0,7.497000954794521
ToddlerFountain_1920x1080_2997fps_10bit_420,6,90,0.4843840000000057,7,0.7188960000000009,0.4843840000000057,36.0,37.0,36.0,4.904741536111111
ToddlerFountain_1920x1080_2997fps_10bit_420,6,95,0.2594789999999989,7,0.2594789999999989,0.2594789999999989,32.0,32.0,32.0,2.6415152306501546
ToddlerFountain_1920x1080_2997fps_10bit_420,7,80,0.6278539999999992,7,0.6278539999999992,0.6278539999999992,43.0,43.0,43.0,9.964454195890411
ToddlerFountain_1920x1080_2997fps_10bit_420,7,85,0.18711700000000064,8,0.18711700000000064,0.18711700000000064,40.0,40.0,40.0,7.497000954794521
ToddlerFountain_1920x1080_2997fps_10bit_420,7,90,0.26536799999999516,7,0.812152999999995,0.26536799999999516,36.0,37.0,36.0,4.904741536111111
ToddlerFountain_1920x1080_2997fps_10bit_420,7,95,0.3149530000000027,7,0.3149530000000027,0.3149530000000027,32.0,32.0,32.0,2.6415152306501546
ToddlerFountain_1920x1080_2997fps_10bit_420,8,80,0.6399119999999954,7,0.6399119999999954,0.6399119999999954,44.0,44.0,44.0,9.964454195890411
ToddlerFountain_1920x1080_2997fps_10bit_420,8,85,0.4507509999999968,8,1.053090999999995,0.4507509999999968,40.0,41.0,40.0,7.497000954794521
ToddlerFountain_1920x1080_2997fps_10bit_420,8,90,0.4580009999999959,7,0.8114139999999992,0.4580009999999959,36.0,37.0,36.0,4.904741536111111
ToddlerFountain_1920x1080_2997fps_10bit_420,8,95,0.1547379999999947,7,0.1547379999999947,0.1547379999999947,32.0,32.0,32.0,2.6415152306501546
ToddlerFountain_1920x1080_2997fps_10bit_420,9,80,0.6513819999999981,7,0.766602000000006,0.6513819999999981,44.0,43.0,44.0,9.964454195890411
ToddlerFountain_1920x1080_2997fps_10bit_420,9,85,0.16505999999999688,8,0.16505999999999688,0.16505999999999688,40.0,40.0,40.0,7.497000954794521
ToddlerFountain_1920x1080_2997fps_10bit_420,9,90,0.43155400000000554,7,0.8425749999999965,0.43155400000000554,36.0,37.0,36.0,4.904741536111111
ToddlerFountain_1920x1080_2997fps_10bit_420,9,95,0.3490500000000054,7,0.44423100000000204,0.3490500000000054,31.0,32.0,31.0,2.6415152306501546
ToddlerFountain_1920x1080_2997fps_10bit_420,10,80,0.6107590000000016,7,2.5167589999999933,0.6107590000000016,45.0,43.0,45.0,9.964454195890411
ToddlerFountain_1920x1080_2997fps_10bit_420,10,85,0.49379100000000165,8,1.6949979999999982,0.49379100000000165,41.0,40.0,41.0,7.497000954794521
ToddlerFountain_1920x1080_2997fps_10bit_420,10,90,0.6128259999999983,7,0.6128259999999983,0.6128259999999983,37.0,37.0,37.0,4.904741536111111
ToddlerFountain_1920x1080_2997fps_10bit_420,10,95,0.21513400000000615,7,0.9567640000000068,0.21513400000000615,32.0,31.0,32.0,2.6415152306501546
TouchdownPass_640x360_2997,1,80,1.6195940000000064,8,4.2605470000000025,1.6195940000000064,60.0,58.0,60.0,9.964454195890411
TouchdownPass_640x360_2997,1,85,0.7394529999999975,7,4.953218000000007,0.7394529999999975,58.0,51.0,58.0,7.497000954794521
TouchdownPass_640x360_2997,1,90,0.04678199999999322,7,1.003690000000006,0.04678199999999322,51.0,47.0,51.0,4.904741536111111
TouchdownPass_640x360_2997,1,95,0.06450100000000702,7,0.5303689999999932,0.06450100000000702,35.0,33.0,35.0,2.6415152306501546
TouchdownPass_640x360_2997,2,80,0.18305599999999345,8,5.391760000000005,0.18305599999999345,60.0,56.0,60.0,9.964454195890411
TouchdownPass_640x360_2997,2,85,0.391760000000005,7,3.745428000000004,0.391760000000005,56.0,51.0,56.0,7.497000954794521
TouchdownPass_640x360_2997,2,90,0.10854000000000497,7,1.669831000000002,0.10854000000000497,49.0,46.0,49.0,4.904741536111111
TouchdownPass_640x360_2997,2,95,0.19997299999999996,7,0.5484019999999958,0.19997299999999996,34.0,33.0,34.0,2.6415152306501546
TouchdownPass_640x360_2997,3,80,1.6162080000000003,8,3.440772999999993,1.6162080000000003,60.0,56.0,60.0,9.964454195890411
TouchdownPass_640x360_2997,3,85,0.08198299999999392,7,2.5897130000000033,0.08198299999999392,53.0,51.0,53.0,7.497000954794521
TouchdownPass_640x360_2997,3,90,0.0194230000000033,7,0.32525699999999347,0.0194230000000033,45.0,46.0,45.0,4.904741536111111
TouchdownPass_640x360_2997,3,95,0.12908000000000186,7,0.12908000000000186,0.12908000000000186,32.0,32.0,32.0,2.6415152306501546
TouchdownPass_640x360_2997,4,80,1.715459999999993,8,3.234292999999994,1.715459999999993,60.0,56.0,60.0,9.964454195890411
TouchdownPass_640x360_2997,4,85,0.4459769999999992,7,3.1350769999999955,0.4459769999999992,54.0,50.0,54.0,7.497000954794521
TouchdownPass_640x360_2997,4,90,0.2768599999999992,7,0.29974699999999643,0.2768599999999992,44.0,46.0,44.0,4.904741536111111
TouchdownPass_640x360_2997,4,95,0.2240409999999997,7,0.2240409999999997,0.2240409999999997,32.0,32.0,32.0,2.6415152306501546
TouchdownPass_640x360_2997,5,80,1.752527999999998,8,2.4804440000000056,1.752527999999998,60.0,56.0,60.0,9.964454195890411
TouchdownPass_640x360_2997,5,85,0.0016300000000057935,7,2.4329270000000065,0.0016300000000057935,54.0,50.0,54.0,7.497000954794521
TouchdownPass_640x360_2997,5,90,0.1726409999999987,7,0.8702600000000018,0.1726409999999987,44.0,46.0,44.0,4.904741536111111
TouchdownPass_640x360_2997,5,95,0.07938799999999446,7,0.4450559999999939,0.07938799999999446,31.0,32.0,31.0,2.6415152306501546
TouchdownPass_640x360_2997,6,80,0.13051600000000008,8,2.3769860000000023,0.13051600000000008,58.0,56.0,58.0,9.964454195890411
TouchdownPass_640x360_2997,6,85,0.7769969999999944,7,1.8902559999999937,0.7769969999999944,53.0,50.0,53.0,7.497000954794521
TouchdownPass_640x360_2997,6,90,0.23546000000000333,7,0.24558100000000138,0.23546000000000333,44.0,45.0,44.0,4.904741536111111
TouchdownPass_640x360_2997,6,95,0.024969999999996162,7,0.024969999999996162,0.024969999999996162,32.0,32.0,32.0,2.6415152306501546
TouchdownPass_640x360_2997,7,80,0.15117399999999748,7,2.437501999999995,0.15117399999999748,58.0,55.0,58.0,9.964454195890411
TouchdownPass_640x360_2997,7,85,0.2879259999999988,7,2.316880999999995,0.2879259999999988,52.0,49.0,52.0,7.497000954794521
TouchdownPass_640x360_2997,7,90,0.26040999999999315,7,0.26040999999999315,0.26040999999999315,45.0,45.0,45.0,4.904741536111111
TouchdownPass_640x360_2997,7,95,0.03862999999999772,7,0.13831299999999658,0.03862999999999772,33.0,32.0,33.0,2.6415152306501546
TouchdownPass_640x360_2997,8,80,0.030274000000005685,8,1.7167050000000046,0.030274000000005685,58.0,56.0,58.0,9.964454195890411
TouchdownPass_640x360_2997,8,85,0.21315099999999632,7,2.177340000000001,0.21315099999999632,52.0,49.0,52.0,7.497000954794521
TouchdownPass_640x360_2997,8,90,0.1801799999999929,7,0.9030139999999989,0.1801799999999929,44.0,45.0,44.0,4.904741536111111
TouchdownPass_640x360_2997,8,95,0.00627299999999309,7,0.00627299999999309,0.00627299999999309,32.0,32.0,32.0,2.6415152306501546
TouchdownPass_640x360_2997,9,80,0.8625569999999954,7,4.629031999999995,0.8625569999999954,56.0,52.0,56.0,9.964454195890411
TouchdownPass_640x360_2997,9,85,0.37096800000000485,7,4.085205000000002,0.37096800000000485,52.0,47.0,52.0,7.497000954794521
TouchdownPass_640x360_2997,9,90,0.008938999999998032,7,0.9590840000000043,0.008938999999998032,44.0,42.0,44.0,4.904741536111111
TouchdownPass_640x360_2997,9,95,0.04551800000000128,7,0.30509899999999845,0.04551800000000128,31.0,30.0,31.0,2.6415152306501546
TouchdownPass_640x360_2997,10,80,1.3526130000000052,7,5.23536,1.3526130000000052,56.0,51.0,56.0,9.964454195890411
TouchdownPass_640x360_2997,10,85,0.23536,7,3.356465,0.23536,51.0,46.0,51.0,7.497000954794521
TouchdownPass_640x360_2997,10,90,0.24682199999999455,7,1.5001840000000044,0.24682199999999455,43.0,39.0,43.0,4.904741536111111
TouchdownPass_640x360_2997,10,95,0.16704000000000008,7,0.3193780000000004,0.16704000000000008,30.0,28.0,30.0,2.6415152306501546
TreesAndGrass_1920_1080_30fps_8bit,1,80,5.213403999999997,8,8.776004,5.213403999999997,60.0,63.0,60.0,9.964454195890411
TreesAndGrass_1920_1080_30fps_8bit,1,85,0.21340399999999704,8,0.21340399999999704,0.21340399999999704,60.0,60.0,60.0,7.497000954794521
TreesAndGrass_1920_1080_30fps_8bit,1,90,1.010902999999999,7,4.786596000000003,1.010902999999999,56.0,60.0,56.0,4.904741536111111
TreesAndGrass_1920_1080_30fps_8bit,1,95,0.04122099999999307,7,1.6139950000000027,0.04122099999999307,50.0,53.0,50.0,2.6415152306501546
TreesAndGrass_1920_1080_30fps_8bit,2,80,4.238185000000001,8,9.803503000000006,4.238185000000001,60.0,63.0,60.0,9.964454195890411
TreesAndGrass_1920_1080_30fps_8bit,2,85,0.7618149999999986,8,0.7618149999999986,0.7618149999999986,60.0,60.0,60.0,7.497000954794521
TreesAndGrass_1920_1080_30fps_8bit,2,90,0.256022999999999,7,2.197519,0.256022999999999,56.0,58.0,56.0,4.904741536111111
TreesAndGrass_1920_1080_30fps_8bit,2,95,0.07236399999999321,7,1.6144819999999953,0.07236399999999321,49.0,52.0,49.0,2.6415152306501546
TreesAndGrass_1920_1080_30fps_8bit,3,80,2.589106000000001,8,11.877577000000002,2.589106000000001,60.0,63.0,60.0,9.964454195890411
TreesAndGrass_1920_1080_30fps_8bit,3,85,1.487921,8,2.410893999999999,1.487921,58.0,60.0,58.0,7.497000954794521
TreesAndGrass_1920_1080_30fps_8bit,3,90,0.009206000000006043,7,3.512079,0.009206000000006043,55.0,58.0,55.0,4.904741536111111
TreesAndGrass_1920_1080_30fps_8bit,3,95,0.12339299999999298,7,1.850159000000005,0.12339299999999298,45.0,50.0,45.0,2.6415152306501546
TreesAndGrass_1920_1080_30fps_8bit,4,80,1.4094300000000004,8,13.327074999999994,1.4094300000000004,60.0,63.0,60.0,9.964454195890411
TreesAndGrass_1920_1080_30fps_8bit,4,85,0.649682999999996,8,3.5905699999999996,0.649682999999996,58.0,60.0,58.0,7.497000954794521
TreesAndGrass_1920_1080_30fps_8bit,4,90,0.24543199999999388,7,1.8384479999999996,0.24543199999999388,54.0,56.0,54.0,4.904741536111111
TreesAndGrass_1920_1080_30fps_8bit,4,95,0.195414999999997,7,2.455389999999994,0.195414999999997,44.0,50.0,44.0,2.6415152306501546
TreesAndGrass_1920_1080_30fps_8bit,5,80,1.099654000000001,8,14.040619000000007,1.099654000000001,60.0,63.0,60.0,9.964454195890411
TreesAndGrass_1920_1080_30fps_8bit,5,85,0.2264899999999983,8,3.900345999999999,0.2264899999999983,58.0,60.0,58.0,7.497000954794521
TreesAndGrass_1920_1080_30fps_8bit,5,90,0.3637429999999995,7,2.1452369999999945,0.3637429999999995,54.0,56.0,54.0,4.904741536111111
TreesAndGrass_1920_1080_30fps_8bit,5,95,0.19525899999999297,7,2.255236999999994,0.19525899999999297,44.0,49.0,44.0,2.6415152306501546
TreesAndGrass_1920_1080_30fps_8bit,6,80,1.7618360000000024,8,1.7618360000000024,1.7618360000000024,60.0,60.0,60.0,9.964454195890411
TreesAndGrass_1920_1080_30fps_8bit,6,85,1.3787769999999995,7,6.761836000000002,1.3787769999999995,56.0,60.0,56.0,7.497000954794521
TreesAndGrass_1920_1080_30fps_8bit,6,90,0.3221360000000004,7,3.6212230000000005,0.3221360000000004,53.0,56.0,53.0,4.904741536111111
TreesAndGrass_1920_1080_30fps_8bit,6,95,0.14993900000000338,7,2.3656370000000067,0.14993900000000338,45.0,49.0,45.0,2.6415152306501546
TreesAndGrass_1920_1080_30fps_8bit,7,80,1.5883489999999938,8,3.777405999999999,1.5883489999999938,58.0,60.0,58.0,9.964454195890411
TreesAndGrass_1920_1080_30fps_8bit,7,85,0.012653999999997723,7,8.777406,0.012653999999997723,56.0,60.0,56.0,7.497000954794521
TreesAndGrass_1920_1080_30fps_8bit,7,90,0.31084300000000553,7,3.6697869999999995,0.31084300000000553,52.0,55.0,52.0,4.904741536111111
TreesAndGrass_1920_1080_30fps_8bit,7,95,0.20296799999999848,7,2.943414000000004,0.20296799999999848,45.0,49.0,45.0,2.6415152306501546
TreesAndGrass_1920_1080_30fps_8bit,8,80,0.7469999999999999,7,9.136802000000003,0.7469999999999999,56.0,60.0,56.0,9.964454195890411
TreesAndGrass_1920_1080_30fps_8bit,8,85,0.4350120000000004,7,14.136802000000003,0.4350120000000004,53.0,60.0,53.0,7.497000954794521
TreesAndGrass_1920_1080_30fps_8bit,8,90,0.47332099999999855,7,9.253,0.47332099999999855,48.0,56.0,48.0,4.904741536111111
TreesAndGrass_1920_1080_30fps_8bit,8,95,0.33321300000000065,7,5.473579999999998,0.33321300000000065,42.0,49.0,42.0,2.6415152306501546
TreesAndGrass_1920_1080_30fps_8bit,9,80,0.8014660000000049,7,14.401107999999994,0.8014660000000049,55.0,60.0,55.0,9.964454195890411
TreesAndGrass_1920_1080_30fps_8bit,9,85,0.6536229999999961,7,7.708443000000003,0.6536229999999961,51.0,56.0,51.0,7.497000954794521
TreesAndGrass_1920_1080_30fps_8bit,9,90,0.3384240000000034,7,5.7723199999999935,0.3384240000000034,47.0,52.0,47.0,4.904741536111111
TreesAndGrass_1920_1080_30fps_8bit,9,95,0.08842400000000339,7,3.5473769999999973,0.08842400000000339,42.0,46.0,42.0,2.6415152306501546
TreesAndGrass_1920_1080_30fps_8bit,10,80,0.24853799999999637,7,16.389423,0.24853799999999637,54.0,60.0,54.0,9.964454195890411
TreesAndGrass_1920_1080_30fps_8bit,10,85,0.6494380000000035,7,9.039806999999996,0.6494380000000035,51.0,56.0,51.0,7.497000954794521
TreesAndGrass_1920_1080_30fps_8bit,10,90,0.36194399999999405,7,5.6494380000000035,0.36194399999999405,46.0,51.0,46.0,4.904741536111111
TreesAndGrass_1920_1080_30fps_8bit,10,95,0.08188499999999976,8,3.5990000000000038,0.08188499999999976,41.0,45.0,41.0,2.6415152306501546
TunnelFlag_1920x1080_5994_10bit_420,1,80,7.340119000000001,8,7.340119000000001,7.340119000000001,63.0,63.0,63.0,9.964454195890411
TunnelFlag_1920x1080_5994_10bit_420,1,85,2.3401190000000014,8,2.3401190000000014,2.3401190000000014,63.0,63.0,63.0,7.497000954794521
TunnelFlag_1920x1080_5994_10bit_420,1,90,2.6598809999999986,8,5.6999330000000015,2.6598809999999986,63.0,60.0,63.0,4.904741536111111
TunnelFlag_1920x1080_5994_10bit_420,1,95,0.6999330000000015,8,4.113961000000003,0.6999330000000015,60.0,56.0,60.0,2.6415152306501546
TunnelFlag_1920x1080_5994_10bit_420,2,80,5.907400999999993,8,5.907400999999993,5.907400999999993,63.0,63.0,63.0,9.964454195890411
TunnelFlag_1920x1080_5994_10bit_420,2,85,0.907400999999993,8,0.907400999999993,0.907400999999993,63.0,63.0,63.0,7.497000954794521
TunnelFlag_1920x1080_5994_10bit_420,2,90,4.092599000000007,8,4.926074,4.092599000000007,63.0,60.0,63.0,4.904741536111111
TunnelFlag_1920x1080_5994_10bit_420,2,95,0.07392600000000016,8,3.9435430000000053,0.07392600000000016,60.0,55.0,60.0,2.6415152306501546
TunnelFlag_1920x1080_5994_10bit_420,3,80,3.888824999999997,8,3.888824999999997,3.888824999999997,63.0,63.0,63.0,9.964454195890411
TunnelFlag_1920x1080_5994_10bit_420,3,85,1.111175000000003,8,1.111175000000003,1.111175000000003,63.0,63.0,63.0,7.497000954794521
TunnelFlag_1920x1080_5994_10bit_420,3,90,3.032562999999996,8,3.032562999999996,3.032562999999996,60.0,60.0,60.0,4.904741536111111
TunnelFlag_1920x1080_5994_10bit_420,3,95,0.13603999999999417,8,3.520567,0.13603999999999417,58.0,52.0,58.0,2.6415152306501546
TunnelFlag_1920x1080_5994_10bit_420,4,80,2.5626840000000044,8,2.5626840000000044,2.5626840000000044,63.0,63.0,63.0,9.964454195890411
TunnelFlag_1920x1080_5994_10bit_420,4,85,2.4373159999999956,8,2.4373159999999956,2.4373159999999956,63.0,63.0,63.0,7.497000954794521
TunnelFlag_1920x1080_5994_10bit_420,4,90,2.229984999999999,8,2.229984999999999,2.229984999999999,60.0,60.0,60.0,4.904741536111111
TunnelFlag_1920x1080_5994_10bit_420,4,95,0.4880639999999943,7,3.301786000000007,0.4880639999999943,58.0,51.0,58.0,2.6415152306501546
TunnelFlag_1920x1080_5994_10bit_420,5,80,1.9123830000000055,8,1.9123830000000055,1.9123830000000055,63.0,63.0,63.0,9.964454195890411
TunnelFlag_1920x1080_5994_10bit_420,5,85,3.0876169999999945,8,3.0876169999999945,3.0876169999999945,63.0,63.0,63.0,7.497000954794521
TunnelFlag_1920x1080_5994_10bit_420,5,90,1.8592569999999995,8,1.8592569999999995,1.8592569999999995,60.0,60.0,60.0,4.904741536111111
TunnelFlag_1920x1080_5994_10bit_420,5,95,0.6434449999999998,7,3.135666999999998,0.6434449999999998,56.0,50.0,56.0,2.6415152306501546
TunnelFlag_1920x1080_5994_10bit_420,6,80,0.33207400000000575,8,0.33207400000000575,0.33207400000000575,63.0,63.0,63.0,9.964454195890411
TunnelFlag_1920x1080_5994_10bit_420,6,85,4.667925999999994,8,4.667925999999994,4.667925999999994,63.0,63.0,63.0,7.497000954794521
TunnelFlag_1920x1080_5994_10bit_420,6,90,1.0736749999999944,8,1.0736749999999944,1.0736749999999944,60.0,60.0,60.0,4.904741536111111
TunnelFlag_1920x1080_5994_10bit_420,6,95,0.12372200000000078,7,2.181821999999997,0.12372200000000078,56.0,52.0,56.0,2.6415152306501546
TunnelFlag_1920x1080_5994_10bit_420,7,80,1.619139000000004,8,1.619139000000004,1.619139000000004,63.0,63.0,63.0,9.964454195890411
TunnelFlag_1920x1080_5994_10bit_420,7,85,4.6274740000000065,8,6.619139000000004,4.6274740000000065,60.0,63.0,60.0,7.497000954794521
TunnelFlag_1920x1080_5994_10bit_420,7,90,0.3725259999999935,8,0.3725259999999935,0.3725259999999935,60.0,60.0,60.0,4.904741536111111
TunnelFlag_1920x1080_5994_10bit_420,7,95,0.21327999999999747,7,2.0066659999999956,0.21327999999999747,55.0,51.0,55.0,2.6415152306501546
TunnelFlag_1920x1080_5994_10bit_420,8,80,4.496584999999996,8,4.496584999999996,4.496584999999996,63.0,63.0,63.0,9.964454195890411
TunnelFlag_1920x1080_5994_10bit_420,8,85,3.716274999999996,8,3.716274999999996,3.716274999999996,60.0,60.0,60.0,7.497000954794521
TunnelFlag_1920x1080_5994_10bit_420,8,90,1.283725000000004,8,2.195133999999996,1.283725000000004,60.0,58.0,60.0,4.904741536111111
TunnelFlag_1920x1080_5994_10bit_420,8,95,0.023297999999996932,7,3.279359999999997,0.023297999999996932,55.0,49.0,55.0,2.6415152306501546
TunnelFlag_1920x1080_5994_10bit_420,9,80,1.5120629999999977,8,1.5120629999999977,1.5120629999999977,60.0,60.0,60.0,9.964454195890411
TunnelFlag_1920x1080_5994_10bit_420,9,85,1.2407670000000053,8,1.2407670000000053,1.2407670000000053,58.0,58.0,58.0,7.497000954794521
TunnelFlag_1920x1080_5994_10bit_420,9,90,0.3577149999999989,7,0.753690000000006,0.3577149999999989,56.0,55.0,56.0,4.904741536111111
TunnelFlag_1920x1080_5994_10bit_420,9,95,0.15790699999999447,7,1.3371989999999983,0.15790699999999447,50.0,48.0,50.0,2.6415152306501546
TunnelFlag_1920x1080_5994_10bit_420,10,80,1.0121989999999954,8,1.0121989999999954,1.0121989999999954,60.0,60.0,60.0,9.964454195890411
TunnelFlag_1920x1080_5994_10bit_420,10,85,0.7377769999999941,7,0.7377769999999941,0.7377769999999941,58.0,58.0,58.0,7.497000954794521
TunnelFlag_1920x1080_5994_10bit_420,10,90,0.28763100000000463,7,0.28763100000000463,0.28763100000000463,54.0,54.0,54.0,4.904741536111111
TunnelFlag_1920x1080_5994_10bit_420,10,95,0.14663000000000181,7,1.7976280000000031,0.14663000000000181,49.0,46.0,49.0,2.6415152306501546
Vertical_Bayshore_270x480_2997,1,80,1.012393000000003,8,1.012393000000003,1.012393000000003,60.0,60.0,60.0,9.964454195890411
Vertical_Bayshore_270x480_2997,1,85,0.9051950000000062,7,1.9744349999999997,0.9051950000000062,56.0,55.0,56.0,7.497000954794521
Vertical_Bayshore_270x480_2997,1,90,0.2565699999999964,7,0.720989000000003,0.2565699999999964,50.0,48.0,50.0,4.904741536111111
Vertical_Bayshore_270x480_2997,1,95,0.10886600000000612,7,1.1108679999999964,0.10886600000000612,35.0,31.0,35.0,2.6415152306501546
Vertical_Bayshore_270x480_2997,2,80,0.5504049999999978,8,0.5504049999999978,0.5504049999999978,60.0,60.0,60.0,9.964454195890411
Vertical_Bayshore_270x480_2997,2,85,0.7478009999999955,7,1.9585139999999939,0.7478009999999955,56.0,54.0,56.0,7.497000954794521
Vertical_Bayshore_270x480_2997,2,90,0.16230199999999684,7,0.7530299999999954,0.16230199999999684,49.0,47.0,49.0,4.904741536111111
Vertical_Bayshore_270x480_2997,2,95,0.14111800000000585,7,1.1147870000000069,0.14111800000000585,35.0,30.0,35.0,2.6415152306501546
Vertical_Bayshore_270x480_2997,3,80,0.1504510000000039,8,3.259110000000007,0.1504510000000039,60.0,58.0,60.0,9.964454195890411
Vertical_Bayshore_270x480_2997,3,85,0.025036000000000058,7,1.9894489999999934,0.025036000000000058,56.0,53.0,56.0,7.497000954794521
Vertical_Bayshore_270x480_2997,3,90,0.004414999999994507,7,0.6421330000000012,0.004414999999994507,47.0,45.0,47.0,4.904741536111111
Vertical_Bayshore_270x480_2997,3,95,0.06958500000000356,7,0.5636609999999962,0.06958500000000356,32.0,30.0,32.0,2.6415152306501546
Vertical_Bayshore_270x480_2997,4,80,0.5626749999999987,8,2.462095000000005,0.5626749999999987,60.0,58.0,60.0,9.964454195890411
Vertical_Bayshore_270x480_2997,4,85,0.06876200000000665,7,1.5376600000000025,0.06876200000000665,55.0,53.0,55.0,7.497000954794521
Vertical_Bayshore_270x480_2997,4,90,0.1079249999999945,7,0.7570120000000031,0.1079249999999945,46.0,44.0,46.0,4.904741536111111
Vertical_Bayshore_270x480_2997,4,95,0.09243200000000229,7,0.7831089999999961,0.09243200000000229,32.0,29.0,32.0,2.6415152306501546
Vertical_Bayshore_270x480_2997,5,80,0.9290189999999967,8,1.9219760000000008,0.9290189999999967,60.0,58.0,60.0,9.964454195890411
Vertical_Bayshore_270x480_2997,5,85,0.30856900000000564,7,1.722335000000001,0.30856900000000564,55.0,52.0,55.0,7.497000954794521
Vertical_Bayshore_270x480_2997,5,90,0.08161800000000596,7,0.7809149999999931,0.08161800000000596,45.0,43.0,45.0,4.904741536111111
Vertical_Bayshore_270x480_2997,5,95,0.08183400000000063,7,0.7223749999999995,0.08183400000000063,32.0,29.0,32.0,2.6415152306501546
Vertical_Bayshore_270x480_2997,6,80,0.6933400000000063,8,3.2648980000000023,0.6933400000000063,58.0,56.0,58.0,9.964454195890411
Vertical_Bayshore_270x480_2997,6,85,0.008268999999998528,7,1.8517180000000053,0.008268999999998528,54.0,51.0,54.0,7.497000954794521
Vertical_Bayshore_270x480_2997,6,90,0.09127700000000516,7,0.9316979999999973,0.09127700000000516,45.0,43.0,45.0,4.904741536111111
Vertical_Bayshore_270x480_2997,6,95,0.08078000000000429,7,0.7041190000000057,0.08078000000000429,32.0,30.0,32.0,2.6415152306501546
Vertical_Bayshore_270x480_2997,7,80,0.4678779999999989,8,2.964084999999997,0.4678779999999989,58.0,56.0,58.0,9.964454195890411
Vertical_Bayshore_270x480_2997,7,85,0.2060290000000009,7,2.2383899999999954,0.2060290000000009,53.0,50.0,53.0,7.497000954794521
Vertical_Bayshore_270x480_2997,7,90,0.16032300000000532,7,1.2361449999999934,0.16032300000000532,45.0,42.0,45.0,4.904741536111111
Vertical_Bayshore_270x480_2997,7,95,0.03394699999999773,7,0.6797109999999975,0.03394699999999773,32.0,30.0,32.0,2.6415152306501546
Vertical_Bayshore_270x480_2997,8,80,0.24879199999999457,8,2.677347999999995,0.24879199999999457,58.0,56.0,58.0,9.964454195890411
Vertical_Bayshore_270x480_2997,8,85,0.2592989999999986,7,2.1484530000000035,0.2592989999999986,53.0,50.0,53.0,7.497000954794521
Vertical_Bayshore_270x480_2997,8,90,0.15490699999999435,7,1.217562000000001,0.15490699999999435,45.0,42.0,45.0,4.904741536111111
Vertical_Bayshore_270x480_2997,8,95,0.06967600000000118,7,0.6213869999999986,0.06967600000000118,32.0,30.0,32.0,2.6415152306501546
Vertical_Bayshore_270x480_2997,9,80,0.4078099999999978,7,3.5508260000000007,0.4078099999999978,56.0,53.0,56.0,9.964454195890411
Vertical_Bayshore_270x480_2997,9,85,0.17047200000000373,7,2.0698399999999992,0.17047200000000373,51.0,48.0,51.0,7.497000954794521
Vertical_Bayshore_270x480_2997,9,90,0.2674260000000004,7,1.3355980000000045,0.2674260000000004,42.0,40.0,42.0,4.904741536111111
Vertical_Bayshore_270x480_2997,9,95,0.14978999999999587,7,0.7351969999999994,0.14978999999999587,31.0,29.0,31.0,2.6415152306501546
Vertical_Bayshore_270x480_2997,10,80,0.004247000000006551,7,2.4751799999999946,0.004247000000006551,55.0,52.0,55.0,9.964454195890411
Vertical_Bayshore_270x480_2997,10,85,0.3586779999999976,7,0.7675289999999961,0.3586779999999976,48.0,47.0,48.0,7.497000954794521
Vertical_Bayshore_270x480_2997,10,90,0.12570399999999893,7,0.3982599999999934,0.12570399999999893,39.0,38.0,39.0,4.904741536111111
Vertical_Bayshore_270x480_2997,10,95,0.161752000000007,7,0.8593110000000053,0.161752000000007,24.0,28.0,24.0,2.6415152306501546
Vertical_Carnaby_1080x1920_5994,1,80,0.26504099999999653,7,4.153203000000005,0.26504099999999653,53.0,56.0,53.0,9.964454195890411
Vertical_Carnaby_1080x1920_5994,1,85,0.09466899999999612,7,3.645437000000001,0.09466899999999612,46.0,51.0,46.0,7.497000954794521
Vertical_Carnaby_1080x1920_5994,1,90,0.06437400000000082,7,3.190476000000004,0.06437400000000082,38.0,43.0,38.0,4.904741536111111
Vertical_Carnaby_1080x1920_5994,1,95,0.021384999999995102,7,2.473095999999998,0.021384999999995102,27.0,33.0,27.0,2.6415152306501546
Vertical_Carnaby_1080x1920_5994,2,80,0.1526269999999954,7,4.638226000000003,0.1526269999999954,52.0,56.0,52.0,9.964454195890411
Vertical_Carnaby_1080x1920_5994,2,85,0.3442529999999948,7,3.445828000000006,0.3442529999999948,46.0,50.0,46.0,7.497000954794521
Vertical_Carnaby_1080x1920_5994,2,90,0.20531200000000638,7,3.1607470000000006,0.20531200000000638,38.0,43.0,38.0,4.904741536111111
Vertical_Carnaby_1080x1920_5994,2,95,0.05137999999999465,7,2.1014119999999963,0.05137999999999465,27.0,32.0,27.0,2.6415152306501546
Vertical_Carnaby_1080x1920_5994,3,80,0.3573590000000024,7,4.478649000000004,0.3573590000000024,52.0,56.0,52.0,9.964454195890411
Vertical_Carnaby_1080x1920_5994,3,85,0.16127299999999423,7,3.407837999999998,0.16127299999999423,45.0,50.0,45.0,7.497000954794521
Vertical_Carnaby_1080x1920_5994,3,90,0.23519500000000448,7,2.701560999999998,0.23519500000000448,37.0,42.0,37.0,4.904741536111111
Vertical_Carnaby_1080x1920_5994,3,95,0.27068599999999776,7,1.8241230000000002,0.27068599999999776,27.0,31.0,27.0,2.6415152306501546
Vertical_Carnaby_1080x1920_5994,4,80,0.10555300000000045,7,3.151627000000005,0.10555300000000045,52.0,55.0,52.0,9.964454195890411
Vertical_Carnaby_1080x1920_5994,4,85,0.19654400000000294,7,2.5226219999999984,0.19654400000000294,45.0,49.0,45.0,7.497000954794521
Vertical_Carnaby_1080x1920_5994,4,90,0.1832809999999938,7,2.5872379999999993,0.1832809999999938,38.0,42.0,38.0,4.904741536111111
Vertical_Carnaby_1080x1920_5994,4,95,0.150779,7,1.4493240000000043,0.150779,27.0,31.0,27.0,2.6415152306501546
Vertical_Carnaby_1080x1920_5994,5,80,0.412674999999993,7,2.4718799999999987,0.412674999999993,52.0,54.0,52.0,9.964454195890411
Vertical_Carnaby_1080x1920_5994,5,85,0.02800600000000486,7,2.1318279999999987,0.02800600000000486,45.0,48.0,45.0,7.497000954794521
Vertical_Carnaby_1080x1920_5994,5,90,0.2614640000000037,7,2.156665000000004,0.2614640000000037,38.0,41.0,38.0,4.904741536111111
Vertical_Carnaby_1080x1920_5994,5,95,0.09034300000000428,7,1.321799999999996,0.09034300000000428,28.0,31.0,28.0,2.6415152306501546
Vertical_Carnaby_1080x1920_5994,6,80,0.2469860000000068,7,2.461590000000001,0.2469860000000068,52.0,54.0,52.0,9.964454195890411
Vertical_Carnaby_1080x1920_5994,6,85,0.2812849999999969,7,2.7005070000000018,0.2812849999999969,45.0,49.0,45.0,7.497000954794521
Vertical_Carnaby_1080x1920_5994,6,90,0.026446000000007075,7,1.9725889999999993,0.026446000000007075,38.0,41.0,38.0,4.904741536111111
Vertical_Carnaby_1080x1920_5994,6,95,0.14655100000000232,7,1.6321290000000062,0.14655100000000232,28.0,32.0,28.0,2.6415152306501546
Vertical_Carnaby_1080x1920_5994,7,80,0.14707199999999432,7,2.227755000000002,0.14707199999999432,51.0,53.0,51.0,9.964454195890411
Vertical_Carnaby_1080x1920_5994,7,85,0.23663399999999513,7,2.1503699999999952,0.23663399999999513,45.0,48.0,45.0,7.497000954794521
Vertical_Carnaby_1080x1920_5994,7,90,0.11154799999999909,7,1.9720609999999965,0.11154799999999909,38.0,41.0,38.0,4.904741536111111
Vertical_Carnaby_1080x1920_5994,7,95,0.09013899999999353,7,1.5953480000000013,0.09013899999999353,28.0,32.0,28.0,2.6415152306501546
Vertical_Carnaby_1080x1920_5994,8,80,0.040604999999999336,7,3.4740330000000057,0.040604999999999336,51.0,54.0,51.0,9.964454195890411
Vertical_Carnaby_1080x1920_5994,8,85,0.20987399999999923,7,2.088793999999993,0.20987399999999923,45.0,48.0,45.0,7.497000954794521
Vertical_Carnaby_1080x1920_5994,8,90,0.18577600000000416,7,1.7888690000000054,0.18577600000000416,38.0,41.0,38.0,4.904741536111111
Vertical_Carnaby_1080x1920_5994,8,95,0.12829700000000344,7,1.488939000000002,0.12829700000000344,29.0,32.0,29.0,2.6415152306501546
Vertical_Carnaby_1080x1920_5994,9,80,0.00012300000000209366,7,2.231295000000003,0.00012300000000209366,49.0,51.0,49.0,9.964454195890411
Vertical_Carnaby_1080x1920_5994,9,85,0.18532199999999932,7,2.042742000000004,0.18532199999999932,44.0,46.0,44.0,7.497000954794521
Vertical_Carnaby_1080x1920_5994,9,90,0.3147960000000012,7,1.7650500000000022,0.3147960000000012,37.0,40.0,37.0,4.904741536111111
Vertical_Carnaby_1080x1920_5994,9,95,0.03627199999999675,7,1.029522,0.03627199999999675,29.0,31.0,29.0,2.6415152306501546
Vertical_Carnaby_1080x1920_5994,10,80,0.29971500000000617,7,4.201892000000001,0.29971500000000617,47.0,51.0,47.0,9.964454195890411
Vertical_Carnaby_1080x1920_5994,10,85,0.17421899999999368,7,2.718125999999998,0.17421899999999368,42.0,45.0,42.0,7.497000954794521
Vertical_Carnaby_1080x1920_5994,10,90,0.099410000000006,7,1.7375609999999995,0.099410000000006,36.0,38.0,36.0,4.904741536111111
Vertical_Carnaby_1080x1920_5994,10,95,0.10576799999999764,7,0.8277039999999971,0.10576799999999764,27.0,29.0,27.0,2.6415152306501546
Vertical_bees_1080x1920_2997,1,80,4.3432439999999986,8,4.3432439999999986,4.3432439999999986,63.0,63.0,63.0,9.964454195890411
Vertical_bees_1080x1920_2997,1,85,0.6567560000000014,8,0.6567560000000014,0.6567560000000014,63.0,63.0,63.0,7.497000954794521
Vertical_bees_1080x1920_2997,1,90,0.8573899999999952,8,0.8573899999999952,0.8573899999999952,60.0,60.0,60.0,4.904741536111111
Vertical_bees_1080x1920_2997,1,95,0.07334400000000585,7,0.20644900000000632,0.07334400000000585,51.0,50.0,51.0,2.6415152306501546
Vertical_bees_1080x1920_2997,2,80,3.815115000000006,8,3.815115000000006,3.815115000000006,63.0,63.0,63.0,9.964454195890411
Vertical_bees_1080x1920_2997,2,85,1.1848849999999942,8,1.1848849999999942,1.1848849999999942,63.0,63.0,63.0,7.497000954794521
Vertical_bees_1080x1920_2997,2,90,0.6891379999999998,8,0.6891379999999998,0.6891379999999998,60.0,60.0,60.0,4.904741536111111
Vertical_bees_1080x1920_2997,2,95,0.03453799999999774,7,0.26528100000000165,0.03453799999999774,50.0,49.0,50.0,2.6415152306501546
Vertical_bees_1080x1920_2997,3,80,3.284349000000006,8,3.284349000000006,3.284349000000006,63.0,63.0,63.0,9.964454195890411
Vertical_bees_1080x1920_2997,3,85,1.715650999999994,8,5.159345000000002,1.715650999999994,63.0,60.0,63.0,7.497000954794521
Vertical_bees_1080x1920_2997,3,90,0.15934500000000185,8,1.733323999999996,0.15934500000000185,60.0,58.0,60.0,4.904741536111111
Vertical_bees_1080x1920_2997,3,95,0.029262000000002786,7,0.029262000000002786,0.029262000000002786,47.0,47.0,47.0,2.6415152306501546
Vertical_bees_1080x1920_2997,4,80,3.1214350000000053,8,3.1214350000000053,3.1214350000000053,63.0,63.0,63.0,9.964454195890411
Vertical_bees_1080x1920_2997,4,85,1.8785649999999947,8,5.125444999999999,1.8785649999999947,63.0,60.0,63.0,7.497000954794521
Vertical_bees_1080x1920_2997,4,90,0.12544499999999914,8,1.5813469999999938,0.12544499999999914,60.0,58.0,60.0,4.904741536111111
Vertical_bees_1080x1920_2997,4,95,0.0007880000000000109,7,0.0007880000000000109,0.0007880000000000109,47.0,47.0,47.0,2.6415152306501546
Vertical_bees_1080x1920_2997,5,80,2.7594899999999996,8,2.7594899999999996,2.7594899999999996,63.0,63.0,63.0,9.964454195890411
Vertical_bees_1080x1920_2997,5,85,2.2405100000000004,8,4.840267999999995,2.2405100000000004,63.0,60.0,63.0,7.497000954794521
Vertical_bees_1080x1920_2997,5,90,0.15973200000000531,8,1.413533000000001,0.15973200000000531,60.0,58.0,60.0,4.904741536111111
Vertical_bees_1080x1920_2997,5,95,0.051739999999995234,7,0.1857300000000066,0.051739999999995234,45.0,46.0,45.0,2.6415152306501546
Vertical_bees_1080x1920_2997,6,80,0.41478999999999644,8,0.41478999999999644,0.41478999999999644,63.0,63.0,63.0,9.964454195890411
Vertical_bees_1080x1920_2997,6,85,3.807815000000005,8,3.807815000000005,3.807815000000005,60.0,60.0,60.0,7.497000954794521
Vertical_bees_1080x1920_2997,6,90,0.6355729999999937,8,1.9504419999999953,0.6355729999999937,58.0,56.0,58.0,4.904741536111111
Vertical_bees_1080x1920_2997,6,95,0.058409999999994966,7,0.07963900000000024,0.058409999999994966,44.0,45.0,44.0,2.6415152306501546
Vertical_bees_1080x1920_2997,7,80,0.32832500000000664,8,0.32832500000000664,0.32832500000000664,63.0,63.0,63.0,9.964454195890411
Vertical_bees_1080x1920_2997,7,85,2.886188000000004,8,2.886188000000004,2.886188000000004,60.0,60.0,60.0,7.497000954794521
Vertical_bees_1080x1920_2997,7,90,0.189817000000005,7,1.120270000000005,0.189817000000005,58.0,56.0,58.0,4.904741536111111
Vertical_bees_1080x1920_2997,7,95,0.05961700000000292,7,0.05961700000000292,0.05961700000000292,44.0,44.0,44.0,2.6415152306501546
Vertical_bees_1080x1920_2997,8,80,1.5295619999999985,8,1.5295619999999985,1.5295619999999985,63.0,63.0,63.0,9.964454195890411
Vertical_bees_1080x1920_2997,8,85,2.6879090000000048,8,2.6879090000000048,2.6879090000000048,60.0,60.0,60.0,7.497000954794521
Vertical_bees_1080x1920_2997,8,90,0.22075399999999945,7,1.234934999999993,0.22075399999999945,58.0,56.0,58.0,4.904741536111111
Vertical_bees_1080x1920_2997,8,95,0.011690000000001532,7,0.20433300000000543,0.011690000000001532,45.0,44.0,45.0,2.6415152306501546
Vertical_bees_1080x1920_2997,9,80,3.417192,8,3.417192,3.417192,60.0,60.0,60.0,9.964454195890411
Vertical_bees_1080x1920_2997,9,85,1.262728999999993,8,1.262728999999993,1.262728999999993,58.0,58.0,58.0,7.497000954794521
Vertical_bees_1080x1920_2997,9,90,0.22295300000000395,7,1.3105780000000067,0.22295300000000395,54.0,51.0,54.0,4.904741536111111
Vertical_bees_1080x1920_2997,9,95,0.05737100000000339,7,0.4189800000000048,0.05737100000000339,40.0,38.0,40.0,2.6415152306501546
Vertical_bees_1080x1920_2997,10,80,2.408871000000005,8,2.408871000000005,2.408871000000005,60.0,60.0,60.0,9.964454195890411
Vertical_bees_1080x1920_2997,10,85,0.26472400000000107,8,0.26472400000000107,0.26472400000000107,58.0,58.0,58.0,7.497000954794521
Vertical_bees_1080x1920_2997,10,90,0.2060380000000066,7,0.9061030000000017,0.2060380000000066,52.0,50.0,52.0,4.904741536111111
Vertical_bees_1080x1920_2997,10,95,0.03175600000000145,7,0.514435000000006,0.03175600000000145,36.0,34.0,36.0,2.6415152306501546
Vidyo3_1280x720p_60fps,1,80,2.606909999999999,8,2.606909999999999,2.606909999999999,60.0,60.0,60.0,9.964454195890411
Vidyo3_1280x720p_60fps,1,85,0.19374999999999432,8,0.19374999999999432,0.19374999999999432,58.0,58.0,58.0,7.497000954794521
Vidyo3_1280x720p_60fps,1,90,0.01785300000000234,7,0.01785300000000234,0.01785300000000234,47.0,47.0,47.0,4.904741536111111
Vidyo3_1280x720p_60fps,1,95,0.15652500000000202,7,1.0761250000000047,0.15652500000000202,24.0,30.0,24.0,2.6415152306501546
Vidyo3_1280x720p_60fps,2,80,2.8941410000000047,8,2.8941410000000047,2.8941410000000047,60.0,60.0,60.0,9.964454195890411
Vidyo3_1280x720p_60fps,2,85,0.38080200000000275,7,0.38080200000000275,0.38080200000000275,58.0,58.0,58.0,7.497000954794521
Vidyo3_1280x720p_60fps,2,90,0.07063300000000083,7,0.6103980000000035,0.07063300000000083,47.0,46.0,47.0,4.904741536111111
Vidyo3_1280x720p_60fps,2,95,0.22007000000000687,7,1.123654000000002,0.22007000000000687,20.0,29.0,20.0,2.6415152306501546
Vidyo3_1280x720p_60fps,3,80,2.3384590000000003,8,2.3384590000000003,2.3384590000000003,60.0,60.0,60.0,9.964454195890411
Vidyo3_1280x720p_60fps,3,85,0.5109659999999963,7,1.1400040000000047,0.5109659999999963,58.0,56.0,58.0,7.497000954794521
Vidyo3_1280x720p_60fps,3,90,0.052704000000005635,7,0.17609199999999703,0.052704000000005635,46.0,45.0,46.0,4.904741536111111
Vidyo3_1280x720p_60fps,4,80,2.532165000000006,8,2.532165000000006,2.532165000000006,60.0,60.0,60.0,9.964454195890411
Vidyo3_1280x720p_60fps,4,85,0.31870100000000434,8,1.2143949999999961,0.31870100000000434,58.0,56.0,58.0,7.497000954794521
Vidyo3_1280x720p_60fps,4,90,0.17211700000000008,7,0.6083990000000057,0.169983000000002,45.0,44.0,47.0,4.904741536111111
Vidyo3_1280x720p_60fps,4,95,0.19393300000000124,7,1.3068200000000019,0.19393300000000124,20.0,28.0,20.0,2.6415152306501546
Vidyo3_1280x720p_60fps,5,80,2.281558000000004,8,2.281558000000004,2.281558000000004,60.0,60.0,60.0,9.964454195890411
Vidyo3_1280x720p_60fps,5,85,0.5377579999999966,7,1.7395740000000046,0.5377579999999966,56.0,55.0,56.0,7.497000954794521
Vidyo3_1280x720p_60fps,5,90,0.08538699999999722,7,0.47350000000000136,0.08538699999999722,46.0,43.0,46.0,4.904741536111111
Vidyo3_1280x720p_60fps,5,95,0.2833920000000063,7,1.2707690000000014,0.2833920000000063,20.0,28.0,20.0,2.6415152306501546
Vidyo3_1280x720p_60fps,6,80,0.604015000000004,8,0.604015000000004,0.604015000000004,60.0,60.0,60.0,9.964454195890411
Vidyo3_1280x720p_60fps,6,85,0.021330000000006066,7,1.3867800000000017,0.021330000000006066,56.0,54.0,56.0,7.497000954794521
Vidyo3_1280x720p_60fps,6,90,0.06742400000000259,7,0.34224899999999536,0.06742400000000259,44.0,43.0,44.0,4.904741536111111
Vidyo3_1280x720p_60fps,6,95,0.24378199999999595,7,1.2987269999999995,0.24378199999999595,24.0,29.0,24.0,2.6415152306501546
Vidyo3_1280x720p_60fps,7,80,0.07228299999999876,8,2.3726139999999987,0.07228299999999876,60.0,58.0,60.0,9.964454195890411
Vidyo3_1280x720p_60fps,7,85,0.21379799999999705,7,1.2908620000000042,0.21379799999999705,55.0,53.0,55.0,7.497000954794521
Vidyo3_1280x720p_60fps,7,90,0.03300699999999779,7,0.24972599999999545,0.03300699999999779,42.0,43.0,42.0,4.904741536111111
Vidyo3_1280x720p_60fps,8,80,0.3045800000000014,8,2.3908229999999975,0.3045800000000014,60.0,58.0,60.0,9.964454195890411
Vidyo3_1280x720p_60fps,8,85,0.10833599999999421,7,0.2325830000000053,0.10833599999999421,55.0,53.0,55.0,7.497000954794521
Vidyo3_1280x720p_60fps,8,90,0.008306000000004587,7,0.008306000000004587,0.008306000000004587,43.0,43.0,43.0,4.904741536111111
Vidyo3_1280x720p_60fps,9,80,0.5043699999999944,7,0.9400200000000041,0.5043699999999944,55.0,56.0,55.0,9.964454195890411
Vidyo3_1280x720p_60fps,9,85,0.4366980000000069,7,2.1860170000000068,0.4366980000000069,47.0,51.0,47.0,7.497000954794521
Vidyo3_1280x720p_60fps,9,90,0.30733299999999986,7,1.3949039999999968,0.30733299999999986,38.0,41.0,38.0,4.904741536111111
Vidyo3_1280x720p_60fps,10,80,0.16882099999999411,7,1.3623860000000008,0.16882099999999411,52.0,55.0,52.0,9.964454195890411
Vidyo3_1280x720p_60fps,10,85,0.08763799999999833,7,2.2549099999999953,0.08763799999999833,46.0,49.0,46.0,7.497000954794521
Vidyo3_1280x720p_60fps,10,90,0.13644299999999987,7,0.6155889999999999,0.13644299999999987,36.0,38.0,36.0,4.904741536111111
Vidyo4_1280x720p_60fps,1,80,0.4518560000000065,8,0.4518560000000065,0.4518560000000065,63.0,63.0,63.0,9.964454195890411
Vidyo4_1280x720p_60fps,1,85,1.541527000000002,8,5.4518560000000065,1.541527000000002,60.0,63.0,60.0,7.497000954794521
Vidyo4_1280x720p_60fps,1,90,0.03334999999999866,7,3.458472999999998,0.03334999999999866,55.0,60.0,55.0,4.904741536111111
Vidyo4_1280x720p_60fps,1,95,0.03054000000000201,7,1.9776760000000024,0.03054000000000201,33.0,45.0,33.0,2.6415152306501546
Vidyo4_1280x720p_60fps,2,80,0.19000400000000184,8,0.19000400000000184,0.19000400000000184,63.0,63.0,63.0,9.964454195890411
Vidyo4_1280x720p_60fps,2,85,1.477332000000004,8,5.190004000000002,1.477332000000004,60.0,63.0,60.0,7.497000954794521
Vidyo4_1280x720p_60fps,2,90,0.16782100000000355,7,3.522667999999996,0.16782100000000355,55.0,60.0,55.0,4.904741536111111
Vidyo4_1280x720p_60fps,2,95,0.04527699999999868,7,2.1506069999999937,0.04527699999999868,32.0,45.0,32.0,2.6415152306501546
Vidyo4_1280x720p_60fps,3,80,1.5258070000000004,8,1.5258070000000004,1.5258070000000004,63.0,63.0,63.0,9.964454195890411
Vidyo4_1280x720p_60fps,3,85,1.333984000000001,8,6.525807,1.333984000000001,60.0,63.0,60.0,7.497000954794521
Vidyo4_1280x720p_60fps,3,90,0.20548499999999592,7,1.4945440000000048,0.20548499999999592,54.0,58.0,54.0,4.904741536111111
Vidyo4_1280x720p_60fps,3,95,0.05521799999999644,7,1.697766999999999,0.004339999999999122,31.0,42.0,30.0,2.6415152306501546
Vidyo4_1280x720p_60fps,4,80,1.333278000000007,8,1.333278000000007,1.333278000000007,63.0,63.0,63.0,9.964454195890411
Vidyo4_1280x720p_60fps,4,85,1.305815999999993,8,6.333278000000007,1.305815999999993,60.0,63.0,60.0,7.497000954794521
Vidyo4_1280x720p_60fps,4,90,0.17338100000000622,7,1.8751239999999996,0.17338100000000622,54.0,58.0,54.0,4.904741536111111
Vidyo4_1280x720p_60fps,4,95,0.00703300000000695,7,1.6579669999999993,0.00703300000000695,30.0,41.0,30.0,2.6415152306501546
Vidyo4_1280x720p_60fps,5,80,1.3404919999999976,8,1.3404919999999976,1.3404919999999976,63.0,63.0,63.0,9.964454195890411
Vidyo4_1280x720p_60fps,5,85,1.0405970000000053,8,6.340491999999998,1.0405970000000053,60.0,63.0,60.0,7.497000954794521
Vidyo4_1280x720p_60fps,5,90,0.05482399999999643,7,2.1378169999999983,0.05482399999999643,53.0,58.0,53.0,4.904741536111111
Vidyo4_1280x720p_60fps,5,95,0.028204999999999814,7,1.7922810000000027,0.028204999999999814,30.0,41.0,30.0,2.6415152306501546
Vidyo4_1280x720p_60fps,6,80,3.4226110000000034,8,3.4226110000000034,3.4226110000000034,63.0,63.0,63.0,9.964454195890411
Vidyo4_1280x720p_60fps,6,85,0.08724899999999991,8,0.08724899999999991,0.08724899999999991,60.0,60.0,60.0,7.497000954794521
Vidyo4_1280x720p_60fps,6,90,0.15470200000000034,7,1.7456609999999984,0.15470200000000034,52.0,56.0,52.0,4.904741536111111
Vidyo4_1280x720p_60fps,6,95,0.01169699999999807,7,1.7205670000000026,0.01169699999999807,30.0,40.0,30.0,2.6415152306501546
Vidyo4_1280x720p_60fps,7,80,3.323301999999998,8,3.323301999999998,3.323301999999998,63.0,63.0,63.0,9.964454195890411
Vidyo4_1280x720p_60fps,7,85,0.8225259999999963,8,0.8225259999999963,0.8225259999999963,60.0,60.0,60.0,7.497000954794521
Vidyo4_1280x720p_60fps,7,90,0.16628799999999444,7,1.867366000000004,0.16628799999999444,52.0,56.0,52.0,4.904741536111111
Vidyo4_1280x720p_60fps,7,95,0.008013000000005377,7,1.822733999999997,0.008013000000005377,29.0,40.0,29.0,2.6415152306501546
Vidyo4_1280x720p_60fps,8,80,4.068521000000004,8,4.068521000000004,4.068521000000004,63.0,63.0,63.0,9.964454195890411
Vidyo4_1280x720p_60fps,8,85,0.37859899999999413,8,0.37859899999999413,0.37859899999999413,60.0,60.0,60.0,7.497000954794521
Vidyo4_1280x720p_60fps,8,90,0.11401100000000497,7,1.397473000000005,0.11401100000000497,51.0,55.0,51.0,4.904741536111111
Vidyo4_1280x720p_60fps,8,95,0.060625000000001705,7,1.9902170000000012,0.060625000000001705,29.0,39.0,29.0,2.6415152306501546
Vidyo4_1280x720p_60fps,9,80,0.3624049999999954,8,0.3624049999999954,0.3624049999999954,60.0,60.0,60.0,9.964454195890411
Vidyo4_1280x720p_60fps,9,85,0.21477799999999547,7,1.2072679999999991,0.21477799999999547,56.0,58.0,56.0,7.497000954794521
Vidyo4_1280x720p_60fps,9,90,0.0654700000000048,7,1.0932209999999998,0.0654700000000048,47.0,50.0,47.0,4.904741536111111
Vidyo4_1280x720p_60fps,9,95,0.04222900000000607,7,1.598393999999999,0.04222900000000607,28.0,35.0,28.0,2.6415152306501546
Vidyo4_1280x720p_60fps,10,80,0.23022600000000182,8,0.23022600000000182,0.23022600000000182,60.0,60.0,60.0,9.964454195890411
Vidyo4_1280x720p_60fps,10,85,0.24703499999999678,7,0.649359000000004,0.24703499999999678,55.0,56.0,55.0,7.497000954794521
Vidyo4_1280x720p_60fps,10,90,0.22199700000000178,7,0.8033829999999966,0.22199700000000178,45.0,47.0,45.0,4.904741536111111
Vidyo4_1280x720p_60fps,10,95,0.0610460000000046,7,1.1320680000000038,0.0610460000000046,24.0,30.0,24.0,2.6415152306501546
WITCHER3_1920x1080_60_8bit_420,1,80,0.038916000000000395,7,3.9114160000000027,0.038916000000000395,49.0,44.0,49.0,9.964454195890411
WITCHER3_1920x1080_60_8bit_420,1,85,0.36541300000000376,7,5.214264,0.36541300000000376,43.0,35.0,43.0,7.497000954794521
WITCHER3_1920x1080_60_8bit_420,1,90,0.214264,7,5.765208000000001,0.214264,35.0,24.0,35.0,4.904741536111111
WITCHER3_1920x1080_60_8bit_420,1,95,0.5911020000000065,7,1.8354729999999932,0.5911020000000065,27.0,20.0,27.0,2.6415152306501546
WITCHER3_1920x1080_60_8bit_420,2,80,0.10089999999999577,7,4.829730999999995,0.10089999999999577,48.0,42.0,48.0,9.964454195890411
WITCHER3_1920x1080_60_8bit_420,2,85,0.17026900000000467,8,4.617221999999998,0.17026900000000467,42.0,35.0,42.0,7.497000954794521
WITCHER3_1920x1080_60_8bit_420,2,90,0.3256899999999945,7,5.405060000000006,0.3256899999999945,34.0,24.0,34.0,4.904741536111111
WITCHER3_1920x1080_60_8bit_420,2,95,0.40506000000000597,7,1.468744000000001,0.40506000000000597,24.0,20.0,24.0,2.6415152306501546
WITCHER3_1920x1080_60_8bit_420,3,80,0.17841199999999446,7,4.514948000000004,0.17841199999999446,48.0,42.0,48.0,9.964454195890411
WITCHER3_1920x1080_60_8bit_420,3,85,0.12084400000000528,8,4.130679999999998,0.12084400000000528,41.0,35.0,41.0,7.497000954794521
WITCHER3_1920x1080_60_8bit_420,3,90,0.20271099999999365,7,5.093987999999996,0.20271099999999365,34.0,24.0,34.0,4.904741536111111
WITCHER3_1920x1080_60_8bit_420,3,95,0.09398799999999596,7,1.2674999999999983,0.09398799999999596,24.0,20.0,24.0,2.6415152306501546
WITCHER3_1920x1080_60_8bit_420,4,80,0.2390879999999953,7,4.867906000000005,0.2390879999999953,48.0,41.0,48.0,9.964454195890411
WITCHER3_1920x1080_60_8bit_420,4,85,0.13209399999999505,8,3.7833789999999965,0.13209399999999505,41.0,35.0,41.0,7.497000954794521
WITCHER3_1920x1080_60_8bit_420,4,90,0.07415100000000052,7,5.100717000000003,0.07415100000000052,33.0,24.0,33.0,4.904741536111111
WITCHER3_1920x1080_60_8bit_420,4,95,0.10071700000000305,7,1.368076000000002,0.10071700000000305,24.0,20.0,24.0,2.6415152306501546
WITCHER3_1920x1080_60_8bit_420,5,80,0.19700799999999674,7,5.3195149999999956,0.19700799999999674,47.0,40.0,47.0,9.964454195890411
WITCHER3_1920x1080_60_8bit_420,5,85,0.31951499999999555,8,4.364913999999999,0.31951499999999555,40.0,34.0,40.0,7.497000954794521
WITCHER3_1920x1080_60_8bit_420,5,90,0.03239600000000564,7,5.054590000000005,0.03239600000000564,33.0,24.0,33.0,4.904741536111111
WITCHER3_1920x1080_60_8bit_420,5,95,0.05459000000000458,7,1.3344689999999986,0.05459000000000458,24.0,20.0,24.0,2.6415152306501546
WITCHER3_1920x1080_60_8bit_420,6,80,0.2972819999999956,7,4.850769999999997,0.2972819999999956,47.0,41.0,47.0,9.964454195890411
WITCHER3_1920x1080_60_8bit_420,6,85,0.14923000000000286,8,4.258178000000001,0.14923000000000286,41.0,35.0,41.0,7.497000954794521
WITCHER3_1920x1080_60_8bit_420,6,90,0.012817999999995777,7,5.730525999999998,0.012817999999995777,34.0,24.0,34.0,4.904741536111111
WITCHER3_1920x1080_60_8bit_420,6,95,0.7305259999999976,7,1.9722090000000065,0.7305259999999976,24.0,20.0,24.0,2.6415152306501546
WITCHER3_1920x1080_60_8bit_420,7,80,0.15225399999999922,7,5.600617,0.15225399999999922,47.0,40.0,47.0,9.964454195890411
WITCHER3_1920x1080_60_8bit_420,7,85,0.20512800000000198,8,4.988166000000007,0.20512800000000198,41.0,34.0,41.0,7.497000954794521
WITCHER3_1920x1080_60_8bit_420,7,90,0.011833999999993239,7,5.520719,0.011833999999993239,34.0,24.0,34.0,4.904741536111111
WITCHER3_1920x1080_60_8bit_420,7,95,0.5207189999999997,7,1.680224999999993,0.5207189999999997,24.0,20.0,24.0,2.6415152306501546
WITCHER3_1920x1080_60_8bit_420,8,80,0.04550000000000409,7,4.778454999999994,0.04550000000000409,47.0,41.0,47.0,9.964454195890411
WITCHER3_1920x1080_60_8bit_420,8,85,0.2215450000000061,8,4.468654000000001,0.2215450000000061,41.0,35.0,41.0,7.497000954794521
WITCHER3_1920x1080_60_8bit_420,8,90,0.16846999999999923,7,4.181704999999994,0.16846999999999923,34.0,27.0,34.0,4.904741536111111
WITCHER3_1920x1080_60_8bit_420,8,95,0.6712799999999959,7,1.8170850000000058,0.6712799999999959,24.0,20.0,24.0,2.6415152306501546
WITCHER3_1920x1080_60_8bit_420,9,80,0.1299810000000008,7,5.493717000000004,0.1299810000000008,45.0,39.0,45.0,9.964454195890411
WITCHER3_1920x1080_60_8bit_420,9,85,0.3162099999999981,7,5.293650999999997,0.3162099999999981,40.0,33.0,40.0,7.497000954794521
WITCHER3_1920x1080_60_8bit_420,9,90,0.293650999999997,7,5.550713999999999,0.293650999999997,33.0,24.0,33.0,4.904741536111111
WITCHER3_1920x1080_60_8bit_420,9,95,0.5507139999999993,7,1.650700999999998,0.5507139999999993,24.0,20.0,24.0,2.6415152306501546
WITCHER3_1920x1080_60_8bit_420,10,80,0.0019199999999983675,7,5.501480000000001,0.0019199999999983675,44.0,38.0,44.0,9.964454195890411
WITCHER3_1920x1080_60_8bit_420,10,85,0.39781100000000436,7,5.145363000000003,0.39781100000000436,39.0,32.0,39.0,7.497000954794521
WITCHER3_1920x1080_60_8bit_420,10,90,0.14536300000000324,7,4.807376000000005,0.14536300000000324,32.0,24.0,32.0,4.904741536111111
WITCHER3_1920x1080_60_8bit_420,10,95,0.19262399999999502,7,0.9440089999999941,0.19262399999999502,24.0,20.0,24.0,2.6415152306501546
WalkingInStreet_1920x1080_30fps,1,80,0.865122999999997,8,0.865122999999997,0.865122999999997,60.0,60.0,60.0,9.964454195890411
WalkingInStreet_1920x1080_30fps,1,85,0.6364190000000036,7,5.865122999999997,0.6364190000000036,56.0,60.0,56.0,7.497000954794521
WalkingInStreet_1920x1080_30fps,1,90,0.11375700000000677,7,3.131991999999997,0.11375700000000677,51.0,55.0,51.0,4.904741536111111
WalkingInStreet_1920x1080_30fps,1,95,0.06651599999999291,8,3.294500999999997,0.06651599999999291,42.0,48.0,42.0,2.6415152306501546
WalkingInStreet_1920x1080_30fps,2,80,1.166790000000006,8,3.016091000000003,1.166790000000006,58.0,60.0,58.0,9.964454195890411
WalkingInStreet_1920x1080_30fps,2,85,0.1445149999999984,7,8.016091000000003,0.1445149999999984,55.0,60.0,55.0,7.497000954794521
WalkingInStreet_1920x1080_30fps,2,90,0.23513400000000217,7,4.855485000000002,0.23513400000000217,49.0,55.0,49.0,4.904741536111111
WalkingInStreet_1920x1080_30fps,2,95,0.27631599999999423,8,4.544466999999997,0.27631599999999423,41.0,48.0,41.0,2.6415152306501546
WalkingInStreet_1920x1080_30fps,3,80,0.21550200000000075,8,3.9118959999999987,0.21550200000000075,58.0,60.0,58.0,9.964454195890411
WalkingInStreet_1920x1080_30fps,3,85,0.18296899999999994,7,4.784497999999999,0.18296899999999994,54.0,58.0,54.0,7.497000954794521
WalkingInStreet_1920x1080_30fps,3,90,0.17722600000000455,7,4.122405999999998,0.17722600000000455,47.0,53.0,47.0,4.904741536111111
WalkingInStreet_1920x1080_30fps,3,95,0.1706180000000046,7,4.220585999999997,0.1706180000000046,40.0,46.0,40.0,2.6415152306501546
WalkingInStreet_1920x1080_30fps,4,80,0.6868910000000028,7,4.832076999999998,0.6868910000000028,58.0,60.0,58.0,9.964454195890411
WalkingInStreet_1920x1080_30fps,4,85,0.04515100000000416,7,5.686891000000003,0.04515100000000416,53.0,58.0,53.0,7.497000954794521
WalkingInStreet_1920x1080_30fps,4,90,0.10956400000000599,7,4.321326999999997,0.10956400000000599,46.0,52.0,46.0,4.904741536111111
WalkingInStreet_1920x1080_30fps,4,95,0.24228899999999953,7,4.296886000000001,0.24228899999999953,39.0,45.0,39.0,2.6415152306501546
WalkingInStreet_1920x1080_30fps,5,80,0.6185689999999937,7,5.502883999999995,0.6185689999999937,56.0,60.0,56.0,9.964454195890411
WalkingInStreet_1920x1080_30fps,5,85,0.3672210000000007,7,6.308136000000005,0.3672210000000007,51.0,58.0,51.0,7.497000954794521
WalkingInStreet_1920x1080_30fps,5,90,0.12246199999999874,7,5.400026999999994,0.12246199999999874,45.0,52.0,45.0,4.904741536111111
WalkingInStreet_1920x1080_30fps,5,95,0.15277700000000038,7,4.141261,0.15277700000000038,38.0,44.0,38.0,2.6415152306501546
WalkingInStreet_1920x1080_30fps,6,80,0.9689599999999956,7,6.605957000000004,0.9689599999999956,56.0,60.0,56.0,9.964454195890411
WalkingInStreet_1920x1080_30fps,6,85,0.4846600000000052,7,4.031040000000004,0.4846600000000052,53.0,56.0,53.0,7.497000954794521
WalkingInStreet_1920x1080_30fps,6,90,0.10029199999999605,7,3.4049890000000005,0.10029199999999605,47.0,51.0,47.0,4.904741536111111
WalkingInStreet_1920x1080_30fps,6,95,0.2259289999999936,8,2.693798000000001,0.2259289999999936,40.0,44.0,40.0,2.6415152306501546
WalkingInStreet_1920x1080_30fps,7,80,0.15465199999999868,7,8.403578999999993,0.15465199999999868,56.0,60.0,56.0,9.964454195890411
WalkingInStreet_1920x1080_30fps,7,85,0.20828000000000202,7,4.845348000000001,0.20828000000000202,52.0,56.0,52.0,7.497000954794521
WalkingInStreet_1920x1080_30fps,7,90,0.07320300000000657,7,2.789379999999994,0.07320300000000657,47.0,50.0,47.0,4.904741536111111
WalkingInStreet_1920x1080_30fps,7,95,0.34333499999999617,8,2.592903000000007,0.34333499999999617,40.0,44.0,40.0,2.6415152306501546
WalkingInStreet_1920x1080_30fps,8,80,1.320473000000007,7,6.9132900000000035,1.320473000000007,56.0,60.0,56.0,9.964454195890411
WalkingInStreet_1920x1080_30fps,8,85,0.013932999999994422,7,3.679526999999993,0.013932999999994422,53.0,56.0,53.0,7.497000954794521
WalkingInStreet_1920x1080_30fps,8,90,0.2820130000000063,7,2.129388000000006,0.2820130000000063,47.0,50.0,47.0,4.904741536111111
WalkingInStreet_1920x1080_30fps,8,95,0.3659719999999993,8,1.758538999999999,0.3659719999999993,40.0,43.0,40.0,2.6415152306501546
WalkingInStreet_1920x1080_30fps,9,80,0.6289649999999938,7,2.8859879999999976,0.6289649999999938,54.0,56.0,54.0,9.964454195890411
WalkingInStreet_1920x1080_30fps,9,85,0.39756500000000017,7,1.677621000000002,0.39756500000000017,51.0,52.0,51.0,7.497000954794521
WalkingInStreet_1920x1080_30fps,9,90,0.19099799999999334,7,1.0888539999999978,0.19099799999999334,46.0,47.0,46.0,4.904741536111111
WalkingInStreet_1920x1080_30fps,9,95,0.3308399999999949,7,1.1053339999999992,0.3308399999999949,40.0,41.0,40.0,2.6415152306501546
WalkingInStreet_1920x1080_30fps,10,80,0.11109899999999584,7,3.6663369999999986,0.11109899999999584,54.0,56.0,54.0,9.964454195890411
WalkingInStreet_1920x1080_30fps,10,85,0.3314929999999947,7,0.872326000000001,0.3314929999999947,50.0,51.0,50.0,7.497000954794521
WalkingInStreet_1920x1080_30fps,10,90,0.28840200000000493,7,0.5876590000000022,0.28840200000000493,45.0,46.0,45.0,4.904741536111111
WalkingInStreet_1920x1080_30fps,10,95,0.04630400000000634,7,0.677234999999996,0.04630400000000634,39.0,40.0,39.0,2.6415152306501546
WestWindEasy_1280x720p30_420,1,80,0.6134689999999949,7,2.801449000000005,0.6134689999999949,56.0,52.0,56.0,9.964454195890411
WestWindEasy_1280x720p30_420,1,85,0.06445899999999938,7,0.06445899999999938,0.06445899999999938,48.0,48.0,48.0,7.497000954794521
WestWindEasy_1280x720p30_420,1,90,0.12657400000000507,8,2.109140999999994,0.12657400000000507,41.0,44.0,41.0,4.904741536111111
WestWindEasy_1280x720p30_420,1,95,0.2103570000000019,7,2.333397000000005,0.2103570000000019,33.0,37.0,33.0,2.6415152306501546
WestWindEasy_1280x720p30_420,2,80,0.44040599999999586,7,0.44040599999999586,0.44040599999999586,52.0,52.0,52.0,9.964454195890411
WestWindEasy_1280x720p30_420,2,85,0.1220869999999934,7,1.996297999999996,0.1220869999999934,46.0,48.0,46.0,7.497000954794521
WestWindEasy_1280x720p30_420,2,90,0.010865999999992937,7,3.5040599999999955,0.010865999999992937,39.0,44.0,39.0,4.904741536111111
WestWindEasy_1280x720p30_420,2,95,0.049940000000006535,7,3.2825500000000005,0.049940000000006535,32.0,37.0,32.0,2.6415152306501546
WestWindEasy_1280x720p30_420,3,80,0.32290500000000577,7,1.023015000000001,0.32290500000000577,52.0,51.0,52.0,9.964454195890411
WestWindEasy_1280x720p30_420,3,85,0.07054300000000069,7,1.7001669999999933,0.07054300000000069,45.0,47.0,45.0,7.497000954794521
WestWindEasy_1280x720p30_420,3,90,0.3202789999999993,7,3.5133170000000007,0.3202789999999993,38.0,43.0,38.0,4.904741536111111
WestWindEasy_1280x720p30_420,3,95,0.14299599999999657,7,2.850420999999997,0.14299599999999657,32.0,36.0,32.0,2.6415152306501546
WestWindEasy_1280x720p30_420,4,80,0.26275900000000263,7,0.26275900000000263,0.26275900000000263,51.0,51.0,51.0,9.964454195890411
WestWindEasy_1280x720p30_420,4,85,0.2298329999999993,7,2.6408890000000014,0.2298329999999993,44.0,47.0,44.0,7.497000954794521
WestWindEasy_1280x720p30_420,4,90,0.42387100000000544,7,3.582982000000001,0.42387100000000544,38.0,42.0,38.0,4.904741536111111
WestWindEasy_1280x720p30_420,4,95,0.39501300000000583,7,3.4438590000000033,0.39501300000000583,32.0,36.0,32.0,2.6415152306501546
WestWindEasy_1280x720p30_420,5,80,0.19128999999999508,7,0.19128999999999508,0.19128999999999508,50.0,50.0,50.0,9.964454195890411
WestWindEasy_1280x720p30_420,5,85,0.03276800000000435,7,2.5837549999999965,0.03276800000000435,44.0,47.0,44.0,7.497000954794521
WestWindEasy_1280x720p30_420,5,90,0.24398899999999912,7,3.2406349999999975,0.24398899999999912,38.0,42.0,38.0,4.904741536111111
WestWindEasy_1280x720p30_420,5,95,0.562925000000007,7,3.7142439999999937,0.562925000000007,31.0,36.0,31.0,2.6415152306501546
WestWindEasy_1280x720p30_420,6,80,0.21013200000000154,7,1.3194510000000008,0.21013200000000154,52.0,51.0,52.0,9.964454195890411
WestWindEasy_1280x720p30_420,6,85,0.044274999999998954,7,0.044274999999998954,0.044274999999998954,47.0,47.0,47.0,7.497000954794521
WestWindEasy_1280x720p30_420,6,90,0.4636119999999977,8,1.2924330000000026,0.4636119999999977,41.0,42.0,41.0,4.904741536111111
WestWindEasy_1280x720p30_420,6,95,0.033021000000005074,7,1.4218819999999965,0.033021000000005074,34.0,36.0,34.0,2.6415152306501546
WestWindEasy_1280x720p30_420,7,80,0.18168199999999501,7,2.5100889999999936,0.18168199999999501,52.0,50.0,52.0,9.964454195890411
WestWindEasy_1280x720p30_420,7,85,0.0269310000000047,7,0.0269310000000047,0.0269310000000047,47.0,47.0,47.0,7.497000954794521
WestWindEasy_1280x720p30_420,7,90,0.05030800000000113,8,0.7198439999999948,0.05030800000000113,41.0,42.0,41.0,4.904741536111111
WestWindEasy_1280x720p30_420,7,95,0.02894799999999975,7,0.9904030000000006,0.02894799999999975,34.0,36.0,34.0,2.6415152306501546
WestWindEasy_1280x720p30_420,8,80,0.25947800000000143,7,3.2740500000000026,0.25947800000000143,54.0,50.0,54.0,9.964454195890411
WestWindEasy_1280x720p30_420,8,85,0.07398200000000088,7,0.9249499999999955,0.07398200000000088,48.0,47.0,48.0,7.497000954794521
WestWindEasy_1280x720p30_420,8,90,0.036814000000006786,7,0.036814000000006786,0.036814000000006786,42.0,42.0,42.0,4.904741536111111
WestWindEasy_1280x720p30_420,8,95,0.04667600000000505,7,0.7228929999999991,0.04667600000000505,35.0,36.0,35.0,2.6415152306501546
WestWindEasy_1280x720p30_420,9,80,0.5205590000000058,7,5.531749000000005,0.5205590000000058,55.0,48.0,55.0,9.964454195890411
WestWindEasy_1280x720p30_420,9,85,0.35842200000000446,7,3.2545549999999963,0.35842200000000446,49.0,45.0,49.0,7.497000954794521
WestWindEasy_1280x720p30_420,9,90,0.4915770000000066,7,1.5116620000000012,0.4915770000000066,43.0,41.0,43.0,4.904741536111111
WestWindEasy_1280x720p30_420,9,95,0.2873689999999982,7,0.769566999999995,0.2873689999999982,36.0,34.0,36.0,2.6415152306501546
WestWindEasy_1280x720p30_420,10,80,0.04123599999999783,7,5.980243999999999,0.04123599999999783,55.0,48.0,55.0,9.964454195890411
WestWindEasy_1280x720p30_420,10,85,0.15600799999999992,7,4.689727000000005,0.15600799999999992,50.0,44.0,50.0,7.497000954794521
WestWindEasy_1280x720p30_420,10,90,0.20687300000000164,7,2.918032999999994,0.20687300000000164,43.0,39.0,43.0,4.904741536111111
WestWindEasy_1280x720p30_420,10,95,0.22111700000000667,7,2.072084000000004,0.22111700000000667,36.0,32.0,36.0,2.6415152306501546
Wikipedia_1920x1080p30,1,80,12.350131000000005,8,12.350131000000005,12.350131000000005,63.0,63.0,63.0,9.964454195890411
Wikipedia_1920x1080p30,1,85,7.350131000000005,8,7.350131000000005,7.350131000000005,63.0,63.0,63.0,7.497000954794521
Wikipedia_1920x1080p30,1,90,2.3501310000000046,8,2.3501310000000046,2.3501310000000046,63.0,63.0,63.0,4.904741536111111
Wikipedia_1920x1080p30,1,95,1.2520959999999945,8,2.5467179999999985,1.2520959999999945,60.0,58.0,60.0,2.6415152306501546
Wikipedia_1920x1080p30,2,80,11.472087000000002,8,11.472087000000002,11.472087000000002,63.0,63.0,63.0,9.964454195890411
Wikipedia_1920x1080p30,2,85,6.472087000000002,8,6.472087000000002,6.472087000000002,63.0,63.0,63.0,7.497000954794521
Wikipedia_1920x1080p30,2,90,1.472087000000002,8,6.360482000000005,1.472087000000002,63.0,60.0,63.0,4.904741536111111
Wikipedia_1920x1080p30,2,95,1.3604820000000046,8,2.569220999999999,1.3604820000000046,60.0,56.0,60.0,2.6415152306501546
Wikipedia_1920x1080p30,3,80,10.828435999999996,8,10.828435999999996,10.828435999999996,63.0,63.0,63.0,9.964454195890411
Wikipedia_1920x1080p30,3,85,5.828435999999996,8,5.828435999999996,5.828435999999996,63.0,63.0,63.0,7.497000954794521
Wikipedia_1920x1080p30,3,90,0.8284359999999964,8,5.804413999999994,0.8284359999999964,63.0,60.0,63.0,4.904741536111111
Wikipedia_1920x1080p30,3,95,0.8044139999999942,8,2.6115429999999975,0.8044139999999942,60.0,55.0,60.0,2.6415152306501546
Wikipedia_1920x1080p30,4,80,11.007891999999998,8,11.007891999999998,11.007891999999998,63.0,63.0,63.0,9.964454195890411
Wikipedia_1920x1080p30,4,85,6.007891999999998,8,6.007891999999998,6.007891999999998,63.0,63.0,63.0,7.497000954794521
Wikipedia_1920x1080p30,4,90,1.0078919999999982,8,5.706982999999994,1.0078919999999982,63.0,60.0,63.0,4.904741536111111
Wikipedia_1920x1080p30,4,95,0.7069829999999939,8,2.4774869999999964,0.7069829999999939,60.0,55.0,60.0,2.6415152306501546
Wikipedia_1920x1080p30,5,80,9.760952000000003,8,9.760952000000003,9.760952000000003,63.0,63.0,63.0,9.964454195890411
Wikipedia_1920x1080p30,5,85,4.760952000000003,8,4.760952000000003,4.760952000000003,63.0,63.0,63.0,7.497000954794521
Wikipedia_1920x1080p30,5,90,0.23904799999999682,8,5.142739000000006,0.23904799999999682,63.0,60.0,63.0,4.904741536111111
Wikipedia_1920x1080p30,5,95,0.14273900000000594,8,2.617763999999994,0.14273900000000594,60.0,54.0,60.0,2.6415152306501546
Wikipedia_1920x1080p30,6,80,7.249703999999994,8,7.249703999999994,7.249703999999994,63.0,63.0,63.0,9.964454195890411
Wikipedia_1920x1080p30,6,85,2.249703999999994,8,2.249703999999994,2.249703999999994,63.0,63.0,63.0,7.497000954794521
Wikipedia_1920x1080p30,6,90,2.750296000000006,8,3.543498999999997,2.750296000000006,63.0,60.0,63.0,4.904741536111111
Wikipedia_1920x1080p30,6,95,0.20180000000000575,7,2.0015060000000062,0.20180000000000575,58.0,54.0,58.0,2.6415152306501546
Wikipedia_1920x1080p30,7,80,6.554430999999994,8,6.554430999999994,6.554430999999994,63.0,63.0,63.0,9.964454195890411
Wikipedia_1920x1080p30,7,85,1.554430999999994,8,1.554430999999994,1.554430999999994,63.0,63.0,63.0,7.497000954794521
Wikipedia_1920x1080p30,7,90,3.126531,8,3.126531,3.126531,60.0,60.0,60.0,4.904741536111111
Wikipedia_1920x1080p30,7,95,0.43722099999999386,7,2.049723,0.43722099999999386,58.0,53.0,58.0,2.6415152306501546
Wikipedia_1920x1080p30,8,80,4.487920000000003,8,4.487920000000003,4.487920000000003,63.0,63.0,63.0,9.964454195890411
Wikipedia_1920x1080p30,8,85,0.5120799999999974,8,0.5120799999999974,0.5120799999999974,63.0,63.0,63.0,7.497000954794521
Wikipedia_1920x1080p30,8,90,1.8773290000000031,8,1.8773290000000031,1.8773290000000031,60.0,60.0,60.0,4.904741536111111
Wikipedia_1920x1080p30,8,95,0.032280000000000086,7,1.3380989999999997,0.032280000000000086,56.0,53.0,56.0,2.6415152306501546
Wikipedia_1920x1080p30,9,80,2.5814120000000003,8,2.5814120000000003,2.5814120000000003,63.0,63.0,63.0,9.964454195890411
Wikipedia_1920x1080p30,9,85,2.8636400000000037,8,2.8636400000000037,2.8636400000000037,60.0,60.0,60.0,7.497000954794521
Wikipedia_1920x1080p30,9,90,0.3977820000000065,8,2.096377000000004,0.3977820000000065,58.0,56.0,58.0,4.904741536111111
Wikipedia_1920x1080p30,9,95,0.12408100000000388,7,1.6800910000000044,0.12408100000000388,51.0,47.0,51.0,2.6415152306501546
Wikipedia_1920x1080p30,10,80,4.162139999999994,8,6.736873000000003,4.162139999999994,63.0,60.0,63.0,9.964454195890411
Wikipedia_1920x1080p30,10,85,1.7368730000000028,8,1.7368730000000028,1.7368730000000028,60.0,60.0,60.0,7.497000954794521
Wikipedia_1920x1080p30,10,90,0.35675799999999924,7,1.4875020000000063,0.35675799999999924,58.0,56.0,58.0,4.904741536111111
Wikipedia_1920x1080p30,10,95,0.1945750000000004,7,1.237534999999994,0.1945750000000004,49.0,44.0,49.0,2.6415152306501546
WorldCup_1920x1080_30p,1,80,0.5231320000000039,8,0.5231320000000039,0.5231320000000039,60.0,60.0,60.0,9.964454195890411
WorldCup_1920x1080_30p,1,85,0.6825450000000046,7,1.1907420000000002,0.6825450000000046,56.0,58.0,56.0,7.497000954794521
WorldCup_1920x1080_30p,1,90,0.05980900000000133,7,0.05980900000000133,0.05980900000000133,50.0,50.0,50.0,4.904741536111111
WorldCup_1920x1080_30p,1,95,0.023861999999994055,7,1.0285980000000023,0.023861999999994055,37.0,40.0,37.0,2.6415152306501546
WorldCup_1920x1080_30p,2,80,0.09514799999999468,8,0.09514799999999468,0.09514799999999468,60.0,60.0,60.0,9.964454195890411
WorldCup_1920x1080_30p,2,85,0.12750900000000343,7,0.12750900000000343,0.12750900000000343,56.0,56.0,56.0,7.497000954794521
WorldCup_1920x1080_30p,2,90,0.06107500000000243,7,0.674225000000007,0.06107500000000243,49.0,50.0,49.0,4.904741536111111
WorldCup_1920x1080_30p,2,95,0.08963799999999367,7,0.6066380000000038,0.08963799999999367,36.0,38.0,36.0,2.6415152306501546
WorldCup_1920x1080_30p,3,80,0.5392180000000053,8,0.5392180000000053,0.5392180000000053,60.0,60.0,60.0,9.964454195890411
WorldCup_1920x1080_30p,3,85,0.4407450000000068,7,0.4407450000000068,0.4407450000000068,56.0,56.0,56.0,7.497000954794521
WorldCup_1920x1080_30p,3,90,0.1569109999999938,7,0.6741020000000049,0.1569109999999938,47.0,49.0,47.0,4.904741536111111
WorldCup_1920x1080_30p,3,95,0.014416999999994573,7,0.406493999999995,0.014416999999994573,35.0,36.0,35.0,2.6415152306501546
WorldCup_1920x1080_30p,4,80,1.0828630000000032,8,1.0828630000000032,1.0828630000000032,60.0,60.0,60.0,9.964454195890411
WorldCup_1920x1080_30p,4,85,0.11924600000000396,7,0.11924600000000396,0.11924600000000396,55.0,55.0,55.0,7.497000954794521
WorldCup_1920x1080_30p,4,90,0.09375400000000411,7,0.45415300000000514,0.09375400000000411,47.0,48.0,47.0,4.904741536111111
WorldCup_1920x1080_30p,4,95,0.06691299999999956,7,0.4934899999999942,0.06691299999999956,35.0,36.0,35.0,2.6415152306501546
WorldCup_1920x1080_30p,5,80,1.4171010000000024,8,1.4171010000000024,1.4171010000000024,60.0,60.0,60.0,9.964454195890411
WorldCup_1920x1080_30p,5,85,0.12166700000000219,7,0.6293079999999946,0.12166700000000219,54.0,55.0,54.0,7.497000954794521
WorldCup_1920x1080_30p,5,90,0.13012600000000418,7,1.1425349999999952,0.13012600000000418,46.0,48.0,46.0,4.904741536111111
WorldCup_1920x1080_30p,5,95,0.09094500000000494,7,0.09094500000000494,0.09094500000000494,35.0,35.0,35.0,2.6415152306501546
WorldCup_1920x1080_30p,6,80,0.17016800000000387,8,0.17016800000000387,0.17016800000000387,58.0,58.0,58.0,9.964454195890411
WorldCup_1920x1080_30p,6,85,0.16494699999999796,7,0.16494699999999796,0.16494699999999796,54.0,54.0,54.0,7.497000954794521
WorldCup_1920x1080_30p,6,90,0.22175300000000675,7,1.2677170000000046,0.22175300000000675,46.0,48.0,46.0,4.904741536111111
WorldCup_1920x1080_30p,6,95,0.04650399999999877,7,0.7662329999999997,0.04650399999999877,35.0,37.0,35.0,2.6415152306501546
WorldCup_1920x1080_30p,7,80,1.226986999999994,7,1.6477670000000018,1.226986999999994,56.0,58.0,56.0,9.964454195890411
WorldCup_1920x1080_30p,7,85,0.3158949999999976,7,0.6015919999999966,0.3158949999999976,52.0,53.0,52.0,7.497000954794521
WorldCup_1920x1080_30p,7,90,0.06013799999999492,7,1.2218780000000038,0.06013799999999492,45.0,47.0,45.0,4.904741536111111
WorldCup_1920x1080_30p,7,95,0.0768110000000064,7,0.7880519999999933,0.0768110000000064,35.0,37.0,35.0,2.6415152306501546
WorldCup_1920x1080_30p,8,80,0.7026759999999967,7,2.2074379999999962,0.7026759999999967,56.0,58.0,56.0,9.964454195890411
WorldCup_1920x1080_30p,8,85,0.0007489999999990005,7,0.8221869999999996,0.0007489999999990005,52.0,53.0,52.0,7.497000954794521
WorldCup_1920x1080_30p,8,90,0.19619699999999796,7,1.4063150000000064,0.19619699999999796,45.0,47.0,45.0,4.904741536111111
WorldCup_1920x1080_30p,8,95,0.0993310000000065,7,1.0321849999999984,0.0993310000000065,35.0,37.0,35.0,2.6415152306501546
WorldCup_1920x1080_30p,9,80,0.36810300000000495,7,1.7175390000000021,0.36810300000000495,54.0,55.0,54.0,9.964454195890411
WorldCup_1920x1080_30p,9,85,0.02626899999999921,7,2.1983869999999968,0.02626899999999921,48.0,51.0,48.0,7.497000954794521
WorldCup_1920x1080_30p,9,90,0.1919510000000031,8,1.8280869999999965,0.1919510000000031,41.0,44.0,41.0,4.904741536111111
WorldCup_1920x1080_30p,9,95,0.033555000000006885,7,1.3823450000000008,0.033555000000006885,32.0,35.0,32.0,2.6415152306501546
WorldCup_1920x1080_30p,10,80,0.2763170000000059,7,4.231639000000001,0.2763170000000059,52.0,55.0,52.0,9.964454195890411
WorldCup_1920x1080_30p,10,85,0.30954900000000407,7,3.305657999999994,0.30954900000000407,46.0,50.0,46.0,7.497000954794521
WorldCup_1920x1080_30p,10,90,0.3081600000000009,7,3.1294089999999954,0.3081600000000009,39.0,44.0,39.0,4.904741536111111
WorldCup_1920x1080_30p,10,95,0.1254469999999941,7,2.068628000000004,0.1254469999999941,29.0,34.0,29.0,2.6415152306501546
WorldCup_far_1920x1080_30p,1,80,1.4013960000000054,8,1.4013960000000054,1.4013960000000054,63.0,63.0,63.0,9.964454195890411
WorldCup_far_1920x1080_30p,1,85,3.8622550000000047,8,6.401396000000005,3.8622550000000047,60.0,63.0,60.0,7.497000954794521
WorldCup_far_1920x1080_30p,1,90,1.1377449999999953,8,1.1377449999999953,1.1377449999999953,60.0,60.0,60.0,4.904741536111111
WorldCup_far_1920x1080_30p,1,95,0.0013419999999939591,7,0.4473739999999964,0.0013419999999939591,52.0,51.0,52.0,2.6415152306501546
WorldCup_far_1920x1080_30p,2,80,1.781677000000002,8,1.781677000000002,1.781677000000002,63.0,63.0,63.0,9.964454195890411
WorldCup_far_1920x1080_30p,2,85,3.7421329999999955,8,6.781677000000002,3.7421329999999955,60.0,63.0,60.0,7.497000954794521
WorldCup_far_1920x1080_30p,2,90,0.924475000000001,8,1.2578670000000045,0.924475000000001,58.0,60.0,58.0,4.904741536111111
WorldCup_far_1920x1080_30p,2,95,0.17153600000000324,7,0.22335499999999797,0.17153600000000324,52.0,51.0,52.0,2.6415152306501546
WorldCup_far_1920x1080_30p,3,80,3.6844410000000067,8,3.6844410000000067,3.6844410000000067,63.0,63.0,63.0,9.964454195890411
WorldCup_far_1920x1080_30p,3,85,2.1917260000000027,8,2.1917260000000027,2.1917260000000027,60.0,60.0,60.0,7.497000954794521
WorldCup_far_1920x1080_30p,3,90,0.18645399999999768,7,0.18645399999999768,0.18645399999999768,58.0,58.0,58.0,4.904741536111111
WorldCup_far_1920x1080_30p,3,95,0.042778999999995904,7,0.042778999999995904,0.042778999999995904,49.0,49.0,49.0,2.6415152306501546
WorldCup_far_1920x1080_30p,4,80,4.096219000000005,8,4.096219000000005,4.096219000000005,63.0,63.0,63.0,9.964454195890411
WorldCup_far_1920x1080_30p,4,85,2.1447430000000054,8,2.1447430000000054,2.1447430000000054,60.0,60.0,60.0,7.497000954794521
WorldCup_far_1920x1080_30p,4,90,0.2823839999999933,7,0.2823839999999933,0.2823839999999933,58.0,58.0,58.0,4.904741536111111
WorldCup_far_1920x1080_30p,4,95,0.15480999999999767,7,0.15480999999999767,0.15480999999999767,48.0,48.0,48.0,2.6415152306501546
WorldCup_far_1920x1080_30p,5,80,4.516071999999994,8,4.516071999999994,4.516071999999994,63.0,63.0,63.0,9.964454195890411
WorldCup_far_1920x1080_30p,5,85,1.7791579999999954,8,1.7791579999999954,1.7791579999999954,60.0,60.0,60.0,7.497000954794521
WorldCup_far_1920x1080_30p,5,90,0.5924909999999954,7,0.5924909999999954,0.5924909999999954,58.0,58.0,58.0,4.904741536111111
WorldCup_far_1920x1080_30p,5,95,0.03206900000000701,7,0.38774499999999534,0.03206900000000701,47.0,46.0,47.0,2.6415152306501546
WorldCup_far_1920x1080_30p,6,80,5.369360999999998,8,7.231728000000004,5.369360999999998,60.0,63.0,60.0,9.964454195890411
WorldCup_far_1920x1080_30p,6,85,0.36936099999999783,8,0.36936099999999783,0.36936099999999783,60.0,60.0,60.0,7.497000954794521
WorldCup_far_1920x1080_30p,6,90,0.2210139999999967,7,0.2210139999999967,0.2210139999999967,56.0,56.0,56.0,4.904741536111111
WorldCup_far_1920x1080_30p,6,95,0.15990499999999486,7,0.45790599999999415,0.15990499999999486,47.0,46.0,47.0,2.6415152306501546
WorldCup_far_1920x1080_30p,7,80,3.8198090000000064,8,8.802395000000004,3.8198090000000064,60.0,63.0,60.0,9.964454195890411
WorldCup_far_1920x1080_30p,7,85,1.1801909999999936,8,1.1801909999999936,1.1801909999999936,60.0,60.0,60.0,7.497000954794521
WorldCup_far_1920x1080_30p,7,90,0.2187550000000016,7,0.2187550000000016,0.2187550000000016,55.0,55.0,55.0,4.904741536111111
WorldCup_far_1920x1080_30p,7,95,0.16176699999999755,7,0.18739999999999668,0.16176699999999755,47.0,46.0,47.0,2.6415152306501546
WorldCup_far_1920x1080_30p,8,80,3.5273009999999942,8,3.5273009999999942,3.5273009999999942,60.0,60.0,60.0,9.964454195890411
WorldCup_far_1920x1080_30p,8,85,1.4726990000000058,8,1.4726990000000058,1.4726990000000058,60.0,60.0,60.0,7.497000954794521
WorldCup_far_1920x1080_30p,8,90,0.16800000000000637,7,0.16800000000000637,0.16800000000000637,55.0,55.0,55.0,4.904741536111111
WorldCup_far_1920x1080_30p,8,95,0.05420300000000111,7,0.5275010000000009,0.05420300000000111,46.0,45.0,46.0,2.6415152306501546
WorldCup_far_1920x1080_30p,9,80,0.605245999999994,8,0.605245999999994,0.605245999999994,60.0,60.0,60.0,9.964454195890411
WorldCup_far_1920x1080_30p,9,85,1.277234000000007,7,1.277234000000007,1.277234000000007,56.0,56.0,56.0,7.497000954794521
WorldCup_far_1920x1080_30p,9,90,0.30597500000000366,7,0.3741540000000043,0.30597500000000366,52.0,51.0,52.0,4.904741536111111
WorldCup_far_1920x1080_30p,9,95,0.02167199999999525,7,0.904088999999999,0.02167199999999525,43.0,41.0,43.0,2.6415152306501546
WorldCup_far_1920x1080_30p,10,80,1.8972090000000037,8,2.5234569999999934,1.8972090000000037,58.0,60.0,58.0,9.964454195890411
WorldCup_far_1920x1080_30p,10,85,0.08062300000000278,7,0.08062300000000278,0.08062300000000278,56.0,56.0,56.0,7.497000954794521
WorldCup_far_1920x1080_30p,10,90,0.08719999999999573,7,0.08719999999999573,0.08719999999999573,50.0,50.0,50.0,4.904741536111111
WorldCup_far_1920x1080_30p,10,95,0.13221799999999462,8,0.5612880000000047,0.13221799999999462,41.0,40.0,41.0,2.6415152306501546
